# Resource object code (Python 3)
# Created by: object code
# Created by: The Resource Compiler for Qt version 6.11.1
# WARNING! All changes made in this file will be lost!

from PySide6 import QtCore

qt_resource_data = b"\
\x00\x01\xf0\xd2\
\x00\
\x00\x01\x00\x06\x00\x10\x0e\x00\x00\x00\x00 \x00\xfb\x02\x00\
\x00f\x00\x00\x00 \x1d\x00\x00\x00\x00 \x00\x07\x0a\x00\
\x00a\x03\x00\x000+\x00\x00\x00\x00 \x00\x00\x14\x00\
\x00h\x0d\x00\x00@9\x00\x00\x00\x00 \x00\x1e!\x00\
\x00h!\x00\x00\x80r\x00\x00\x00\x00 \x00\xbci\x00\
\x00\x86B\x00\x00\x00\xe4\x00\x00\x00\x00 \x00\x90D\x01\
\x00B\xac\x00\x00\x89PNG\x0d\x0a\x1a\x0a\x00\x00\x00\
\x0dIHDR\x00\x00\x00\x10\x00\x00\x00\x0e\x08\x06\x00\
\x00\x00&/\x9c\x8a\x00\x00\x02\xc2IDATx\x9c\
]\x93[o\x13G\x18\x86\x9f]\xaf\xed]\xdb\xeb8\
\xc1\x0e4\x0ai|\xaaI(\x10\x89\xb6\xa1\x82\xa84\
\x22-B\x15)\x12 \xfeA\x7f\x0f\xe2\x0en\xb9A\
H\xdcR!$\x22\x02\x12\xb8N\xa9\x15!\xdb\x091\
M\xd6\x18;\xd8x\xd7\xa78\x89\xd7\x8b\xd6Vr\xc1\
+\x8d4\x07\xbd\xef|3\xf3\x8c`Y\x96\xc5W\xb2\
\xa7\xec&\x8ab\x7f\xdc\xeb\xf5\x0e\xfb_K<0\xd8\
Z\xcb\xad\xf3b\xf9%\x82 \x1c\x1a,\x06A\x9a\xa6\
q\xfb\xf6\x1d*\x9f\xb6\xc9\xd4,\xd2\xe5\xfd\xfe\xbat\
\x10`\x9b^-'I\xa6V(\x16\xb7\x91\x9c\x22\xff\
\xe7\xf3x\xbd>|\xaa\x1f\xadP\xa4\xb4\xf5\x81\xd7\xaf\
\xd3\xb4O.\x90Pz\xd8\xdbJ\x07f\xd34\xd9\xc8\
o2v4\xc4\xfa\xea\x0b,\xc1\xc2\xd5\xcd\xa0\x1b\xc7\
i\xc8G\x08\xf8F\xa8{\xfd\xacgs\xdc:?K\
\xae\xeef\xafk!\xd9\xe6A\xf9Y\x1a\x9f7q\x0e\
\xbb\x88M\x9d%\x1c9\x85QN\xd1u\x8c\xd3\xd93\
\xd9\xca\xa7\x10\xf7\xdf\x13\xf0\x9d\xa3\xf6q\x9b\x9f\xe2\x93\
8E\x0b\xa9\xd5j\xa1\xeb\x06\x99l\x01I\xf1pa\
\xfe&\x1e\xb7\x8a$\xb9\xb8\xf8\xc7_h\xf9\x8f\xace\
\xb3\xcc\x9e\xbfE\xfe]\x9a\xb5\xb5\x0c\x93e\x83\x82\xb6\
D$\x16F\xb8{\xef\x9eu\x226M\xb7XbO\
\x0dra\xf64\xb5\xb6N\xa5\xd6Fq*\x88\xb2\x84\
,\x0b\x18\xdbUF\x8fFy\xfe\xf41\xa7\x8e\x8d\xe0\
\x8aLQ\xfa\xa4!h\x1f\x8aV\xfe\xbf\x0c~\xb3\xc1\
\xc8\xf49\x1az\x85\xd1\x80Lw\xa7M\xf3\xfd\x06\xb5\
v\x87\x89\xc4\x14;\xba\x8es,N\xb5Q'\xf9\xe4\
\x11\xdf\xff|\x89j\xb3\x864\x1c\x18\xa2P-\xb3\x92\
Jr=\x18a\x5cU\x09\x09=\x8c\xc2\x16\x9eB\x91\
1UEV\x5cX\xde1\xb2\x95\xcf\xfc\xbd\xf4\x8cj\
Eg\xa8\xb4\xc9\xe5+\xbf#y=\x1e\xe6\x17~\xe5\
U\xf2\x1f\x1e>\xb8\xcf\xb1\xd0q\xc2\xdf\x0c111\
\x8a7\x16\xc7t8x\xb3\xb4\x8cV\xa8\xb2\xfa6\xc7\
\xc9\xe9(\xa5b\x99h,\x82\xdf\xef\x1fp`\xbf\xc4\
\x89D\xbc\x7f\x99z\xbd\xca\x93\x8d\x0d\x10LT\xbf\x8f\
f\xbd\xc5\xe4\xb7a\xd6\xf3\x9b\xcc\xcd\xcd\xe1\x10-\xa2\
\xf10\xf1\xc4w\x03B\xed\x80`0\xc8\x9f\xd7\xae\xb2\
\xb8x\x95\xb3?\xcc`\x9a-\x16.]Dq;\xb8\
~c\x91f\xab\xca\xe93\x09R+/\x99\xff\xed\x17\
~\x9c\x99\xc1l4\x11mbm\x9c\x1c\x0e\x07B\xab\
Mtb\x9c\xfd^\x87bi\x8b\xf4\xea\x0a\xb9wY\
\xfe}\x93d\xf5m\x1a\xb3\xb7K`D%0\xac\x12\
\x8fG\x90\x9d\xfd\xe2\x11\x0e?\x93i\xdaI\xfdc\xc8\
\xb2\x9bf\xb3\x89a\x18(\x8aBg\xa7Ch4\x84\
\xcf\xa7\xb2\xbb\xdb\xc1-\xcb\x0c\xf0\x83/\xb1\x86:\xfe\
x\xa8\xc00\x00\x00\x00\x00IEND\xaeB`\x82\
\x89PNG\x0d\x0a\x1a\x0a\x00\x00\x00\x0dIHDR\
\x00\x00\x00 \x00\x00\x00\x1d\x08\x06\x00\x00\x00\xcb\x9en\
\x87\x00\x00\x09\xceIDATx\x9c\x9d\x97yl\x5c\
\xd5\x15\xc6\x7fo\xe6\xcd\xea\xb1\xc7\xdbx\xbc\x12\xefK\
\x9c\xd8\xceb\xa7\xd9\x08\x81l\x90*\x10HP(-\
H\x94\xfe\x01j\xd9$\xa8\xba\xb1K\xa5\xadJ+\x96\
F,!!A\x8d\x84ZR\x02\x22\xceJ\xbc$1\
\x86\xc4K\x1c/\xe3m\xc6\x8e\xb7\x99\xf1x\x99\xcd\x9e\
\xe5M\xf5\xc6v\x9a\xa0P\xd1\x1e\xe9\xe9\xbdw\xb7s\
\xee9\xdf=\xe7\xbbB$\x12\x89\xf0\x1d\x22w\x09\x82\
\xc0\xff#\x92$E\x1f\xa5Rym\x8d\x05M\xd7/\
)\xfc7\x03\xae_L\xa1P\xfcO\xca\xbf\xefx\xc5\
\xcd\x1a\x17l\x1a\xb3\x8f\xcd\x0dR(\x90\xc2\xd2\x0d\xfd\
\xe1p\xf8\xbaG\xba6gA\xf9\xa5K\x978\xf0\xe1\
\x01\xec\x0eG\xb4=,I\x5c\x1c\x09\xd05\x1e\xe2\xfa\
\x1d\x8b\xdfe\x80\xec\xb6\xf7\xdf\xf9\x80\x91\xd1\x11\x9ex\
\xf2\xe7\x14\x16\x16F\x95\xc9\x8b\xcb}\xb2k\xbf-r\
\xbf\xdc\xbe\x7f\xff~\xce\xd57\x10\x98\x0d\x92\x97\x9bO\
\x8a\xc9\x84\xc59K(\x22\xf2Eo\x888\x0d\xa4\x19\
\xc4hH\xc4\x9b)\x97\x95LOM39\xe6!\xd5\
\x94\xce+/\xfd\x9e\x1d\xf7lg\xf7\xee]\xd11\xbd\
\xbd=\xf4\xf4\xf6\xe2q{\x88D$R\xcd\xa9dd\
e\x92\x93\x9d\xc3\xa1C\x87hl\xb8\xc8\x9a\x1f\xace\
t\xc4\xce\xe5Km\xac_\xbf\x8eV\x87\x847$\xa1\
\x14\x22\x18\xd4\xf3\x8e\x17\xbe\xc3\x00y\x87\xdd\x96\x1e\x06\
\xac\x03\xac\xcf_\xcb\xda5k\xa99SG8\x1c\xa2\
\xab\xcb\x82\xd5:\x88F\xa5F\xa9\x10Pkb\x09\x86\
\xc2\xcc\xcc\xb8\x897\xc60;\x13\xa0\xa2|\x19\x1e\x8f\
\x1b\xfb\xa8\x9d>K/3\xb3\xb3\xd8\xfd\x22\x0e_\x88\
\x9f,Q\x13;o\x80\x8c\xc5\x9b\x1a \xc7qhh\
\x08\xbf\xdf\xcf\xcc\xcc,\x1a$\xb4j#\x9f\x1d9C\
EE>\xab\xab\xd6\x11\xf2\xb5\x13\x9c\x19'9}\x19\
\x06\xb5\x1f\x97OG{\xc7\x00q\xb1\x09L\x8c\xbb0\
\xc4\x19\xf0L{\xb1\xdb\x9dx\xdd\xd3\xdcYdB\x0c\
\x09D\x04\x81\xfa\xc1\x00\x95i*4\xa2ps\x03\xe4\
8NMN\xa1\xd3iQ\xa9D\xec\x0e7\x19f5\
\xb7\xaf/el\xa8\x0f\xa7\xc3\x89^\xd9IZl\x80\
\xa6\xc6\xc3\xe8tI\xe4\x97\xe4\xb0}s>CC^\
\x06F#H\x11\x05\xc9)\x09\xcc\xce\xfa\xf1\xfa\xfd$\
3\x86!\xc9\xcc\x9f.x1\xe9\x95,O\x95\xa1(\
\xdcx\x0a\xe4\x9d\x8b\xa2\xc8\x97g\xbf\xa4\xb6\xfe\x02J\
Q\x8b}\xc4\xc1\xb2\xec)T\xe1.\xbei\xb6Al\
\x15\xa2\x18\x87\x14V\xe0\xf5\x06\x99\x91\xd2)^\xf30\
C\x13)|r\xb4\x81)\xc7e\xca2G1\x1a\x14\
\xb8=\x01\xd4Z\x15\xc7\x8f\x9d\xe0\xc0\xc1\x8f\x99\x18\x1f\
gg\xa1\x9a\x07\x16\xab\xd0\x8b\xc2\x8dy@\x92\xa4h\
\xec\xdb\xdb\xaf\xd0\xd3=H\xd3\x85\xa3t\xb4;\xd9\xbe\
\xb9\x10\xdb\xc8(\x19y\x9b\x89\xd1\x1aIMI\xa0p\
\xf1\x12\xfa\xbb\xbf\xa1\xb7\xe3k\xcaV\xed\xc1a\xefA\
\xa3\xd1288\xc2\x98\xcbA\xcf\x95Z\x96\x15hQ\
\xa8\x138\x7f\xa1\x8e?\xed\xad\xc5==\x89\xdd9\xc8\
\xca\xca\x957x\x5c\x94\x8f\x8e\xacx\x01\xfd\x1d\x1d]\
\xec\xbc\xfb>\xdc\x83'\x98\x9c\x10\xb9\xd0\xea`\xdb\x0f\
\x1f$\xe8\x0fPUY\x81R\xa9\x22\xd6\xa0fI\xc5\
:J\x96\xaeA\xafS\xe2\x9d\x1e'6\xd6\x80\xae\xc0\
\xc8l[\x88\xa2\xd2;9\xdf\xdc\x80\xd9`e\xf1\x92\
U\xf4\xf7\xf5\xa3\xd7\xe9\x19\x1e\x1a!R\x09\xc3CC\
8\x9dN\xca\xcb\xcbo\xcc\x84\xa7N\x9dd\xc2\xe9'\
.6\x99\x03\x07\xf7\xa2Ph\xf8\xcd\xaf\x9f\xc7\x10\xa3\
\xa6\xe5\x9bV\x0c\x09\x89\x0c\x0d\x8c\x90\x9e\x91\xca\xf2\x95\
\xa5\xc4\xc5\xeb\xb1YGi\xfe\xba\x95P(\x84ZT\
R\xb9z%j\xad\x96\xa1\xab\xa3\xd4\xd4\x9e\xe3\xf4\xa9\
\xa3\xe4\xe6\xe4r\xd7\xf6]\xd8\x06,\x04\xc2\xd3\xcc\xce\
\x84\xc8\xccJg\xf7\xfd\xbb\x10\x0f\x1f>LEE\x05\
\x8d\x8d\x8d\xc4\x1b\x13\xd9\xb8i\x0b\x7f\xf9\xeb\x9b\x5c\xbd\
:\xc4;{\xdfC\xaf\xd7\xa1\x08y\xb9cm9v\
?\x18u\x22ZC\x1c\xb3\xc10N\x87\x9b\x9c\xfcT\
\xfc\x9e)FF\x07Q\x08p\xb9\xb5\x99\x82\xa2\x12\x94\
\x8a\x08\x8f?\xf6\x10\x89\x09Z\xde}o/\x0f\xff\xf8\
!\xd6\xdd\xfa \xa2*H\xcd\xd9\xaf\xd0\xc5(\xe6\xbc\
n\xb1t\xf1\xf2\xcb\xaf\x92\x95\xb9\x88[7\xdc\x810\
\xda\x8f\xa2\xbf\x8d'\x7f\xf14%\x8b\xf3\x98\x1c\x1b&\
\xd9\xa8\xa5\xbd\xcf\xc2\xd8\xf8\x00\x92*@\xb7\xe5\x0a\xc3\
\xfdV\x9a\x9b\xdah\xbe\xd8A\x88Y\xd6m\x5c\xcf\xf2\
\xd5U$\xa6\x19\xb1\xf5w\x10\x9e\xf1awL\xb0s\
\xf7\xbdlX\xb6\x9c\xd1\xe3\x9f0\xdcX\x87J\xadF\
\xa7\xd5p\xe4\xc8\xbf\xa2\xa1\x17\xe4\x10\xd4\xd5\xd5q\xe6\
l=;7\xdc\x8e\x09?a\xd7$3\xb7\x94\x90\x9c\
[@\xd05\x86\xc7k\xc7\x94W\x80A\xaf\x8f\x86\xaa\
\xa7\xbb\x1b\x93 \xa0\xd0\x18\xb8\xd8\xdeIni\x01\xc9\
\x89\x09\xe8E5\x81\x19?\x96\xb6\x16\x0cz\x13:S\
\x1aS\x1e\x1f.\xcbe\x92\x94~\xe2\x13\x92Pd\x14\
\x11R\xe9\xf8\xba\xf1\x1cU\xab+P\xc8\xe8OLH\
\xe0\xee\x1d\xf7\x93i\x8c\xc7\x98\x9bG\xcb\xc4$*\x83\
\x81\xe9\x89\x09f\x11\xb1\x8d\xba\x98\xb6;\xf0\x8c9\x18\
\xe8\xecDr{\x10\x95\x0a|C\xbd,2\x8a\x5c\xbd\
\xdcJ\xdb\x975\xb8{{\x09\xd8\xac8\xfb\x86\x09\x0a\
\x1a\x9c\xe3.\xd2\xcc\x89(\x93L\xbc\x7f\xb2\x9e\x8fO\
\x9cB\xa7\xd7\xd2o\xed\xa7\xae\xae\x86\x91\xe1\x11D\x19\
\xf92\x0a\xcf\x9d\xab\xc7\x9d\x95\x81\xab\xb1\x89\x7f\xd6u\
\xb1h\xc5Z\x92\xf4\x1aFF\x5c(|\x12\xbe\xf6\x0e\
b\x12\xe3\x89U\x8a8\x1b\xcfQ\xdbc!N\xab\xc3\
\xefraH1Qr\xcf\xfd\x8c\xf4X\x10\x95J\xf2\
\xd2\xccL;GI*.A\x1f\xa3\xe6\xed\xbd{1\
\xe8c\x98\xd4\x8er\xe4\xd8q\xe2\x0cF\xf2\x0an!\
3+\x03Q\xf6@qq1o\xbe\xf9\x16\x03\xb6T\
4\xd2$q:\x1d\xdd\x96n\x96\xec\xba\x0b\x9fw\x96\
\x5c\xb5\x99x\xb5\x82H0\x84$W\xc2\x91a6-\
]\x81*\xc9\x04J\x11[G+~\xbf\x97\xec\xc2\x02\
\x22\x81 \x1aS\x22N\xc74\x11Q\xcd[o\xec\x8b\
f\xc3\xaa\x15\xcb9[SMNi\x90\x8bM\xe7y\
\xf1\xe5\xe7\xe7\x12\x91$I\x11\x19\x0c^\xaf\x97\xa6K\
\xcd\xbc\xf2\xcak,-]Jy\xf92\x92\x12M\xe4\
\xe5\x172f\xb5rkY6Ha\x82\x82@\xc7\xd9\
\x93\xc4\xf9fH7\xa5#(\x04&D\x81\xe4\xaaJ\
\x14\xf1\x09\xe0\xf3\xd2\xd5\xd9\x83cZE\xcd\xf9z\xce\
\x9f?\xc1\xef\x9e\x7f\x813\xa7O#(#\xdc\xbei\
#K\xcb\x96\xa0\xd3\xcd\xe1I\x90A\xb8P\x01\x07\xaf\
\x0e\x12\x0a\x06\xd9\xff\xc1\x87\xf8\xbc\x81hv4\x9b\xb2\
PEt\xac\x5c\x96MEy>q\xe64P\xa9A\
\x0a\x81\xd7\x87|\xf6\xa4P\x10\xdb\xc0 }\x83W\xb9\
x\xb1\x15\xabu\x1a\xdbP/>\xdf\x14?\xda\xb3\x87\
\xc1A\x1b\xb6\x81>\xc6\xc7]\xa4\xa6\xa5\xf1\xfe\xfe\xf7\
\xa2e\x5c\x10\x14s\xc5h\x81\xc5\xd4\xd6\xd4\xf2\xfa\x9f\
\xdf\xa0\xa8\xa0\x18c|\x1c\x11I\xe2j\xb0\x87\x18\xbd\
\x91W_?J(\xe8\xa5 ?\x87\xa4x\x83\x0c\x1e\
t1\x06VV\xae\xe6\xe0\xa1\x8f\xa8\xbdp\x9e\xca\xe5\
\xabIJ6\xe3\xf5\xb9\x11E(.Z\x82\xdb\xed\xc1\
\xed\x9eB\xa7\x8d!\x14p\xf0\xd4SO\xe0v\xbb\x89\
\x8d\x8d\x9d\xcb\x03\xccS.Y\xb6m\xdb\xc6\xaa\xaa*\
bbt\x14\x14\xe6E-N1\x99\x99\x9c\x9c$%\
\xc5D|B*-W\xba\xf8\xb4\xfa,\x9eY\x0do\
\xbc\xbd\x8f\x9f=\xf68jm\x22\xef\xfe\xed#&\xa7\
\xc7\xb1\x0dt\x13\x0c\x06\xc8\xc8H'1)\x9eM\x9b\
\xb72\xeet\x91\x90\x18\xcf\xc1\xbf\x1f #+\x03\x8f\
\xc7\xf3\x9fZ\xc0\xbcD\x93\x82 \xf0\xecsO\xa3R\
\xa9\x88\x8d\x8b\xc3\xd2\xd5MyE\x05J\xa1\x8f\xb4T\
\x13J\x95Hww/\x1bn[\xc7\x86[W\x93\x99\
\x91\xc6\xc0\xe0\x00\xf7\xde\xb7\x87\xb2\xb22\x1e}\xe4q\
:::\xa9\xaa\x5c\xc3\xc4\xe4x\x94\x06;\x9d\xe3\xdc\
\xb7{7\x92\x14B\x90\xdd\xa2TF+\xee5\xbd\x91\
\xeb0\xe0r\xb9\xf0\xf9|\xc4\x18\x0c\xd4\xd7\x9e\xc3\x94\
l&33\x83\xfa\xba\xaf8}\xba\x9a\xc5%E\x94\
\x96.\xa3\xcf\xdaM\xcb\xe5&J\x8b\x97\xb2m\xeb\x0e\
\x8e\x9f\xfc\x9c\x13'\xab\xd9|\xc76\x99Q\xd0v\xa5\
\x95\xc4\xc4$\xac\xfdV\xfe\xf0\xc7\xd7\xa2\xf4\xae\xb3\xa3\
\x93\x04c,fS\x12\xc5\xe5KQ\xce\x1b\xa1X\xd8\
\xbd,\xf1\xf1\xf1\xe8\xf5z\xbe\xaa;Gl\x8c\x91\x94\
\xd4d\x12\x93\x8d\xd1\xc2\xf4\x8f#\x1f\xf3\xe9\xe7\x9fR\
T\x92M\xa7\xa5=\xca\x0b\x7f\xfb\xc2\xafHN\x8d\xa1\
\xa00\x07\x9b\xad\x9f\xea\x13\x9f\x91\x93\x97\xc9\xd0\xf0\x00\
\x0e\xe7(\xc7O~\xc1\xe4\x94\x8b\xd2\xb2\x12VU\x96\
\xb3\xbc(\x8fE))\xf8\xec\xf6y\xf6\xc3u\x84d\
\xbe\x1ckBaV\x14\x15\x91\xaaW\x91\x9e\x92\x14\xed\
\xca\xce\xce\xa5\xa8\xb0\x08\xab\xd5\x86\xa5\xbb\x87c_T\
\xf3\xc0\x9e\x07\xf8\xe9#\x8fF\x81\xab\xd6h0\x18\x0c\
h\xb5zr\xf3\xf2),,\xe2Xu5/\xbe\xf0\
\x12f\xb39\x0a\xf2\xf4\xac,\x942\xd6\xa4\x10\x0a\xb9\
j\xcd\x93B\xe1Z9\x9ecH\xf8]\x13\x84&&\
\x10TJ\xb4\xe6TfCa\xb6n\xd9\xca\x96-[\
\x18\x1fw259MfV&\xcd\xcdM\x5ch\xb8\
\xc0m\x1b6\xa2\xd3\xeah\xbb\xd2\x16\xa5r\xcf<\xfd\
\x0c\xfb>\xd8\xc7s\xbf|\x96\xde\x9e\xde\xe8\xd8\x1d;\
v\xccq\xcd@\x80\x90\xcf\x87\xc6hDX\xa0\xf5\x91\
\x9bH\xd0\xef\x8f\x84\xc3\xe1\xe8\xb7\xfcnii\x89D\
\xa4\xb9\xbe\xce\x8e\xce\xe8\xbb\xa1\xa1!\xd2\xd99\xf7\x1d\
\x08\x04\x22\xad-\xad\x91\xba\xba\xfa\xe8\x7f(\x14\xba6\
wjjjn\xa24\xbf\xc0\xb7\xe4{]\xcd\x16D\
&\x1d\xd7#\xf8f\xb2\x00\xe8\x85K\xcaM\x06\xdcp\
9\xfc7\xc5H\xea\x10\x87\xd1#\xc8\x00\x00\x00\x00I\
END\xaeB`\x82\x89PNG\x0d\x0a\x1a\x0a\x00\
\x00\x00\x0dIHDR\x00\x00\x000\x00\x00\x00+\x08\
\x06\x00\x00\x00>\x13\x0b\xdf\x00\x00\x13\xc7IDAT\
x\x9c\xd5\x99wxTe\xbe\xc7?\xd3[\xea\xa4\xcd\
\x00!\xa4\x93J \x81\xc4\x80T\xc1\x86\x85\x22\x82 \
\x8b\xa2>\xab\x02\xb2\xbb\xea]|T\xae\xa0\x82\xban\
u]W\xf7Z`\xad\xa0+ \x88\xae(\xbd$\x10\
J\x02\xe9\xa4\xd7\xc9Lf\x92\xc9d\xfa\xb9\xcf9!\
,\xd6\xbd\xee\xde?\xee\xfd=\xcf\xfb\x9c9\xe7\xccy\
\xdf\xef\xef\xf7\xfe\xfa+\x13\x04A\xe0\xff1)\xf9?\
B\xc1`P\xba\xcad2i\x5cI\xc3\x22\xfe\xc6\xe3\
\x1f\xcf\x80\xb8Y\xe2\x90\xcb\xe5\xff\x0e\xd6\x1f=\xa7\xec\
;\x80\x0f\xd3\x8fB\x22JF\x5cH\x94\xd6\xff\x86\xe6\
\x05\x83\xc1\xcbs\xd6\xd4TSRZ\x82\xc5b\x91\xde\
\x0d\xcf\xef\x0d\x08Tt{\xe9\xe8\x0f\x88O\xff=\x06\
\xd6\xfel-\x9f|\xf2\x89\xb4\xa0\xb8p  N\xfa\
m\x12\x17\x17\xc1]9\xbe\xc9\xb0\xf8\xad\x5c.\xa7\xbb\
\xbb\x8b\x07W\xad\xe2\xe7?\x7f\x84U\x0f\xac\xe6\xec\x99\
3\x97\x99\xf3\x07\x05J\xda\xdcT\xd9\x04\xde\xab\xf4Q\
\xd2\xee\x1d\x9a\xff\xc700\xbc\xb0\xa5\xbb\x87\xb6\xc6n\
\xfe\xf8\x87?\xb1j\xd5jZZZP(\x14\x97u\
W\xfc\x9f\xdf\x1f\x90\xae\xc3R\xbdr\x88\xcf\x82AA\
\x02.\x0e\xf1\xdb\xd6\xd6V\x96/_\x81\xe0\x97\xb1h\
\xe1\x12\xa6O\xbd\x86\xa6\xe6Vi>\x85\x02\xcew{\
\xd1\xaa`F\x82\x86\x80 \xa7\xaaG\xc4\x22 \xfb1\
\x0c\x0c\x03<~\xb8\x04\x8dL\xcf\xd2%\xcb\x08\xfae\
,\xbdc9\xdb\xb6m\x97\xc0\xf9|>\x09\xa0R\xa9\
\x90\xaeVk\x0f\xd5\xd5UTT\x94s\xf6\xecY\xaa\
\xaa\xabp\xb9\x5c\xc8\xe52\x09\xb88\x9a\x9a\x9aX\xbd\
z\x0dE\x13'3!/\x9f^\x9b\x95\xd0\x90PJ\
\x0f\x9f\x22\x10\xf0K\xd0\xaalA\xeaze\xec\xae\xf3\
\xe2\xf2\x05\x18\x19*B\x97}m\x07\xfe\xa9\x11\x0f{\
\x84#\x87\x8e\x11\x16\x16\x82\xdd\xe1 7'\x97\x8c\xb1\
\x19\xfc\xf9\xe5\xd7\xf0y}\xdc\xb1t\x09]]]l\
\xffp;'\x8e\x9f\xc0b\xe9A&S \x5cb>\
..Nb\x12\x99\xc0\xa2E\x8b(**\xe4\xa1\x87\
\x1e\x22sl.&\x93\x89\xbe\xfe>i\x1d\x9dVG\
{K'\xb5\xb5u\x8c\x1d;\x96~\x8f\x80\xd5\x03n\
\xbf\x9f(\x0d\x8c7\xa9.{\xa4\xe1m\xf8A\x06\x86\
\xbd\x83\xdb\xe3\xa6\xb5\xb5\x05\x99_\xc5\x80\xd3\x85F\xab\
\x96\xde/\x5cx\x1b\x9f\xee\xf9\x8c\xe6\x96&\x0e\xec\xff\
\x8a(c,IIiL\xc8\x9b\x8c\xe0\xb5\xa05\x98\
@&'\x10\x0c\xe2\xf5\x0c\xe2p\xd8\xd8\xfa\xe6\xdb<\
\xbbq\x13S&O!5%\x15\x9b\xcd\x86R\xa9\xc4\
\xef\xf7Sv\xf2\x0c\x83\xaeA\xce\x94\x95K\x0c\x04\x03\
A\x1cn\xb9$\xf9[RU\x18u\xf2\x7f\xcd\x8d\x8a\
\x8b\xb8\x06\x06\x09\xd1\xa9$\x89k\xf5\x1a\xe429}\
\x8e>\xf0\xc99y\xec\x0c\xd3\xa7\xdfLXh(\x08\
\x1edB\x0f5\xe7>\xc6\x94X\x8c1.\x07\xc1e\
G&\xd3\x12\x16nf\xe6\xacx\xba:\xda\x11\xfc~\
\xeak\xea\x89\x8a\x8dB&\x97\xe1\x1et#G\x8eB\
\xa9\xa4\xb9\xb9Y\x12\xde\xf88H4*\xc87+Q\
\xca\x05\x8e\xb7z\x08\xd5\xc8\x19\x1b\xa5D!\x97\xfd\xcf\
v@\xb4\x81\x8e\x8e\x0eI\x87#\xc3\x8d\x18B\xf4\xa8\
\x94Jzzz\xa8\xach$--\x93\xb4\xccx\xa2\
\xb5\xadXm\x0e\x9a{\x94\xe0i\xe0\xdak\xc7\xd1\xd8\
\xd0@O\x97\x8c\xbcD\x1d#\x8c~\xec\xc1\x18Z\xec\
\x91x\x07C\x09\xc8\x0ct\xb55\x11\xf0\xfb$\x9bP\
\xab\xd5\x18Bu\xd8\xacr\x84`@R\xa9\x89\xf1!\
\x92\xd1\x06\x82\xf0\xf6y7\x01\x14\xd8]~b\xf42\
b\x0dJI\x9d~\x90\x01\x11\xfc\xf0\xf6\xfa|~I\
\xc2\xc1@\x00\x87\xa3\x1f\xa7\x0bfL\xcd\x22/SF\
\xdf@5\x07\xf6\xed\xc3h\x9e\x82^\xe1\xc5\xde{\x04\
\x8f\x7f\x12jo\x07\x03mu\xbcx0\x9e\x08\x83\x82\
\xab\x8a\xd2\x98\x98\xafa|\xaa\x9a\xd6\xb6\x1etJ#\
N\x8f\x9e@\xc0\x83!TO\xa41\x92\xba\xaa:R\
\xd3S%\xa1]\xa8\xacd\xd6\xcc\x99\xd8\x06\x03\xb48\
\x82\xa262\xc9$\xc7\xa8SH\xf8D\xf3T\xfe\x90\
\xf4E\xf0\x1f}\xf4!\xd5\xd5\xd5\xe8uz\x94*\x05\
\x95\xe7\xeb1\x8f\x8cc\xc1T9}\xd6r\xb6}l\
\xc7\xe932\xb1\xf8~\xa2\x8d\xd1\x1c\xfb\xecuB\xb4\
f\x02^/.\xaf\x8an\xe7\x08\xeeYy7\xb1\xe6\
\x11|\xba\xf7\x0b\xfe\xf8Z\x19z\x83\x82\xa9yz\xa6\
\xa4jh\xed\x0d\xa7\xbc-\x1a<~,]V\xc2\x8d\
F\xdc\xee\x01~\xf5\xfc\x8b\xb8=^\xdc\xaeA\xae\xbf\
\xf1FnH\x96\x13\x1b\xa2bd\xa8\x08\xfe\x1f\x8eT\
\xf6]\xc9\x9c(y\xd1x\xbf\xda\xff\x15\xfb\xbf<L\
wO\x0f\xa5\x87O\x92\x91\x92Mr\xfa(\xe6O\xf3\
\xb0\xfd\x93\x93\xd4Xb\x18\x9f[DRR<:\x8d\
\x9a^\x9b\x93\x94\xb1Y\xb45\xd5\xe3\xb6\xbc\x82\xcb\x97\
Nh\xdc\x5c\x9a[\xceq\xcb\xad\xd7\x11\x16\x11\xcag\
{\xf6Q[WK\x97\xcd\x8e\xb5\xab\x85\x053\xa2\xc8\
L\x8e\xa2\xb4q\x0c\xf5\xb5\x15\xd4\xd5\x9c$6a\x22\
\x9b7=KDX\x18\xbf\xfa\xf5\x8b<\xfc\xc8\xcf\x90\
]\x91j\x0c\xe3\xfbN\x1b\x18\xe6\xa7\xab\xab\x93Ow\
\xef\xe5\xf9\x17\x9e\xe3\xf8\xdeW\xa8=\xb9\x93\x11#'\
3%O\xc5\xf3\xaf\x1d!)g:\xbf]\xb7\x82/\
\xf6\x1eF%\xd3\x12\x1e\x16\xc9\xf8\xf1\x13\x19\x11\x1f\x85\
+7\x9dw\xdfhdTr\x1a\xd7\xdf4\x83\xf3\xe7\
\xe29\xbc\xff\x04Z\xad\x86\xe8H3cf&\xa3P\
\x05h\xedh\xe5/ol#)\xba\x96\xdbo\x02\x03\
J\xfc\xd6f\xa6\xcc\xfc\x05\x91Qa\x08\x010\x1ac\
hko\xc7d6K\xd8\x14\x97\x02\xe30}\x8b\x01\
1J\x8a\xaa\xb3o\xdf\x97\xcc\x9f\xb7Hzf\xed\xac\
!!>\x86\x94\xd4\x086\xfen'7\xdc\xbc\x84\xeb\
\xe6\xcc\xe0\xbdw\xf6p\xed\xb53\xc9\xc8\x1dCG\xa3\
\x95\xf0\xa8\x08d\x0aP*\xe5,]\xb9JJ#\xbd\
>\x81\x8c\xac\x14<n7\xf9\xc5\xd9\xb47Y%\x00\
omy\x1f\xb7\xdb\xcd\x1d\x0bn\xa3\xa4\xec\x1c\xcf\xbc\
\xbc\x9f\xfb\xef\x9cFH\xdc,\xdc\xae^\xba;{\xd1\
j\xd4$\x8c\x1e\xc3\xc5\xfa\x8b\x8c\x1a5\xea2\xc6\xd3\
\xa7O3n\xdc8i\x1e\xe5pN\x22Z\xbdh\xac\
\x22\xf8\xde^\x1b\x17\xeb\x1b\x98s\xcd-\x94\x9f\xa9\xe5\
x\xa5\x02\x83\xb9\x90\xed;\x8fp\xeb\xfc\xbb\xb9\xf9\xa6\
9tvZ\xf1\xb9\x83\x1c?~\x8a\xa6\xa6f\xec\xb6\
~\xe2\xe3G\xd1e\xe9&\xbf \x97\x11#c\x08\x0a\
2lV;_\xed;BoO/\xe7\xca\xab\xe9\xeb\
sH:\x9c\x97\x9b-\xd9\x92\xc31@RR\x0a\xe7\
*\xd2xi\xeb\x07L\xb9j\x02%'/\xd0\xd2\xf6\
\x0e\x09\x09ID\xc7\x84\xb3}\xdb6\x9cN'\xfe\x80\
\x9f}_|\x89\xcdfe\xcb\xd6-Ci\xcb7m\
\xa0\xc7ba\xe3\xd3\xcfp\xf3\xdc\x85\xd8m^.^\
l\xe0\xcb\xfd\xbb\xf0\xfb=\xcc\x9e5\x97eK\x972\
\x22!\x82\xea\xf3\x8dh\x03^\x9cA%n\xaf\x87\x92\
\xa3g\x88\x89\x8d!#+\x99\xc4\xa4xI\x10\x01\xbf\
 y\x8e\xf6\xf6n\x9aj\xea$A\xe9\xc3B\x09U\
+\x88OJ\xc1\x10\xa5\xa2\xcf\xe6\xa1\xad\xb9\x0dCh\
\x18\x9d\x1d\x1d<\xf9\xe4c\x04\x04\x1fy\xb9\xe3Xy\
\xf7\xfd\x1c?^FZ\xe6\x18\x0e\x1d\xde\x87R\xa9\xe2\
\xea)S\xb9PY\xc1\xf2\x15\xcb\x86\x04\xbfu\xebV\
a\xde\xbc\xf9\xf8\xfd>\xb6o\xdf\xce\xbe}\xfbx\xe0\
\xfe5\xe4d\x8e\xe7ly5\x07\x0e|\xc6\x9bo\xbc\
\xca\xca\x95\x0f\xb0z\xd5\x1a)\xcfq\x0e\xb8\xd0\x06\x06\
H\x1e=\x82f\xab\x87\x84t3\x0d\xe5\x0dhC\x0c\
\xd8\xfa\x07HNN\xa4\xbb\xab\x9b\x98\xd8h\xc9W\xeb\
C\xe5\x9c+)\xa7\xbd\xa3\x19\xfb\x80\x8b\x08\x9d\x9a\xbe\
\xfe\x00\x19Y9\x18c\xa2p\xd8\xc4@'clV\
\x22\xa7J\xcbY\xbb\xf6A4:\x1d/\xbf\xf2:\xf1\
\xa3\xcd\xa8\x95r\x94C\xc1\x9fm\xef\xedD\xa5\x11\xb8\
u\xde-C\xea\xfe\xf1\xc7\x1f\xb3a\xc3S\xcc\x9b\xb7\
\x80\xf4\xb4\x0c\xfe\xba\xe5\x1d\xe4J\xf0\xfbad\xa8\x92\
/\xf6\xee!o\xfcD\x1ey\xf4!\x5c\x03~\xaa\xab\
\xebH\x88\x0b#%+\x11{w\x0fegOs\xe6\
\x82\x16\x85\xe0\xc5\xef\x15\xf0z\x94\xc8\x82\x02\x16\x9b\x9d\
\xceN\x0b\x93\x8a\xb38}\xb2\x82\xba\xc6\x1a&N\xca\
\xc7`\xd0\xd3\xd6\xd6N\x7fM\x0d_\xed\xff\x8c\xe2\x82\
I\xf8\xfcr\x0c\x11\x11\xd8\xedn\x0a\xae\xca\xe1?~\
\xf98O>\xfa\x0b\xca^\x7f\x05\xd9\xd5E\xc4\x15N\
E\xa6V\xa3\xd3)(\xaf8CSs=99\xd9\
$%'\x0d\xa9\xd0\xe3\x8f?\x8e\xdf'p\xdbm\xb7\
\xd1\xd4\xd0F^\xc1\x04|\x95\xe5X\xca\xcb\xa8\xa8\xaa\
'm\xf1O\x98X4\x09!(\xa3\xb1\xaa\x9a\xdc\xbc\
D,\xed\x1d\x9c\xbcp\x9e\xcc\xdc<\x22\x22\xc2\xa5|\
\xa7\xe1b\x03\xcdu\xcd\x14\xe6\xe6\xd0\xd0j\xa5\xad\xcb\
FTL8A\x06\x99}\xed\xaco\xc5\x9a\x9a\x9a:\
\xacm\xcd\x8cML\xa7\xbc\xae\x93\xe2\xa9\x13\xa8\xadn\
  (\xf8\xfc\xd5_sCa\x01\xd6\xee.\xc2\x12\
\x92I\xbfy\x1e\x01O\x00\xadN\xc1u\xd7\xdf\xc8\xef\
_\xfa\x0d\xe9\xe9i\xc8\x05!\xc8\xd3O?\xcd\xd4i\
\x93Y\xfb\xb35\xc85\x02B{\x1b\x0c\xf6\x91\xb7x\
1\xe3\xd2\x93H4\xc5a\xb5\xf5c\x08Q\xa1\xd2i\
\xf1\xf49\xa9\xac\xafg\xea\xccY$$$\x10\x1e\x1e\
\x811\xd2H~~>Ii\x89\x18t\x0a&\x17\xa4\
2\xf7\x9a\x89\xc8\xbdN\x5c\xae\x81\x7f\x14?\xbe\x00A\
\xd7 \x01\xe7\x00\x1a\xc1O\xc0\xedE\xf0\xf9Q\xabU\
(\xd5\xa2\xd1\xf7J\x0e`tR*\xfa\xd8\x18&\xaf\
X\x81^\xa7\xa0\xbf\xb3\x07\xa7\xcbM]m\x0b\x8f\xad\
{\x82\xb2Se\xd2tr\xb1\xc8\x10\x03CHH\x08\
\x1b7l\xe2\xe6\x1b\xe6\xe2\xeb\xe9\x22\xb9\xb8\x88\x90\xf8\
\x91\x18SR\x09\x8d\x8a\xc6\xd6cA\xcc\x9f\x22\x8c1\
\x94\x9d\xad\x22>y\x0c\x06C\x08\x04\x91\x00\x88\xd4\xd8\
\xd0H\x7fo/a:=\xde\xd6v\xf4\x01\x0f3n\
\x9aC\xfc\x88\x11\xec\xd9\xb9\x87\xcf\xff\xb6\x833\x07\x0f\
!s\xf4I\xe3b\xe9IFiuX-}d\x8d\
\xcb\xa4\xae\xaa\x8d0Q\x18Qz4\xa3\xc7\xf0\xd6\xce\
\x1d\xbc\xb1{7\xce\x017\x01W?\xa1\xe1\x06**\
\xaa\xd0\xe9\x0c8\xfb\x07\xf1x\xdcCq@\xb4\xe6\xae\
\xaenF\x9a\x93\xa98\xdfBd\x88\x01\x99J\xcb{\
\xafo\xe1\xc3\x0f\xb6\xb1\xf5\xfa\xf9\x84\x0f\x0cr\xba\xac\
\x9a\xb1\x99I\xa8B\x8d\x1c9PJk\xf5EB5\
\x1aR\x93\x93\xa8kh\xc0\xe9\xe8';=\x19\xb7\xd7\
G\xdd\xc5\x1a\xdc\x15\x03\xf4[-h4\x1a\xc6e\xe4\
\x12\x1a\x12&\xb9\x5c\x99\xdb\x8dL&\x10\x17i\xe4l\
}\x17\x09Y\xb1\xd4\xd77\xe0\xf7\xfa\xc8\xcaNg\xa0\
/@\x9f\xcbC\xbbOK\xa0\xa6\x85]\x07w\xf1\xf2\
[\xbb\xd0\xa8\xa1\xbf\xdf\xc1\x13O\xbeHvN\x0e\x0a\
\x85\xf2\x1f\x81L\xdc\xc2\xf6\xb6V|B;\xd9\x91!\
|\xb0\xe9\x11<a&\xb4\xe64\xa9\xb2\xca\xcf\x1fG\
uU3'K\xce\x22C\x86)4\x86d\xadv\xc8\
C\xd8\xed\xc4+\x95\x18\xb32x\x7f\xf3S\x0c\xd8{\
1ED\xa2D\x86\x5c\x80\x0e\x9b\x85\xbe\xd3\xa7\x99\xb3\
\xf6Q\xc4<\xec\xe4\xb1#\xc8\xe5\x0a\xc2t:f\xe6\
$\xd1\xddo\xa5\xd7\x13B\xeeUy\xa85ph\x7f\
)\xcf=\xf7\x0c\xf1#\x93\xb8\xf7\xcey\xe8\xa9b\xf3\
\xef\xfe\xc8o^|\x8a\x8e\xceN\xd6<\xb4\x9a\xf0\xf0\
P\xc9U+E\xe9\x8b\xa1\xa0\xb8\xb8\x98\xc7\xd6=I\
MM\x15\xeb\xd7\xbf\x806\xd6Lav:\xfb\xf6\xef\
\xa0\xe4\xc4q\x0a&\x8ecLb<\xa3F\x8f\xa2\xe1\
l\x199\x13\x92\xc1\xe5\x96\xf2*\xbf\xcf\x87\xd1d\xa6\
\xad\xb2\x9c1Z\x1d\x19\xd7N&,\xda\x84\x84Ft\
gr\x19\x17N\x97\xd0\xdd\xd2Lzv\x0e}\x9d\xed\
(\x95j\xf4b\xfd\x10\x0c\xa03hQ(\xc2\xa4\x0a\
\xee\xc2\xb9&v\xef\xde\x8b\xc9lb\xf2\xe4I\xbc\xf4\
\xca\xab8\xec\xdd\x5c=\xbb\x88'\x9f\xd8\x88\xcd\xd6\xc3\
O\x1f\x5c&\xd9\x9dTp\x89\xfeW\xfc\x11\x13\x13\xc3\
\xfc\x05\xb7`\x8c2r\xaa\xf4\x10\xa7*\xed,\xbeo\
=\xf7\xdd\xb7\x1c\x01\x055\xd5\xcd(\x142:\xda;\
@k\xc0\xd2\xebDP+\x09\xca\x04db\x05\xaeP\
\xe0\xf5\xf9\xd0\x87\x84\x12f\x1a)\x15\xf0A\x8f\x87\x80\
\xc8\x00r\xfc\x02\x08:\x0d\x82NG\x98\xd9\x8c.\xca\
\x88O\xa9\x04\xb3\x89\xee\xa0\x02\x9bs\x90\x92cg8\
x\xe0(\xef\xbc\xfb&so\xbc\x89\xe5w\xdeEM\
}\x0b\xea\xd0X\xd6\xae]\x85\xdd\xd1\xcd\x1d\xcb\x16I\
\xe0\xc5\xacAj\x82\x0dG\xe2\xe1n\x82h\xd0_\xee\
\xfb\x92\x8d\x1b\x9e\xc1nw0\xf7\xc6[\xb9\xe1\xfa\xb9\
\xfc\xf6w\xbf\xe1\xa5?\xfc\x9e\xc1A\x1fee\xe7\xd0\
\xc8\x82LJ\x8f'2T'\xa6\x87\xc8\x95\x0a\x82j\
5_\xfc\xd7\x9f\x88\xf0\xfa\x99TP\x8c\xe0rIY\
\xa4`0P\xe9\xb0\x928u\x1aZ\x8d\x16)\x9b\x0f\
\x13\xab7\x81\xf3e\xa7i\xef\x0a\xe0\xf2\x0b\xb44_\
\xe4\xe9M\xeb\xb8\xef\xbe{\xd8\xf0\xecF\xd6=\xfc\x04\
:\xbd\x92\xd4\x94\x14\x92\xd3R\x99P0AR\x9ba\
\xac\xdfJ\xa7\x87\xd3T\xb1@\x0f\x0f\x0b\xa7\xaa\xaa\x9a\
?\xfc\xfe%rs\xf3\x09\x0f\x0bc\xd7\xae=\xdc\xb5\
b%n\xa7\x8cQ1F\x8a\x8aR D\x05\x1e/\
\xb8\xdd\x04\xc5\xa9\xe42<\xae\x01\x94n/2\xb7G\
4.\x14\x11a\xc8b\xe2\xc4\x15\xc0\xeb\xc1\xe3pp\
\xa2\xac\x8c\xadooC\x81\x89\xd4\xb1\xe9\x1c/\xdd\xc7\
\x97\xfb\xf7\xf2\xec\xd3\x9bXx\xdbB\xd6\xacZ-9\
\x82i\xd3\xa7\xd1\xd6\xdc\xca\x89\x92\x13\xec\xd8\xb5\x8b\x8c\
\xac\xb1C\xee\xf3RF\xfa5\x06\x86\xdb|[\xb6l\
!<\x22\x9c\xe6\xa6&\xcaN\x9d\xc1\xde\xdbGtt\
\x0c\x89c\x12\xb9\xd8p\x11!\xa0\xc4\xd6\xed$6&\
\x9c\x8cL3\xb3\xa6M#3-\x0dUx\xa8\x98\x8a\
\x22\x85r\x09\xacWb\x88\x01\x17\x07\x0e\x1d\xe6\xdc\x85\
J\xba\xac6::{$\xd3HO\xcf\xc7\xd2e\xe1\
\xcfo<ONv\x1e\x0bn]\x82\x9c {>\xdd\
A\xf1\xe4\xabP\xab\xd4\x92k>Uv\x9a\xe2\xe2B\
\xd6o\x5c/\xd9\xc6?\xdd\x81\xb5k\x1fb\xeb\x96\xf7\
\x187.\x9f\x94\xa4d\xf2\xf2r\xb8Py\x81\xda\xda\
j\x0a\x8b\x0a1\x9bM\x0c8=\x1c8p\x98\xca\xaa\
\x0a\xbc^7\xa6\xb8X\xccq\xd1\x8c2\x9b\xf0\xfb\xbc\
R\x93K\xa7\x0ba\xf6\xec\xebp:\x07\xf9\xe5\xfa\xc7\
imo\xa10\x7f\x0asf]\x87\xdb\xeb\xa6\xb3\xab\
\x95\xc1\xc1A\x92\x12\xd3%P\xe7\xca\xcf\xb0\xe4\xf6\xf9\
tvv\xd0\xdbk\xa7\xb5\xb5\x99\x96\xd66\xd1P\xf9\
h\xc7\x87tY\xbaHMM\x95j\xe8a\xfaV6\
*\xf6o\xc4\x8e\xd9SOn\xa4\xfc\x5c\x15\xa9i\x89\
\xd8z\xaddg\xe5b6\x9b\xa5\xad\x8c\x8d5\xa1\x90\
+P*4\x92;\xb4Z-\xb4w\xb6\xd3\xd8XO\
m\xfd\x05f\xcf\xb8\x11\x8b\xa5\x0b\x8b\xb5\x8bPC8\
*\xad\x86\x82qE\xdcr\xcb|\xfe\xfa\xee_8z\
\xec \xa9\xa9\x19\x18\xf4\xa1\xa8\xd5\x1a)&\x08\x04H\
L\x18\xcb]+~B{{#bz#\xe6N\x8b\
\x97,\xa6\xcfa\xe7\x86\x9bo\xa4\xa6\xa6\x86\xf8\xf8x\
\x0c\x06\xc3\xf73 \x86|\xb1k&F\xe6\xc5\x8bn\
\xe7\xb9\xe7\x9e'#+\x83\xa5K\xee\xa4\xae\xb6\x9eg\
\x9ey\x96\x01\xa7\x9bw\xde}OR\x13\xbd\xdep\xb9\
\x8e\x18p\xf53\xe7\x9aky\xf0\x81\xfbY\xff\xc4\x06\
>\xde\xf9\x81T\x85\xc5\x8fN\xe4\xf6E+\x98\x98?\
\x01\x85Z\xce=\xf7.\xc7<b\x14&\xd1[\x05\x04\
\xc2\xc3C\x18=:^Z?**\x86\x91#\xe2\xd8\
\xb8a=*\x95\x82\xed;>\x94\x9a\xa1>\xbf\x8f\x86\
\x86\x06\xa9\x11\x16\x16\x16\xf6\xfd\x15\x99\xb8=\xe2.\x88\
\x5c\xbe\xfa\x97\xd7$\xf7*2\xb3p\xe1BJN\x9c\
\xc4h\x8c\xa4\xbe\xfe4\x85\x053(\x98\x90\x87\xd6\xa0\
\x94\x8a\x12\xe7\xc0 \xb5\xb5\xe7Yq\xd7=\x04\x05\xb8\
s\xc5O\x18\xf4\xf4\x93\x9c\x94\x82\xcd\xde\xcb\xccY\xd3\
q\xf6\xf7\xe1\xf3\x05\xb8\xfb\xae\x9fr\xf0\xd0An\xba\
a\xa1T\x9c8\x1c\x0e\x04\xc1G\xaf\xb5\x0fc\x84\x0c\
_\xc0\xcf\xbau\x8fI\x0c|\xfa\xc9\xa7L\xba\xaa\x90\
\xa8(#\x83\x83nI W\xd2\xb7\x8cX4\x0e\xb1\
q+J522R\xba\x1e?~\x5c\xea\x87\x8a\xe9\
\xb6\xb8\xa0\xc1\x10FKS7\xb5\xf5\xe7@\xee%\xc6\
hB\x86\x9e\xee\x9ev\x09Hum5\xe9ii\xcc\
\x9aq\x1d\x83\x83~)g\xe9utq\xe8\xd0W$\
%\xa5b6\x8d\x96\xd4T\xad\x16\xfb\x9cA\xa2\xa3\xe2\
\xa8\xa9\xad$<4\x92e\xcb\x96b\xb3\xdb(+=\
Iww7\xd9y\xe3\xb0;z\x19\x93\x94 \xcd\xa9\
V}]\xe6\xdf\xd9\x95\x10\x9bXuuuddf\
R^^\xc1@\xdf\xc0Pg.\xcc@~\xfex\xc9\
\xd8\xe7\xcf\x9fOCc\x03Ic\x921\x9b\xe3\xb8c\
\xc92\x8a\xa7\x14\xb3f\xcdj\x06\xdd.\x1c\xf6>z\
{{y\xf5\xcf\xaf3&q4\x05\xf9\xf9\xa8\xd4J\
\xca+\xcay~\xf3\x0b\x5c}\xf5dn\x9dw+q\
q&\xb2\xb3\xb2\xd8\x7f\xe0 V\x9b\x85\xcf?\xfb;\
S\xa7M\xc5\xd1\xeb\xe0\xd8\xd1\xe3\xc4DD\xa0\x0f\x06\
\xe9\xb7\xdb\x19\x95\x92\x84)5E\x8a9?\xd8\x9d\xd6\
\xeb\xf5deeq\xba\xb4\x94\xb2\xa3'\x88\x8a\x8cA\
\x17\xa2'//\x17\xadN\xcb\x96\xad[\xa9\xa8\xa8`\
`\xc0\xc5\xe7\x7f\xff\x9c\xe6\xd6V\xe2\xccq\xd4\xd5\xd6\
RRR\x82Z\xad\xa3\xbb\xdb\xc2\xd1cG\xe9s\xda\
0\x84\xe8\xf8\xcf\xa7\xfe\x93\xd8\x98X\x96,\xbe\x83]\
\xbbvJz\xbcz\xf5\x1a\xa2\xa2\xa2\x986}\x06\x85\
\x85\x85h\xd4:\xa2cb$M\x08\x8f\x0c\xe7\x9a9\
3\x891\xa8\xc8(\x18\xc7\xa49\xb3\x08Q\xa9p[\
{\x86\xd5\xe5\xbbm\xe0\xb2:\xf9\xfc\x8c\x0e\x09\xc5t\
\xf5d\x1a\x1bj\x88\x8e\x1f\x81!\xc4 I?--\
\x8d\xa2\xa2\x22\x9c\xce\x01\xe6\xcc\x9e#\x9d\xae\x8c\x18i\
\xe6\x91\x87\x1f\x95\xa2\xb7h?c3\xd2Y\xbe|9\
&\x93Y\x9aO,>z\xac=R\xe1\xd3\xeft\xa2\
\xd1jY\xf3\xd0\x1aI\xff\xd7=\xb6\x8e\xfc\x09\x13\xd8\
\xf0\xd4SRQ\x94\x99\x991t\x86\xa0T\x12\x19\x15\
C_\x97\x05}T\x14(\x15\x88\xfe\xeaJ\xfa\xf6\x0e\
\x5cz\xefq\x0eH\x1eftn6\xc5\x85\x05\xc4h\
5\x97\xf3\x0f\x93)\x8e\x8b\x0d\x0dRV\xba{\xf7n\
\x8e\x1c=BE\xf9y\xc9\xcd\x8aM\xdaM\x9b\x9e\xe1\
\xee\xbbV\xf2\xce;oK\x1d\xe8\xb2\xb2\xd3\xdcy\xe7\
r\xa9\xff\xa9R)Y\xb2d\x09\xef\xbf\xff\x01\x9f\xed\
\xfd\x9c\x17~\xf5\x02\xb9\xb99\x8c\x1a\x19O\xc1\xa4\x02\
\xae\x99=k\xa8\xff\xa3\x18:k\xd0\xc5\xc6\xe2s\xbb\
\xe9\xbdX\x87\xcf3\x886\xd2xI\xf9/u\xe7\x84\
\xef\xa1\x80\xd7'\xf4\x5c\xa8\x16:N\x9e\x12:\xcf\x9d\
\x15<}\x0e!\x10\x08\x08\xc1`Px\xe5O\xaf\x08\
z\x9d^x\xeb\xcd\xb7\x84={>\x15^{\xf55\
\xe9\xfe\xa3\xed\x1f\x09\xf7\xdd{\x9f \x1d\x04\x0c\x89B\
x\xf8\xe1\x87\x85iWO\x17\xeeYy\xaft\x0d\x0f\
\x8f\x10\x8c\xc6(\xe1\xe3\xbf\xed\x106=\xbbY\xc8\xce\
\xca\x11\xba:\xbb\x84\xb6\xb6va\xc1\xfc\x05\xc2\xd2;\
\x96Ik\x88C\x10\xc7%\x0a\xfa\x03\xdf\x89\xf3{\x19\
\x18\xfa* x\x07\x06\x86&\x13o/]m6\x9b\
\xb0u\xcb_\x85>G\xdf\xe5\xbf\x96\x96\x94\x0a\xe5\xe7\
\xca\x87~\x97\x96\x0a\x1f\xfd\xed#\xa1\xaa\xaaJ\xba\xb7\
X,\xd2\xb5\xa2\xbcB\xd8\xbcy\xb3p\xe4\xf0\x91\xcb\
\xdf\xf9}\xfe\xaf-\xe9t:\x85\x1fC\xdf\xe9\x85~\
\x0c\x0d\xd7\xba\xc3\xe1\xfd\xca\xbe\xe5\x95\xf7W\xe6/\xc3\
\xcfe\x97\xce\x84\x87!\xfc+G\xb8\xff\x12\x03\xe2'\
\xc3\x07u\xc3\xa0\xc4\xd3\x14\xb1\xb8\x11\x01\x88\xef\x86\xc1\
\x5c\x09~\xf8\xc4R\xfc=\xcc\xf07\x19\xfb\xe6\xfd?\
\xa3\xff\x06\xc2\xcd@\xa3\xd8\xb6}\xab\x00\x00\x00\x00I\
END\xaeB`\x82\x89PNG\x0d\x0a\x1a\x0a\x00\
\x00\x00\x0dIHDR\x00\x00\x00@\x00\x00\x009\x08\
\x06\x00\x00\x00\x86D-\xd7\x00\x00 \xe5IDAT\
x\x9c\xe5\x9b\x07tUe\xd6\xf7\x7f\xb7\xe5\x96\xf4\xde\
{#\x09$\xa1\xf7\x0e\x8e\x8a\x08\x88\x14\xeb\xa0\xe3\xa8\
\x83\x8a\x15t\xb0\xa33\xceX\x10\xe4\x9b\xb1\x8d#C\
\x19P\x11\x05\x0bE\xa4(%\x90\x84@ \xa1$7\
\x8d\x84\xb4\x9b\xe4&7\xb7\x97\xf3\xad\xf3\x840\xca\xcc\
k\x99\xb7\xac\xf5\xaew\xafu \xa7\x9f\xbd\x9f\xbd\xff\
\xbb^\x85$I\x12\xff\x87I\xc9\xffqR\xf2\xbf\x98\
d\xe5\xfd!\x05\x96OI\xff\x9d\x02\xf0z\xbd\xfcO\
\x93\xcf\xe7\x13\x9bL\x0a\x85BlWR?\xd3\xf2)\
\xf9\xac\xf4\xdf%\x00\x95Ju\xf9\xa3\xfe'H\x16\xb8\
R\xa9\x14\x9bL6\x9b\x0d\xab\xd5\xfaO\xd7\xc9L{\
|>.\xf6x\xb08\xbd(~@\x04\xca\x7f\xf7c\
\x9cN'\xef\xbf\xff~\xdfC\x94J<\x1e\xcf\x0f\xaa\
\xe3\x7f\x05\xf3\xb2\xc0+++\x99;w.S\xa6L\
a\xd8\xb0a|\xf1\xc5\x17\x97\xcf\xf7\xbf\xbd\xc7\xe9e\
\xfb9;\x9fT\xb9\xd8\x5c\xe9\xe1X\x93S\x08\xe4\xbf\
D\x00\xbeK\x0f2\x1a\x8d<\xf5\xd43\xcc\x9cy=\
G\x8e\x1cA\xadV\x0bu\xfcw\xcc\xe2\xc7\x04'\x0b\
Wf~\xf5\xea\xd5\xcc\x99s\x03\xc1\xc1\xe1L\x9fz\
\x0d\x03\xf3\x0a\xb0\xdb\xed\x97\xb1@^y\xaf$q\xec\
\xa2\x83\x8cp5\x93\x93u\xd8\xbc\xb0\xb7^\xa2\xd6\xec\
\xb9\xf4\xae\xff\xa4\x00\xa4KO(/=\xcd\xb4\xf1W\
\x93\x96\x92\xc1\xa2Ew\xb2t\xe9R\xccf\xb3\xf8\xd0\
\x7f%\x04Yp2#b\xa5\xae\xf8\x8a~;\x96\xcf\
_\xa9I\xf2\xbe,\xdc\x97^z\x89w\xdey\x97{\
\xef\xbe\x8fQ\xc3G\x11\x11\x1eARB\x0a\xc7\x8e\x96\
\xf4\xdd\x7f\xe9\x19\xf5f\x0f\xcd\x16\x89\x81Qj\x14(\
\xf0S)\x90$\x05V\xd7\xbf\xe6G\xf9s\x05\xd0g\
\x7f\x12\xfb\xf7\x1cB\xf2*\x18R8\x94\x07\x16?H\
Y\xe9)\xc6\x8d\x9b\xc8\x97;v|O\x08\xf2\xff2\
\xf3\xf2}2#\xf2\xb9~\x86\xfb\x01\xcd\xe1p\x88}\
\xf9\xfcw5\xa9\x9f\xf9\x95\xaf\xafd\xdb\xa7\x9f\xf1\xf0\
\x83KQ)U\xf4\xf6\xf6\x0a\xfb\x0f\x0f\x8f\xa0\xf6\x5c\
\x03\xcd\x17\x9bQ\x0b<\xf2q\xbe\xd3\x8b\xd9\xa9do\
\x9d\x87}\xf5nz\x1c>\xfc\xfd$\x22\x0c\xff\x0c\x96\
2\xa9\xf9\x19\xd4\xcf\x88\xb1\xba\x86\xfa\x9az\xc6L\x18\
\x8d\xa5\xd7\x82\xcb\xe5\xe2\x96\x9bn\xa1\xb6\xae\x96\x07\xef\
\x7f\x84\x86\xa5\x0d\xdc{\xef=\xb8\xddn4\x1a\x8d\xb8\
\xf7\xd4\xa9S\xec\xdf\xbf\x8f\xa2\xa2\x22:::\xe8\xee\
\xeeA\xa1\xe8\x034Y\x8dg\xce\x9cIKK\x0by\
\x03s\xb9~\xe6\xf5$''\x8b\xfbV\xbc\xb0\x82\x8f\
?\xfa\x84{\xef^\x8c\xd5\xd2\x8bO\xea\xfb\x06\x85R\
ApP\x10\x8e\x1e'\x07\xf6\x7f\xc3\xc2\x9b\x17\xe0v\
\xfb0\xd9\xc0\xee\x03c\x97\x82N{\x9f\xb6\xe5E\xa8\
\x88\x0b\xe8c\xf5J\xa7\xa1\xfe9\x02\xe8W\xcd\xe3\xa5\
\xc7\xb1\xdbl\xf4t[0\x04\xebQ\xa9\x94tvu\
\x12\x13\x13\xc3#\x0f=\xc2\x9aUk\xc8\x1f4\x881\
c\xc7\xb0}\xfbv\x01\x96Fc\xadX\xb1\xf8\xf8\x04\
\xf2r\x0b\xd1\xe9t(\x15J\xb1\xa2\xf2\x8aK>\xe8\
\xee\xb2\xb0u\xcb6\xde\xfc\xd3;\xdcv\xdb\xad\xc4\xc5\
\xc5\xf0\xf9\xf6\xcfY|\xef}8\x1cN\xc1\xbc|\xad\
\xacE\x1d\x1d]8\x1d.\xc2\x22\xc29z\xa4T\x08\
@\xe6N\x89\x02\x87G\x81\xd7\xe7AR@R\x10\x8c\
I\xd0\xa0T*\xf0I\xa0\xfc\xcf\x08\xa0\x9fd\x00\xd4\
\xe9utu\x98\x09\x89\x08\x220$@8[Y\x95\
\xb5Z-7\xdfr\x0b\x7f\xf8\xc3+\x84\x84\x06\x0aa\
M\x9c0\x89i\x93\xafA\xa7\xd3\xe2\x95\xd4\xd8--\
X\xcd\x17\x08\x8b\x1b\x8a\xcbaA\xa9\xea3\xab\x84)\
SP)\xd5tvu\xb1k\xd7N*NWp\xe7\
\x9dw\x8aw\x0a\x90\x93\x05%IB\x03\xdcN\x17E\
\x07\x8f\x12\x1e\x12F\xad\xb1\x8e^\xab\x95\x00\x7f\x7f\x99\
}\xdc\x1e%\xb2\xe2\xa5\x04)\x99\x9e\xa2!L\xdfg\
\xe9W2\xff\xb3\x05 \xaf\x98L-\xcd\xad\xf8\x1b\xfc\
q{\x5c\xc2\x0f\x07\x87\x05\xe1EvS}\xe7{\xba\
\xact\xb7\xf7\x12\x12\x18\xccCK\x1e\xc1\xed\x01\x87\xdd\
\x8a\xcb\xe5F\xabu\xd2\x5c\xb3\x1b\xc9mAk\x08\xc1\
? \x1a\x9b\xc3-\x04\xd3kw\xa2T\xd8\xd0\xf9i\
\xb8\xf9\xe6\x9b\xa8\xafk\xc4l\xea\xa2Y\xd9\x82N\xa7\
\xc7\x10\xa0\x17\xd8\xd0\xbf\xc5\xc7\xc5\xe1qy\xe82w\
\xd2\xd6\xdaJ@Z\x1a\x03\xa3THH\xa4\x85\xaa\xc9\
\x89P\x13\xa4\x83S\xadN\xcc\x0e\x89\xd4P5\x09A\
\xea\x7f_\x00\x0a\xa5\x02\x8f\xd7\x83\xa9\xdd$^\xa2\xf6\
S\x11\x1d\x1d\x85\xdb\xe5\xbe\x84\xc4J\x8e\x15\x95\xe2\xb1\
\xbb\xb8\xf1\xc6\x1b\x91T*\xdaL\xbd\x04\x1b<h\xd4\
zl\xd6.b\xc2}\xb8b\xc2\xd0JV\x1c>#\
a\x11\xc1\x84Z\xba\xc8\x893Q\xd3\x16H\x87-\x94\
\x0e\xab\x9e\xde\x96\x1e\x02CB\x89\x89\x89\xa4\xb6\xba\x8e\
\xe6\xa6\x16\xf2\x87\x0c\xc2\xe3\xf1\x0a;\xee1\xf7`w\
\xd8\x09\xd0\xfb\xf7\xa9\xb7\xaf\x0fl\xf3\xc2U\xe4E\xa9\
Q\x0ac\x97\xf8\xaa\xceA\xabUA\xb8^\xcd\xc7g\
],\xcc\x85\xe8\x00\xb5p\x87\x0a\xc5\xcf\x10\x80\xacz\
\xf2\x0b:;;\x85\x8a\x86\x19\x22\xf1\xb9\xbd\x02\xe8\xf4\
\x01z\xe1\x83O\x9d<\x8dJi`\xe8\xb8\xd1@\x17\
\xb9\xb91$\x19.\xe2\xe8\xba\xc0\x81\xea\x81\xf8|v\
\xf6\xef\xdc\xc3/fO`b^\x1co\xbfW\xc4\x81\
sFB\x22\xf2q\xbb\xc2\x19\x98\xea!?\xd0\x84\x22\
q\x22\xe7KN\xd1\xd0\xaa\xa5\xab7\x80\xa8\x84\x14\x22\
c\xacx\xdc.\xc1\xac,\x84\xc1\xc3\x0b(+9I\
GK\x17*\x95\x02\xadV\xd7\xe7\xa1.E\x892\x83\
\x9dv\x89\xcaV\xf0($\xda\xac>42F\xfc\xbb\
\x18 I\x92\x00\x1fY\xb2.\xa7\x13\xf4J\x22\xa3\xc2\
\x85)\x18\xab\xab\x89OJ <:\x85\xa4\x08\x89!\
C\x1d\x84Hm\xd4\x98\x1d\xbc\xf0\xf6\x17T_p\xf1\
\xec\xf3\xf3(\xde\xf76Y\x09\xed\xd8{\xeaX\xb7\xa9\
\x91\xb8P\x071\xa1\x1e>\xda\x7f\x80\xad\xbb\x83\xd0\xfa\
i(\x1c\x94\xcd\xe4\xc9\xf5\xe4\xc4\xf8(\x18\x1aK\xd3\
\xf9\x93\x9c\xa9\xd1\xd0bK\xc2\xe3\xf3\xa2V\xc9\x01\x8d\
\x02\xab\xd5&\x80Q\x06Q\xbd\xbf\x8e\xc4\xc4D\x8a\x8e\
\x1c\xe1XI1\xbf\xfa\xd5]\xf8\x1b\x0c8=>\xec\
\xb2\xb9\xa0 \xc6\x00\xe3\xe2UD\xfa\x7f\xdf\x1b(~\
J=\xa0\x1f\x80>\xff\xfcs\x82\x82\x03y\xed\x0f\xab\
\x09P\x87\x92\x98\x12+\x82\x1f\xb7W\xc9\xa0\xc2\x01\xe4\
'\xd4\x93\x19m\xe5\x9b\xd3.\xb6\xec\xac\xc3\xe6\xd2r\
\xdd\xac\xeb\x99<i\x1ce\xc5\xc5\x14\xef}\x97`\x83\
\x8b\xb4\x81\x99\xe8\xdd&jk\x9b\xa9k\xd3\x11\x9e<\
\x8e'\x9e|\x86/\xbf\xf8\x9c/w\xec\xc6XU\x8f\
^\x1fB\xd6\x80\x14\xae\x1d\x13Mv\xccE\xac\x16'\
\xa5M\xa9\xb4[\xc3\xf0\xd7yE,Pv\xb4\x02\xbb\
\xd5\xca\xd4\xeb\xc6\x91\x9c\x92\xcck\xaf\xac$oP\x9e\
X\xa0\xf7\xde\x7f\x0f\x8fO\xe2T\xbb\x1b\xbdF%\x00\
\xd1\xe0\xd7\x97\xbb|\x97\x14?&\x80\xfe\x18\xfco\x7f\
[\xcb\xfb\xef\xafC\xa77p\xee\xcc9\xae\x9e0\x83\
\xee\x1e3\xfa\xc0`\xc6\x8f\xce`d\xdayL\xdd*\
\x9e]S\x8a\x87@f_\x7f\x1d\xd7\xcc\x98\x82Z\xa9\
\xe6\xc8\xe1\x12Z[\xcc\xa4gf\xd3z\xa1\x9a\xd0\xe0\
\x13\x14\xa6\xdb\xd9\xfe\x95\x92\xf0\xe4Y\x1c+>\xc0\x82\
\x053\x992}\xa2xgG[\x07\x7f|\xe9ej\
\x1a\x8cT\x19/\x92\x91\x9e\xce\x82\xabS\x18\x9a\xda\xc3\
\xf9\x8b:N7'\xa2VBc\xcdYNU\x9ee\
@\xc1@\xcc\x9d]\xfc\xe9Oo\x12\x18l\xe0\xf1\xc7\
\x9ed\xde\x829\x0c\x1b>\xecR.\xd8\xb7\xdc\xff\xf8\
\xeb'\x0a\xc0w)\xf0\xa9\xad\xade\xf9\xf2\xa7\xd8\xb4\
i#u\xd5F&M\x1eO\xfe\x80q\x84\x04\x072\
j\xdc\x10&\xe6\x5c\xe0\x8b\x03u\xacZ\x7f\x9a\xa7\x97\
?\xc0U\x93\xa7\xf2\xc5g\xfbE\xb4\xe6\xe7\xe7Gr\
r\x0a#G\x0e\xc7?X\x87\x1c\xf4m|\xf7y\xda\
\x1a\xbf&g\xe8\xa3\x8c\x1d7\x16SG\x07;v\xed\
$<<\x04\xa5J\x81\xc7\xed\x05\x9f\x92\xa1#\x0b\x08\
\x0c\xf6c\xc3\x86\x8d\xec\xdas\x84\x82\xdct\x1e\x9e\x1f\
\x8aJ\xa5\xe5@U6\xcd5\xbb\xf0\xd9\xca):\x17\
\xce\xd6Ov\x12\x1a\x16\x8aB\xe5a\xdf\x9eC\x9c\xad\
:\xc5\x03\x0f\xdc\x8f[\x8e&Uj\xc1\xb9\xe2;<\
\xfdd\x0c\xf0x<<\xfd\xf43,\xbe\xf7\x01|>\
\x89\x8a\xe2\x8fYvk\x18\xef|\xd6\xc0\xccko \
?\xb5\x83\xe7\xde\xac\xa3\xb9\xbd\x9d\x9d\x9f\xaf'#}\
\x00\x7fys#\x91\x91\xd1\x14\x14\xe4\x89\x8f2\x9b\xbb\
\x88O\x0e\xc7n\xf7\x11\x18\xa8d\xee\xad\x0f\xf3\xed\xd7\
\x85\x8c\x1c;\x96\x8c\xecd\xb2\x14\xc9BP\xb29\x05\
\x04\xe9\xb1t;\xc8\xc8H\xa3\xe8h\x11\xa6\x93&~\
}\xd7b\xa6M\xbd\x8a7\xd6\xbc\xc9\xcdO\x9c\xe1\xee\
y\xe9L\x1d\x1b\xc0q)\x12KG \x13\x03c\xf0\
\xd3\x85\x8a%VHjrr\xf2\xd8\xb7\x7f\xb7`V\
%G\x8d\x97\x8a\x02^_\x9f6\x7f\x97\xd4?\xa4\xfa\
\xb2\xa4\x0e\x1f>LvV\x0e\xe3'\x8e\xc2\xeb\x86\xd0\
 =\xfb\xeb-\x0c\x1d\x5c@R\x82\x9e\x07Vl%\
&6\x8e\xbf\xad}\x87\x86\x86\x16\xf6\xec\xda\xc8\x90\xc1\
\x05L\x9a2\x1cT\xd0P\xd5\x8aJ\xad\xc6\xeb\x95\xd0\
\xe9\x95x\xdc\x10\x9f\x10\xcb\xdc\x85\x0b\xd0\xf8\xa9\xb0;\
\xbc\xf8\x07\xa9HLJ\xa0\xbd\xdd\xc4\xa8\xf1C\xe91\
9\xe8\xea2s\xd3/\xe7\xb0y\xc3\x17\xbc\xb1\xea}\
\x22##\x98w\xc3\xad\xb4\xb6\x5c\xe4\xad\xf5\xeb9_\
g\xe7\xce\x85\xe3\xd8}HE\xe3\xc52\x90\xbc\x98L\
\xdd\xa8\xd5~$$G IJz\xba\xbb\x09\x0e\x09\
\xb9l\xc6\xf2V__Oxx8\x01\x01\x01?l\
\x02\xfdq\xfc\xf2\xe5\xbfe\xe1\x82\xdb\xc9\xca\xca\xc0f\
\xb5St\xe0c^~\xed5n]\xb4\x94\xb5\x7f}\
\x93\xc4\xe4A,\x9c?\x0f\x14>\x5cN\x89cGN\
\x93\x9c\x12\xc3\x88Q\x05dd\xa6Rs\xae\x9e\x90\xf0\
P\xd22\xe2(-\xae \x22*\x92\x84\x84(<}\
\xd9)\x92\xcfK\xd1\x91R\x82\x83\x82\xa9\xad2\x12\x13\
\x1f+\x22\xc3\xa2#\xc5\x04\x05\x05\xd0\xd9a!\x22*\
\x8c\xb4\xb4\x14\xda\xda;\x04|{\xdcN^}\xfde\
\xc2\xc2\x02\x99;g6M\x17\xaa\x09\x09K$<,\
\x01\xa5\x0aF\x8f\x19\xc6\xd7_\xef\xa6\xab\xbb\x95\xe5O\
.\x17\xef\x91\x03\xb6-\x1f}\xcc\x8b/\xbe\xc0\xfe\x03\
\xfb\x89\x8f\x8f\xef\x03w\x8f\xc7#\x89\xe4\xe2;\x19\x9a\
,1\x99\xf9\xf5\xeb\xd7\xf3\xed\xb7\x87\xf9\xc3\xefW\xb2\
s\xc7>\xb4~:\xd6\xae{\x8b\xac\xacT*\xcf\x9c\
\xc6\xa0\x0bc\xd9cO0(?\x07C\x90\x92\xa6\x86\
\x0e\xaaOU\xd2\xd6i\xa1\xa3\xbb\x9bn\xb3\x85\x1es\
/z\x9d\x01\xadN\x8d\xdaO\xcd\xbc\xf93\x88\x8e\x89\
\xc0\xe5\xea\x8b\xeb\xd5\x1a\x05\xfb\xf7\x1e\xa6\xecx\x05n\
\xbb\x03\x97\xcbCxd\x18\x92\xc7Mrj2W]\
=\x01\xff\x00\x9d\xd0\xa6s\x15\x17\xe82w\xa1\xd1\xf8\
a\xe9\xb5\xb2a\xddZN\x9c,b\xee\xdc\xf9\xac]\
\xfbW\x1e{t9\x91\x11\xf1\xb4\xb4\xb5\x93\x9a\x9a\xc0\
\xc6M\x7f\xa1\xa3\xab]\xe4\x1d\x1d\x1d&\xd2\xd32D\
>\xf2\xe8\xd2\x87\x89\x8e\x8e\xee\x13@\xbf\x06\xc8\xb6\xde\
\x9fh\xc8\xf4\xde{\x7fa\xeb\xc7\xdb\xd8\xb0\xe1\xef\xec\
\xdeq\x10\xbb\xddCkk#[?]Oll,\
\xbd\x16'\xaf\xbe\xb2\x0aI\xf2R08\x9b\xae.\x1b\
e\xc5\xa5\x8c\x1f6\x80\xdaF3\x03\x0a3\xe9\xe9q\
qh\x7f\x11j\xa5\x86\xfcayDD\x04\x89\x00E\
^}\x19\x87<\x9e>!\xe8\x03\x14\xd8,\x12\x17\x8d\
\xd5\x04\x04\xe8\xb1+t\x84\xe9\xa1\xcb\xd4\x83\xdd\xa3 \
37U\x0e2\xe9\xedq\xd0x\xa1I\xc4\x1e\x0a\xb5\
\x0a\x83\xce\xc0\x13\x8f/\xe3\xcc\xb9\x13\xc4\xc7%\x12\x9f\
\x10\xc7+\xaf\xbe\xc2'[v\xe2\xa7\xd71{\xceT\
\x8a\x8e\x96\xe0\xb0;IOO'1%\x86\x15\xcf\xbd\
\xc8\x03\x0f\xdeGhh\xa8\x10\x80z\xf3\xe6\xcd\xcc\x99\
3G$12\x1d=z\x94W^y\x05\x9fWb\
\xdd\xba\xf5\x18\xf4\x01\xa8UJ\x06\xe6fRR\xf25\
\x1e\xb7\x87\xc6\x0b-\xfcm\xad,\x88\x18ZZ\xdaD\
dV|\xb4\x84\xc1Y\x89h\x0dzl\xbd\x17\xb0t\
\xb9\x09\x0a\xf6#+=\x11\x9f\xc7%V\xac\xea\x5c5\
c'\x0c\xa1\xbd\xbd\x0b\xaf\xc7KLl\x04N\xa7O\
0/\x97&\xe4\xd5\xad\xa9?\xc7\xd9\x9a\x0b\x84\x04\xe9\
H\x8e\x8f\xa7\xdb\xec\xc6\xdc\xd3MTl\x14\xd11\x91\
\x22\xea\x93\xc3q\xaf\xc7MRr$/\xbf\xfaG\x16\
\xfd\xf2v.67\xd1nj\xe7\x5cu\x03\xf3o\x9b\
\x81\xb9\xc3\x89\xcd\xeae\xd4\xe8a}\xfeO\x09o\xff\
y\xad\xf022\xf3\xfd\xb8\xa0\xc8\xcb\xcb\x93zzz\
\xb8\xe5\x96[\x84\xbb\x93s\xf5\xbb\x7f}/\xf3\xe6\xcf\
\xc5\xed\x90k\x7f\x1e\x02\x82\xd5|s\xe8$\x8f>x\
\x1f\xbd\x16\x0b\x7f\xf8\xfd\x1f\x995\xf7j\xda\x9b-\x9c\
=[\x85\xcb\xe9\x2256\x88\xb4\xb48\xd0h\xa9=\
W\xc3\x99\xfa\x16\xc2\xc2Bio\xbeHfj<\x0d\
\xcd\xbd\xd8\xac6\xb2s\x07\x10\x15\x13\xc9\x81}\x07\x99\
~\xd5D\xfc\xb4~h4\x0aJ\x8aOp\xa4\xe8\x1b\
\x0a\x87\x14\x90\x94\x94(\x5c\xa3\xb1\xda(\x92\x1c\xb7\xd3\
G^\xf6 \x02\x02\x021w[INID\xab\xd3\
\x93\x9c\x1a/\x04\xd2\xd9\xd1\xc5\xfcy7\xd2k\xb3\xf2\
\xcb\xab\xaec\xe6\xb5S\x88\x188\x18\xbf\x00=.\xbb\
G\xe0\x82\xcb\xedd\xf4\xe8\x11,]\xf6(\xd7\xcf\x9a\
%\xbeM)\x9b\xbe\xd5j\x95\xa6M\x9bFww7\
+W\xae\xe2\x17\xbf\x98.4\xc1e\x93o\xf2\xa25\
\xa88\xfb\xf9g\xec\xdf\xf21\xbb\xea\xeaI\xcc\x1f\xcc\
\x9aU+q\xb9\xe4\xe4Cb\xdf\x9eo\x18\x9c\x93L\
Bb\x84\x00\xa8\x93'\xcb)?WExL4z\
\xbd\x01\x8f\xc7MoO7\xf55\xcd\x0cH\xcf%2\
\x22\x14\x87OAkk'\x12>f\xcd\x99\xce\x99\xca\
s\x14\x97\x1ca\xfe\x82\x1b\x09\x08\xecC\xe7~\x92\xc1\
k\xff\xbe\x03\xd4T\x1b\x99\x7f\xfd\x0c\xdc\x0e\x89\xfa\xe6\
\x1e\x22c#IKO\xc0b\xb1\xe3\x1f\xa0\xe1\xfd\xb5\
\x7fg\xe7[o\xf0\xf05\xd3Q\x04\x07c\xb3Z\x19\
~\xd7}\xf8GG\xe3qy\xd1j\xd5TWW3\
xh\x01\xb3f\xcdb\xd3\xe6\x8d\x02\xef\x04\x06\xc8\x15\
\x99'\x9f|\x12S{\x07\xd9\xd9\xb9\xa2\x96&\xa7\xae\
K\x1e~\x94\xaa\x0f6\xe0\xb3\x9b\x89K\xcb\xa4\xe4\xb3\
/\x19\xf4\xd02\xdc>\x15\x99\x99)\xc2\x86\xab*\xce\
\x91\x9f\x19\x8dB\xa7\xa1\xe2T\x05g\x1b\x1b\xb8v\xc6\
L\xf4z\xfd\xf7\x18\xa9\xae\xaa\xa6\xe8\xe0\x11\x16\x5cw\
\x0d\x17[:\xa8oh\xa7\xbd\xbb\x17\xa5Z\x85\xa9\xab\
\x91[o[\x88\xde\xa0\x17\xdeG\xd4\xfbE\xbc\xae\xbc\
T+\x90\xef7r\xe6\xe4\x09f^s-\xbb\xbe:\
FZV\x1a\x999\x09\x9c.7\xd2X\xdfDzV\
:\x1f>\xf3(\x8f<\xff\x1c\xe5{\xf7\x13\x9b\x95B\
sM\x13\xc3\xee\xba\x0b\xa7\xd5\x8b\xc7\xeb%(\xd4\x8f\
'\x96>\xcd\xd4i\x13\x99\xfe\x8bi}\xae^\x06\x02\
\xf9cW\xae\x5c\xc9\xbd\xbf\xb9\x87\xbf\xbe\xff.\xe6\xee\
.~\xf3\xc0=t\x96\x95\xa2p[\x19\xfd\xf0cX\
\x1cN\x0c\xa1\x01\x04\xfb\xf9\xe1t{\xf0y\xc1\xcfO\
\x09j\x15\xe6\x1e\x0b\xd6\xeen*kk\x98=\xe7\x06\
\xf1<\xd9\xc6\xfb\xf3v\x8f\xdbMFf\x06\x19\xd9\x19\
tuv\x92\x9c\x93\xca\x84\x09\xf9\xcc\x9d9\x81A\x19\
qX\xba\xcd\x22\xb1\x91I\xf6>\xa2v(\xd7v\x9c\
N$\xbb\x93\xce\x96\x16lf\x13j\xb9 -\xdb\xb3\
\xe4#0 H\x04\xb6\xf2B\xc5\xc5\xc5\x92\x96\x99\x80\
60\x94\x9e\xf6V\x92\x86\xe4\x13\x95\x9d\x83R\xe5\xc1\
\xdcdB\xe7\xaf\xa2\xc6XC\xc5I#\x8b\xeeX\xc4\
\xea\xd5k\xb0\xf6Z\xfbz\x0c\xb2\xb4e\x0f\xd0\x9f\xea\
>\xfd\xd4\xb3\xbc\xfc\xcaK\x84\x05E`:{\x9a\xc2\
9s\xf1t\x9aH\x1b9\x9c\xd8\xac\x1c\x02\xc3\xc3p\
9\xec\x97*\xc0\x10\x1a\x1eN\x9b\xc9NM}=#\
\xc7\x8dA\xa5R#y\xe4\x08L\x85\x8a\xbe\x12\x95Z\
\xa3\xa1\xa1\xe1\x02-\x0d\x17\x08\x0b\x0f\xc1Rq\x86\xee\
\xf2\x93X\x1bj\xc9\x18\x94\xc9\xf8\x91C\xd9\xb0n\x03\
\xbbw\xee\xe6\xd07\x878\xbaw?\xedF#\x92\xcd\
\x86\xc2f\xe3By9%\xbb\xbfbR\xc1@\xea+\
\xaa\x09\x0a\x0d#&)\x98\xd6\x8b\xdd\xf4t\xf7\x92\x9e\
\x99&\xbe\xc5\x97\x98\xc4\x8em\xdb\x08\xca\xcbE\x1d\x1a\
JDd\x14\x96\xb6f\x01\x80aa\xe1\x9c<Y\xc1\
\x80\xdctn\x98=\x8f]\xbbv\x0bM\x13\xfa\xd5_\
\x9c<u\xaa\x82\xb1c&\xf0\xf5\x9eb\xccm]\x18\
\x02\xfdQ\xeb\xb5\xa8\xc3\x22\xf08\xed\x14W\x9cE\x1b\
\xecOB|,UUF\xe1\xd2\xe2\xe3\xc3\xe9qy\
164\xd3k\xee\xc6f\xe9\xc5m\xb5\xe0\xb1X\xf0\
\xc9)\xab\xc5BUE%\x07w\x7f\xc5\xb4I\xe3Q\
kt\x18\x02\x83\x09JH\xc6?!\x11\x87\xa9\x8d\xe1\
#\x87q\xdb\x8ds\x08T\xaaPv\x9a\xe8mh\xc4\
i\xee\x01\x9b\x03_W\x17\x05\xd9\xd9dedQ]\
\xdbB\xa7\xc5\xce\xe0\x91\x83hi\xea\xa4\xb4\xa4\x8c\xec\
\xecL\x11i\xf6\x98\xed\xe4\x8f\x18\xc5\xe6\xf23L\x9b\
v5\x05\xc3GSz\xa2\x02\xff\xc0 \xe1\x0d\xc2\xc2\
B\xe8\xe9\xb10w\xf6|9\xfc\xc3f\xb3\xff#\x14\
\xbe\x9c\x1b\x8b^\x9b\x12\xbb\xcd\x81\x9f\xc1\x1fIN\x1c\
\xb4z>\xda\xf8\x01\xab\xd7\xbc\x8e\xd9bg~\x8fC\
\x042\xadm\xed|\xfbM)\xb9y\xe9\x0c\xc8\xcb\xa0\
\xdb\xdc\xc5\xae/\xf6\x91\x10\x5cD\xa0AG\xa0N\xcf\
\xe81\xa3);ZDoW7s\xa6_E[\xc5\
I\xec\x111t\xb4\xb7q\xf8\xe3\xbf\x13\x93\x96\x89\xb1\
\xe80a\xf1\xf1\xd8:L\xcc[\xfa4!)\xc3(\
\xdb\xb3\x07\x0d>\x94n;h\xd4\x5c\xac\xa9\xa1\xb3\xb3\
\x8b.\x9b\x96\xa8\xb4`\x8a\x0e\x95\x08\xef4t\xd8`\
\x82\x83\x83\x91s\x9d\xfa\xaaf\x8e\x15\x15\x93\x95\x96\xc7\
\xe2\xfb\x96r\xbcx;O?\xf3(\x9f\xcc]D\xba\
Z\x85\xd3+\xd1\xde\xdeJJZ<\xff\xefO+Y\
\xfe\xd4S\xff\x08\x85e?\xaeV\xabx\xf5\xd5\xd7\xc8\
\x1f4\x8c\xa6\x0b\xed\xc4&\xc5\x92\xd0kf\xdbW\x1f\
\xd2\xeal&u\xe0B*+Op\xcf\xddw\x91?\
H\xae\xee(0V\xd7\xd3\xd0\xd0\x88J\xe9\x03I\x8d\
\x9f\xcb\xc6\xb0\xc4p4\xb2:\xfa|\xa2pj\xed\xe9\
% *\x82\xee\xd66\xdez\xe4\x1e\xf4AA\x04j\
td$%a\xee\xee&>&\x1ec\x9d\x91\x10\x7f\
\x03\x1d\x0a%s\x9e\xf9=\xdd\xed\xadT\x96\x97\xa3\xd1\
\xea\xc4G\xca\x8f\xcf\xcf\xc9F\xa3\xd1\xd2bu\xd1\xda\
m'y\xf8\x08\xc2\xc2\xfcq:\xbd\x18\x02T<\xb4\
d)\x9b7odp~!Y9\xc3x\xe3w\xf3\
\xb9\xf77wc\xf3\x1b\xce\xcb\xbf{\x9a\xa0\xa0p\x96\
,y\x88\xdb\xef\x98\x8bN\xaf%22\x92\xd4\xd4\xb4\
>\x0d\x90\xcbL2]}\xf5/\xf8\xcb\xbbk\xe9\xe9\
\xe9EyD\xe2\xb9g_\xa2r\xc3\xdbl|\xf7>\
\x0e\x96'\xf1\xce\xdbo\x10\x1c\xe4\xcf\xd0\xa1/a\xee\
\xb2\x92\x95\x9d\xc2\x80\x9c\x14\x8e\x1d.#\xc9_A|\
P8^\xbb\x1d\x85B\x85\xa4\xf4\x22y\xbc\xf8\xf9\xa9\
\xe5.*g\x0e|\xcd\xc8\x01yd\xe6\xe6\x13\x1e\x1d\
\x87.8\xa4/\x1ct\xba\xc8\x1f>\x06\xaf\xdb\xc5\xe1\
C\xfb\xe9\xa85\x12\x97=\x80\x10\xbd\x01Sg'\x1a\
\xb5\x86\xc8\xc8($\xb9\xcc\xed\xf3\x91\x14\x11\x8c\xbd\xce\
\x84W\xf2\xa1VCO\x8f\x83}{\x8b1\x99:\x19\
?a\x02~*\x15\x96\x9eV\xee\xb9o)*]\x1a\
1\x91\x81\xacxq\x05\x8b\xef}\x90\xda\xba\xf3\x02\x8c\
\xe3\xe2\xe2\xbe\x9f\x0d*\x95J\x81\xd6\x03\x07\x0e$&\
6\x92\xad\x9fla\xc8\xe0\xa14\xd450\xe5\xea\x05\
\x5c3\xff\x0f\x5clsr\xd3M\x0b\xd1\xeb\xf4\xb4\xb5\
v\x11\x18\x18\x88\xcd\xe6\xc2`\xd0\x10\x11\x1d\x81\xc2\xda\
\x01~\x1a9rB\xc2\x8bR\xee\x0e\x09\xcd\xd2\x80\xcb\
\x85\xa3\xb3\x9da\xc3F\x11\x90\x94\x22\xe7\xa5H\xf2&\
\x87\xc2\xa2\xcc\xa6D\x1d\x16NtR2\x0e\xb7\x0bI\
\xadF\xa3\xd7\x12\x97\x9c(\x8a{\x92WBR\xcaB\
\xd5\xe0\xf6HX\x14jR\xc2\x029u\xaa\x8a\x1a\xe3\
\x05JJ\x8aijj &&\x96\xe7\x9f\x7f\x91\x92\
\xe2c\xac\x5c\xf5*\xdd\xbd\xb5\x9c\xaf\xda\xc0\x1b\xab\xff\
\x1fS\xa7\x8f\xe3\xf5U+\x05\xf3\xfd\xbdFE?\x08\
\xca$\x1f\x90\xd5\xf6\x89'\x1e\xe7\xf6_\xde.\x02\xa2\
7\xdfz\x9d\x8a\xcar\xf6\x1e<\xcd\xa4I\x93\x99>\
\xf5jBC#x\xeb\xadw\xd0\xa8\xd5\xe8tj\x8e\
\x16\x1d\xc7')8\xdff\xa5\xb1\xbd\x1b\x95\xbf?J\
?-\x0a\xd9\x0b\xf8\xf9\xc9\xfd.\xf0\xf7\x87\xc0`\xce\
\xd5Vc\xb7;\x84`d\xe0\x91\xab\xcc\x97\xfc\x1a\xde\
^+55Ft\x11\x91(tz$C >?\
->\xad\x01\x9f^\xde\xf7G\x15\x17\x87\xd9-\xe1\x90\
\x94\x1c\xdc\x7f\x84\x93\xc7\xcf`\xb5X\xf9p\xcb::\
\xbb\xday\xee\xb9g\x89\x8e\x8a\xe5\xedw\xfe,p\xe1\
\xb1G\x1f\xa1\xa5\xb9\x85\xb1c\xc7\xf0\xdc\xf3\xcfp\xf3\
-7\x09\x1e\xfb\xdbo?Z\x11\x92[N\x8b\x16\xdd\
\xc1\x94\xc9SX\xb7n\x9d\xc8\x0a\xef\xfc\xd5\x22&N\
\x9c\xc8\x92\x07\x1ea\xee\xdc\xd9\xa2\x1c}\xe8P1>\
\xaf\x0f\xb7\xd5\xc6\xe0\xccD\xd2\x93\xa3\x90\xe4\x80\xe6R\
\x1fQ\x062\xbb\xdb\xc3\x96\xdf?\x83\xde\xe1d\xee\xec\
\x85\xe0t\xff\xa3<\xa5V\xe3\xd0\xeb\xa80\xb71\xe4\
\x9a\xeb\x84\x9f\x97\xdb8^\xafOTqU!\xa1\x22\
\x83*/;NS\x93\x8b\x96\xae^BB\x82\xe80\
\xb5\xb1\xe2\xf7O\xa0\xd5\xa9\xd8\xbbw\x1f\x89)\x89\xfc\
\xfe\xf9W0\x99\x9a)\x1c\x5c\x80\xc3\xee`\xec\xc4q\
$%'\x09\x8d\xbd\xb2\x1a\xf4\x1f\x0a@\xbeP>,\
\xf7\xe2\x83\x03\x83).)\xa1\xaa\xaaZ\xb8\x9d;\xee\
XDBB\x22\x0b\x17\xdc\xc4\xa2_\xde\xcd\xec\xd9\xb3\
h\xba\xd0F\xf5\x99Z\xa6O)$1.\x04\x95Z\
\x85G6\x05\xd1\xc7\x93U\x0d\x94\xb26H>\xec\x96\
\x1e\xfc\xdc^\xa4\xce.y\x8a\x01\x85\xd6\x0fB\x02Q\
\x04\x05\xa1\x94WZ\xf6\xfdr[GN\xce\xe4\xcd\xeb\
\xa3\xf8\xf0\x11V\xbd\xb1\x06\x9d:\x81\xab\xae\xbe\x1e\xa7\
\xbb\x87\xc3G\xf6\xf3\xb7\x8do1d\xc8`\xf6\xec\xde\
\x8b\xcb\xe3a\xc9}K\xd8\xf4\xc1\x06\x9e\x5c\xbe\x9c\x84\
\xc4DN\x94\x95\xf1\xed\xe1\x83\xcc\xb8\xf6:V\xbc\xf8\
|_\xf6'k\xe4wH\xf1\x1fi\x80\x1c\x83\xd7\xd5\
\xd5\x91\x97\x97'\xf6\x9b\x1a\x1by\xe0\xfe%\x1c):\
\xc6\xb3\xcf<KVV6\xbf]\xbe\x9c\x98\xa8x\xa6\
L\xfe\x05!\x01\xb1\xb8,.\x86\x0e\xc9 !IO\
T|\x14\xe8\xf4 Gx.'>\x97\xab/)S\
\xa9D\xcfN6\x11YC\xc4\xeb\xbd\x1e\xa1\xf6\xc2\x5c\
<^z\xda\xdb8_k\xe4\xd8\xf12\xbe\xfaz\x1f\
\xe7\x8d\x0d\x8c\x1e>\x93\x01\x199l\xffj=e'\
\x8a\xe9\xed5s\xe3\x0d\xb7\xf0\xfa+\xab\xa9\xaa9\xcd\
\xe3K\x9f 55Y\xb8\xdeo\xbe9\xc0\xd9\xb3g\
\x09\x09\x0e\xa3\xa6\xd6\xc8\x1bkV1o\xe1\xfc>\x86\
\xaf\xe8\x8e*\xae\x14@\x7f\x09\xbc\xab\xab\x8b\xbb\xee\xba\
\x8b\xa0\xa0@L\xa6\x0e\xa1\x01\xa3G\x8ea\xe4\x88Q\
\xbc\xfd\xce\xdb\x04\x04\xf8\xb3\xf4\xb1eT\xd7T\xf1\xe5\
\x17_\x8a\xa4Dn\x99\x05\x07\x84\xa2\xf3W0 +\
\x95\x89\xe3&0j\xe8\x10\x92\x13\xe2\x09\x08\x0f\x15\xde\
@\x18\xa7<da\xb7\xe1u:P\xc9\xab\xad7p\
\xec\xe0!6}\xbc\x95\xb2\xd3\xa7D\xb1D\xeb\xe7O\
dD4\xf9\xf9C)\xc8\x1f\x22\x92\xb5\x8d\x9b\xfe\xca\
\xbe\x03;(\x184\x8c%\xf7/\xc3f\xb7\xf1\xd9\xf6\
\x8f8\x7f\xbe\x92\xe9WMg\xf4\xa8\xd1\xec\xdb\xb7\x8f\
\x90\x90\x104j-\x1fo\xdd\xca\xa2E\xb72o\xe1\
\x8d\x84\x84\x85\x12\x11\x11q\x99\xbf\x1f\x15\x80\xcb\xd5\xd7\
\xde:v\xb4\x94\xec\xec<\x06d\xe7\x12\x1b\x13Mh\
h\x10QQQ\xc2S\x94\x9f*\xe7\x86\x1bn`\xea\
\xd4\xa9\x18\xf4\x06JKNs\xe8\xd0A*\xcf\x9e\x14\
\xadn\xa7\xcb)\x1a\x96\x01\xfe\x06b\xa3\x22\x88\x8e\x88\
@\xa3Q\xd3\xdc*\xa7\xca\x91(\x94jf_7\x8b\
\xb4\xac\x5c>\xfc\xe0\x03\xde[\xffWz,\x9d$\xc6\
\xa7q\xcf\x9d\x8b\x85\x0b\xaco\xac\xe7t\xc5\x09l\xf6\
^\xb22s\x19=j\x92\xf8\xce\xc3G\x0ep\xf2\xe4\
q\x9e{\xe6\x19Q\xae{\xe1\x85\x17\xc8\xcf\x1f\xc4\xde\
}_c0\xf8s\xb2\xbc\x9c\x82A\x03\xf9r\xf7\x0e\
\xce\x9f?/\xccR.\x8a\xfcd\x01\x98\xcdf\x1a\x1b\
\x1bYr\xffCh\xd5\xfe\xa8\xd4\x1a\xaak+\x05\xa6\
\x8d\x193N\x00\xa3\xc9d\xe2\xfd\xb5\xef\x13\x13\x13E\
pH0S'_\x8d\xc7\xad\x10\xd2\xbf\xd8|\x01c\
\xcdyQ\xa8\xe8\xe8h\xa7\xbe\xa1\x0es\xb7\x89\xd0\xa0\
022\xb2\xa96\x9e%\xc0\x10\x84\xc6O\xdb\x97\x95\
\xa9\x95L\x1e7\x8d\xb1c'QT|\x90w\xff\xba\
\x86\x82AC\x08\x09\x09#g\xc0 \x91\xa1\xca\x02m\
nn\xa2\xba\xe6\x1cqq\xf1\x8c\x182\x89y7\xde\
\xc0\xd0\x119,\xfe\xcdb\x1c6\x87\xc8\xfd_}\xfd\
5\x1e\x7f\xfcq\x16\xce\xbb\x91I\xd3\xa6\xd0\xd6\xde\x8e\
\xa9\xc3\xc4\xa0\x81\x83\xfe\xc9\xd4\x15?d\x022\x83r\
\x94x\xfd\x8c\xeb\xe9\xee\xb6PZV,Z\xe3O?\
\xfd4a!\x11\xa2\xde/Wk\x17\xfd\xf2.\x1e}\
l)\xe5\xa7\xca\xb0\xd9,\xa2p\x11\x15\x15'\xc6X\
\xe4 \xcb\xedq\xd3\xd0PCDx\x14kV\xfd\x89\
\xbd{\xbea\xdbg\x1f\x8a\xc6\x8a,\xa4\xc5\xbfy\x88\
]_\xed\xe6\x91\x07\x9f\xc2\xa0\xf3c\xd2\xd4\xf1<\xfe\
\xdb\xc7\xf8d\xdb\x87de\xe4b\xb5Y\x85\x90\xe4J\
NZZ\xaa0\xc3\xe0\xe0\x10Z[\xdb\x85\xfb\xce\xce\
N\xa7\xf8\xd81^_\xf9*\x16\x9b\x85\x0f6\x7f\xc0\
\xb53\xaf\xa1\xfa\x5c\x15I\xa9\xc9\xa2m_SSC\
AA\xc1\x8fc@?\xc97\xc9S\x1d\xc3\x87\x0f\xa7\
\xf8\xd8Q\xde}\xf7/\xbc\xfa\xdaJ\x81\x09M\x8d\x17\
),\x18\x22\xe2\xf0\x17V\xbc fpjk\xebi\
o\xeb&\x22\x22\x5c \xad\xc5\xd2Ms\xcbE1\xfd\
!g\x88>\x9f\x9b\x97\xff\xf8\x1a\xa1a\xc1\x9c\xad\xac\
b\xd9\xb2\x87hn\xbe \x82\x97\xc6\xe6Ff]?\
\x8f\xf97\xde*\x22M\x9f\x9c\x07(\x94,~\xe0\xd7\
b\x10j\xf8\xf0\xd1(\x15\x1a\xa1\x95\xdd=\x9dx=\
.\xfc\xb4*\x82\x82B\xc8\xce\xca\x15\xa559C}\
\xe3\x8d\x95\x0c\xc8\xc9\xe2\x869sI\xcbL\xc7+\xf5\
\x95\xf6\xdb\xdb\xdbijj\xa2\xb0\xb0\xf0\x9f\x04\xa0\xe6\
? \xb9Q!\xe7\xe62\xf8$&&\xb1|\xf9r\
\xc1|_\xc5X-F\xd5rsr\x857\x90\xdd\xa5\
\xdb%\x11\x12\x18MJ|2)iq\xa2t%\xdb\
\xb8\x9c\x5cUW\x9f\xc3O\xa7 $4\x8c\xf6\xd6v\
R\xd3Ry\xf8\xe1\xc7\xd8\xf6\xe9\x16\x1e{\xec\xb7<\
\xbf\xe2)\xee\xb9{1N\xa7KL1t\x9a\xcc\x22\
\x9d\xbe\xfd\xd6;Y\xbfa-#\x87O\x123@!\
\xc1!\xa22\xdd\xe7^\xe1\xdc\x19\xa30O\x9b\xdd,\
J\x5c\x0f>\xf8\x90\x88GN\x94\x97S\xdfx\x81\x11\
r7*\xc0_\xf4\x1b\xe4\xeeq\xff\x80\xc5\x0fb\x80\
L\xfd\x17\xc9\xaeD.n\xc8%dY\x85233\
9s\xa6\x92\xb2\xd2\x93\xc4\xc7%\x91\x9b\x9b\xcb\xf1\xe3\
\xc7IJJ\xa6\xa5\xb9\x1b\x87\xd5Cdt \xbb\xbe\
\xfe\x98\xd1#\xc6\xd1x\xe1\x22qq\x19|\xfe\xc5\xe7\
\x8c\x1a]HzF\xba\xc0\x03\xb9)\x91\x18\x9fD[\
K\x07\x1a\xad\x81\xea\xaa*!\x14\xadN\xc9\x91\xa2o\
\xc9\xca\xcc!((\x18\xbb\xcd\xcb\x87\x1fnb\xc1\x82\
\x05T\x9c9IlL,\xe1\xe1Q\xf4\xf6Z\x04\x0e\
\x0c\x1c0\x84\xb1cG\xd0\xda\xd6Fm]\x0d\xc6\xaa\
*\xa1}a\x11aB\x8b4~\x1a\xf2\xf2\xf3\x88\x8c\
\x88@\xa5\x90D9\xfd\xca\xee\xa0\xe2\x87\x04\xd0\xd6\xd6\
&\x10t\xc4\x88\x11B#JKK))9ND\
X\x04YY9466\x90\x99\x91AZF\x1a\x07\
\xbf=\xc4\xd6\xad[\x04\xd8\x1d:t\x98\x8f>\xfc\x90\
\xf7\xde}\x97;\xee\xf85\xa1\xe1\x9145\xd5q\xeb\
\xed7c6w\x8bw\xc8\xc2{\xee\xe9\x17\xc8\xcd-\
\x14\xef\xf3xl\xdc\xbb\xf8.\x1a.\x5c\x10\x8c\xb6\xb5\
\xb5\xb2\xf2\xb55\x0c\x1a\x94\xcf\x93O-\x15\xd9[{\
\x9b\x89\x82\xc2\x026m\xda$\x86\xa8\xe4wm\xf9p\
+99\xb9B#J\x8b\x8f\xb3\xe5\xa3-\xdc|\xdb\
m\xe8\xb4Z\xaa+Nc\xe9\xe9f\xd8\xe8Q$g\
\xa5\x8b6\xd9O\x1a\x93S\x5cR\x11\xd9o\x86\x85\x85\
\x89\xa9\xd0\xda\xfa:z-v\xe6\xcd]@B|\x12\
\xa7N\x9d\xa0`\xf0@2\xb2\xd3\x04\xf2\x9a:[\xf9\
h\xcb\x87\xd4\xd75\xe0\xef\xef\xcf\xb3\xcf>\x87\xb1\xae\
\x8e\xba\x86\x1a\x0a\x87\xe4\x0alx\xfe\xd9\x17\xd8\xb7w\
\x1f_\xed\xfe\x8a\xb4\xd4t\x16\xde2\x8fnK\x0b\x03\
\x0b\xd2\x89\x8a\x91+6\xa7\xc8\x1f\x98/\xca]\x8dM\
M(\x14^\xb2\xb2\x93\xf9l\xfbg\x9c>]\xc9\xd6\
O\xb7\xe2\xe7\xa7\x15sDEEG9{\xf6\x1ce\
'\xcaP\xca\xf1\x93\xcf\xc3\xd0\x91CX\xb6|)\x0d\
\xb5U8\x9a\xea\x1930\x87)C\x0aQ\xb4\xb5b\
:W\x8d\xe4\xbd\xd4\x8e\xbab\xb5\x7f\x94zzz\xa4\
?\xadZ-\xfdy\xf5\x9f\xa5\xf2\xb2J\xe9\xe0\xc1c\
\xd2\x99\x8a\xb3\xe2\x9c\xcf\xe7\x93\xca\xcbOIS\xa6L\
\x95BC\xc2$\x83\xc1_R*\xd4\x22\xc3\xb9c\xd1\
\x1d\xd2\xbe\xaf\xf7\x89\xeb\x16\xcc[ i\xb5:i\xe2\
\xc4\xc9\xd2\xe0\xc1C%\xad\x9fN\x5c\xf3\xc1\xe6\x0f$\
\xaf\xd7+\xae\xd9\xfc\xf7\xcd\xd2\xe8\xd1c\xa4\x19\xd7\xcc\
\x90\x96\xdc\xff\xa0\x14\x16\x1a.\x9d<qR\xaa\xac\xa8\
\x90\x16\xcc_ \xcd\xb8v\x86\xf4\xc6\xea5\xd2\xba\xb5\
\xeb\xa4\x91#FH\xa9)iRKs\x8b$\xf9$\
\xf1\x0c\xf9[dj\xab\xae\x96\x1cM\x0d\x92\xe4vK\
\x92\xdd!y{,R\xc7\xa9\x0a\xc9\xd1\xd5\xf9O\xbc\
)\xf9\x09\xe4hi\xe5\x9aa\xc3\x19_\x98Om\xd9\
qL\xf5Fb\x13b/\x8f\xcd\x05\x06\x060i\xe2\
D1\xbf\x9b\x9e\x96\xc6\xba\xbf\xad\x15\xdda\xd9UE\
FG\xd2\xd6\xd6\xce\x17;\xbe$g@\x0e\x0e\xbb\x9d\
\x9a\xda\x1arssX\xf5\xfaj\xe6/\x98\xdf7\xf5\
\xe5vS8\xb8\x10\xbdN\x069\xe8\xec\xec\xc0+\xcf\
#\x99:\xc8\xc9\xcde\xd9\xb2e\xcc\x993[\x14o\
W\xad^-\xbaCWM\xbf\x8a\xdf\xbd\xf8;\xd1\xf5\
\x15\x9a{\xe9{\xfdCC\xb1\x98-xm\x8e\xbe\xd1\
9\x8d\x1fJ\xadF\x8c\xd9\xfdl\x0dp9\x1cR\xfb\
\x99s\x92d\xb5\xf6\x1d\xb0\xdb\xa5\xe6\xd2\xe3R[}\
\xad\xd8\xed_\xbdm\xdb\xb6K#\x86\x8f\x90\x06d\x0f\
\x90\x1e{d\xa9\x14\x14\x14,V\xf8\xe8\xd1cRM\
M\xcd%\x8d\xf8\xd5\xe5\xe7Z,\x16i\xf9o\x9f\x94\
\xc6\x8d\x1d'UWU\x8bc\xe3\xc6\x8e\x97\xa2\xa2\xa2\
\xa4\xf0\xf0H)==]z\xe7\xadw\xa5=_\xed\
\x11\xe7\x16\xdf\xbbX<\xc3`\xd0K\x06\xbd\xbf\xb4a\
\xfdFq\xdc\xe3\xeb{\xffw\xc9\xe7\xf5J\x1d\xe7\xaa\
\xa4\xa6\xa3G\xa5\xf6S\xe5R\xf3\xf1\x12\xa9\xb9\xfc\x84\
\xe4q9\xff\xe9Z\xf5\x8f\xad\xbeB\x02\xb7\xc3Eo\
\x9b\x09\xbf\xc0@\xec]\x9d\xa2\x1f\x18(Wt.\x8d\
\xceYz{)-)\xa1\xdah\xe4\xce;\xeed\xfb\
\xf6\xcf\x84\xff\x0f\xf0\x0f\xe4\xef\x1b7\x0a\xf74}\xea\
t1`1z\xcc(jkj\xd9\xbcy\x93\x98,\
\x95\xe9\xd5W^#.>\x8e\x83\x87\xbe\xe5\xd6\x9bo\
\x13Q\xa5\x1c\xe0\x18k\x8d\xec\xd8\xb9\x83];w\x93\
\x92\x9a*\xae\xbd\x7f\xf1\xfd\x5c{\xed\x0c\xe1\x96\xeb\xea\
j\x994y\x92\x88Ud\x97}9\xc7W*\x09\xcd\
H\xc7\xd6\x1e\x84\xa7\xd7\x82.8\x18mX8*\xe1\
\x05\xfe\x0d\x0c\xb0\xb5\xb6KMG\x8b\xa5\xc6#G\xa5\
\x8b\xc7K%k[\xeb\xe5\xd5\xf7I>\xa9\xbe\xbe^\
\x1a1|\xa4X\xa1\xb7\xdfzG\xea\xec\xe8\x94\x8cF\
\xa3\xb4\xe3\xcb\x9d\xe2\xd8\xe0\xc2!\x92\xcdj\x93f\xcd\
\x9a\xddW\xfd\xb8\xb4i4\x1ai\xc5\x8a\x15\xd2\x1f_\
zY\xeco\xfbt\xbb\x94\x9e\x9a\xfe\xbdkN\x96\x9d\
\x94\x0e\xec\xffF\x1a?v\x82TX0Xj\xbcp\
A\xbc\xbb\xbc\xbc\x5c\xba\xee\xda\xeb\xa4\xe4\xe4\x14\xa9\xb2\
\xb2\xf2{\xda\xf8sH!\xff\xf3Sp@Ng\xbd\
n7j\xbd\xfeR\xa1\xe3\xb2\x00\x85\xe4\x8f\x1d=\xc6\
\xa7\x9fnc\xc9\x92\x07\x88\x89\x8d\xb9|\xfeL\xe5\x19\
\x81\xfaK\x1eZ\x22\xf6KKJ9r\xf4\x88\x88\xed\
'M\x9a$\xd2m\xd9\xfe[[[IHH\xa0\xbe\
\xae\x9e\xd7^[)\xe6\x10o\xbb\xf56\x11\xcc\x5c\xfe\
\x06\xb9@\xa2R\x8a.O\xdfp\xf4?F\xe9\xff\xd5\
/G\xbe7\x1b\xff\xaf\xce\xf3\x13\xa7\xc4~.\xf5?\
\xb2\x7f\xac\xb5\xff\xef\xef\xee\xf7S\x7f\x97\xf6\xca\xbf\xbf\
\xfb\xac+\x9f#3\xdb_\xb4\xb9\xf2\xfa\x9fK\x8a\xff\
*\x01\xf4\x8f\xbe_\xb9\x1a\xfd\xc7\xfb+1\xdf\xfd\xbd\
@\xff\xcf_\xbe\xcb\xe4w\x7f\x13\xf4\xdd\x9f\xc7\xf4\xdf\
s\xe5J_\x19\xda\xfe\x5cR\xfcwh\xc0\xff&\xfa\
\xff/<\xf9(P\xf2#\xe7\x00\x00\x00\x00IEN\
D\xaeB`\x82\x89PNG\x0d\x0a\x1a\x0a\x00\x00\x00\
\x0dIHDR\x00\x00\x00\x80\x00\x00\x00r\x08\x06\x00\
\x00\x00\x9bd\xd9\xd9\x00\x00i\x83IDATx\x9c\
\xed}\x07|\x95U\xf2\xf6s{O\xef\xbd\x17B\x02\
I\xe8\xbdw\x11\x10\x11\x15\x15\x0b\xea\xda{\xc5\xde{\
\xef\x8a\xa2\xa8(\x82t\xa4\xf7\x84N\x12\x12H!\xbd\
\xf7v{{\xbf\xdf\xcc\xcd\x8d\x01\xb1\xac\xbb\xee\xee\xff\
\xdb=\xbbW\x92\xdc\xf6\xbe\xe7\xcc\x99\xf2\xcc3sD\
\x82 \x08\xf8\xdf\xf8\xaf\x1d\xe2\x7f\xf7\x05\xfco\xfc{\
\xc7\xff\x04\xe0\xbf|\xfcO\x00\xfe\xcb\xc7\xff\x04\xe0\xbf\
|\xfcO\x00\xfe\xcb\xc7\xff\x04\xe0\xbf|\xfcO\x00\xfe\
\x8d\x83\x22\xf0?\x13\x85\x0b\xe7\xfd\xfc\x8f\xc4\xf1R\xfc\
\x9b\x06\xdd\xb8H$\xc2\x7f\xcbp:\x9d\xbd\x8b\xed\xbe\
w\x89D\xf2\xa7>\xcb5k\xc2y?\x8b\xffo\x09\
\x80{\xf1\xff\x1b\x04\xc1\xe1p\x5cp\xb1;;;\xf9\
\xde=<<\xfe\x8ey\x10\xd0\xd8mE\x8bI\x80\xd3\
\x01h\x15Rx\xaa\x00O\x95\x08b\x12\x87\xbfs>\
E\xff.$P\xaf\xd7C\xab\xd5\xfe\xe6\x04\xfd_\x1f\
\x0e\x87\x03b\xb1\x98\x17$??\x1f\xaf\xbf\xfe:\xcc\
f\x13t:\x1d\x1a\x1b\x9bp\xe8\xd0!$$$`\
\xdf\xbe}\x7f@\x00\x1c\xb08\x80\xca6\x07\x0a\xdbm\
\xa87\xd0\xee\x97B!\x95\xc0GnC\xb8\x87\x808\
?9\xb42\xe9\x7f\xb6\x06p\xdb\xbd\xf1\xe3\xc7#2\
2\x12?\xfc\xf0\x03/~\xdf\xc9\xfa\xffa8z\x84\
\x9a\xee\xf5\x99g\x9e\xc1\xb3\xcf>\x0b\xab\xd5\xda\xfb\xbc\
F\xa3\x81\xddnGhh(\xff\xfe{\x02\xe0\x80\x18\
\xc5\xad6\xe4\xd49\xd1fw@.\x95\xc2bu\xa2\
\xcb*\xa0\xc3\x084\x9b\xa5\xe8\xb4X0 H\x80\xa7\
R\xd6c\x1a\xfe\xc3\x04\x80\xec -\xf2\xd1\xa3Gq\
\xec\xd81~\xcc\x9b7\x0fO>\xf9$\xd2\xd2\xd2\xf8\
5\x0e\x87\x1d\x12\xc9\xbf\xcd2\xfd\xd3\xee\x93\x16\x9f\xee\
\xef\xbe\xfb\xee\xc5\xde\xbd\xfb0p`\x06.[p\x19\
\x04A\x04\xab\xc5\x8a\xd0\xd0`|\xf3\xed\x0a\xf8\xfa\xf8\
\x9e37\xe7\x0fR\xcf\x22\x08h\xe8\xb6\xe1t\x93\x0d\
\x2280.\x5c\x0e\x95\x5c\x81\xf26\x07*\xbb\x9d\xe8\
0;`2:\xe0tJ\xa1\x96X\x91\x16&\x81B\
$\xfe\xcf\x8b\x02\xe8&i\xe4\xe6\xe6!<<\x1aw\
\xdey\x0f~\xfc\xf1G\x0c\x180\x00\xb7\xdez\x1b\xab\
EZ|\xda=\xee\xd7\xfe_\x1bv\xbb\x9d\x17\xf2\xd3\
O?\xc5\xe0\xc1\x83q\xe0@\x16\xae]|=\x96\xdc\
p\x134\x1aOhTZx{y\x03\x82\x18\x81\x01\
!\xd8\xb6m\x1b\xbfO*\xbd\xb0\xd0\xd3\xe2\x1b\xec@\
~\x8b\x1dz\xbb\x153ST\x18\x10\xa8\x84\x9f\x12\xf0\
\xd3\x88\xa1\x95\x89 \x11\x8ba\x17D\xe8\xb6\x02\xad\x16\
\x09\x0c\xd6?\x1e\x1b\xfcK\x05\xc0-\xe1\xc5\xa7K\xd0\
/>\x15\x09qIx|\xe9\xd3\x185r4\xde\x7f\
\xff=\x0c\x1c8\x00\xdf}\xf7=\xef\x1ez-\x09\xc2\
\xff\xa5a\xb3\xd9x!?\xf8\xe0\x03,Y\xb2\x04)\
)\xfd\xf1\xc2\xf3/`\xf0\xa0a\xb0\x98,\xb0[\xad\
\xac\xe1\xecv\x1b\xacV\x1b\xfc\xfd\x83PZV\x86C\
\x87\x0f\xf1\xfb\x7f\xed~k;,\xa8hu\x22\xd4C\
\x0eo\x99\x18V\xc1\xc9\xcb\xebp\xf6D\x13\xac\xef\xc5\
\x10\x9c\x02\xecN\xc0\xe6\xec\x896\xfe\x93\x04\x80l\x1c\
-jkK+J\xf2\xcb\x01\x9b\x18\x87\x0f\x1eAd\
X\x04\xaeZt\x0d\xee\xba\xe3^\x88\xc5R,\x5cx\
\x19.\xbb\xec2\x9c8q\xb2\xd7\x86\xfe\xab\xb4\x81\xf0\
'\xe3r\xf7\xce\x97\xc9d\xf8\xe2\x8b/p\xcb-\xb7\
`\xd2\xe4)\xb8\xf1\xc6\xbfA\xa9P\xc3d4\xf2B\
\xfd\xfc\x10\xc3\xe9t\xc0\xcf\xd7\x0f\x01~a()*\
\xed\xf9\xfe>\xd7\xd2\xf3\xaf\xd1\xe6Du\xa7\x13z\x8b\
\x08z\x8b\x13V\xa7\x08\x0e\xa7\x98\xa3\x80V\x93\x00\x93\
M\x00\x89\x8d\x18N\xc8%\x80\x5c\xec\x84T\xe42\x1c\
\xf8O\x12\x00\xf7\x22n\xdd\xbc\x03\x8d\xf5\xad\x10\x9cN\
DEF\xc2d4\xa3\xbbK\x8f\x84\xf8D<\xf4\xc0\
\xa3\x989\xfdb|\xff\xfd\xf7\xc8\xcc\xcc\xc0\xa3\x8f.\
\xe5\x09#\xc1\xa1\x09\xfb{\x07-&\xed*Z\x1c\xf7\
\x83~w?\x9cNg\xef\xbf\xf4p/\x90\xfb}}\
c\xf7\xdf\x1a\xf4\xb9\xb4\xf3\xf7\xec\xd9\x83\x1bn\xb8\x01\
\x93'O\xc5\xa5\xf3.\x83\xc3\xe6\x84\xcd\xe6\x80X\xf2\
\xcbiv\x0aN\xc8\xa4rD\x85Ga\xcd\xaa\xb50\
\x99L\x90H\xc4?\x7f_\xcf\xbf\xad\x06\x1b\x1a\xcdd\
\xf9%\xa8\xeb\x16p\xb0\xca\x88\xdd\xe5f\xe44:P\
\xdb-@o\xa5{\x10\xd8T\xc8\xa5b\xa8d\xf4\xf8\
\xe3\x8e\xf4\xbfL\x00\xc4b\xd7E\x1d\xdc\x97\xcd\xe1\x9f\
F\xab\x81\x7f\x80?\xec\xec\xf4Ix\x02\x1cv;.\
\x9au\x11\x1ez`)\xfa%\xa7\xe2\xf9\xe7\x9fCf\
f&JKK!\x16\xbb\x22\x85\xdf\x1b4\x81\xee\x85\
v\x83-\xb48\xee\x07\xfd\xee~\x88\xc5\xe2\xde\x7f\xdd\
\xe6\xc9b\xb1\xf4\xbe\xcf\x1d\x95\xb8\x05\xe6B\xc2\xe0^\
|\x8af(\xb2\xe9\xdf?\x0d\x97\xcc\xbb\x0c\x06\xbd\x81\
\x17QL\x9e\xfdyos\x0b\x19i\x0c\x1f\x9d\x17J\
\x0aJp(\xfb0\xff\xdd\xbdQ\xdcok6\x8b\xd0\
i\x01\xccN;|5R\x04{iP\xd3\x0dTu\
8\xd0nr\xc2l'\x0dI\xf7*@+\x17\xe0\xab\
\x14AE\x02'\xfc1\x1d\xf0/q\xb7\x9dN\x97\xfa\
//-G\xd1\xe9\x12\x04\x06\x04C\x22\x17A*\x95\
\xc0n\xb1\xf1\x95\xba\x17\xc0`0 <,\x1c\xb7\xdf\
z\x07\x8e\x1e;\x8a\x95\xdf}\xcb\xce\xd4W_\xad\xc0\
\xcc\x993z'\xfc\x97\xdf\xe1\xda\xad\xee\x05\xa7a6\
\x9b\x91\x9b\x9b\x8b\xa2\xa2\x22\xc6\x1dN\x9c8\x01\xa3\xd1\
\x00\x93\xc9\xcc\xaf7\x99(&\xd7\xa2\xbd\xbd\x93\x17\xa3\
\xa5\xa5\x19\x13'N\xc4\xed\xb7\xdf\x81\xd3\xa7\x0b\x10\x13\
\x13\x83\xf8\xf8\xf8s0\x8a\xbe\x98\x05\xfdL\xdf\xf5\xe6\
\x9bo\xe2\xee\xbb\xefFf\xe6 ,\xbe\xfa:\x18\x0d\
\x06~\xfe\xb7\xc2:\xb2\xd7R\x89\x04*\xb9\x0a\xde:\
\x1f|\xbf\xf2{\x8c\x9f0\xae\xcf+D\xb0;\xc8\xc3\
\x07;\x81\x22\x89\x00\x83M\x8c\x8av\x016\x87\x18v\
\x12\x14\x91\x93w>\x99\x04o\x95\x08~\x1a'\xc2\xbd\
\xe4 HH\x10\xfd\x07\x09\x80 \x90TKp\xf0@\
6\x87@\x16\xb3\x09A~A\xbdZ\xa1\xef A0\
[,\xbc{\x86\x0e\x19\x8a\xd8\x98X,\xfb\xfc3\xcc\
\x9d;\x17[\xb7n\xc5\xf8\xf1\xe3\xce\x09\x99\xdc\xf8\x81\
\xfb\xf7\xa6\xa6&\xacY\xb3\x06\x87\x0f\x1f\xc6\xae]\xbb\
PUU\xf5\xab\xd7%\x97\xa9\xe0p:x\x97\xb2\xdf\
,\xd8\x91\x90\x90\x8c\x07\x1ex\x08+W~\xcd\x8b@\
\x02@\xe6\xe8\x9ak\xae\xc1\xe4\xc9\x93y\xf1\xd9d8\
\x9c\x90\xca\xa4l\xf3i\xf1\x87\x0e\x1d\x8e\xab\x16]\x0d\
\x87\xd5\xf9\xbbh\x1c?'\xa2\x19\x91B,\x95\xc0\xdb\
\xc7\x1b%Ee\xb0Z-\x90\xcb\x15\xac\xfdY\x038\
\x01\x87\x9d\x84[\x04\xb1H\x8cv3\x09\x84\x957\x94\
\xdb\xcd\xa3\xd7*\xc4\x02|\x94\x12\x84{\x8a\xa0S\x88\
{B\xc7\xff $\xd0\xbdk\x16_}=j\xcf6\
@%W#5#\x0d\x81\xa1\xfe\xb4w\xf9\x7f\xbf\xf6\
>\xb9\x5c\xce;\xe5\x8d\xb7^GSK#\x8e\x1d=\
\x86\x98\xd8\xe8^u\xec\xde\x8d999x\xed\xb5\xd7\
8\xac$-B#,,\x14\xd1\xd1q\x88\x8e\x8a\x86\
\xaf\xaf/\xfc\xfc\xfc\x5c\xc2(\x90\x8a\x97B\xa1P\xba\
\xa6\x8a\x1cM\x81l\xa9\x9d\x17\xa0\xad\xad\x0d\x85\x85g\
PQQ\x81\xb2\xf22\xb4\xb6\xb5\xf0uff\x0c\xc2\
s\xcf=\x8b\xa9\xd3\xa6\xf2\xe7\x13\x9e1d\xc8\x10\x8c\
\x1a5\x0aW-Z\x0c\xa3\xde\xf4\xbb\x80\x8eHL8\
\x80\x1d6\xbb\x0d\xfe\xde~\xd8\xb9m7\xc4N\x11r\
\xcf\xe4\xe2\xdd\xcf^\xc7\xf8\xb1\xe3\xe1p\x10\x8e \x82\
\xd9*`_\x85\x1d9\xad\x80] \x1f\x85v<-\
\xbb\x88w>)\x01\xb1\xc8\x81p\x0f\x09\xe2=\xc5H\
\x0bV@)\x15\xfd\xe7\x09\x00\xdbe\x87\x1d\xd3&\xcf\
\x80\x9f&\x10\x86n\x03\x02\x82\x82!UH\x10\x16\x11\
\x02/_\xcf^\x9b}\xfe\xa0\xdd\xe6R\xe9\x22<\xf6\
\xc4\xa3\x189b\x046\xff\xb4\xb1\xf7\xf9\xdd\xbbw\xe3\
\x95W^\xc1\x96-[\xf8\xf7\xe4\xe4~\x189r\x0c\
\xa3\x8c^^\xde\x90I\x944Up:\xedp\xd8\x1d\
\x90\x88\xa5p:m\xbcs\x9c}\xa2\x0b\x9aR\xfa\xbf\
\xfb\xfbH\xf0\xe8\xba\xad6+\x8cF#\xc3\xb6[\xb7\
m\x81\xc9l\xc0e\x0b\x16\xf2\xae\x9f3\xe7bxz\
x\xe2\xee\xbb\xee\x86\xc9d\xed\xd9\xb9\xbf\xa1\xf6\x05\x01\
\x0a\x85\x02'\x8e\xe5\xa1\xb4\xb4\x04\xe3\xc7M\xc0\xd9\xc2\
b8m\x02\xf2N\x9f\xc25\x7f[\x84{\xef\xb9\x93\
\xcd\x9cD*\x81\xd9! \xab\xd2\x86\xe3\x0d\xe4\xe9\xd3\
\xf5\xf5\xf8\x07\x8c\x0c\x02RA\x80\x9fV\x848O1\
\x06\x87\xc8\xa1\xfe;\x9c\xbf\x7f\x99\x00\xb8wDuu\
\x15fN\xbd\x18C\x07\x0cGUe\x15\xc2\x22\x22a\
\x17\xec\xf0\xf1\xf3FL|$\xdf\xf4\xafM\x1e-\x8a\
Z\xadFqq1\xde|\xfb\x0d\xe4\xe4\x1cGhX\
(\x9ex\xf2\x09\xbc\xf7\xee{\xfc\x9aI\x93&c\xdc\
\xd8q\xf0\xf1\xf6\xe70\x8bbr\xbb\xbd\x07P\x12\xd1\
5H\xe0\xb4\xea\xd1\xda\x98\x8f\xa0\xb0\xc1pB\xc2\x8e\
S\x9f+\xed]\xc0\xbe\xe1\xa0\xdbQT\xc8\x15\xe8\xea\
\xee\xc6\x96\x9f6c\xd7\x1e\x17x\xe3\xed\xe9\x8b{\xee\
\xb9\x17^^^\x1c\xd7\x93\x9a\xfe\xbd\xb9\xa0\xcf9\x9c\
u\x14%%g\x91\xd6?\x0d-M\xcdP\xabT\xa8\
\xa9\xab\x83\xce_\x83u\x1b~\xe8\x13\x91\x00\x07\xaa\xcc\
8X-@\x10\x93\xa6\xa3\xf8_\x04\x87\xe0\x80\x5c\x0c\
\x84he\x08Q\x03\xfd\x03\xc5\x08\xd0H\xe1\xa4\xb9\xa6\
/\xea\x99\xc7\xff\x08\x1f\xc0\x0d\x8b\x16\x17\x17\xc1\xe9\x10\
 \x93\xcaz.M\x04\x85L\x81\x00?\xff\xdf\x0d\xb5\
h\x11\xc8\x89\xeb\xd7\xaf\x1fF\x0c\x1b\x89I\x93\xa6\xf0\
G477b\xca\xe4)\x181b\x04\x82\x83\xc3`\
1[a6Z\xc9-\xea\x0d\xe9$=~\x86L\xa6\
DG[)\xdak\x0e\xc37 \x09R\xa57\x04\xf6\
\x9e\xdd\x8b\xe6\x9ap\xfe\xa9\xe7\xbd\xeeA\xc2I\x02%\
\x97\xcb\x18\xce\x1d<h0v\xef\xde\x05\x89 AE\
i%R\x07\xe8 \x16\xd1\x02\xb9\x04\xe77\xf3\x19\x22\
@\xa5V\xb1 45\xb5\xa0\xad\xb5\x0d\x91\x11\xe1\xf0\
\xf6\xf6Fq\xe9\x19\x06\x89\xa4R\x19\x9b$\xfa\x14\x19\
/:\xbd\xcd\x09\xbb\x93\xd2?N\xa8\xe5@\x80V\x86\
P\xb5\x13\xfd|%\xf0\xd3\xb8\x96\xf1\x5c\x97\xea\x8f\x19\
\x82\xbf<\x0ct/n]}\x03\xdbWr`d2\
)\xfa\xf7\xef\xc7\xf6\xf8\xec\xd9\xb3\x17\xc4\xc0\xfb\x0e\x9a\
\x0c\xb5J\x8d\x8e\xf6.\x04\xf8\x05\xc3a\x06t*\x0f\
,}\xe8q\xcc\x9d}\x09\xfc\xbc\x03\xa0\xef\xd2\xc3n\
s\xb0\x8d\xed\x9bT\xa2\xefs:\x1c\xb0\x98\xda`2\
\xd4Bpt\xc2\xd0Q\x0d\x85B\x03\x89X\x0e8Y\
\xf9\xf3\x83\xae\x82\xb4\xc2\xb9\x9a\xc1%\x10nd\x92\x04\
1\x22\x22\x02\xd7\x5cu\x0d\x12\x13\x93q\xfc\xc8\x09t\
\xb6t@J1<\xdd\x1b\xe51\xc8\x05\xff\x95A\xcf\
\x84\x87\x87\xb3@577\xb1\xdfAs\xa4\xd5\xe9P\
[]\x83\xca\xca\xca\x9eys\xbd:\xc4S\x06\x8d\x84\
B['<\xe5ND{\x021\x9eR\xb6\xf9\xa4\xf6\
\xfd\xb4\xb4\xf8db\x9dh\xec\xb2\xa1\xa8\xc5\x86\x9aN\
\x1b\x8c\xbdp\xf0oo\xae\x7fY\xd6\xa5\xb6\xa6\xb6\xd7\
\xbe\xd2\xbfu\xf5\xb5\xc8?\x9d\x8f\xc4\xe4\xc4_\x17T\
\xd6\xc9\x80R\xa1Ds}\x1b\xb2\x0ef\xc1f\xb1\xe1\
\xf2\x05\x97#19\x01R\xa5\x0cF\x93\x0be#\x9c\
\xc0u\xb3?\xdbuZ|\x0f\x9d\x1c\xed-'p:\
g/<\xd4*DF\x87@\xdfU\x8c\xc6r;\xc4\
R\x19\x02\x82\xfb\xc1j\x15\x03b\x9ad\x8a\x9f\xc5\x10\
$\x02$b\x97\xd3\xe5\xba\x0c\xd19\x9a\x81\xc2K\xfa\
\xbe\xcc\xa1C\xa0\xd5\xea\xa0R\xaa\x18\xea\xdd\xb9s\x0f\
F\x8e\x1c\x09\x1f\x1fO\x98m.<\xe1\xe7[\x11\xf8\
\xde\xeb\xeb\xeaQW\xd3\x8cI\x93'A\xa3\xd6b\xcf\
\xce]\x10\x89\xc5\x90+\xe5\xac)\xe9\xb3\xf9\xbbz\xfe\
\x1b\xee)\xc7\xdc\x14\x01\xf9\x8d\x84\x03\xc8\xe0\xad\x94@\
)\xb1#X+a\xedF\xfeM\xab\xc9\x89\xe2&;\
\xaa\xf4N\xd8\x1c\x80T\x0c\xf8\xaa\x1d\x88\xf1\x16#\xd6\
\xfb\xb73\x83\x7f\xb9\x06pO\xc2\x99\xc23\xd0\xa85\
\xbc\x93(\x889p`?\xa2\xa2\x221l\xe8\x10\xd8\
m\xbf\xb4\xff\xacJ\xd9\xfe\xca\x91w\xf2\x146\xae\xdf\
\xc8\x8b3k\xd6\x0c\xf4\x1f\x90\xc2\x91\x83\xc9ld\xf4\
\xcc\xa5@\xc8v\xbb\x22\x02Q\xaf\xb7mEX\xb0\x03\
\xd7\xffm\x06\xc2\x82\x92!\x97\x8b1v\xec`\x98\x8d\
\xb5\xa8(\xde\x89\xb1\xe3\xbdq\xe9\xe5\x89\xb0\xda:!\
\x12;\x10\x17R\x8d\xa4\xc0\x0a\xf8*\xdbAl\x0b\xab\
]\x0a\x9b]\xc2v\x97BE\xfaL\x9e4\xfeB\x01\
6\x9b\x05I\xfd\x13\xa1\xd2\xa98\xa2 \xd5\xbdk\xd7\
n\x18\x8c\x86\x0bj5Z\xe0\xfa\xda\x06\x1c\xc9>\x8a\
\xa3G\x8e\xa2\xbb\xbb\xcb%\x18\x1c\xc9\xb8\x11\xcf\xf3\x22\
\x22A@\x98N\x81\xb1\x91j\xa4\x05H\x10\xe7-B\
\x98\x87\x1cb\xd6RN\xb4\x9b\x1d8\xda`\xc1\xb1&\
\x07\xd4R\x11\x06\x87) @\x82\xd3\xcdN\xe4\xd4;\
P\xd3iw}\xcc\xbf\x1b\x09\xa4\xd0\x8a\xec\x1e9d\
d\xac\x86\x8d\x1c\x8e\xd1\xa3G\xc2n'\xef\xf9\x97\x97\
\xc7\x82\x22\x88\xb0\x7f\xff!\x1c?\x9e\x83~))\x98\
6}2\x14*\x19L\x16\x03 !\x94M\x0c\xbb\x83\
l\xb4\x14\x22\x82V%&\x06Ah\x0aE\xe4\xe49\
\xda\xb1u\xfdr\xec\xde\xd6\x04\x9dW\x22t~\x9e\xe8\
\xd7/\x16Z\xb9\x05\x01a\x03`\x17\xd2p\xe2H6\
j+\xf6@,\x88\x11\xe7S\x8f\x11\x89\xa703\xed\
\x08&&\x9d\xc4\xc0\x902Dy6@!2\xc3d\
\xb1\xc3b&u\xed\xf2\xb1\x5c\x0f\x81cw[O\x04\
3n\xec(\xfe{kk;\xef\xf6\xbe\xf7E\xcf\x13\
\x1f \xb9_2\xe6]:\x9b\xdfG\x99@\xd6\x8a\x84\
-\xf4@\xcf\xbf\x10\x1cvJ\xc1\xf0\xae\x82\xcc\x0c\x07\
\x80\xae\xcf\xb3\xd8E(l\xb1\xa3\xb4\x0d08\xc4\x08\
\xf2\xa2\xc5\x17\xc3)\x11\xc3D\xf9\x02#P\xdbis\
9\x95\xff\x0e\x13\xe0F\xe6\xc8\x89\x2287.,\x99\
\x01\x14\xa2.\x91*\xdf\xbf\xef\x002\x06\xa5C\xa1Q\
\xf0\xdf\xddW\xe9R\x972d\x1d<\x84\xa2\xd3\x85\x98\
<i\x12\x92\x92\xe2a\xb5\xea\xe1\xa0\x10N$\x83\xc5\
h\x83T.\x82\x97V\x80\x9f\xb2\x06\x89\x01\xb5P\xc8\
\x80\xbd\xc5\xa9h\xb3\xe8\x18\x7f\xefh/\x85\x18\x1a4\
T\x1bQQ~\x10#\xc6\xc5\xc2\xcb[\x8bai!\
X\xbd\xef\x0cvn^\x0b)$\xb0\x18\x1a`\xb7\x9b\
\x90[3\x04\x85uM\xf0Sv\x22\xcc\xbf\x16\x99\x11\
\xad\x109\xad0\xcb\x22\xd0\xac\x9d\x843\x85\xddh\xaa\
5\xc1bw\x81-R1!\x9c\xae\xddE\xce\x9bB\
\xa5\xc4\x94\xa9\x93\x19\xe0\xfa\xb5\xa8F\x22\x13#(4\
\x00\x13'\x8f\xc3\xde\xddY\xe4\xe0@\x22\x95\xc2l6\
\x82\xfcQ\x95J\xfd\x8b\xf7\xb8aa\xb7\xaf\xe2f\x03\
6w\xdbP\xd6&\x85\xdeB<\x01\x11\x8e\xd6\xda\xa1\
\x94\x89\xd1mr\xb8,\xa1D\x0c\x89\xb8Gb\xff\x9d\
>@wW7:;:\xa1\x8aw\xdd\x1cIt}\
M=L&Co\x92Gp\xc3\x1b=\x18ysS\
3*\xcb+0}\xcaTD\xc5D\xc0h\xd2\xc3b\
'F\x8d\x04:\xa5\x01\xf1\xfd\x02\x91\x9c\x1e\x08U\xd3\
&\x88\x0c\xb5\xb09\xbd\xd1\xa0\xd7\xc1d\x97\xc2h\xea\
\x84L\xe2\x0b\x85B\x05}k\x13\x0ar>\x87\xd5\xd2\
\x82\x893o\x87 n\xc1\xa0\xd4\x00\xb4\x1a\x81]Y\
\xfb!WzB&\x15Pt\xfa\x08\xca\xb5\x89\x08\x0e\
\x09@\xa3.\x12e\xfad\xc8\xc5M\xf0\x905#*\
\xd4\x81\xb4\x91~H\x1b\x90\x80\xfa\xc2\xdd\xa8<V\x80\
*[2\x1a\xdb\x95 \xd0R$#\xb0\xca\x0a\x9b\xc3\
\x02\x05\xb9\xe8\xc2\xcf\xce\xef\xf9\x83\xfej0\x1a\xe1\xe5\
\xed\x09\x1f\x1fotut\xb1\xb6\xe8\xee\xee\x80B)\
g\xb0\xaaoN\xc3\x9d\x11\xa5A&\xb1\xef\xd0\xdb\x9d\
\xe8\xb6\x12\x88E\x82\xe8@\x87\xc5\x0e\x91U\x0a\xa7M\
\x04\x8d\xd4\x81\x00\x8d\x18\xc1\x1e\x92^\xa4S\xf4\xef\x12\
\x00\xb3\xc5\xccR(\x97\xc99\x1e'\x81\x0c\x0a\x09B\
FF\x1a\x0cf\x83\xcb{\x96\xca\xd8#f`\x8e\x14\
\x99D\x84\x81\x03S\x11\x1b\x1f\x8dN\xbd\x85\x15{T\
\xa4\x0e!\x8a2\x84i\xcb\x109e\x11 hq\xe4\
\xa4\x0e'\xf3\xc3PXi\xc1\x9e\x83\xfb0}\xda,\
\xcc\xb9x\x16r\x8ee\xa1\xad\xe9,Dv#B\xfd\
\xc4\x982w\x1e<}\xfc\xf1\xe5G\xdf\xc0Gh\xc4\
\x98A\x11\x08\xf4R!\xb7\xa8\x15z\xb3\x159E\x87\
\xb0~\xf7j\xc8\xa4R\x0c\x1f:\x0c\x09\xc9\xa9\x88\x8d\
I\x80\xce3\x1c\x95\x85\x16\xe46\x14!<\xd2\x0b\x81\
*\x13\xc2}\xab\x901\xb0\x1f\xcc\x8aT\x1c\xd9\xb9\x0b\
\x15\xb5JtX=]>\x0b\xab\xdb\xdf\x0e\xc1H\xc0\
\x097hnnF\xa0\x7f $b\x09\x1a\x9b\x1a\x90\
\x92\xd2\x8f\x09\xa2\xe7\xe7;\xce'\xd0\xba?\xd9\xec\x10\
\xc1N\x1b\x87\x22\x17\xd2\xabN\xf23\x04\xce\x0b\x04\xa8\
\x80DO\x11Bu\xae\xcf\xf9\x97\x9b\x00\xba\x09\xb7M\
#\xdbGdH\x8a\xcf\xc9\xae\xcb\xe5J\xe8\xf5\xdd\xb0\
\x0b\xf4;\xa0\x90)q(\xeb\x10\xf4\x86.\x8c\x9b4\
\x9e\xfd\x02oo/xx\xfa\xa3\xdb\xd8\x85`m#\
\xd2\x06j\x912<\x18\xedG+\xd1\xd0\xe6\x8bm\xab\
\xab\xb0k\xffV\xac\xd9\xb0\x03%eg\xf8;\x09,\
z\xfd\xb5W\x19X\xfa\xfe\xcb\xc7 \xb5Uc\xd4\x88\
xx\xea\x80\xc3{\x0ea\xf9\x97;\xe1\xec\x223\x02\
\xec:T\x8f\xa8\x08\x1f$F\x05``\x8a\x17\xde\xfc\
<\x07\x93\xa7\xcc\x80B&\xc2\xc6M\x9b\xb0\xef\xe0\x01\
(\xe5*\xa4\xa7\x0f\xc4\x90!\xc3\x11\x1a\x14\x8c\xf66\
\x01\x22\x89\x0f\x94\x18\x8dH\xa7\x14CG;1$\xb9\
\x1eI^5\xa8\xe8\x88FIS0\xda\xf5\xbe\x1cQ\
H$\xae{;\x7f\xd0\x02\x92\xb9\xc89\x9e\xcf\xac^\
\x8a \x08\x8b\xa8\xac\xa9\xc2ec/\xed\x8d\x94(j\
z\xef\xfd\xf7\xb0s\xe7N\xc4\xc5\xc5\xe2\xc5\x17_\xe2\
\xf0\xb1/\xce \x15\x11)\x84l<9\xa8\x80N-\
\x85\xb7\x1c\x08Q:\x11\xe1!A\xa4\x0fm\xb8\xdf^\
\xa7\xbfL\x00\xfaJ\xb0\xa7\xa7'\x87Mz\xbd\x01\xde\
Z\x7f\xa8T*v\x0a\xad\x16\x0b\xe7\xc4\xf7\xef=\x80\
\xe2\xe2\xb3\x18<$\x83\xed\x03y\xf3V\x8b\x08\xfe\x1e\
MH\x0b\xad@\xa4\xae\x1a\x0eY\x14N\x1e\x90\x22\xf7\
D\x0c6\xed)\xc6\xd6\x9dKa0\xb4\xc1\xc7\xdb\x1b\
7\xdfx3\xc6\x8e\x1b\x8b\x89\x13&\xc2?\xd0\x1fw\
\xdct#\xaa\x0b\x0f#6\xca\x1b\x07\xb2K`\xb2\x08\
P{\xe9\x10\x1e\x12\x8c\xe2\xb6b6\x01\x0a\xa5\x0aY\
\x87kq\xba\xb8\x1e{Ojp\xe4\x8c\x15\x0b\xae\x9d\
\x8d;n\xbf\x09\xa7\xf3Oc\xd3\xe6\xcd\xd8\xb4i3\
3v\xb3\x0fgC*\x96#c\xa0K\x18\x12\x13\xfa\
\xa3\xf0\xac\x18%\x15\x85\xf0\x96\x06#\xd1\xd7\x89\xa4\x80\
\x1a$\x04\xd4\xa0\xa4>\x1cE\x8d!h3{B*\
\xa5\xc5\xa2,\xe5\xcf;\x98TzW\x97\x11\x05\xf9\x05\
\x08\x0f\x8e\xe4(\x86\x92c]]\x1d\x183f4o\
\x18\xcakL\x99<\x19\xcd--\x08\xf2\x0f\xc2\x91#\
G\xb0\xf5\xa7m\xd8\xb3g7;\xc3\xa4\xf2%\x221\
b\xbc$H\xe8\x12Po\xa0L\xa0\x04\x81*\x01\xde\
r'B\xbc\x14\xd0\xc9\xdd+/\xfa\xd7B\xc1n\x09\
}\xe3\x8d7\xd0\xd5\xd5\xc5\x98\xfc\xa2EWa\xe2\xa4\
\x09p\x1a\xa4\xc8\x1c0\x08\xed\xed\xedh\xefh\xc1\x8c\
\x8bf\xe0\xf8\xf1\x93\xc8\xc9\xc9\xc5\xa4\x89\x13\x11\x1b\x17\
\x8d.\xa3\x01*\xa9\x99'49\xac\x1aN\x87\x085\
\xed\xb1(l\xf0\xc6\x96=y\xd8\xbcu;\xec\x0e\x13\
\x86\x0f\x1f\x86\x8b.\x9a\x85E\x8b\x16\xc1\xd7\xcfE\xac\
\xb4\x98-\xf8\xfa\xabU8~\xe80\xbc4\x1dP\xca\
\x00\x89T\x81\xd2\xa2m\xb8\xfc\xea\xcb1i\xde\x02\xfc\
\xf0\xf1\xeb\xc8\x0c\xebFA\xa9\x1e\x9b\x0e\xd4@\xe3\x99\
\x8a\xe2j\x13Tj?\xa4g\xa4\xe1\xa1G\xef;\xe7\
~\xca\xcb*\xb0y\xf3f\xfc\xb4e+*\xca\xcaY\
US\x1603c022\x07#( \x1c\x22\xa7\
\x05\x0aY=\xd2\xfck\x10\x17\xd0\x04\xb3C\x8a\x9c\x9a\
X\x9cn\x8a\xe0@\x8b0\x05biq\xf9\x86\x18\xb0\
[\x1c\xd8\xb7w?<\xb5^\xd0iuh\xa8\xaf\xc1\
\xc1\x13\xfb8\xf9\xd4\xd4\xdc\x8c\x94\xfe)\xf0\xf3\x0d\xc0\
\xb2\xcf>\xc3\xe0\xc1CQ^Q\x86Y\xb3fb\xe0\
\x80\x81X\xb7a-\x1c\x84\xae\xf6\x84\x22\x06\x87\x13\x06\
\xb3\x1d\x1a\xa9\x14J9\xd1\xc3~.\x15\xf9#P\xf0\
?U\x00\xdcY\xbf\xaf\xbf\xfe\x9a\x17\xc6=\xd2\xd3\xd3\
9\x19$sh0z\xe8htvu\xc1\xcf\xdf\x97\
\x01\x97];\xf7`\xe2\x84\x09HH\x8aEW\xb7\x09\
Zu'\xc6\xc5\x17\xc2_\xdb\x89\xaa\xb6`\x146\xf5\
\xc7\x81\x13\x15X\xb5f%:\xda[p\xe3\x92[p\
\xd3\xcd\xd7\xa1\x7fZJ\xef\xe7Sr\xe9\xe8\xd1\xe3\xd8\
\xb7\xf7 \xba:\x8d\x88\x08\x8fFpP\x18\x1cv\x02\
sd\xa8(\xda\x84\x8a\xc2Ux\xf0\x95\x97\x10\xe5g\
\xc4\xc9\xcd+\xf1\xe1\xeaB$\x0f\xb8\x0e\xd1\xf1c\xd1\
\xd8\xda\x86\xdc\x9c\xe3\xec<.\xb9q1F\x8c\x1e\x0a\
\xab\xd9\xea\x22\x8e\xc8~\xe6\x024\xd64\xe1\xcd7\xde\
\xc5\x91c\x87\xb0k\xdfv\xfe\xdb\xa8\xe1\xa30j\xd4\
X\xf8\x07\x86A\xa5\x90@+iB\xb2\x7f\x05\xe2\x83\
\x1bQ\xd1\x16\x84#e\xd1\xe84\x93\xa3\xd9\x03*\x91\
\x1b+\x123\x02\xda\xddf\x86\xa7\x877\xb6\xeeZ\x87\
\x11\xe3\x86\xe2\xddw\xdeCJJ\x0a\xfc\xfd\x029\xab\
\x19\x1c\x1a\x08S\xb7\x13*\x9d\x18[6\xed\xc0\x8cY\
SQ[S\x8d\x90\xd0\x10\xf6\x9b\xdc\xd8o\x1f\xb8\xa9\
g\xe1\xff\x0d\x85!nB\x06\x91*\xc2\xc3#p\xe3\
\x8d7\xe3\xba\xeb\xae\xc5\xa9\xbc|<\xf2\xc8\xc3\x8c\xfc\
E\x86\xc4`\xda\x84\x99\xae<\xb7\xd3\x89S\xa7\xf3\xd0\
?%\x05\x83\x87\x0eF\xb7\xc9\x8c\x08\x9fF\x8c\x89\xcb\
\x83\xd1&A~\xe3p\x14V\xd9\xb1r\xcd\x8f\xc89\
y\x18I\x09\x09x\xfb\xf5\xf7P^^\x0b\x99\x9c\xb2\
uR\xa8U\x0a\x98-V46\xb4\xa0\xb9\xb9\x8d\x89\
$\xde^\xfe\xb0\xd9\xed\xb0:,\xd0z\xa8\xa1V\xe8\
\xa0\xef\xd6#\xf7\xc0{\xf0\x09\x15p\xf7M\xd3\xf0\xde\
ko\xa2\xce2\x18C\x87\x5c\x0b\xa3\xb9\x9b\xd8\x16\xa8\
m\xa8\xe7\x0c\x1d\x01\x8aKnZ\x8c\xccA\x03/x\
\x9f/>\xfd\x1a223\xe0\xe1\xa3b-\xb7f\xcd\
\x8f\xb0;l\x88\x08\x8fd6Sxt2<\xd5r\
\x04)*\x90\x19V\x0a\xb1B\x84\x93\x95\xa1(i\x09\
\x87\x98\xf2\xff\x22\x07\xc8M,)(\x84\xcdT\xc3\xcc\
\xa8\x15\xab\xb7\xe0\x91\xc7\x9f\xc0\xfe}{\xb1o\xff\x01\
\xe4\x9e\xccCpH\x10\xf4\x9d6\xd66\x14))U\
\x12\xa4\xa6\xa6\xe1\x96[o\xc6\xad\xb7\xdd\xd2KFq\
-{\xcfb\xfe\x89u\xfb\xa7\x09\x80;\x89q\xc5\x15\
W\xe0\xe4\xc9\x5cf\xd4\xb8\x1d\x90\xca\x8a\x06L\x9c4\
\x1e\x95\x15\xa5\xb8|\xee\xd5\xd0\xa9u8}\xba\x10\xbe\
\x01>\x988e<\x8c\x16+\x12\xfck1,\xae\x00\
\xcd]\xde8V\x93\x89\xac\x9c\x0a|\xb7\xf2s\xd8\xac\
f<\xfc\xd0#\xb8\xff\x81\xfb\xd1X\xd7\x84O?Z\
\x01\xa5R\xc5N%M\x8cX\x22\x81L&GDx\
\x04\x94J5\x02\x02\xfc\x11\x1c\xe4\x0f\x89\x5c\x0a\xff@\
?\xc6\xe6w\xef>\x8c\xfa\xca38v\xe8-d\xf6\
\x0b\xc0\x99\x92*$g\xde\x05O\xcf(\xd8\x1cf\xc4\
'\xc6\xa1\xa3\xa3\x9b\xcdQK[3\xf4\xfa\x0e\x8c\x1c\
5\x1cqq\xd1|\xfd\x84\xff\xd7\xd77\xa0\xb5\xb5\x95\
\xaf\xc1n\x17\xb0\xe8\x9a\x85H\x1f\x94\x86\xf2\xb22\xec\
\xd8\xb1\x13\xcf?\xf7<*\xaa*\x10\x14\x10\x801c\
'``\xfa0\x84zJ1 \xf0\x18b\xfc\x9bQ\
\xd0\x18\x8cC\x95)\x5c\xcd#\x97IQW]\x80\xa6\
\xaa\xcd\x90\xcb\x80\xbcB\x01mfo\x9c)\xcc\xc5\x81\
}Y\x186r\x08\xba;\xac<\x9f\xae\xb9\xb5C\xe7\
%\xc3#\x0f>\x81\xec\xc3\x07\xb0{\xcf\xce\x7fZ5\
\xd5?\xc5\x09ty\xae2\xac_\xbf\x1e\xabW\xff\x88\
#\x87\x8fAp\x00]]V\xc8\xe4b\xd4\x94\xee\xc7\
\x98\x8c\x00|U^\x0e\x9b\xd3\x81\x86\xe6FH\xa5\x22\
\x9ed8M\x90P^\xdb\xa3\x13-\xdd\xa1\xd8\x9e\x1f\
\x8d\xd5\x1b\xd7a\xff\x81\x1dHNJ\xc6\x0f\xab~@\
\xbf\xfe\xfd`\xb7\xd8\xb1\xea\xbb\xb5\xf0\xf1\xf1\xe3j\x1a\
\x8a,\xe8A\x09\xa5\xc8\xc8\x08v0}|\xbc0|\
\xc4 \xc67]\xe0\x8c\xcb\xe6\x0e\x1f9\x10\x07l6\
DF\x8d\xc1\xc1Ck\x10\x113\x02\x1e\x1e\xa1\xb0:\
\xac\x185z\x04\xa2\xa2\x83\xb9\xb0\x22,4\x04yy\
\xf9\xa8\xa8,\xc3\xc1}\x87\xb1\x7f\xf7\xc1^\xa0G.\
Wq\xee\xdf\xcf7\x84U\xecg\x1f-\xc7\xf8\xd21\
\x98u\xf1t,\xb9q\x09\x16.\x5c\x88\xd5\xab\x7f\xc0\
\x93O>\x85\xefW\xad\xc4\xa6M\xebq\xd1\xecK\xd0\
9t\x10\x9a\x8d\xb5\x18\x18z\x06\xb0+\x90]\x1d\x07\
\xabM\x06\x0fOo4\xd8\xa5\x88\x8e\xd0at\xa6\x0e\
\xf7\xbe\x90\x85[o\xbd\xabg\xf1\xed\xbd\x8bO\x83!\
h\x01\x18=z\x0c>\xf9\xec\x03ttv\xc0\xcb\xd3\
\xeb\x9fRW\xf9\x0fk\x00w\xee\x9a\xf2\xfd\x91\x91Q\
\xb8\xee\xda\x1b\xf1\xd9\xb2\x8f\xa0\xef\xb4C\xae\x90\xa2\xa3\
\xa5\x0eK\xef\x19\x8b(\x1f1*Z$\xd8sR\x8e\
@__\x0c\x1b6\x0a\xfd\x12\xfd0*\xf6\x18NU\
\x85\xa2\xd5\x12\x8b\xa6\xd6&\xbc\xff\xd1\x07\xa8k\xa8\xc6\
\xad\xb7\xdc\x82\xa7\x9f~\x06>\xbe>\xcc ^\xfd\xdd\
z\x14\x9e.Ctt,k\x1b\x8a*\x02\x03\xfd\x91\
\x90\x18\x03__?l\xdb\xba\x03\xa3F\x8f\x84\xaf\xaf\
',\x94[\xe8\xc9\x08\xbaPE1\xf4\xdd\x06\xec\xde\
\xb9\x1f\xf5U\xf9\xf0\xf5\x8d\x84S\x22\xc7\x88\x11\x83\x10\
\x19\x15\x0a\x8b\xd9\xc9\x93\xacT\x89P\x90W\x8a3g\
\x0aY\xa8\xea\xea\xea\x98?H\x9f\xe1\xe1\xe1\xc5\x0c\xe6\
\xf8\x84hD\xc7\x87a\xd7\xf6}\xd8\xb1c\x17\x02\x02\
\xfd1th:F\x8e\x1d\x0e\xadN\x0b\xbb\xcd\x86\xd5\
\xab\xd7\xe0\xe5\x97_\xc1\xc9\x93\xc7\x11\x12\x1e\x81\x89\x13\
f\xe1\xb2\x89A\x18\x1au\x1a;\x0a\xa3\xe1\xa1p\xa2\
\xb6\xcb\x0fg\x8b\x8f\xc3\xd6\x95\x85Gn\x1e\x897\x97\
\x9dBN}\x1a\xd6\xad_\xc1v\xff\x5cH\xd8\x0d{\
[\x91\x9c\x92\x80\xaf\xbf\xf9\x0a\xa3G\x8f\xfe\xd5j\xa2\
\x7f\xb9\x06\xa0\x89\xbe\xee\xba\xeb\x91\x96\x96\x8eO>\xf9\
\x08\xc6n\xc2\xc6\x01\xa9\x04\xe8\xea\xec\x80\x8f\xa7\x12\xd7\
_\x91\x88\x0e\xbd\x0c\x9f_\xf4\x03bc\xa6!*&\
\x0e2Q\x19d\x22\x016i\x00\x8ed\xe7\xe0\xd3/\
\xdeChH(V}\xf7\x03\xe6/\xb8\x84?\x9b\xec\
\xf7\xe1\xac\x138\x95w\x16\xe1\xa1\x11\x0c\xb3\x86\x87\x87\
\x22.>\x16AA\x01\x90\xab\x80\xaa\xf2F(\x14r\
x\xf9xrQ\x04\x99\x85\xbe\xd7F\xa9T\x9d\x87\x06\
\x13&\x8f\xc1\xc1}Jtwua\xec\xe8\xe1\x08\x09\
\xf3\x87\xd9\xea\x84HB\xd9v\x01\x94\x88\x8b\x8a\x8a@\
QQ1\x94J\x05\xa6M\x9b\xc2\x80\x14\xa9|\x95J\
\x84=\xbb\x0f3\xc9\xc4\xc3K\x83\x09\x13\xc6\xa1\xb3\xb3\
\x0b\x15U5\xd8\xbce7\xf6\x1d\xc8B\x5c\x5c\x1c\xc2\
\xc2\xc3\x90\x9c\x94\x86\xfb\xeey\x08\xfb\xf6\x1d\xc0\xa1\xc3\
Y\xf8r\xf9\xfb8\x957\x0c\xd7_9\x1c\x81\xde\x1a\
d\x84\xe6\x22D[\x89\xb6\xae~\xa8h\xaf\xc7\xb2\xef\
\x8eC*U\xa2\xab\xbd\xcd\x85\xda\x9dW\x9f@\xf7@\
~\x8d\xd6S\x8e\xe4\xa4\x14\xac_\xbb\x9eih\x7fD\
\x00\xdcu\x15\xbff.\xa4\xff\xacZ?\xa2f\x1d=\
\x92s\x0e\x0b\x98X\xdc\x1a\xad\x0eR\x91\x0c2\xa7\x0c\
o~\x9a\x0b\xb1T\x8d\x09\xa3\xd3\x11\xe1S\x82\xaa\x16\
ol+\x1e\x86\xd5\xeb6c\xdb\xceM\xb8\xe2\xf2+\
\xf0\xfe\xfb\x1f\xc0\xd3\xcb\x83s\x03\xc7\x8e\x9e\xc4\xce\xed\
\x07`\xb68\x10\x1a\x1e\x8a\x84\xf8h$%\xc71\x84\
J\x02f%\x18\xd4\x06\xa6l\x11\xd5J&#\xd4\xf1\
\x97j\x91'\xd0\xe6\x84V\xab\xc6\xa8QC\x988\xe2\
\xe7\xef\xc5\x9f\xeb\x86WI\xad\xd3u\xab\xd4261\
{\xf7\x1d\x84^o\xc4\xd0a\x03Y\x80\x08\x82&\xe6\
\x0f\x85\xb6\xb0\x13\x80\xa3\xc4\xf0\x11\xc3!\x88\x8e\x22(\
(\x84\xe3\xf8\xc23e\xc89q\x9a\x17\x8b\xc8#\x14\
\x89\xdc|\xe3\x1d\xd8\xb8q\x1d6\xfe\xf4\x03\x1e(:\
\x8d[n\xba\x0d\x0a\xc9@d\x04g\xa3_@\x07 \
LGc\xc9\xd7hjj\x84L\xe4\x0f\xbb\xc5\x956\
\xa6{q-\xa0\xcb\x94\xb1\x93\x0d\x01\xb3g\xcf\xc6\xb2\
e\x1f\xf7r\x14~o\xf1\x7f\xaf\x0f\x81\xf8\x9f\xe1\xf9\
\x7f\xfe\xf9\xe7\x981c\x0622Sa\xe8\xb6\xf3\x0e\
d\x09f)&\xce\xb7\x04Y'[\xf1\xe9\x8fg\xb0\
\xe0\xd2\x85\x88\x0c\xf7B\x98o\x0bDb\x15\xde\xfe\xf8\
S^\xfcK/\xb9\x0cK\x1fy\x1c\x1d\x1d\x9d\xc8>\
x\x04\xcb>]\x81\x0d\xeb\xb6#11\x05\x8333\
\xa1R)\x91\x94\x9c\x08\x7f\x7fo\x98\xacv\x98\x89\xfc\
\xc1tr\x11\xdaZ;\xd8\x11<\xff\xe6\xcf\xe1\xfc\xf5\
\x08\x81Z\xa7\x86\xb7\xbf\x17,\x14\x22\x8a\x7f\xbe}7\
C\x99\xdeC8=\xd1\xc5\xab\xab\xaa\xd1\xd9A)g\
\x97\x16\xd1h\xd5hll\x84\xbe\xdb\x0c\x99R\x84\x84\
\x94\x08L\x9f6\x01\x81A\x81l\x22\x1cv\x11|}\
\x030t\xc8p\xa4\xf4\xeb\x8f\xd8\xd8D\xfe\xfb5W\
/\xc1K\xcf\xbf\x03?\x1fo\xbc\xf5\xf6K\xd8~\xb8\
\x13G\x9b\xc6\xc2\x08\x15d\x0a/\x04\xc7\xce\x86B\xad\
\x83Lj\x82\xd5F|\x03\x13\x0a\xcf\x94\xa2 \xbf\x04\
UU\xf5\x9c.W\xa9\xe4\x80C\x84\xe1\xc3F\xa1\xba\
\xba\x96ad\xf7}^h\xe1\xdd\xc9(\xba\x1f*\xbe\
u\xf3\x0c\xfe\xa9\x1a\xc0M\x90\xd8\xb1c\x07\x96>\xfa\
\x84\x8bq+\x22\x5c\xdfE\xd0 \xc1\xd3\xe9\xbc!W\
k\xf1\xc3\x9e\x02\xf4OK\xc7\xf0a\xe9h\xec\xb0\xa2\
\xb5#\x1e\xef}\xf2>\xca\xcb\xcbq\xdf\xddK\x11\x12\
\x1c\x8ae\xcb\xbe\x81L\xea\xa2]GEEC!\xd7\
\xe1\xd0\xc1<\xde\xad\x1e\x9e*f\x12\x89\xe4\x80N*\
\x85\xcd\x06\xde\xfd&\x93\x0355\xb5\xcc\xd2\xf9\xb9\xc2\
G\x0c\xa5B\x0c\x22\xe7\xd0}\xf7&S\xb8\xc8\xe3\x97\
\xb4-\x91\xc8UC@\xbbZ\xaa\x06\xbc<=\x11\xe0\
\xeb\x07\x85\x5c\x8e\xbcS\xf9\x18;i\x08\xcb1-\xb4\
AoDYY\x15\xb4\x1a5\x0a\x0a\x8a\xb9\xa05\xff\
t)j\xaa\xeb\xe0\xe9\xa5ATd\x14\xc4\x22)\x94\
J\x0d\xf3\x17\xec6'\xec6\x0bb\xa3\xfb\xe1\xd1\x87\
\x9f\xc7\x1bo\xbf\x80\xf7?x\x05MM\x0b1a\xe2\
d\xc8\xa5f\x08\xba\x08\x84\xc5N\x83E\x5c\x05\x83\xa1\
\x1bY\x07\x0e\xa1\xb9\xb9\x83\x09\xac\x84\xf3\x93\xf9JH\
\x88CRR\x0c\x12\x12\xe3\xf8\x1e\xb6m\xdd\x8e+\x17\
]\xc1\x85,D u\xad\xbc\xeb\x1e\xdd\xb5\x11$8\
\xd7/\xb9\x1e_.\xff\x12\x8b\x17/FTT\xd4/\
\xcc\xc6\x9f\x16\x00w\xc2b\xf5\xea\xd5hll`\x0d\
\xe0\xb0\x8b\xa1T\x8a\xd1\xda\xd6\x89\xb6\x96v\x0e\xd3b\
\xe3#\xa1\xf1\x1d\x84]\xdf\x1c\xc6\xc2EW1]\x8a\
\xd2\xb9o\x7f\xf4\x19\xce\x96\x14\xe1\xc5\xe7\xdeDDD\
\x0c;O\xa3G\x8f\xea%V\xc4\xc4\x84\xe1\xd0\xa1\x1c\
|\xb9l\x15\xea\xeb\xea\x98\xd5[x\xa6\x10\xf1\x09\xb1\
\xc8\xc8\x1c\x80\xa8\xe8\x08\x04\x07xC\xdf\xe5\x80\xcdj\
cHU\xaa\x14CKt\x18\x11PS\xd9\x80\xb5\xeb\
~\x82\x9f\xbf?.\xbbb&L\x06\x97\xb3\xea\x16\x04\
\xf7\x10\x9c\x02\x94\x1a1\xdey{\x19\xc3\xcfc\xc6\x0e\
A\x80\x7f\x00\xccf\x0b\xd7\xee\x9d),F\xf6^\x05\
\x9c\xb0\xa1\xac\xac\x1a\x05\x05E8z\xf4$\xba\xbb\x0c\
0\x9b\xad\x0cs\x87G\x84a\xea\xa4\xd1\xc8\x18\x94\xca\
\xdc\xc0\xea\xea:\xd47\xb60\xdcM\xc3f\xb7\xa2\xa3\
\xc3\x02\x9d\xd6\x1b\x0f\xdc\xfb8^|\xf9\x19\xacY\xb3\
\x9a\xef966\x0e\xb1\xb1\xb1Ph#\xe0\xed'\xc5\
\xad7\xdf\x04\x85L\x85K\xe6_\x85n\x83\x81Y?\
\x06\xbd\x19G\x8f\x9cDEe\x15\xa6\xcf\x1c\x87\xc5\x8b\
\xaf\xc5=\xf7\xdc\x83\x98\xe8h\x0c\x1f9\xfc\x17kc\
6\x99\xb1s\xe7.<\xf9\xe4\x138v\xfc\x18\x82\x03\
\x83\x19~?\xff\xde\xfft\x14\xe0\x8eAO\x9d:\x85\
\xc1\x83\x07\xe1\xa6\x9bn\xc1[o\xbd\x81\xd6f#\xf2\
\xf2\x0aP]]\x0f\xbb\x95\xc8\x13\x0e\xf8\xf8\xe8p\xf7\
\xbdw\xc2\xc3S\x87\xdbn\xbd\x85\xcd\xc2\x17\xcb\x97\xe1\
\xc8\xd1\xc3x\xea\x89\x97\x91\x10\x9f\x02\x95J\x811c\
\x87\xc1\xc3K\x09\x81\xec]\x8f\xe5hi\xee\xc4\xbe\xdd\
Y\x88\x8b\x0a\xc7\xde=\x87\xd1\xda\xd5\x89\xfa\x86&\xb4\
\xb4\xb42\x9d*22\x14\xc1\xc1\x01ho\xedr\xed\
\xda@_\x0e\x07\xdb;\xdaywvvu\xe3\xfa%\
\x97c\xe6\xecq\xe7\x08@\xdf!\x08\x023\x85v\xef\
:\x80\xe5\x9f\xaf\x81\xc1`d\xfb\xadR\x10_\xd0E\
\x07\xb3\xda-\x8c\xd7\xd3$R\xb6\x8e\xfe\x8d\x8b\x8f\xc6\
\xcc\x8b&ph\xe8\xe5\xa5&\xf6&\x9cV\x97\xd5#\
\xcdGn\xc3\xb6m\x07Xk\x05\x05\xf9\xa0\xb1\xb1\x05\
\xf5\xf5\xad\xf0\xf3\xf3AII\x09\x8a\x8bNc\xef\xde\
m(\xaf,\xc5\xa3\x0f-\x85\x87\x97\x07\x8a\x0a\x8b\x90\
\x9d\x9d\x8dS\xf9yx\xf3\xb5\x8f\xe0\xe1\xe1\x0b\xab\xdd\
\xca\x14u\x9a\x10\xaad\xa2\xf7G\xc7\x86b\xce\xbc\x19\
(\xaf(\xc5\xad\xb7\xdc\x8aQ#GA&\x97\xa3\xa4\
\xb8\x84+\xa1N\x9e<\x89\xa2\x92B\xf8\xfa\xf8\xe1\xc9\
'\x9e\xc4G\x1f}\x84\x03Y\xfbYX\x7f\xa1\xfd\xfe\
^\x01p/>]\x0ce\xa9\xfc\xfc\x02\xb0s\xc7n\
H%r\xec\xd8q\x00\x1d\xedzN\xb4\x08\x0e'<\
=<\xb0~\xc3*,\xfb\xf2]\xdc{\xf7}HI\
I\xc3\xc6\x8d\x1b\xb0f\xed*\xdcs\xe7#\x18=r\
\x22\xef\x92\xd1c\x87!>>\x0cz=U\xf9\x90Y\
\xa1\xa4\x89\x08\x1b\xd6oC\xa0\xa7'F\x8d\xcb\xc0\xd6\
\xcd\x070`\xf0\x10v\xd2\x8e\x1d\xcdAUe=J\
J\xca\xd0\xd8\xd8\xccN\x9d\xd3!f\xd4\x8c4\x81J\
\xad\xc0\x80\x81I\x981k\x12\x82\x02}aw\xfc\xf6\
-\x0a\x02e\x12E\xa8\xadmEuU=jk\xeb\
QXP\x84@\x7f_8mvt\x18,\x984e\
$\xe0\x94\xa0\xae\xba\x06\xfd\x92\x22q\xfc\xe4i\x8c\x1a\
;\x12\xc1a>0\x1b\x9cp0\x99\xb4\xa7\xb8\xd4)\
@\xad\x12\xa3\xe0T\x19\xd3\xbf\xe7\xcc\x9b\x02\xbb\x05\xd8\
\xb8e\x07\x06\x0f\x1d\x84\xc6\x86&\x9c-*Cww\
;\x1eZz'\x87\xa0\x8f>\xf4(jj\xea8B\
\xf9\xfa\xdb\x15\xb8\xf2\xf2\xab\xf0\xec\xf3\xcfc\xef\xaeC\
\xe8\xee\xd6CNE,b\x11W\x1aGE\x87#m\
`\x02\xee\xb9\xe7.\xac\xf8\xe6\xcbs\xeeE\x22\x92\x22\
.>\x1e7.Y\x82k\xaf[\x8c\xca\xf2\x1a,\xb9\
\xf1:\x1c=~\xf4\x82\xf7\xfe\x87M\x80\xbbb\xd6E\
^\xe8\xc6\x94)S8<\xda\xbcy+S\x9awl\
?\x88\x8e\xf6n\xa8UZ.\xb7re\xbd:\xb0a\
\xd3j\xa4$\xa7r\xfcN\x91\x02-\xfe%s\xae\xc2\
\x88a\xe3\x10\x18\xe4\xcff\x82l/\xd9tZ|\xfa\
\x1e\xa5R\x82\x93'\x0b`\xd0w#ud:\xd3\xb7\
\x09=\xabo\xa8Gzf\x02&N\x1e\xe6r_\x05\
`\xdf\xee\x13hknEg\x87\x9ecq_?/\
\xb6\x89\x1e\xde2\x9etr\xfc~7#&\xa2H\xc2\
\x89\xa0 _\x84\x86\xfa\x02\x92\xfe\xf8i\x9d\x12C\x07\
\xc6\xc3C+\xc7\xfa\x1d\xc71pP2\xea\xeb\xdaQ\
]S\x86\xe8\xd8\x00\x16\x92-\x1bw`\xf2\xd4\xb1\x08\
\x8f\x08\x84\x81\x1a\xf8\xb8?\x8f\x19A@pH 7\
\xc3\xa8\xa9jFh\xb8?\xcf]Wg'22\x13\
8iSt\xa6\x1c\x8f\xdc\xff,\x9ez\xe1A|\xfc\
\xc9\xc7\xec w\xb4w`\xe8\xe0\xe1X\xbdv\x15\x1e\
{\xfcQ\x5c4w\x22\x8e\x1f9\x85\xc2\xc2R\xc8\xe4\
\x0a\x8ev\x1a\x1a\x1a1L5\x18_}\xbd\x1cO>\
\xf1\x14\x0e\x1f9\xcc\xc4\xd9\xa0\xe0`DGG\xc3\xdb\
\xcb\x0bJ\x8d+\x8c8\x9c}\xbc7,\xbe\x10p$\
v/\xec\xaf2Xz\x9e\xa77\xd2\x0dP\xb3\xa3\xb4\
\xb4T\x9c<\x99\x83M\x1b\x7fBhh \x9a\x1a;\
\xd0\xd2\xdc\x0a\x95B\xc5\xd2OU\xbe\x84\xd5\xef\xd8\xf5\
\x13\xda\xda\x9b0|\xd8H\x94\x95\x96\xe1\xeboV`\
\xec\xe8)\x98?o\x01\xe2\xe2\xa3\xd0\xbf\x7f\x12\x0b\x0b\
\xf5\xcbqU\xea\xb8\x16\xbf\xb6\xa6\x099'\xf214\
=\x0d\x9e:\x15DN;4j\x15:[;8\x04\
\xd3\xeb\xed\xd0w\xd99\x9fN!WZ\xbf\x04D\x84\
\x04\xc0j1\xc1\xdbW\xc9\x04\x8b\xd6F\x03/~\xdf\
\xdb:\x9f\xef\xdfw0\xc7\xce\xe2\x84A\xef\x80\xd9\xe8\
\xe4\xfb\xe8hk\x83H.e\x82hSC\x07\xf4]\
\x06h5\x1a\x88d\x0a\x8c\x1a\x99\x81\xf8\x980\xec\xd8\
\xba\x0b\xa5%\xd5\xd0\xa8$\x902\x8f\xd1\xe5dZ\xed\
Nx\xf9j\x10\x11\x15\xc6\x82K\xce\xab\x97\x87\x07\x9a\
\x9bZ\xd8\x89KI\x8d\xc7\xa0a\x03\x10\x9f\x90\x8c\xbb\
n{\x10g\x8a\x0b\x91}\xe8 \xfb?qq\xf1\x8c\
\x7fl\xdc\xb8\x11r\x95\x14\x83\x06\xa5c`z\x7f\xae\
]\xb4\xda,\x88\x89\x89b\x8c\xc5\xd0iGtt\x14\
\xaeXt\x19\xe6]z1F\x8c\x1c\x02\x7f?*\xb7\
\x93\xa2\xad\xc9U\x1e\xb7o\xff~\xde\xa04.\xd4g\
A\xec\xf6\x1a\xcf/\x83\xa6\x17\xbbC\x09z\xbe\xa1\xa1\
\x01w\xdey'RSSa\xe1t\xe6\x01\x0c\x1a4\
\x00\x06\xbd\xabH\x92\xca\xae\x08$\xb1X\xcc\xcc\xaa\x89\
\x8b\x8b\xc0\xae\xdd\x9b\x18\xb8\xd0\xe9\xbc\xf0\xe5W_\x22\
2\x22\x067\x5cw\x0b;ri\x03\xe2a4\x9a\x18\
\xf8p\xb5\x85!\xfa\xb7\x04--\x9d\xd8\xbb\xf7 \xe2\
#C\x91\x18\x13\x02'U\x0f\x0b\x80\x9f\xaf\x17\xda\xdb\
:`\xb5\xba@\x0d\xb7'K\x9e\xae\xe0\xb4 8\xd0\
\x1b\x15e\xaeBPJ\xa9\xee\xde\xb5\xaf\xb7\xc6\xce%\
\xf9\x84\x1bX\x99\x8f\xffk\xe8\xa9\xa8\x87\xf9K\xc8!\
\xed4b0\x89uZxyj\x90\x9f\x7f\x0a\xa7O\
\x9f\x82 XQ]Q\x85\xce\xcev\x8c\x1e\x95\x81\xa4\
\xb8(d\x1d<\x8a\xc3\xd9y0\x9bL\x90\xc9\xc4\xec\
S\xb8H\xad\x02O~{{\x07\x7f\xbe\xaf\xaf7\xf4\
\x06=;\xc2f\xb3\x13\x11\x91\x81\x18<4\x0d\xa3F\
\x8e\xc5\xc2K\x16a\xeb\xce\x9fPV^\xc2\xbc\xc0\x98\
\xe88|\xfa\xd9\xa7h\xaam\xe3\xebMMI\xc2\xb4\
\xa9\x130u\xf28d\xa4\xa7A\x10\xc4\xbc\xb3)\x0a\
2t\xd9X\x18\xc8!\xb6Z\x04\x8e<||5(\
-\xa9\xc4\xc7\x9f|\x80+\xaf\xb8\x82\xbf\xffB\x9b\x5c\
J\xa5\xd7\x94\xba%,;00\xf0\x9c\xc9\xa0\x9b\xa0\
\x09{\xe8\xa1\x87\xf0\xee\xbb\xef\xf2\x04.X\xb0\x00/\
\xbf\xfc:;`.\xccZ\x02O\x9d\x16\xa9\xa9\xfdp\
\xb6\xa4\x9cc\xe5Q\xa3\x87`\xf3\xe6-\x9c\x01\x9c6\
u&\x93*\x0c\xc6n\xdc}\xe7\x83HJJ@j\
Z2\xabH\xde-=\xc5\x0b\xe4\xe7\xb4\xb5vb\xd7\
\xae\xbd\xf0\xd0(0bh\x0a\x04\xc1\xc6(\x1dyT\
\xe4\xf1\x1f\xc9=\x83\xd6\xd6\x0e\x04\x04x\xc3b\x15 \
\xd8\x9dp\xd8\x1c\x5c8\x12\x15\xe5\x87c\xb9\x05\xa8\xad\
i\xe7\x09kinC~\xee\x19d\x0eM\xe5&\x0d\
\x0a\xa5\x14\xa7\xf2J8\x8e\x9f2\x95\x0a0\x7f=c\
N\xa6\xcd`\xeaFu\xb3\x0d\x87W\x1e\xc5\xd9\x92*\
t\x18\xba9\xcc\x95JD\xd8\x97\x05\xce\xe3\x07\x07\x07\
!&\x22\x16\xa1\xa1>(-;\xcb\x02\xa8\xf3\xf1B\
l\x5c$\x82\x02\xfd!\x97)\x11\x1e\x16\x8a\xd3\x05\xa7\
\xd1\xddjf\x80\x0bU\x14\x9b\x93\xa3\xe8\xd28\xde\xbe\
\x9e\x18<4\x1db\xf1M\xa8\xa8<\x8b\xbd\x07v\xf3\
F!T\xf1\xd0\xa1,l\xdf\xba\x1bS&O\x82\x87\
\x97\x16\x1e\x9e\x1e.d\xb2\x8fO\xe3\xda\x08?\x87u\
T}\xa5\xd2HP\x5cR\x861c\xc70\x5c>g\
\xee\x9c^~\xe1/\x04\xc0\xdd\xad\x8b\xda\x98\x11\xcaD\
\xedY\xa8\xd4\xaa\xba\xba\x9a\x9b\x1e|\xfb\xed\xb78s\
\xe6\x0cf\xcc\x98\x89g\x9fy\x9eI\x13v\x1b\xa0\xef\
$\x7f\xc0]'/\xa0\x7f\xffD\xc4\xc7\xc7B\xad\x96\
\xa2\xe4l\x05\x9ez\xeaI\xc4\xc7%r,|<'\
\x1b\x0b/\xbd\x0a\x17]4\x1b\xf1\x091\xfcz\x9a\x00\
\x82o\x19\xe7\xe6\xd2/\x13\xb6\xfe\xb4\x03*\xa9\x14\x13\
\xc7\x0cf\xc6-%\x94h1\x9d\x0e;T:%\x82\
\x03\xbd8\xc2\x08\x8e\xf4\x81\x5c\x90@\xa2\xa2$\x0da\
\xfe\x802\xd0\x1f\x91\xe1\x018z\xe8\x18RR\x12\xa1\
\xd3hPt\xba\x88\xb1\xfa\xc8\x98 \x9e\x18\xa5J\x89\
\xea\xaa\x06\xe4\xe6\x9eAFF?^\x80\xbe&\xc1U\
\x83(Amm3\xce\x96\x9fA\xf6\xd1:\xc8\xe42\
\xee\xf5C\xfd\xfc\xc8\xf1mlh@GG\x07j\xeb\
\xebp\xea\xf4\x19\xe4\x17\x16\xc3\xdf\xc7\x07\xfe\xbe~\xf0\
\xf2\x0e\x83\xcdh\xc4\xc1=\xfb!W\xc8\x11\x11\x11\xc9\
~\x0e\x85\x86\xcd\xcd\xad,4\xa4\xb1\xdc\x9a\x98|\x1e\
\x9b\x8d\xcc\x9e\x12\xa3\xc7\x0c\xc7s\xcf\xbc\x8cK\x17\xce\
\xc5\xb1\xe3G\xb8'\x82\xc5bEyu\x0dN\x9f-\
\xc3\x98q\xe9\x1c\x1d\xd1\xdc\x0b\xb6sA,\xf7`\xc6\
\x91T\xc4\x9a\x95R\xd36\x9b\x09\x9b7gA\xe7\xa1\
\xbb\xb0\xca#\x01 \xce\x19i\x80\xfa\xfaz,[\xb6\
\x8c\x1ftAn\xe4\x88\xea\xf16m\xfa\x093fL\
\xe5\x92TR3\x04\x9b\x92\xb7\xddw\xd0\xc5\xaa4r\
\x94W6`\xf5\x8f\x1bP^~\x16\x0b\x17^\x81\xbc\
S\xb9\xf0\xd0y\xe3o7\xdf\x8a\xe4dJ\xe4\xfc,\
\xbd\xa4\xfaiw\x1e:t\x14\xfa\xeen\xa8d\x0aL\
\x1e;\x04\x1a\x95\x14\x02\x17\x8b\x90\x1aur\x05\x0f\xe5\
M\xfd}\xbd\xb1;\xfb0j\x1a\xca\xd0\xd5\xa5\x87\xb7\
\x97\x0e\x95\x15\xd5ho\xf3\x81X.\xa0\x7fj\x02\xb2\
\xb2\x0b\x18B&P\xc6\xdb\xd3\x9b;\x92@4\x0c1\
q\xc1\x08\x09\x0e\x80N\xe7\x81\xfcS\xa7\xe1\xe9\xe9\x81\
\xb8\xd80\x98\xcc\x04\x8c\xb8``\x85B\x82\xd2\xd2J\
\xacY\xf3\x03\xcc\x16#F\x8c\x18\xc9\xbd\x01\x82CC\
~1q\x0d\xf5\xf5(/+\xe7\x90\x8ez\x10\x14\x9f\
=\x8b\x8e\xc0.\x0cL\xe9\x8f\xb4\x94ahhl@\
mm\x1d\xcaK+a\xb5\xdb\xd9q\xa6\xef&-J\
s\xc0\xa6\x89\x85\x1fp\x08dn\x9d\x18?m\x04\xee\
\xbe\xf3^<\xf1\xf4R\xa4\xf6O\x81J\xab\x81\xa7\xc5\
\x80\x86M\xab\xb0\xff\xc4Ax\xc7\xc5 0\xb9?\xfc\
\xe2\x22`\xd1sm\xf8\x85W\xd5)B\xff\xfe)X\
\xb3\xee4\x16-\xba\x12\x8b\xafY\x8c\xe1#F\xa0_\
\xbfd\x17\xfb\xfa\xfc0\xb0\xa0\xa0\x00\x13&L`L\
\x9d\xb4\x00\xb1V\xc9N-\x5c\xb8\x88;f\x10\xcaJ\
;\x9e\x91&J\x8f\xba\x93\x0b=\x89\x0b\x1a*\xad\x18\
ug\xabqt\xf7>\x1c?\x99\x83\x8fW}\x899\
s/\xc7\x8a\xaf\xbe\xc0\x03\x0f<\x80'\x9e~\x04\x86\
N\x0a\xf3\xe8}.\x9bL\x9a`\xfb\xb6]h\xaao\
BH\x90?&\x8e\x1b\x0c\x95B\x80\x93Z\xad\x11\xb7\
\x96P=\xa5\x12m-\xad\xd8\xb9g\x1f\x8a\xab\xaaa\
\x87\x83\xd1B\xa5J\x03\xab\xc5U\xb0i\xd0\xeba1\
\x18\xe0\xe3\xeb\x8b\xd8\xa8\x04tu\xd9 \x11\xc90~\
\xdc\x10\x94\x14\x97\xa1\xa8\xac\x0a\x83\x87e\x22%%\x0e\
'\x8e\x17\xa2 \xbf\x10r\x85\x04c\xc6\x8e@h\x98\
?\x8c\x06;k\xae\xda\xda\x06|\xb6\xecSh4J\
\x5cr\xc9\x5c\xc4\xc6\xc7\xbav\x96\x83\xea\x90\xceU\xbb\
}'\xb1\xae\xb6\x0e;w\xecBaQ\x11\xcf\xc7\x84\
\x91\xa31i\xd2xX\xf4]\xe8\xee6\xe3La5\
\xa8oD\xff\xb4~\xc8>t\x14S\xa6N\xe2y\xec\
[\xaf#'\x86'wH1\x22\xb5\x7f\x7f\x04\x84\x05\
aFX8b\xf4]\x90\x10\xaa\xa9P\xa0\xb3\xa1\x01\
2\x0f/\x0c\xbd\xf96$N\x9d\x01\x1b\xc1\xd9\xe7\x99\
1W3.\x11\x94\x1a\x11^y\xe9u\xbc\xf4\xf2\x0b\
\xdc\xdf\x80\x22\xa3\xe7\x9ey\x1e\x0f>\xf4\xc09\xacc\
)\xd9x\xa2!\xadZ\xb5\x8a\x17?++\x0b\x1f\x7f\
\xfc1w\xc3`a\xb2\x03\xdd\x9dvH\xc5.G\x91\
\x10Nb\xd0XMd+I\x85\x022\x85\x18\xa7\xd7\
m\xc0\xe1e\x1f\xc3i0!Z*\xc1\xdd#F\xe0\
\xac\xd5\xc2\x05\x1a\x97/\xbc\x1c\x15g\xeb9\x97\xcf<\
\xf7\x9e\x84\x11\xa9o\xa5\x5c\x8e~I\xb1\x182(\x15\
r\x91\x05\x025U\xa2p\xd0\xe1\x84H\xa5FMU\
5\xbe^\xbd\x0a\x10K\x91: \x15\xe9\xe9\x19\xcc\x01\
t\xd5\xef\xbb\xa0_\xbd\xc1\xc0U\xb69'O\xe2\xc4\
)Wf\xcdG\x17\x84\xe23%\x18=*\x13\x1a\xad\
\x02'\x0f\x9fDI\xe1Yf\xee\x90'o\xb6Zp\
p\xff!\x8c\x1c5\x14\xe1\x11\x01\xe8\xee6a\xed\xda\
\x1f\xe1\xe9\xa9\xe1\xf8\x99\xbav\x90cKN!\x17\x9c\
\x9e7\xd1\xee<\x089\xb1D\xd1\xba\xea\xeaE\xcc\xf3\
#\x10f\xcb\xae\x1d\x10\x89\x1c\x988~,\x14J\x09\
2\x15\xf1\xd8}0\x8f\x13Ito\x04Q\xd3\xfd\xf3\
\x0e\x14Q\xd4 B\xfe\xe9b6#!\x91>\x98y\
\xd1l\xfc\xb4\xee\x07\x0cLI\x86\xf7\x80D\x04\x0d\xc8\
D`b\x02\xacz=\x0awn\xc5\x81\xd7\x9ea~\
B\xcc\xe4\xf1\xb0\x1a\x1c\x10\xf5\xd1\xc6.\xfc_\xe0t\
\xfc\xfd\x0f\xde\x83\xc3\x87\x0ec\xf5\xda\xef\xf9^\x02\x03\
\x5c>^_\xe1\x15\xd3n'\xcf\x7f\xcc\x9818x\
\xf0 \x87d\x14\xe3_v\xd9\xe5X\xb7v\x13\x8aK\
\xca\xa1\xd5I\xa1P\x89 S\x00\x07\x0f\x1e\xc3-7\
\xdf\xcb\x00\x8cL&\x82X*`\xff\xab\xafb\xff+\
/ r`\x1a\x86.\xbe\x16IS\xa7\x22J*\xc6\
E\x09QX\xbfi\x03\x02\x02\x02q\xfcx\x9e\xcb\x03\
\xef#\xf9t\xddZ\xb5\x96\xfb\xdd\xca\x95\x128Y\xa0\
\x5cU\xb6\x22\xb9\x025\xd55\xf8\xfc\xdbo\xe0\x1b\x14\
\x84\xbb\xee\xb9\x1b\xb3/\xbe\x18\xe1\x11\xe1L\xffve\
\xcc\xe4\x0c\x1dS\xb7Mj\xe5r\xe9\x82\x05\xb8\xf5\xb6\
\xdb\x90\x92\x96\x8c\xda\xc624\xb56@,\x16\x909\
0\x01S&dB\xa7\x90\xa2\xb0\xe04\x17fP\xb6\
\xd1d\xb6r\xc4QVV\x83\x03\xfb\x0f\xa2\xa6\xb6\x12\
s\xe6\xcc\xe1\xc5\xe7\x86\x8f\x92_o]\xdb\x9b\x8ds\
7v\x12\x801\xe3F\xe3\xc6\x9b\x96`\xf4\xa8Q\xd8\
\x9f}\x08\xf55u\x10\x9cb\x8e*\x08\x11\xa4\x18\x9f\
\x92Z\xb4\xd9\xdd\xe1\x22=w\xe6t\x11\x0e\xec\xcfB\
YY\x19\xab\xe8\x8b\xe7\xcd\x83\xb4\xab\x03\x0a\xad\x1a\xe3\
\x9e|\x0aR\x99\x0c\xeb\x1ey\x02Z_\x1f\x8c}x\
)2.\x99\x8f\xc3\x9f\x7f\x00{\xb7\x19\x12\x82\xbe\xcf\
s\xee]\x1aJ\x0c\x93\xc1\x06\x95Z\x83\xc1\x83\x87`\
\xc3\xbaMX|\xdd5=\x91\xd1\xcf\xce \xeb\x01w\
\xaf^\xd2\x04DA~\xf9\xe5\x97\xb9\xbf\xed\xf7\xdf\xaf\
\x84\x5c\xa6\xc6\xb0\xe1\xc3\xb9\xd0\xb2\xab\xab\x13\x06\x83\x1e\
#G\x8d\x84SppF\xec\xd0'_\xe1\xec\xb6M\
\x18w\xdf\xddH\x9a2\x05\xd0x\xc2PV\x81\x9aC\
\xc7`\xc9/\xc0\xf8\xbb\xee\x85\xde\xde#\xe9\xe7])\
\xfd\x16\x14\x12\x88\xc2\xfc\x02\x08V+/\x16\xbf\x86R\
\xc96;V\xaf[\x87\xe8\xc4\x04\xae\xc9gA\xed\xd9\
\x91\xe7K\xb1{2\xe9/\x01\x81\x01\x987w.<\
\xb4\x1e\xc89~\x0c&\xa3\x81\xb5Lh\x88\x1fB\x83\
\xfc\xd0P\xdf\x86\xba\xc66t\x1a,\x9c\x11lij\
\xc5\xae\x1d\x07P\xdbX\x8a\x01\x03\xd2\x10\x1d\x1b\xc5\xc2\
q\xbe\xc7\xec\xae\x18\xe7\xeb;/\x80\xe0r-\xc1\x01\
\x87\xc5\xc6\xb0\xf6E\x17\xcd\xe4\xbcEUM-\x82\xc3\
BX\xbdSh\x5c^Y\x8d\xd0\x90\x00W1+\xdd\
\xa6D\x0c\xb3\xd9\x8e\x8a\x8ar\xd6hd\x1eEv\x11\
2\xd2\xd3\x11\x97\x90\x00cW\x1bl\xadm\x08LN\
\x82F-\xc7\x86\xc7\x97b\xf6\xcb\xaf`\xe0\x15\x8bP\
\x92\x9d\x85\xf2\xec}H\x9a6\x05\xc6n\x17\x01\xc6=\
\xa8\xee\x906\x06\xc9\xe5W_/\xc3MKnEu\
MM\xcf\x0d\x90\x07\xda'\x0b\xea\xfe\xc1\xdd\xfc\x88v\
\x17\xa5\x0f\xeb\xeb\xeb\xb0e\xcbOHH\x8c\xc5\xbe}\
;\x91w*\x07\xbe\xbe>8z\xec\x08\xbe\xfe\xfaK\
DF\x07\xa1dO6N~\xfd\x19\xc6\xde}+\x92\
f_\x0c\xc1.\xa0\xe9\xe4\x09\xfcx\xcf\x83\x90\xaa\x95\
\xb0\x8a\xcc\xa8:s\x06\x1a\xad\xab=\x9b\xd1`\xe2]\
\xef\x0eG\xa9\x10\xc8\xcb\xdb\x0b\x06\x8b\x89A\x16\x9a\x19\
R\xeb\x22\xa9\x1c\xab7\xac\x87C,\xc2\x82K/\xe5\
\xc5'4\xd0\xbd#/\x94\xefg\xa9\xef\xa9\xaee;\
<a<{\xfd\x04\xa8\x88\xa8$\xddj'\xa7\x03A\
\xa1~\xc8\xc8H\xc0\xf8\x91\xa9\x986z &\x8f\x1b\
\x8c\xb0@/8\x88^\xc6M\x22~\xe6\xf0\xf7\x91\xb0\
\x9f\x85\x8cT7\xf9&\xb6>\x0f\xab\x03\x22\xa2\xc5\x11\
\xc1O$\x86\xbe\xb3\x03N\xab\x15\x1a\x85\x82\xd8\xaf,\
=Z\xad\xb2'\x84\x0d\xe8\xcd\x92\xd3\xb5\xca\xe5\x12\xc6\
\xe8)\xfdL\xd0:\xc1\xca\xfe\x81:\x8c\x9eq\x117\
\x9f\xb04\xd6C\x17\x1e\x8a\x99\xcf>\x06\x07E\x13\x05\
\xa7!\xf7\x0fD\xec\xd8\xb1(\xdd\xbb\x83?\xab\xa7/\
H/\x03\x8a\xa0y\x22\xe3\x12 F\x82\xe6\xa1\xf3\xc2\
-\xb7\xde\x84\xb5k\xd6s\x1db\xdfv{\xe7\xb8\xf2\
n\xf0\x82\xd4\x1f\xa9\xedi\xd3\xa6\xa2\xa3\xa3\x0d\xf7\xdf\
\xff\x10\xf2rO\xe1\xbb\x95?\xc0\xdf\xd7\x17]\x1dV\
\xd8M\x0e\xe4\xae\x5c\x81As\xe7#a\xcal\xd8\x9b\
\xdb R)\xd1PT\x08e\xa0\x17\xc6\xdf\x7f\x07\x87\
B*\x0f/V\xfb.\x08\x93T\xf2\xcf\x8bFM\x0d\
<\xbd5\xd0yx\xa2\xb2\xa6\x91\xaaI \x96)Q\
[S\x83\xc2\x8aR\x5c\xba\xf02\xae\x22\xa2\x1d\xc9\xd5\
\xbe\x82\xa8\xe7\x81\xdf~\x10_\xdedbS\xa2\xa0E\
\x11z:\x81\x90\xf4\x11|H\x8bB\x0b\xea\xb4#0\
\xd0\x03\x93\xc7\x0dCp\x80?\x8a\x8b\x8a\x90s\x22\x97\
\x05\x8d\x05\x8a\x0a:\xe8\xfbD\xae\x9fE\xf4>zP\
(g\xb3\xc0i3\xc3i5\xb3$w\xb7\xb4 /\
\xfb0\x0aO\x9e\xc0\x9e\xed\xdb!qZ\x11\xe2\xef\x0f\
\xc1\xec*w\xb3YL\x08\xf0\xf3EhX\x08H\x16\
\xe9s\xc9\x7f \xd0\xa6\xb9\xa5\x15\x03\xd3\x07\xc0\xdf\xdf\
\x03V\xda\x15\x10\x10\x9c\x94\x84\xbc\xaa\x1aT\xec\xdc\x05\
\xbbQ\x0f\xb5\xaf\x1f\xe6\xbf\xf8\x22\x82\xfb\xa7@0t\
#n\xc80t\xd5TB\xdf\xd4\x01)\xb5\x08\xed\xf1\
\x87d2\x09\xf7a$b.u \xa1\xcb{\xe5\xf5\
\xe70m\xcaE\xec\xdbP\xde\xc4\xbd\xce\xbf\x10\x80\xbe\
\xaa\x95>\xec\xab\xaf\xbeBW\x97\x01O?\xf5\x0cb\
c#\xb9\xd3Vw\x97\x1d\x1a\x9d\x1c\xb5'raj\
k\xc0\xc0\xf9\x0b \x98\xc9\x16I\x08PG\xe2\xa8Q\
\xb8\xf8\xe5\x97\xa0oj\x83Eo\x86\xd6?\x903|\
!\xc1\xc1\x9c\xfb'$\xaf\xef\x0e\xa6\xb7\x85\x85\x85\xa1\
\xba\xb6\x89\x93-\x90\xc8\xb07\xeb\x00\xd2\x06\x0c@x\
x$\x9cvj\xe3\xe6\xaa\x9f?\x7f\xb8w\xe59\x8f\
\x1e3\xb3f\xf5\x1a\xde\x81\x1e>^\xaeE'\xea\x99\
^\x0fSs#\x8cMu\xb0tw@\x10\x09pZ\
,\x90\xca\xa5\x18?z8\x85D\xf8q\xedZlX\
\xb7\x01M\x8d\xcd\xbd\xa5\xb8\x14m8l$\xf4&\x08\
\x84LZ\xac\x10\xac\x16\x08T\x19J\xe1\xb2\xcd\x86\xb6\
\xfaz\xec\xdc\xb8\x09\xbb7nDQ\xeeI\x8c\xc9\xcc\
\x84\xb7\xd6\x13\x22*\x8b\xeb2\xa3\xa6\xb6\x19\xb1\x091\
P\xa9\x88\xe6\xed\xbaF\xf2\xa1N\x9c\xc8c\xe1\x0e\x0f\
\x0fa6\x13kb\x9b\x08\xe9\x03\x07#\xd7\xe9\xc0\xbe\
\x95\xabpv\xef^\x80\xf2\x00\x1a5\xe4Z\x1d\xe9x\
x\x04\x05r\x01pg]-\xf9\xe4}z\x1a\x01A\
A\xc1\xfc;U[\x11:k\xd2\xdb\xf0\xe5\x97_\xb0\
 \x7f\xf0\xfe\x07\xbd\xa8/\xcf\xff/f\xb5G\x13\xd0\
\xe3\xcd7\xdf\xe0.\xdeJ\x95\x145\xd5m\x1cr\xf8\
z{r\xba\xb3>\xef8B\xfa\xa5@\xe6\xef\x03\xa1\
\x8b\x1a,P@\xeb\x80B\xab\x81S,\xc1\x89\xb5\xeb\
\x11\x9a\x9e\x09\x85N\x0e\x8b\xc9\x89\xc8\xa8p\xe4\xe6\xe5\
\xa1\xac\xac\x12\x89I\xd1\xbd \x8c\xd5\x06\x84\x84\x06#\
?\xf74\xaa\xaa\x9a\x10\x1e\xe6\x83\x96\xf66\x5c2}\
j/v\xed\xaeo\xef\xdb\x02\xd9-\xb9T&\xd5S\
\x8e\xcb\xd7 \x96J\xb1u\xd3O\xa8(9\x8b\x1b\xae\
\xba\x92\x05\xc7b4\xc2\x5cS\x0f'\xf5\xecu\xd8!\
\x12\xec\x5c?\xaf\x89\x89\x86\xc2\xdf\x0fN\xb3\x01\xc9\x89\
\xf1\xb8r\xc1%\xd8w0\x1b\x07\xf7\x1f\xc4\x89\xe3'\
\x11\x1c\x1c\xcc\xa1\xb6\xa1\xbb\x13\x0a\xa9\x18r\x88\x11\x16\
\x1c\x82)\x13'@D\x0emO7N\xc1lEx\
P\x10fO\x9d\x82\x9d{wc\xf8\xc0t\x0cNN\
\x81\xc8b\x86\xc9!`\xef\xa1|\xc8\xd5\x1a&\x94\xd2\
\x22\xd3\xe2\xa8Tb\xe4\xe7\x97p;\xba\xa9S\xa7q\
8k\xa3\xcd!& \xc7\x8e\x94\xa48\xe8bbq\
T\x0cL\x92+I\x85\xc2\xa672o\xd070\x10\
r\xb1\x07C\xecV\x82\x96{\xda\xe8\xb8hm`\xc4\
\x91|\x80\x96\x16\xea\xc9 \xe1\xcd\xa9\xd2\xfa\xe0\xfe{\
\x1f\xc6\x86\x0d\x1bq\xd7=w\xf6n\xc2_h\x007\
c\x84:r55\xb5\xe1\xb6[o\xe7\x0d\x94\x7f\xaa\
\x80\x01\x1bV\xa5v\xa0\xbd\xb2\x0a\xc1\xc9I=\x06\xfd\
\xe7\xa5!\x98\xa8\xa3\xbc\x0c\x86\xca\x0a\xa4\xcf\xbe\x84\xd1\
+j\xa0\xa0\xd5)\x91\x98\x98\xc8\xb4k\x8b\xd9\x95\x5c\
\xa2\xddJf\xc0\xdbG\xc3U\xc0\xd9\xc7O\xc1`\xb4\
0\xa7\x9fqxZPR\x95lsi\xe7\xf5\xec:\
\x92\x9a\x9e\x9dH\x94r~\xf4\xb4\x89\xd9\xf9\xd36\xec\
\xdd\xb7\x17\xf3gNC(U\xd0\xd8lp\xe8Mt\
\x11\x14\xf2@\xa2VC\xec\xe1\x0dE\xa0?d*\x85\
+\xc4S\xc8\xe1\xb0\x98\x90\x90\x10\x8b\xc5W,\xc4U\
\xf3\xe7#5>\x11\x86\xb66t77\x22T\xab\xc3\
\x98\xfe\xe9\x90Y\x1dl\xdb\xddf\x80M\x82\xabC\x05\
\xc4V\x17\xb9#\xc47\x00!^>\x90\xcaD\xe8h\
o\xc7\x91\xc3\xb90\x99-\xc8\x18\x96\x0e\x99\xdc\x15\x02\
\xab\xd5T\x19T\x8dC\x87\x8ep\xab|\xe2\x0b\x90f\
t+9&\xd4*\x80@_?\xa4N\x9f\x81\xe5\xbb\
\xf7!!!\x09q\x03\x07 e\xd8p\x5c{\xf5b\
W\x04\xa1\xa09\xa2\xe6\xd1.l\x86V\x80\xfe!?\
N\xa5T\xb3\xf6~\xf8\x91\xa5\xf8v\xe5\x0f\xfc\xb9\xd4\
v\xd7\x0d\xf0\xb9s)\xbf\xd0\x00nUB\xea:\x22\
\x22\x0a!\xa1\x010\xea\x9d0\x1a-p\xd8\x05\xce\xbe\
\x11\xae.#\x8e\x1a\x83:\xae\xb6\x05n\x95\x22\xf1\xf5\
\x87\xa5\xaa\x12?U\x94\xa3}\xe5\xb7\xb8\xe5\xa9'\xf8\
\xc2\xe8\x06SR\x92PZZ\x86\x82\x82B\x0c\x1e\x9c\
\x02\xa3\xc9\xe5Q\x13\x1c\x9a\xd4/\x0egK\xcf\xa2\xa0\
\xa8\x0a~>\x01X\xf5\xed\xf7\x98;w\x1e|=\xbd\
8\x1bH\x8e - \xcf\xa0\xc5\xca\xa6A$\x15\xa3\
\xbb\xab\xd3\x95I\x14\x89\xb0}\xdbV\x14\x16\x16\xe2\x92\
\xa9S\x90\x92\x18\x0f\xc1j\x04\x04\x09T\xfe\xfePz\
{\xb3\xc0I\xbc\xbc\x5c\xd7m21\x92fhm\x86\
\xcdf\x85WP0,\x9d]l\xffS\x86\x0dBJ\
b\x1c\xcc\xdd\xddp\x98\x8d\xd0(\xd5\xb0\x99,\xc8=\
y\x02C\xd2\x07\x11t\xc7\xe6\xc2f\xd2s\xaf~\xb1\
\x84\xba\x81\xb8\x84\xc1\xc7\xdf\x07{N\x15\xa0A/A\
}{\x1b\xfctZL\x9e=\x1e*\x1f-;\xe0T\
0\x9a\x9b[\x84c\xc7N >>\x0e\xa9\xa9)|\
\xff\xa2^\x06\xb3\x83{!\x8d\x1a3\x02\xa9\xa9\xe9X\
\xbfa\x13\xf6ee3\x9d+,\x22\x1eY\x87\xf6\xe3\
\x8b5k\x10\xa1\xf3@\x86N\x05\x99\xa7\x177\xa5v\
Q0\x9d=\xf9\x0a)w\x22\xcb/\xc8c\xfb\xcf\xeb\
Y\xf62222z\x9bh\xf6V\x18\xe3W\x06\xd5\
\xafS\xf5.w\xa0\xa26iVWsE\x8a\xe5\x05\
\xb1\x142\xa5\x1a\x96nJ\x90\x903\xe5\x84\xc4\xdb\x8b\
w\xd9\xf6M\x9b\xf0\xfc\xcb/aOn\x1eN9e\
\xb8\xe1\xe1\xc7z\xbaX\xd9\x99eC\xa1\xd6\x81\x83Y\
l\xebRS\x93X~\xa8\xb1\x91Z\xa3\xe2\x22\x8d}\
\xbb\x0e@.\xd7A\xdfU\x83o\x97/\x87\x87J\x09\
\xc1a\x87Z\xa3a\x1fDdwr\xdf\xfd)S\xa7\
B\xe6\xa1CY\xc1)\x1c;~\x1cj\x85\x06\x86\xee\
n,\x9a5\x1b\xd1q\xb1l\x97\x8d\xdd\x9dPj\xbd\
 \x91)!\xd2y2\xaa\xb5\xfb\xf3O 8m\x18\
:c\x0e\x14\x9e>X\xfd\xfaK8\xb5s+\x1e\xfe\
a\x03\xf2\xf7\xee\xc1\xb1\xf5\xab1\xea\xd2E\x182\xe7\
R(\x09\x02\xedq\x1akk*\xd9\xa1$F2}\
\xb6E\xdf\xcd~\x81J\xabfg\x92\x04\x93\xc8#D\
\xd8\xe8\xb48Q\xd2n@\x80B\x83\xfe\x833\xe0\x94\
\xcaPS\xd9\xc49\x04\xe2\x13\xb6\xb4\xb4 -\xad?\
\xd2\xd3S9)\xc6[\x9f\x01!\xea\x17$F[k\
;\xeaj\x9a8w \x16\xcb\xf0\xfaKo!..\
\x11\xa3\xc7\x8c\xc2\xa1C\x87\xf1\xce[O\xe3\xe9\xe5_\
`Xb\x12\xd6?\xf0\x1cl\x16\xab\xab'\x01s\x22\
\x1d,\xe8\x84\x93\xb4\xb4\xb6`\xf8\xd0!\xb8\xfa\x9a\xab\
\xf1\xb7[nC|\x5c\x02b\xa2c\xce\xd1\xf4\xbf*\
\x00j\xb5\x92S\x97\x84[\x13x`\xa741\x9bd\
\x11\xabu\x8f\x90P4\x17\xe6\xb9\x1a>\xa8\xd4\xd8\xb4\
v\x13\x9e{\xe5ed\x1f=\x02\xa9D\xc6\x89\xa0\xd0\
\xf00H\xe5b\x98\xcc\x0e\x0e?,V;\xe2\xe2\xa2\
8\xa9BeX\xad-\xed\xccn\xf1\xf7\xf7\x83D\xa3\
Ddd &N\x1a\x87#G\x8e#,4\x1e]\
\x1d\xcd\x10\xdb\xcc\x08\xf5\x0f\x82\xbe\xbb\x0b\xfa\xc6&\xc8\
E\x12\xf8\xf9y\xc3\xd9\xdd\xc9\x0b\xeaE]=\xa9Y\
Sl,b\xe3Fs\xc5\x0d\xac\x16t\xb5\xb6\xe0\xe3\
G\xee\xc6E\xb7\xdd\x81\x84\x91SP\x9a\xbd\x1f\xdb\x96\
\x7f\x84\xa2}\xbbY\x00\x0e\xac\x5c\xc1\xe6\xca\xdc\xd4\x04\
\x0f\x89\x0c\x1f\xdd|\x1d\xa7a\xbbk\xca\xf1\xd5\xd2{\
Q_\x5c\x84Y\xb7\xdc\xce\xbb\x9a\x82\x07\x9dV\x0bC\
w\x17J\x8bO#2,\x0cb\xa7\x1dJo\x0fF\
(\xc9\x1b3wv\xe2\xe4\x89\x93h\xac\xac\xc6T\xda\
iV\x05:;\xcc\xd8~\xe00,\xd4\xd1\x9bL\x86\
\x00x\xf9xa\xd2\xa4\x09\x8c>\xd2\xcewm\xc7\x9f\
\xb5/\x99\x09\xb3\xc5\xd4\x03I\xcba6\xd91d\xd0\
p\xd4\xd6\xd51\xb0\x94\x999\x1a_\xbds\x03\xee\xbc\
\xbf\x14_m,\xc6\xae}{0\xfb\xe29.\xd6\x10\
q\x17\xa8\xc9tOo\x06j\x9b'\x95\xc9q\xf3\xdf\
n\x85B\xae\xc2u7\x5c\xef\xa2\xe5\xfd\x96\x00\xb8m\
\x03\xe5\xfd\xeb\xebjq\xf2D\x1e\xd2R\x07\xf05\x9a\
\xcc&\xe4\xe4\x9c\xc4\xd8\x09\xc3\xe1\x9b2\x10\xf9\xeb\xbe\
\x03\x1a\xeb\xf1\xc9\xda\x8d\xb8\xff\xa1\xbb\xa0\xd5yb\xee\
\x9c+\xb9ycmm\x0d\xbeX\xfe\x19\x87\x22:\xad\
\x87+>\x17S\xebU\x01\x03\x07&s\xec\x9b\x9d}\
\x0c\xe5\xe5\xd5\x0c\xd5\xfa\xf8zA\xa3Q\xb3\x93\x15\x14\
\x1a\x8c\xe2B\x03|=\x830<.\x0ca\xa1\xfe\xb0\
t\xb5C\xa1Vs\x9cm5\x1a!f\xce\xa1\x1e\xe1\
~\x81\x98>b\x1c|\x03\xfd\x99\xbc\xe1\xb4Z`5\
9\xf0\xc3K\xcf\xb2\x1f\xb2\xe6\xe5\xe7\xa0\xf5\xfa\x08\xa5\
\xa7r\xa1S(0}\xd24h=\xb48v\xe4(\
_\xd3\x84\xf1S\x10\x12\x1c\x82u\x1b\xd7\xa1\xa1\xa6\x16\
\xb3g\xceBK[\x0b\xb2\xbf\xfd\x12\x81a!\x186\
w!\x1c\x9dm\xf0\xf6\xf5Atd\x18vm\xdd\x82\
\xa4\xf8\x04\x84\x86\x86A\xd5\xa5\xe6\xca\xa1\xee\x8eN\xee\
\xf8Ia\xee\xa0\xccA\xec\xeb\xd8;;\xd1\xe2kC\
C\xb7\x91j\xd4\xa1\xd5(QX\xd3\x81acF\xc0\
\xc7W\xcd|\x00\x06\xb5z\x10&\x17& E{{\
7>\xf8\xf0]TT\x95\xc1\xdf\xc7\x0fC\x06\x0d\xc3\
\x86Mk\x11\x19\x19\x83\x90\x90P\xd4\xb5\xb4@c4\
\xe3\xc1\x1b\xc7\xe0\x9b\xcd\xdf\xe0\xa7\xed\xdb\xd8\x89\xa4H\
\xc9U\x8fA}\x18\xf4l\x92\x1b\x9b\xea\x98\xc3H?\
_q\xe5\x95x\xe8\xe1\x071z\xcc\xc8\xdf\xf6\x01\xdc\
\x5cr\xc2\x01bbc\xb0|\xf9\x17x\xf7\xbd7Y\
E\x9f\xcc9\x81O>{\x07\xbbv\xee\x80_l\x0c\
\x8c^\xfeX\xb2\xe8\x0a\xd4KL\xd8\xfe\xe98De\
,Ei[\x08J\x8a\xf2\x10\x1f\x9f\x04\xbd\xc1\x8cm\
\xdb\xb6\xe3\xea\xab.G{\xbb\x9e\xd5\x12\xa1}&\xb3\
\x0d\x11\x91!\xf0\xf1\x9d\x84\xe6\xa6VF\xa9\x08\xcb\xaf\
\xafkDIA\x19\x13L\x02t*\x0c\x8e\x0d\x82\x9f\
\xa7\x16\x86\x96&W\x871\xbb\x00\x93\xa9\x93\xafSN\
\xc2@\x84M\xb3\x89\x17\x94}S\xb3\x05R\x0f/\x9c\
\xf8n\x05\x1aN\x9d\x84\xcaC\x075y\xeam\xad\x18\
?l\x14\xe2b\x12\xe0\xa5\xd3q\xac\x145'\x1ab\
jXE\x8c'\xa7\x13\xd3'OAsk\x0b\x22\x82\
\xc2\x90\x18\x9d\x08\xa5X\x86c\xeb~\xc4\xa0\xc93]\
\x0d%\x1dv\x0c\x1f<\x04>:\x1d\xb3z\x0e\xec?\
\xd0\x1b\x81\xf8\xf9\xf8\xf29@\x93'MF\x80\xbf\x1f\
\x1c\xdd]p\xc2\x81\xa0`\x1f~\xb0\xaf-\x91\xa0\xa4\
\xb6\xad\xa7?\x90\xea\x9c\xa8\xd6\xdd<\x93J\xde\xa8\xc6\
\xa2\xb0\xa8\x80\x05\xa3\xbc\xb2\x1c3\xa7\xcf\xc4\x8b\xaf?\
\xc5-`\x8a\xcf\xe6\xe3\xa6%\xb7@)n\xc6\xc9\x96\
\x18\xee\x0e\xa2TH\xb1\xe4\xc6\x1b\x18\xba\x9f;w\x16\
\xccf\x07\xa7\x9e\xadV;\x0a\x0arq\xd9\xc2\xb9\xbd\
}\x86\xa8\x9296.\xfe\xb7\x05\xa0\xaf#\xf8\xc0\x03\
\xf7c\xc9\x92\x9b\xf1\xdak\xafr\x92\xe4\x83\x0f\xdf\x84\
\xd9b@UU%\x92\x12\xe3\x11=o!n\x9e9\
\x11/>v\x1f\xe2\xe3\xc4\xe82Rs\xa6p&\x88\
R\xd9sxh\x08\xdey\xe7m,\xb8t~\x9fr\
'\x17\x0cf\xb59\xd8[\x8d\x8eU#!1\x1c\xe5\
e\x0d\xc8;\x91\x83\xcc\xb80(%\x22x\xabd\x8c\
\x11X\xba\xf5\x1c\xdbJe\x0a\xf6\x05\xc8\xabW\xeb\xb4\
\x0c\xee\x08N\xea6f\x85\xdaC\xcd\xf6\x8fR\xd4N\
\xa3\x01\xe5\xc7\x8e 4$\x18\x111q\x88\x8e\x8c\xe6\
\xddA\xc9\x13\x85J\x05\x95V\xcb\xe6\x88j\xed\x9cd\
3I\x00l6x\xd8\x02\x10\x16\x1e\x8d\xae\xf6V&\
f\x92\x09;]T\x84\xaa\x82\xd3\x88\xc9\x1c\x04Gw\
;\xc4\x10#>6\x011\x911\xdc\x81\x9c<j\xb5\
V\x0b\x85L\x0e\x7f\x7f\x7fW^\x80\x00\x22\xa2\xcf\xc9\
\x89\xe1\xec\xb2\xc7\xe4t\x12\xa6D\x82\xc6\x99P\x86\xb3\
\xdd\xd8\x05\xb8\xf4\xbb\xa9\xb1\x0d\xa7\xf2\xce\xe0\xc4\x89\xe3\
\xcc#\xb8\xfd\xb6;\xf1\xce\xbbo\xe1\xed\x0f\xde\xc4\x95\
\x97-\xe2\x10\xef\x8dw^A~A\x01\xbexa(\
\xe2b\xa9\xef\xa1\x0eqq1\x9c\x0d\xbdb\xd1|\x1c\
?\x9a\xcbt\xb2\xd6\x966TT\x94\xa1\xb6\xae\xba\xb7\
O\x03m\xec\x91\xa3F\xfdb\xad\x7f\x15\x07\xa0\x8b\x9b\
?\xff\x12\xdcq\xc7\x1dx\xf0\xc1\x87\xf90\x84\xc0 \
\x1f8\x1c\xa4\xba\xb3\x11\x17\x1b\xcf\x05\x9e\xb3g^\x82\
\x94\xf4\xe9\x90{\x17@\xd5\x98\x8d\xc8\xe8)8|x\
/\x1e}\x8c\x12Fu0\x99\xcd\xd8\xbdg\x1f&\x8c\
\x1f\xcf\xe9fW\xa2\x82\xb9h\x8c\xf0q\xd9\x95 \xe1\
Z<\xda\x8d\xe1!~\xb4\x95\x01b\xfa\x12\xf8B\xf8\
\xbaV\xc5\x9b\xc8B\x80\x13E\x02=\x1e\xac\xd5\xec*\
\x8a\xa0\xd8_ \xfa\x9aZ\x83\xaa\xfcS0u\xb6b\
\xc6\xb8I\x90H\x14p\x88\xc5\xd0xzB\xad\xd5A\
\xc6-\xd8z\xa0^\xb2\x81\xa0L_\x9fHX\x00t\
\xde\xfe\xb0\x18\x0d0\xe8;\xa1\xd2\xa8`\xa1\x9e\x84t\
\xcd\xae\xeeU\xfcn%\x91=\xa2#zr\xe3\x02G\
\x05\x04U\xb3'.\x96@\xacP\xf6x\xf5\xae\x06\xbe\
d\x9a\xba\xbaL \x93\xef\xe9\xed\xc9\x10\xb8\xab\x1b\x9a\
\x0b\xaa\xa5*\xa0\xe3\xc7\xf2\xe0\xa1\xf3d\x22NTd\
,\xe6\xcd\xbb\x14\xef}\xf0\x16bcb\xf0\xf2\x8b\xaf\
C\xa3\xf1\xc0\xa0\xccL<\xf0\xe8\x03x\xfcM)F\
\x8e\xf4d\xa2Lrr\x12n\xbd\xedo\xc8\xc9;\x89\
%7^\x8f=\xbb\xe9\x10J;>\xfe\xe4m\x8c\x1a\
5\x0c\xfd\xfa\xa7\xf4\xd6\x06^\xe8l\xc6\x0b\x0a\x80\x1b\
)\x22\x95\xfd\xcd7\xdfpj\x988j\x17\xcd\xbe\x08\
\xde\xde>x\xfc\x89\xc71\xe7\xe2K!\x93*p\xf5\
\xd5\xd7\xe2\xde\xfb\xef\xc1\xe3\x0f\xcc\x81X\xf0\xc0\xb7/\
\x5c\x83\x0d\x9b\xbe\x83\x8fO\x00\xbe\xfa\xf2[|\xbb\xf2\
\x1bl\xdd\xba\x05S\xa7L\xe4\xcfd\xae\x81\xbb\x0b,\
\x1d\x9a\xc0G\xc1\x80y\xf1\x0e1\xd0\xd4\xd2\x0a\x7f/\
\x0a\x99hR)u*u\xb1Z\x05\x1b\x1c\x0eJ\xb6\
p>\xda\xd5\xa9\xd3n\x87JC\xa6\xa0\x07\xa7\x97J\
QWR\x04\x0f\xaa\xf0\x91\xc89\x87\xee\x1f\x14\x081\
\xc3\xc1\x94b\xee{\x8e\xca\xcf\x82\xe0\xd6z\x9cg\xa0\
V+\x1e\x9eP\x05\xf8\xb0\x16\xe3\xd3?\xe84\xce\x9e\
\xb3\x0c\xa9\xac] \x87\x98p\x89\x9f'\x0c\x22\xe2U\
\xf6x\xf3\xa4\xae{v\x12\x04zN\xa1DeK#\
$Z54*9;\xd6D~mm\xed\xc2\xc9\x13\
\xb9\xa8\xa9\xa9\xe7\x05.-+A\xf6\x91=\xf8\xea\x8b\
\xefq\xe3M7\xe0\xf4\xe9\xd38\x92u\x1cj\xb5\x06\
\xb9\xb9'\x91\x97\x9f\x8f\x94\xc4\x14\xb4tJp\xe3\x9d\
\x0f@\xa3Q!,<\x94s\x1e\x94\xce\xcf\xc8L\xc7\
\x9bo\xbd\x81\x82\x82|T\xd5\x96a\xeb\xf6\x0d\xaeN\
\x22=\xe3B\x94\xb0_\xad\x0dtK\xcc\xa4I\x13\xf1\
\xc8#\x8f2Yq\xed\xdau\x18>|8:\xbb\xda\
\xf1\xd0C\x0f@\xa1\x10c\xd8\xb0\x11\xd0y(\xb1\xe8\
\xa6\xa7p\xc5\xcd\x8f\xf3\xe2\xa7\xa5f\xe0\xd5\x97\xde\xc0\
\xacY\xb3p\xc7\xedw1\xacJ\xfd\xf49\xa9\xe3\x0a\
%z\x87\xcb\x1b\x15A\xad\xa2\xe2K\x1f\xe4\x14U\xf3\
\x22\x10\x17\x90\xe2|%/\xb0\xebRU\x04\xe2\xf0M\
\xb8\x16\x9c\xec&\xc5\xe1.i\xa2\xd4\xac\x18b\xb9\x84\
3o2\xa5\x02^\xfe\x01\x10\xcb\xe4=\xe5`\xbf}\
\x86\x8a\xc8\xbd+\x98\x05\xed\x84 \xa2\xd26\x99\xeb\xf4\
\x12\xa9\x0c\x02\xa5]e\x12\x08\x94\x90\x22\xa1\xa4\xec\x1d\
=\x08\x9f \xc6\x12\xd9+\xa9\x18\x22\x12\x14\xfa\x99\xee\
\x95\x04\x87\x9e\x13\xcbQ\xd5\xd2\x8d\xc0\xb0`\xc8\xf8\x8c\
\x0a\x01\xf9\xf9\xc5L\x86\xa9\xabo\xe4t/\xb5\x8c\xff\
j\xc5g\x18;z\x1c\xf6\xef\xdf\x83\xb5\xeb\xbf\xc3\xca\
oV\xb1/E\xd8\xc0\x1bo\xbe\x8a\x81\x03\xd21y\
\xf24\xe4\x9e:\x0e\xb5J\x89\x99\xd3g1\xe9\x94\xe6\
01)\x1e\xd7_{=\x1e~\xf4>\xac\xf8\xe6\x0b\
|\xb1\xecs\xc4\xc4\xc6\xb2\x00\xfcV\x11\xe9o\x16\x87\
\xd2\x1b)\xa4x\xe6\x99\xa7p\xef\xbd\xf7\xa3\xb2\xb2\x1c\
\xdf\x7f\xff\x1d6o\xda\x8cO\x96\xbd\x8b\xb7\xde~\x13\
\xc1A\xdeH\x1f\x98\xce\xaf\x0f\x0d\x0e\xc2\xd2\x87\x9f\xc4\
g\x9f,c\x9e!U\xc3\xf4K\xee\xcfD\x88w\xdf\
}\x8f\x1d\x13\x9aT\x17hA\x0b(\xe6\xd7\x1d\xca&\
\x84\x11\xe8\xdf?\x19\xf5m]\xc89]\xc5L \x9a\
`\x819\x8f\x94#\x90\xf0\xc4\xbb\xd0~ZL1\xdb\
tn\xc0\xd5\xf3<\xfd\xd9\xd7?\x14\x155\xb5\xb0P\
m\x02\xfb\x0a\x80DN\xd1\xc3\x85\xf3\x09\x17\x1a\xe4K\
\xd0nnli\x81G@\x00\x7f\xbeH\xaa\x84H\xaa\
\x02dj\xf2@\x01\xb2\xf1\xa4Y\xa8`CA\x7fW\
\xf0\x83x\x0cD\x1b\x17\xf5\xfc.\xa6\x8eh\x9dz\x98\
)\xdd\x9e\x14\x8f\xc6\xda6\xec\xda\xb1\x8f\x0f\x8d \x0d\
G\xa6\xd0\xc7\xcb\x07;v\xfe\xc4\xa4P\x1f\x1f_|\
\xfc\xd9{x\xe1\xd9Wp\xc9%\x17\xc3f\xb33(\
\xd7\xd2\xda\xc6\x87e\x1c\xcf9\x0a\x93\xd5\x82-?\xfd\
\x84\xb9\xf3\xe6\xa2\xa6\xba\xb6\xd7dSU\x10\xe5\x01V\
|\xf95.\xbf\xf2r\x17\xa7\x81\x04\xf77\xc6o\x16\
\x86\xf4--~\xf5\xd5\x97\x11\x13\x13\xcd\xb9f\x0a%\
\x1e\xb8\xef\x01<\xf0\xf0\xdd\xbc\xa3\xbb\xba\xba\x19d \
\x0e\xdc\xf1\x13\xc71v\xec8n\x82D^}\xff\x14\
rVd\xf8\xf8\xe3\x8f\x90\x9c\x94\x8a\xa8\xe8H$S\
\xdbWF\xaf\x04\xf8\xfb\x07`\xff\xbe,\xc6\x1623\
S1r\xf4Hd\x1f\xc8F{g7\x06%GA\
\xa7Q\xba\x90\x22\x86\xfbz\x12\xf3\xeev\xec\xee\xa6\x89\
\x84\xc6\x91`X-\x88\xcc\x1c\x04\xa9\x7f\x10\xd6oX\
\x83E7\xde\x0a\xa5X\x81\xb6\xc6z\xf8\xd2B\xfeN\
\x85\x10\x0d\xee\xe4%\x91\xe2\xc0\x96\x0d\xe80\x1a\x10\x9e\
\xd4\x8fq\x03AI\xc2G~\x80\xa4G\xad\x12I\x8c\
\xa0]\xa9K\xe5\x8bz\x18\xac=BF\x0e\x1f\xa9\x7f\
\xa9B\x81\xe2\xaab(=<Pt\xba\x18\xa7\x0b\xe8\
\xdc\x04@)S\xf2\x02yh=q\xb6\xe8\x0cV\xaf\
\xf9\x1aV\x9b\x09\xeb\xd6\xff\x887^}\x0bw\xdd}\
\x07\x9a\x1b\x0d|\xcf\x84\x16\x92C\x9d9\xdc\xb5\xd1\x9e\
}\xfa9\xee\x8f\xb0\xfc\xf3/p\xf3\xdf\xfe\xc6\xc7\xee\
\x11\x1b\xfb\x95W_\xe6>I\xc1\xa1\xc1\xac5~\xed\
4\xd2\xbe\xe3\x0f\x97\x86\xf5\xad*q\x97\x87]\xb7\xf8\
\x06|\xbe\xfc3\xfe\xdbu\x8b\x97`\xdc\xb8q\xb8z\
\xf1\x95P)4\x987w>\x96.}\x16~\xbe\xbe\
(.>\x83\x91c\x07\xe1\xea+\x97`\xd6\xcc\xb9\x08\
\x0e\x0e\xc4\xa0A\x03{\xca\xc0\x803g\xce\xe2\xd8\xb1\
\x93\xec\x08\xd29?\x0d\xf5M0\xeb\x8dP\xca\xc5H\
\x8e\x08A\xbf\xe8\x10Hx\xf5\xdd\xf6\xba\xcf\x0d\xf4z\
[T=-@\xa2\xd1\xa0\xb1\xbc\x1c\xef\xdf\xb6\x04r\
\xbb\x19\x1a\x9d\x17\xfc\xfd\x82p\xe5\x92\x9b\xe10\x98\xd8\
\x93\xff\xe5,\xe0g\xed@\xf6]*\xc1\x8b\xaf\xbe\x80\
\xb8\xd1#\xb0\xe0\xc9\xe7a\xef\xeaf:6\xbf\x82\xd8\
J\xe7t\xe2\xef9o\xa0\xe7\xb0F\xf7Q4\x12O\
O~\x85\xb1\xb9\x13\xab7\x1f\x82@yx:\x5c\x92\
\xf3\x01.^\x81\xa7\xce\x1b\xc7Nd\xe1\xf5\xb7_\x84\
\xc1\xd4\xc9\x9f\xf7\xda\x8b\xaf\xe1\x9e\x07\xefA{S\x17\
g\x09\xbd|4\xd8\xbd\xf3\x00.\xbb\xf2\x12\x84\x04\x07\
\xe1\x8e\xdb\xef\xc0\xfd\xf7\xdf\x8f\x09\x13' 91\x19\
\xd3gN\x87\xb7\x9f\x0f\x92\x92\x92zo\xe7\xef\xe9\x1f\
\xf4\x87K\xc3zS\x88=G\xbcQ\xcb\x15:\x18Y\
\xa1Tb\xc3\x86\xb5\xa8\xa9\xad\xe6\xc2EB\x01M\x16\
#\x1f\x8aD)`b\xef\x12\xb3\xf6\xde\xbb\x1e\xc6k\
o>\xcf^\xad\xc3\xd1\x8fk\x02\x87\x0d\x1b\x0c\x1f\x1f\
\x0f\xa4\x0d\xa0\x92g'rN\x16\xa0\xac\xb4\x12Z\x95\
\x0aj\xca~\xd9\xed8SZ\x83\xd8\xa8`\xee\x08F\
\xee3\xed\xaa\xbe\x94\x1c\xfe\x9d\xfb\xfa\xf7\xb4[\xb7\xdb\
\x11\x98\x98\x84\x9b\xdf\xfd\x04\xeb\xdfy\x09\x15\xf9g0\
q\xc6\x1c8\xcd6\x97&\xa1\x85t\xdbD\xa1'\x89\
\xc5\x0e\xa7\x03\x02%V\xb4:\x88b\x22p\xdb\xf2\xaf\
\xa1\xd6i8\xdd\xeb\x22\xc0\xf6|c\x0f\x9b\x87\xbf\x96\
\xdfO\xa1\x1d\xa1\xa3b\xd7IbJ\x15$\x9e:,\
\x7f\xf7]Ng\x1b\xf4J\xb4\xb7\x19\xe1\x17\xe8\x09\x09\
\xb7\xc3u0\x1d\x9eZ\xe3\xfe\xb0\xe6k\xac\x5c\xfd\xb9\
\xab\xd1\xb4\x5c\x89\xd7^y\x0d\xb7\xdcq\x0b:\x9a;\
\xb9o\xb0Z\xa7\xc2\x87\xef~\x82{\x1f\xb8\x1b\x99\x19\
\x19\xf8\xe6\x9b\xaf\x11\x16\x19\x8e\xfcS\xf9\xb0X-x\
\xfa\xd9g\xd8Q$\x22)1\x94\x89.GN\xf5\xdf\
\xd3<\xeaOU\x07\x93\x84\xd7\xd6\xd6\xe2\xf4\x99\xd3\x88\
\x08\x8b\xe0\x8e\x1ao\xbc\xfe\x06\xd6\xaf\xdf\x88\x84\x84D\
\x16\x96o\xbf\xfb\x1aW/\xba\x1eo\xbc\xfe6\xd7\x0f\
\x10\x00\xb4\xe0\xb2\x05\xf8i\xeb&\xbc\xf6\xf2;\x08\x0d\
\x8ddH811\x1e))\xc4\xb9\xb7a\xfd\xda\xed\
\x90\x89\xa5H\x88\x0f\xc3\x80\xfe1\xb0[,0\x19\xf5\
\xf0\xf3\xf1\x80\x84\xd7\xd8I\x8c\xe7>\xa9\xe1\x9f\x85\xd3\
\xf5C\xcf\x7fH[Q9\xb4\xc3\x02CG7\xd4j\
\x15l\x94\xdf\xef\xe8\xa6\xce\xd5\x10\x99,\xbcx\x02\x09\
\x82D\x0a\x91B\x06\xa7\xb7'\xc4^\x9e\x10\xfbx\xb1\
\xe3\xe8\xea\xe8\xc8\xad9~\xb5\xdbv\xdf&\x14\x12\x85\
\x06\xd0\xa8\xd1XS\x8d\xb7\xde~\x0b/\xbf\xfe&n\
\xbf\xfeQDF$\xc1\xc3G\xc3\xc4YZdb#\
S9\xfd\xaa\x1f\xbf\xc5\xce\xbd\x9b\xf8\xbdd\x0e\xbe^\
\xf1\x0d\xe6-\x98\x8b\xcef\x03S\xda\xad6;\xb3\xa9\
\xdfz\xef\x0d\x04\x07\x04c\xef\x9e\xbd\x88Ov\x818\
46\xaf\xdf\xc4)\xdf\xfd\x07\xf6\xb3?@g#\x12\
\xa1\xb7_\xff\xe4\xbf\xabw\xd0\x9f\x12\x00\xe2\xb6\xbb\xd2\
\xc5MH\x88O\xe0\xbe8\xd4\xa5\xb3\xbd\xa3\x03\x07\x0f\
\x1c\xe4\x9d@G\xa0\xcc\x9d{1\x86\x0e\x19\x89\xaf\xbe\
\xfc\x1a\x11\x11A\x5c\xf6u\xd1\xc5\xb3p\xe2\xc4Q\xdc\
}\xe7C|\xa82\xf9\x0fD\xee\x0c\x0f\x0fCCM\
+j\xab\xda\xa0RJ\x90\xda?\x1c\x832\xe2\xa1\xf4\
\xd4\xc0\xa1\xd7s\xea\x95\xd9\xaf\x17Z\x8c\xde\xf5\xff\xb9\
c\x1e\xedh\xf6\x11\xa4rN\xd6P\x98\xc6\xc8\x1d\x11\
9\xcc\xae\xeeb\x22v\xee\xc8c\x97B$\x93\xb9P\
Y\x8a\x00z\x00+\xd7W\xb9\xbf\xcf\x05\xda\xf0\xa2\x93\
\x80Q\x0a\x9aBZ\x8d\x86\x9d\xc4\x96\x9az|\xf0\xe9\
\xc7x\xfd\xddw`\xb3\x00\xb7\xdf\xb8\x14\x91a\xc9\xf0\
\xf4SBI\xc7\xba8\x80\xca\xaa2\xec\xd8\xb9\x09\xfb\
\x0f\xeeA\x97\xc1\xd5;`@\xea@\xbc\xf7\xee\xbb\xcc\
\xb3\xecn\xb7B\xe7+\xc7\x91\x83'p\xc3\x92\xebp\
\xeaL.\x92b\x13QXZ\xc4\xc7\xc5\xf7OIe\
D\x942\x96\x84\xa9\x1c\xcb9\xde;\x05~\xde\xbe8\
q2\x07\xe1\x91a\x7fW\xf7\xb0?%\x00\x845\xe7\
\xe5\xe5\xf1\x17Q\xce\x80\x10=7\x89\x84\x9a\x1ePX\
CB0|\xd8\x08\x1c9v\x18\x91\x11\xb1X\xf1\xe5\
7\x185v\x08\xeakZ0\xeb\xa2\x198\x91s\x14\
\x93\xc6\xcf\xc0\x95W\x5c\xc3\xb9\x02\x22G\xd2\x85\x10\x93\
\xb5\xb3\xd9\x04;\x9d\xae\xed\xa7\xc6\xb8q\x19\x88\x89\x09\
\x82Hj\xe7\x1dI\xa8\x9d[\xdd\xff\xfeM\xf6\x9c\x04\
\xd6\xf7O=L\xde\x9f\x0d\xb9\xd0\xf3oOx\xda\xe7\
\xac!\xd7\x19\x83.}\xcf\xbcCZp\xaaa\xa3\x8a\
&\xea\xda\xd5\xd6\x86\xa3\xb9\xb9X\xfb\xe3:|\xf8\xf9\
2t\x19\x8c\x08\x0f\x8b\xc7-\xd7=\x0c\x1f\x8f\x00\x88\
\xe56\x94\xd7\x16\xa3\xa2\xb2\x14\xd5\xd5\x158~\xe20\
w#\xa5A\xdd?F\x0c\x1f\x83\xdbn\xbe\x1d\xb3/\
\xbe\x88A!\x0af>\xfc\xf0\x13\xdcu\xcf\x1d\x9c\x8c\
\xbbl\xfeB\xee \x9e}(\x8b\xdb\xc8\xe6\x9f:\xc5\
\x91\x14\x85\xd3T\xb1\xd4/\xb9\x1fs\x0c7n\xd9\x88\
+.\xbf\x1co\xbd\xfd\x0ec\x17\xd2>\xddM\xff\x12\
\x01\xa0\x86\x89tA\xd4\xdb\x9ez\x01\xf7\x1d\x94B&\
\xfc\x9f\xd4\x17\x15J\x5cs\xd5u\xd8\xbce\x13\xda\xda\
Zq\xff}\x0f\xe2\xc1\x07\x1e\x84\xa7\x8f\x06\x7f\xbb\xe9\
v|\xf8\xf1\xbb\x10A\xc6e\xd1\x832\x86!$$\
\x1c*\xa5\x16\xdd\x1df\xe8;\xcc\x90\x08Rn\xcc\x10\
\x1d\x1b\x82\xb4\x01\x91\x08\xf4\x97A\x19\xe0\xefR\xcdF\
\x033\x87];\xb5\x87\xb7\xf7G[\xe6\xfd\xc2\x8b\xfc\
y\xb8!k\xb1RI\x90\x9f+\xc4t\xb1Z\xa0o\
mAYe9\x0a\xcf\x9e\xc5\xa1cG\xb1y\xcb6\
\x14\x95\xbaN\xfe\x1e\x941\x04\xe9\xe9#\x10\x175\x00\
J\x89':;\x9b\xb1v\xf3\x978q\xea \xce\x1f\
\x11\xe1Q\xb8\xea\xca\x1b0 u\x10\x8c\x06=c\xf8\
\x1d]M\xb8\xf1\xa6\x9b\xb1u\xc7f\x8c\x1a6\x0a\x97\
]\xba\x90\x17\x99\xe0f\xaa\xd4\xa2{\xec\xe8h\xe7\x9c\
ICc#s\xfb\xa89\xd5\xfe\x03\xfbPZ^\x8c\
\xaf\xbe\xfc\x0a\x11\xd1\x91H\x88\x8f\x87RM`\xc3_\
$\x00\xf4rr\xe0>\xfd\xf4S\xde\x85\xc42\xa1A\
\x17J\xe7\x00Q!\xe8\xc1\x83Y\x5c\xaf~\xd3\x8d\xb7\
\xb0\x86hin\xc1\xf7\xab\xbe\xe7]\x1f\x15\x19\x83G\
\x1fY\x8a\x1bn\xbc\x96\x0b3\x88\x82\xbe~\xe3\x8f\xfc\
\x19\xe1\xa1\xd1\x181|,\xd2\x07f\x22\xe7x\x0ew\
\xcf\xc8L\x1b\x8a\xba\x86Zd\x1d\xde\x0d\xb1\xd4\x86K\
\xe7]\x82K/\x99\x83!i\x03\xa0\xf0\xf1q\xedh\
\x8b\x95yr\xd44\x88B\xab\xde\x9b;\x8f:~\xce\
\x8d\xf7i\x17#\xea\xc3\x04fPG\xadAMq\x11\
\xf2\x0a\xf2\xd1\xdc\xde\x8e\xcd\xdbvrQ\xe9\xa9\xd3\xf9\
h\xebp\xed`\x1aa!Q|HeJ\xbf\x14$\
%\xa4@,v\xb5\xc1\x97J\xe5hjj\xe6\xe4M\
qI.w\xffn\xebh\xe6s\x06/\xbf\xfc*d\
\xa6\x0f\x85N\xe7\xe9:\xf9\xd3)\xc2\xd9\xf2\x02<\xfb\
\xfc\x930Z\xf4Xt\xd9\x22\x8c\x1d;\xd6u\x98\xb6\
\xc3\xd9\xdb\xda\xc5\xedkP\xed\x00\xf5\x1c\xd0j\xb4L\
\xf9\xda\x7fx7V}\xfd=\xd2\xd2\x07\xa0\xa6\xbe\x06\
\x03\x07\x0e\x84\x0f\xcd\xcb_)\x00Dh\x18:t(\
\x03\x14\xe7\x0f\xaa\xf7\x9b0a\x22&M\x98\xc8'j\
\x19\x8df\xe6\xbc\x93@l\xd8\xb0\x1e\x1b\xb7\xac\xe3\xd7\
\xcd\x9bs)>\xff\xfc3xx\xe9X\x10>\xfd\xec\
\x13l\xdf\xbe\x9d\x13\x18}\x07A\xbaT\xa3G\xb4\xe9\
\xe6\xa6F\x1c9v\x84\xffNm\xd4\xc7\x8e\x1e\x85K\
\xe6\xccEJB,\xa2\xc2#\xa0\xd6\xaa\xa9+\xd5\xcf\
;\xdc\x15\x93\xb9t}\xdf\x98\x98\xcf`\xe9\xe9b\xd6\
C\xead\x93\xa0P\xa2\xa9\xaa\x06\x8b\xae]\x8c\xddY\
\xd9\xb0\xf7\x99\x1a2Sqq)\x08\xf4\x0fBZ\xff\
T\x84\x86\x85#0 \x84\xa3\x1eN\x078\x09\xe4\x92\
B$vr\xbf\xe4\x9c\xdc\xe3\xd8\xb4y=\xaak+\
\xf85\x03R\xd31\xe7\xe2\x85H\xe97\x80\xbd~j\
#\x7f k/V\xae\x5c\x8e\xc6\x96:\xcc\xbb\xf8\x12\
>F\x87\x9am\x12i\x86j\x09\x89IM\xc2s\x22\
\xe7\x04\xc7\xf4\x94\x19\xac\xac\xa8\xe2\xc3\xae\xe9\x04\x96\x9d\
\x07\xb6\xe2\xea+\xaf\xc2\xf2\x15_\xe2lQ\x09*\xaa\
+\xb9\xdf\x10i\xe5\xbf\xcc\x09\xa40\x86\x98-\xb4s\
\xe9\xd1\xaf_\x0a\x82\x02#\xf8\x04-b\x0bef\x0e\
Frb\x0a\xe3\xf6T,As\xed\xde\x95\xe4+\xe4\
\xe5\xe5b\xd5\xea\xef\xd0\xd2\xda\xcc=l\xee\xbb\xef~\
\xdc{\xcf}\xec%SG\x0fjnt\xeaT.\x0e\
fe\xc1\xdf?\x84\xeb\xf2\xb3\x0f\xef\x86\x8f\x97/\x92\
\xfb\xf5\xe3\xf3\x01\xa4R\x05*+\xabp*\xff\x14l\
v#\x7f6\xe1\x0d1\x11\x11\x181l8\xfc\xfd|\
\xe1\xa9\xd1\xc0\xd3\xcb\x93\xa1R\xa2H\x95\x95\x97\xa3\xab\
\xbb\x8b\x01\x9a\x9a\xda:t\xeb\xf5|\x12\xe8%\xb3\xe7\
p%NcM\x1d\xec\x82\x18%g\xcf\xe2\xb6{\xee\
\xc6\x80\x8cL.\x00=\x99s\x84\xcd\x0b5d\xba\xea\
\x8a\x9b0r\xd8X\xae!\xb0:l\xec\xef\x90\xaf`\
\xb4\x98QS]\x81\xfa\x86*\x1c:\x9a\x85#G\x0f\
\xf1\xe1\x18q\xb1\x89l\xda\x06\xa4\x0dA|\x5c<{\
\xed\x14\x16\xd7\xd5Uc\xf3\xd6\x1f\xb1{\xefO\xe8\x97\
\x94\x82\x97_|\x193/\x9e\x81'\x1f}\x1a\xaf\xbf\
\xf9\x1a^x\xee\x05\xd6J\xc4/x\xfe\xc5\xe7\x18h\
\xb2\xc3\x06o\x0f\x1f\x5c<\x8bJ\xbd\x9d\xf8~\xf5\xb7\
\xe8\x9f\xd2\x0fG\x8e\x1d\xe5\xb0\xb6\xb5\xa5\x05\x05g\x0a\
\xf8~\x93\x93\x09|\x93\xff5\x02@/\xaf\xa9\xa9\xe1\
j\xe2\x07\x1f|\x90I\x9e\x0b\x17\x5c\xcd^)i\x06\
\xb5Z\x8b\x00\xff@\xae\xe2Q(\xc5\x08\x09\x09\xe2r\
3\x8a\x1cHx\xd4\x1a5:;\xa9={\x1e\xb6n\
\xdb\x8a\xf6\xceV\xae\xd7\xbb\xea\xaakp\xfdu\xd7#\
:\x96z\xec\x03gNU \xe7D\x01\x9b\xdf\xa2\xe2\
S\xd8\xb5{+\xb2\x0e\x1d r\x19\x1f\x0f\x9b\x18\x9f\
\xc8\xbc7\x95F\x07\xb3\xc9\x82\xfa\xfaj\x94U\x94\xc1\
lr\xb1d\x7fk\x84\x06\x86\xc2\xcb\xd3\x9b\xb3\x8c\xa3\
\x87\x8f\xc1\xd81\x13a4Q\x9f!'w,\xa9o\
\xa8\xc3\x81\x83\xfb\xb0c\xcf\x16\xa6XQ\x1f$Z4\
j=?{\xfa\xc5\xf0\xf2\xf4pa\x09\x82\x04Uu\
\x15(.9\x83\x9aZ\xf7)\xe5\x22\x8c\x1a9\x0e\xc3\
\x87\x8cBF\xfa0N^\x91\x06hnm\xc0\x91\xa3\
Y\xd8\xbbo\x07N\x17\xe6\xf2+\xaf\xbe\xe2V<\xbe\
t)b\x93\x83`3:\xb8!5\x95\xb5]:\xef\
R6\x03\x14i\xbd\xf6\xfa\xab\xd8\xb3{\x0f\xecN\x07\
\xe6_z\x09S\xd4\x89\xf7O\xbd\x04W}\xf7-\x86\
\x8f\x1a\xc9\xa7\xa2\x9aLF>\x87\x91LE\xff\xfe\xfd\
\xf95\x7f\x99\x00P\xca\x92\xa4\x93\x9c\x93a\xc3\x86#\
*,\x16#G\x8cFuM-\xb4Z\x0f\x18M\xdd\
\xac\xde\xc8\x1e&&$b\xc2\xf8\x89\xcc\x92q\x1f\x8c\
H^\xac\xfbX\xb5C\x87\x0fq\xf2\xc2=yS&\
O\xc5\xcd7\xfd\x8d\x0bU\x0fg\xe7r\xd3&R\x85\
\xa4E\x1a\x9b\x1aQRr\x1a[~\xda\xc8\x1d\xb2l\
\x0e\xda\xfdb\xf8x\xf9q\xac\xdf\xc9\xf4t\xc2\x8bl\
\x9c$\x22\xe4\x8d\x8ed#j[P@\x10j\x9b\x1a\
\x10\x19\x1a\x8e)\x93\xa9\xa5\x9d\x93\x0fb\xa0\xd3\xc1=\
=\xbd\xa0TS\xea\xd7\x8a\xb6\xb6vT\xd7\xba\x1c\xbb\
\xe1C\xc6`\xce\x9cK\xb9\xa8\xf2\xc8\xd1l\xbc\xff\xd1\
\xdb=\xc76\x9f;|}\xfc\x91\x91>\x14\xa9\xfd\xd3\
\x91\x10\x9f\xc8I-Z(\xca\x81\xd0\xd9\x86\xa4EH\
\x80\x1b\x9aj\xb8\xa3\xf9\xe4\x89\x93\xb9A\x96R\x16\x80\
\xd8\xf8pL\x9e4\x1cf\x93\x15:?\x05\x1e\xb8\xfb\
a\xfc\xb0z\x15\x1e\x7f\xecq\xc6Z\x9e~\xfaI,\
\xff\xf2\x0b,\x5ct9\x1f\xabC\xf5\x91\xcd-M\xf8\
\xf0\x9d\xf71z\xcc\x08\x04\x87\x84\xc1\xdb\xd7\x176\xab\
\x15%\xa5g\xd9A'\x0d\xe0>|\xea/\x11\x00\xda\
\xfd\x04<\xd0A\x10+V|\x8d\xdbo\xbf\x0d\xa3\x86\
\x8eEP@\x08d\x0a\x15\x1f\xae\xac\xf1P0Ht\
\xe0\xe0AW\x93\xe3\xc4T\xcc\x9b;\x8fA#\x12\x02\
ZP\x22y._\xbe\x9c\x1d\x1dj\x88\xf4\xf0\xc3\x8f\
b\xff\xc1\xdd\xfc=cFM\xc4\xc0\x81\x03 \x11+\
\x11\x1b\x13\x0f\x85\x5c\x03/oo>|\x92\xccKK\
K\x13\x0a\x8b\x0aq\xf6l\x09\xca+K\xb8\x82I)\
W\xa0\xbd\xbd\x0dF\xb3\x81\xd9\xafv\xa7\x95s\xfeW\
^v5&M\x9c\x89M[\xd6b\xcd\xda\xef\xf8\xac\
\x22\xf7PJT\x9cr6X\xba{\xff6a\xdc\x14\
\xcc\x982\x07\x91\xe1.\xe0\x85N,\x0b\x0a\x0dB}\
}%\x16\xdfp\x05\xa2\xc2\xa3\xb9\xf7\x81X,e3\
\x16\x12\x1c\x01\xad\xce\x83\x89\x19\xa7\x0ar\x18\xe7\xa0\x8e\
\xe3\x0d\x0d\xf5\xbc\x09l\x0e\x1bB\x82\x821d\xf0\x08\
\x84\x86\x86\xc3\xc7\xdb\x8f\xcdXW\xa7\x01\x81\x5c\xcb8\
\x9d\xc12\xff@\x1f\xde\xf5\x99\x833p\xedU\xd7\xc3\
\xcf\xcf\x1f;vnC}c-N\xe6\xe4  \xc8\
\x1f{w\xed\xc3\xe9\x823\x985k:\xaa\xab\xcb\xd1\
?u\x00<\xbc\xbcx\xe7WVU\xf2\xd1\xb3\xe4\x07\
\xd0\xf9B\x7fd\xfc\xdd\x8d\x22\xdd\xcd\xa2\xc8\xc6P\xbb\
\xd2\xdbn\xbb\x95\x93\x11\x8f<\xfa\x10\xd2\x92\x07\xf2a\
\x11\x14\x87Rq\x05\x15~\xe6\x9c\xc8\xc1SO?\x8d\
-[\xb6\xe2\xb9\x17\x9f\xc2\xfc\xb9\x97s\xdd\x1e\x09\x00\
I\xf8\xbe\x83\xbb\xb0i\xfdO\x189\x9a:d\xbc\x84\
\xdd{\xf6b\xdb\xb6\x9f\x90\x9d\x9d\x85}\x07v\xf2w\
\xaaU:\x04\x05\x04#>>\x01\xfe\xfeA\x08\xf0\x0f\
FLL,s\xea)=M9}\x82F\xa9\xfb\x06\
\x09\x06\x09\xd1\xea\xb5+\xd9K\x7f\xf8\xc1\xa5\x183r\
,\xf2r\x8b1f\xd4$l\xdd\xb6\x09\xd3\xa7\xcf\xe2\
L\xdc\xb6\xad\x9b\xe1\x10;p\xd3\xf57#6:\x11\
\x95\xd5\x95\xf8\xe4\xf3\x0f\xe1\xe3\x1d\x88~)\xe9|t\
\x1d9\x91\x84\xddS\xfb\x9c)\xd3\x86\xe1\xc8\xd1#x\
\xff\xa3\xd7\xb1j\xd5wl\x06h\xa7\x93F\xa3C#\
h>\x8c\xe6.\xbef?\x9f@\x0c\x1e4\x88\x8f\x9f\
\x1f7v<\x87l\x94\xd9#\xf2&\x99K\x83\xa1\x13\
\xdd\xfa.\x18\x8c\x1d\xc8>\xe2\xcdE\xa5\x14\x19\xc4\xc6\
Db\xda\xe4i\xd8\xb0q\x1d&L\x98\x04_?\x1f\
\x1c\xcf;\x8aW_y\x0d/\xbe\xf2<\xc6N\x18\xc3\
\x8f\x82S\x05P\xaa\xb5=\xe0\x98\xab3\x19]\x07\x09\
\x82\xab\x8d\xfe\x1f\x03\x83\xfeT\xa7P7\xd6LN\x9f\
\xab\x87\xd0\x03|\xda\xc6g\xcb>CiY)\x934\
\xc8\xd3\xa5\x8b\x18\x981\x10?\xae]\x83\x13\xc7O\xe0\
\xe1\x87\x1f\xc1\x0f?\xae\xe4FR\x97_~9\x93E\
\x06\xa6e`\xd4\xe8\xd1\xa8\xadl\xe2\x9a\x01rx\xa6\
O\xbb\x08i\xa9\x99hi\xadGKk\x13**\xce\
\xa2\xb6\xae\x12e\x95\xc5\xe7\x5c\x87R\xaea\xff\x82\x0e\
\xa5\xa6\xeae\xa3\xd9\x04\x93\x99x\xef\x0e\x0c\xce\x18\x81\
\xc7\x1e{\x06cG\x8d\xe1k\xa9(\xaf\xe7\x03\x19\x88\
\x170\x7f\xce\x15\xe8\xd6\x1b\xb0n\xc3\x1a\x98mF|\
\xbf\xea;\xbc\xf4\xfc\x9bHL\xea\x8fm;\xb6q\x05\
4]#\xdd\x9bF\xa5@jZ\x0a\xb7\x9a\xa9.o\
\xc6\x93\x8f=\x89\xc6\xfaz\xac^\xff-\xbc=\xfd\xe0\
\xe3\xed\x8b\x8e\xcev\xbe\x06\x12\xd0\xc8\xc8h$\xc6\xf7\
\xe3n_Dr%@G\xab\xd3p\x14C\xd7J\xda\
\x8e\x05\xc6N&\x82\x98G\x06xyy\xf3\x19\x8a\xa4\
1:\xdb\xdb0a\xfcdl\xdb\xb1\x1d\xabV\xaf\x84\
\xa3\xc7\xe4P\xdd\x22\xf7l\xa2\x82\x18\x888ml\xb1\
RC.\x17\xc1\x86\x16\x9b6\xa5\xfbl\xe6\xbfT\x00\
\xb8HC,\xe6>\xb5\xb4\x93\xe9\xf7\xf7?x\x0f\xc9\
I\x89x\xee\xf9\x17\xd0\xd6\xde\xda\x8b\x9eQZ\x92\xce\
\x03\xa4cV\xa8o\xcd\xb6\xed[q\xe6\xccil\xd9\
\xb2\x85O\xbfx\xf3\xf5w\xb9\x94\x9a\xfa\xfd66\xd5\
\xc3b5@\xadQr\x0aY\xa9\xd0 \xb5\x7f\x06\xa6\
N\x9e\xc1\xb15-\x08\xd9\xe9\xc6\xa6\x1a\x94\x97\x97\xa2\
\xb6\xae\x96!h:n\xce\xdb\xc7\x0b\x91\x1e\x91\x08\x0e\
\x0ea\x16\xcf\xdbo\x7f\x80\xf0\xb0HX\x09\x99\x94J\
\x91\x96\x91\x02\xbd\xb1\x93=\xe8\x0f>y\x87A$\xb3\
\xcd\x88\xd8\x88X\x94V\x95\xe2\x99\xe7\x1fg\xc1\xce;\
}\x12K\x1fz\x81\x17(\x22<\x0c\xf1qQP\xa8\
\x14\xe8\xa2c\xee\xecv\xe8\x8d&<\xff\xc2+hh\
\xaa\xc5\x99\xa2|<\xb6\xf4i\xe6\x1bRi\x96\x82h\
m\x90\xb2=\xaf\xad\xad\xe4\xf6p\xf5\xf5D\x84\x91p\
\xbf_\x9dN\x07\x9d\x87\x96\x1bhR\x8b\x1aR\xf1\x04\
\x0aQ#'j\xffFg\x09\xb767C\xa7\xd1a\
@\xff44\xb54\xe0\xa6\x1bob\x065\xf5l\xa0\
\xeak\xba\x17ZW:s\x89\x1c\xd6\xf3\xbd}w\xf8\
\xf7G-\xfb\x9fB\x02I\x85Q\xe3(\x9a\x10\xea)\
@\x92M\xe7\x02P\xab\x94\x8a\xcaJ\xde\x8d\x17\xcf\x9d\
s\xcei\xa0\x14\x01\xb4\xb7\xb5c\xfe\xfc\x05\x1c\xdbR\
6q\xd8\xb0\xa1\xb8\xef\xde\xfb\xb9\xef>9\x94D;\
\xa7Vp\x9d\x9d\xdd\xa8,\xafc\x872$$\x98\x1d\
\x1a\xaa\x83\xa3f\x0a\x04\xd8s\xbc\x0d\xb1+\xe7\xeet\
\xb2j%a#\x9fb\xe5w+\x90\x9c\x9c\x88{\xef\
\xbd\x15\xf5\xf5\xed\xae\xa2Un\x9b\x22\xe1T\xf0\xfb\xef\
\xbd\x8d'\x9e\x7f\x98\xef#3u\x10\xee\xbd\xf7!\xac\
]\xbb\x06\xdf\xaf\xfd\x06^\x1e^\xb8\xf2\xca\xebq\xd5\
\x95\x8b\xb9\xcb7\xb5\xa3\xa5\xe2\x0fZ\x1c\xf2\xc2\xdd\x1a\
\x8f>\xb3\xb3\xb3\x03\xf3\x17\xccf\xc2\xcb\xddw=\x80\
n\xa2\x7f\xf3\xcc3P\xcd\x850.\x815\xc1h\xd4\
\xf7h\x15\x0b\xacTQ\xdcs6\xa0\x5c\xa6bS6\
hP&t\x1e*h\xb5\x1a>P\x8a\x9c\xd7C\x87\
\x0fb\xcf\x9e]\x985s\x16/2\x1dF\x11\x12\x12\
\x02?\x7f?.f\xe5(\xa4\xcf\x06\xa7\xef\x22\x5c\xa6\
\xaa\xaa\x1a\xb1\xb11\x7f\x18\x0b\xf8S\x1a\x80.\x9eT\
\x19\xe1\x01tS\x14rP+\xd3.\xbd\x1e\xfe\x01\x01\
\x5c\x82DCtN\xdd:a4\x1ex\xe4\xe1Gp\
\xf1\x9c\xd9\x18=j4n\xbb\xfd6\xc6\x06H\x9d\x91\
0\x91\x16ho\xeb\xe4\xbc\x80\x87\x87?\x22B\xc3\x11\
\x18\xe8\xcb\x9e\xbd\xb1\xdb\xc0\xd8\xbcR\xa5\x80 \xa2#\
d]\xdf\xe0\xfe\x97\xae\xa9\xa4\xa4\x08{\xf7\xed\xc4=\
\xf7\xde\x85\x86\xa6N\x16\x10\x87\xc5E\xd6t:-\xcc\
\xf4\xb9n\xc9MH\x1d0\x00\x0f>t'\xe6\xcf_\
\x88\xa1CFp\xd5\xcd\xbe\x03\xbb\xb9\x0c\xfe\xa6\x9b\xee\
\xe0\x08\x87\xae\xa7\xab\xbb\xbd\xb7_\xa2\xab\x87\x22\xfd\xeb\
\x84Uoa\x01\xb9\xef\xee\x87\xf1\xc8\xe3wc\xf6\xac\
y\x88\x8c\x88c\xedD\xbc\x01\xf7\x1cQ\xe2\x86\x9cV\
\x8a\x0a\x1c\x0ej\x0eE\x02a\x81\xc1\xa8g-Q]\
I\x1dD\xa8\x03\x0b\x9du\xec\x80\xaf\x8f7\x02\x03\xfc\
y\x91\xc7\x8c\x1d\xeb\xda\xc5\x221\x8c&3\xea\x9b\x1a\
\xd1\xd8\xd2\xcc\x95\xd4!a\xa1\xacA\x88\x12\xc7|\xc8\
\x9e\xdeBuu\x0d\xbd=\x1e\xfe(\x10\xf4w\x0b\x80\
\xab\xad\x89\x94\xbf\x84\xb2\x81\x94\x18b\xb0E*eA\
 \xc7\x8e<\xd1\xbe\x12H^?\xb1\x85\x9a\x1b\x9a9\
\x7f\xbd`\xfeB\x5c}\xf55\xdc\xe2\x9d\x06\xc1\xact\
\x96 \x99\x0b\x91H\xce\xc7\xca\x0bv\x19l\x16*\x0d\
\x971\xdbk\xd8\xf8\x81\xdc\x95\xe4\xe8\xe1S\xdc\xa5\x9b\
\x84\x81m\x1e\xf1\xe9\x1dN\xa8Uj\xec\xcd?\xc9m\
\xecBC#PS[\xc3\x11\x00\xdbC\xa6\x7f\xbb\xfa\
\x19\x91\x9a\x1f2d(\x1f\xde\x94\xd2?\x85O#\x8f\
\x8b\x8d\xc5\xd8\xd1\xe3\xb9\xecj\xc1\x82v\xbe\x16\xbav\
*\xfa\xe06u=Z\x86\xe8[\xa4vI\xa0\xf5\xfa\
.\xeeW\x14\x16\x12\x81\xfc\x82SH\x88\xef\xcf\x1d\xc6\
\x09\x93 \xc1\xa3\xf7Q\xf8\xca\xfe\x92\x93\xcc\xa6\x92\xdb\
\xc5P\xcb[\x89N\x09/\xad\x18\x22\xab\x1c\x032\xfa\
! \xd8\x87\xcd\x1f\x9b\x8c\x86:\x17\xa8\x15\x1d\xcd\xa5\
aD\xc2%-\x98\x97\x9f\x87\xaa\xea*\xd474 \
\xbc\xa9\x91\xeb\x0a)\x82\xa0\x8d\xe8\xe6j\xd0w\x91\x16\
\xfc\xa3\x18\xc0\x9f\x12\x00\x1a49\xa4\xf6\xe9\x8b\x09\xb2\
t\xfb\x01\x84AS\x1c\xea\x0e\xf3\xe8o$ $\x10\
U\x95U\xdc$\x99$u\xfe\xfcK\x19\xb3\xa6\xd7Q\
\x8b5j\x08\xa1T\xa90d\xc8`xh+\x19>\
&\x08\xb8\xa9\xbe\x8d\x8f\x83\x9b:s$6n\xfd\x91\
\x96\x13s\xe7,\x84QO\x09\x12\x05r\xf3\xce\xa0\x99\
\xc8\x13r\x19\xef\xbc\x22b\x1e\x8d\x1a\xca*\xd4\xc7\xcb\
\x03*5%Q\x5c\xe9\x02\x22\x97\x98MF\x86Q\x1b\
\x1b\xeb1m\xea\x0c\xa8TZ\xb4\xb4v@\xad2\xf3\
\x89\xa0\xd4\xa8\x81\xae\x97\xd4)a\xf1\x11\x91a\x5c\xb9\
L\xf7R_\xd7\xc2eZ\xb4\x9at\x92\x08i)\x8d\
\xda\x03\xd1Qq(+;\xdb\xbb\xc3SR\x13\xe1\xe7\
\xef\xcdNd\xfe\xa9B~-i8\xa3\xd1\xc0\x0d$\
C\xc3\x828\xe4+-\xae\xe1\xb4\xf1\x98\xb1\xc3\xb9\xb7\
_XD\x10\x9a\x9b[\xd8\x11\xa49\xa4\x90\x92t\x09\
\x95\xe4\x91p\x1b\x0ctJ\x1au$\xb7\xa3\x8e\x0e\xde\
6\xd2\xf5E\xf0f\xd1y\xea8\x0b\x98\x90\x10\xcfZ\
\x81\x22\x8a?zt\xe4\x9f>4\x8a\xfc\x00\xea\x1b\xec\
\xf6\x03\xa8\x04\x89\xc2\x0f\xd2\x0anI$uGq-\
\x1d\x1dOuw\xcd\x8dm\xdc^\x9dZ\xd2\xd1\xe2\x13\
o\x90v?\x1d\xc5B\x07D\x90z#\x8e|\xd6\xc1\
#l\xff\xfd\x03\xc8\xf6\xab0jL\x06\xfa\xa5\xf6\x83\
\xa1[\xcf\xbb`\xe9C\x8fpl}\xd7]\xf7\xa0\xa2\
\xb4\x01\xa7N\x95p-\xff\x07\x1f\xbe\x85\xe4\x94h\xbc\
\xf6\xfa+\xdc\xb6\x8d\xe2br\x08)D\xf4\xa3\xee\x1c\
\xa1al\xb3=t\x1eh\xa8mAS3\xf9\x08\x14\
:Q\xb1\x86\xabV\x81\xae\x99\x8er\x1f\x90\x9e\x8c\x86\
\x86j\xdc\xb0\xe4zL\x9c0\x85\x0b,\xa9\xc5\x0d\xed\
\xea\xc0\xc0 tu\xd0\xf1\xaf\x84\x02\xe63\xf05x\
p&\x06\xa6\xa7\xe1\xc4\x89\xc3\xf8q\xdd\x1a\xd6*\xd7\
\x5cu=\xda\xda;\xe0t\xda\xb8\xd2\xeali1\xbe\
Z\xb1\x9c\x85\xec\xea\xab\x16c\xd8\xd0\x91\x0c\x0f\xd3I\
#n\xc8\x9c\x0e\x8c\xa0\xf6<tF\x02y\xfe\xd4o\
03#\x93\xc3<\x1f\x82\xb8==y\xb7\xd3\x113\
&\x8b\x89K\xe0c\xe2\xa2\xb9Q\x16A\xde\xe7\xf2\x18\
\xfeB\x01\xa0\x8b\xa5\xc5%X\x98\xbah\x12\xf0\xe0f\
\x11\xd3G\xd2\x02\x97\x94\x14\xa3\xa0\xe04\x93>\xe80\
(\x8dJ\x8b\x98\x988\xe8<=\xd8\x144\xd67r\
E\x0du\x18\xa5]B\xea\xdcd\xb4\xb0\x19\xf1\xf5\xf3\
FuM\x05\x9f?H\x95\xcatx2%\x8ajk\
\xea\xb0v\xf5\x8fX\xf2\xb7%\x08\x0f\x0d\xc7\xb6\x9f\xb6\
\xa1\xa1\xae\x0d\xb5\xb5M\xe8\xe8j\xc3\xf0\x91\x19x\xfb\
\x9d\xb7\x18=\xbb\xd0\xa02\xeb\xcb\x16,`\xba\xba\xdd\
*Baa\x19O\x9c\xbb\xcc\x8b\xa0\xe6\xccA\xa98\
|$\x8b\xcf@\xa4#\xda\xfa\xb6b'\xcd\x13\x17\x1f\
\xc7,g\x0fm\x00\x8e\x1e>\x86\xb1\x13\x86\xb1\x10|\
\xfd\xf5\x0a\xbc\xfc\xca+\x9c,\xf2\xf6\xf1\xe59\xd8\xbd\
{\x17\xae\xbe\xfaj\x9c)<\xc3\x00\x0e\x09PXX\
8\x0b\xc3\xed\xb7\xde\x8e7\xdfz\x93\xfb\xfbR'S\
\x97\xafD\x98\x86\x99\xc3\xc3\x9d\xdb\xb7sa\xceK/\
\xbd\x84\xccA\x99\x88\x8c\x8eb\xf2\x8c\xc1hB]]\
\x0d\x97\xd3S~#4,\x943\x92D\xc1S*e\
\x7f=!\xa4/\x22HZ\x80\xfc\x01\xd2\x02\xb4\x93i\
\xd0\x8d\xd3\xae\xa7Z}j[\xeaj\xfd\xe6\xe4\x8c\x1a\
\xf1\xe4\xccV+g\xf6\xfc|\xbd\x99\xcc\xe8ET,\
\xa26s\x1f\x01\x1bV\xae\xfc\x06_~\xb5\x02Y\x07\
\xb2`s\xb8\x1c>\xf2\xac\x058\xf1\xfe\xbb\x1f\xe0o\
\xb7\xde\x8c\x1d\xdbv\xe0\xf6;\xee\xc0\xb0AC\xb1\xec\
\xabe\x9c''\xa7\x8b\xea\x04_}\xf9U<\xfa\xd8\
\xa3\xac\x91~mP3\x87\xaf\xbe\xfc\x0aQ\x91q\xa8\
\xae\xaa\x85\x87\xa7\x96\x1d+\xadN\x85\xb5k\xd7\xe2\xea\
k\xaer9\x97b)g>\xc9\xf6\x9f-9\x8b\xd6\
\xb6V\xbe\x8e\xb0\x10\xd2V\x85\xe86\x1ap\xb6\xb8\x18\
\x13&\x8eg3s\xd1\xac\xd9X\xbfa\x1d\x1e}x\
)'r\xee\xb9\xeb^\x8c\x1e3\x1as\xe7\xcdAp\
P\x08\xd7\xfe?\xfd\xf4\xd3\xf8\xe2\xcb\xcfy\x0e\x1f{\
\xe41<\xfd\xdc\xd3\xb0\x9a)\x9bH\xf4\xee\x9e\xf6\xb8\
\x82\x80\xf6\x96V|\xbe\xec\x0b\xce\x10\x06\x05\x07!$\
<\x8cMC{s\x13$6\xeaJf\x81\xbe\xab\x9b\
;\x8dz\xf8\xfb 2.\x0e\x01\xc1\xc1P{h\x98\
\x1b\xf8Gd\xe0\x1f:7\x90\xec$A\xc2\x84\x80\x11\
\xd6\x1f\x1aF\xe7\xf5\xda\xd9\xaeS\xef;J\x82\x102\
(\x97\xc9\x98.F\xb6\x9e\xb2p\xd4\x89\x93\xa4\x96\xce\
\xbf\xa1\xa2J*\xf6\xe0S@\xc5\x12\xeeUHG\xa2\
\xb9\x07\x99\x8c\xfb\xee\xbd\x8fC\xc5W_\x7f\x05cF\
\x8d\xc5\xfd\xf7\xdf\xc7\x89'\xe2\x19L\x9d2\x15\xa9\xe9\
\xa9\xbd\xaf\xa7\x84\x0e\x8dS\xa7\xf2\xb1}\xc7v>\xf0\
\x99\xed\xa8Z\xcdq8q\x19\xbe\xfb\xfe;47\xbb\
\xea\xef\xe9\xe0\xea\x98X\xd7\x09\xa1\xee\xf1\xd5\xf2\x15X\
|\xed5,\x94\xb4h\x85Eg\x90\x9d}\x08K\x96\
,A]}\x0d\x9b\x8c%\xd7/\xc1{\x1f\xbc\xc7\xaf\
?v\xe4\x08\x06\x0f\x1d\xca>\xcf\xb3O=\xc7M\x9d\
IH\xc9\x14\xa6\x0f\xc8\xe0^K\x03\x06\x0e\x80\xaf\x8f\
\x0f\xa2\xa2\xa3\x99\xe1C\xb8\x06\xf9\x13!A\xa1(\xab\
(u9\x8b}\xcd\xb6\xbb\x93\x9a\xcd\xce\x0d0+k\
k\xd8\xc1\xf4\x91\xc8\x10\xe6\xeb\x09O\xb5\xd6\x15\x16;\
\x04XMFX\xacVH\xe8\xe0)_\x1fx\x87\x04\
B\xeb\xe5y\xc1~\xc2\xbf\x18\xc2\x9f\x1cN\xa7Sp\
8\x1cB[[\x9bp\xf6\xecY\xa1\xb9\xb9Y\xb0\xd9\
lB}}\x9d\xb0s\xe7\x0ea\xd3\xc6\x9f\x84\x92\xc2\
r\xa1\xbb\xdd$\x18\xbb\xadBkS\xa7\xb0ow\xb6\
\xf0\xf9\xa7_\x0a\xdb\xb7\xee\x10\x1a\x1b\x9a\x04\xbb\xc3\xce\
\x9f\xd3\xf73i\xac\xfbq\x9dp\xeb-\xb7\x0a\x93&\
N\x16\x82\x02\x82\x84[o\xb9MH\x88K\x14\xc4\x22\
IO\x1f\xb0^V\xb6\x10\x15\x11-\x94\x97V\xf0\xb5\
\xd8\xadvAp\x0a\xc2\xc4\xf1\x93\x84\xf1\xe3&\x5c\xf0\
\xba+\xcb+\x85\x88\x88\x08A\x22\xa1\xcf\x820\xfb\xa2\
9\xfcw\xbb\xdd.8\x1dN\xc1f\xb1\xf1\xef\xd7_\
{\x03?\xef\xe5\xe1-DG\xc6\x9c\xf3\x9d\xf4\xb8\xff\
\xbe\x07\x84\xae\xaen\xd7{m6a\xca\xe4\xc9\xfcw\
)\xb5\x00\x01\x04\xa5R\xc1\xffN\x9d2\x8d_\x93\xd6\
\x7f@\xef{e2\x05?\xe8\xe7;n\xbb\xb3\xf7\xfb\
\xcf\x9f_\xba\x1e\xbb\xcd.t\xb4\xb6\x09\xd9\xd9\xd9\xc2\
\xda\xe5+\x84\xd2\xbd\x07\x84\xee\xd2b\xc1R_/X\
\x1b\x9b\x04s]\xbd\xa0\xaf\xac\x14\xda\x8b\x0a\x85\xfa\xc3\
G\x85\xca\xfdYBKa\x91`\xed\xee\x14\x9c4\x19\
\xbf3\xfe\xf4\xa1Qn&\x0d9%\x14v\x108C\
-[K\xcb\xcaq\xf8\xe8qN\x04QN\xdcb\xb3\
@&P\x89\x95\x99\x01\x15JhP\x08C\xbb\x81\xfb\
\xd8\xfd,\x88\xfcy\xc4\x07\xc8\xcd\xcb\xc5\x99\xd3g\x90\
\x93\x9b\x83\xb6\xf66\xbc\xf7\xfe\xbb\xfc\x1a1$\x90P\
\x1d<s\xfd\x1cP*T|\xc4\x1b%~\x08s\xa0\
r2:\xb8\x82z\x19\x92m\x1c>|\x04\x06\x0d\x22\
\xda\x95\x91\x9d\xbb\x82\xfc\x02\xe62R\xe96\x85\xadR\
\x89\x94\x1d.\xfel\xf7n\xe1J3\x81;\x86~\xfd\
\xed\xd7\xe8\xe8ra\x1d#G\x8cbGr\xda\xb4\xe9\
\xa8(/\xc7K\xaf\xbc\x84\xdd\xbbvc\xd3\xe6\x8d\xdc\
\x9cr\xe5\xca\x95\x9c\x1e\xa7\x0e\xeb\xa4\xed($\xa4\x93\
P\xa6N\x9f\x86M\x9b63\xdcL\x1d\xd7\xcb\xcaK\
\x99;Ac\xea\x94ix\xf5\xb5W8uND\xcf\
\xf3\xe7\x97\xb4\x01\x01CZ\x0f\x0fD\x87\x85#B\xa9\
d\x94T\xe5\xe3\xdbS\xed\xd4SaE\xed\xf0\x04'\
\xd4^&\xe8\xeb\x9b`\xe9\xd2\xc3\xeec\x82\x94\x08\xab\
\x5c\x11\xf5\x17\x9e\x1c\xea&\x83r\x04\xd0P\x8f\xa2\x93\
\xb9\xa8**FSe\x0d\xca\x8a\xce\x22>>\x11\xd1\
\xb11\x5c'@\xde8y\xfbAA\x81\xe7t\x1bw\
\xc7\xb0t\x1a\x16\xf5#8\x7f\x22\xdcV\x8a\x108B\
\xd8\xa8\xfc\xe9\xd5W^\xc1\xa4\x89\x13\x11\x10\x14\xc0\xcf\
Q\xe8F*\x98\x8aYi\xf1\x09J>t(\x9b\x1f\
}\x87D,\x83\x8c\xeb\xe5\xa9\xeb\x89\x9d+\xa0\xf9\x1a\
\x9c\x0e\x16\x08w-\xfd\xac\xd93q\xb6\xa4\x04{\xf7\
\xeec\xb3A\xd7QS]\xcdQ\x0e\x11S\xd4J\x0d\
\x8e\x9d8\xcam\xd7\x9ex\xea\x09xzy\xe1\xe3O\
>a\xfb\xfe\xc9'\x9f\xe2\xdbo\xbf\xc1\xed\xb7\xdd\x8e\
\xa8\x98X\xcc\x981\x8d\x93ct\xa6\xc0\xd3O>\x85\
\x82\xd3\xa7\xb9\x91\x15\x0d\x02\xbf\xa2c\xa2z\xbb|\x9d\
?\xd8*\x88E\xbc\xc9\x8c]\x1d\xae\xa6V\xd4K\xd9\
\xdd\xb1\x94\x9f\xef\xd9\x1cZ\x0d\xd4\xfe>\xb07\xb6p\
\xb7\xf5_2b\xff\xaa\xd3\xc3\xa99qG;\xda+\
*\xd1Q\xdb\xc0\xf4+\xa3\xd5\x82\xaa\xda\x06~\xd8\xc4\
\x02\xbc\x83\xfc\x11\x1a\x19\x81!C\x07#\x80s\xd5?\
\x17k2\x8f]$\xc6\x17\xcb\xbf`\x8f\xb7\xac\xac\x82\
\xf3\xf9\xe4\xd4uuw\xe2\xf6\xdb\xef\xc0\xa5\x0b\xe6\xe3\
\xc3\x0f?\xc6\x8a\x15_\xc2\xd7\xd7\x1f\xf9yy\x5cW\
H\x05\xa3\xe4\x80\xd1 G0-m\x00\x83)\xe4O\
\xc4\xc5\xc6\xa1\xa8\xb8\xf0W/\xfb\x8a+\xae\xc4\xb2\xcf\
\x96\xb10\x92p\xb9=g\xf2\x19($|\xe7\xadw\
\xf0\xe4SO\xf6F\x02R\xb1\x8c\xcf\x0e$&.5\
\xcb\xa0q\xf9e\x97\xe3\x9b\x95\xdf\xf4\x9cD\xe2B$\
\xfb\x8e\x0f>\xf8\x08\xb7\xddv\x0b;\x87\xe4\xdbl\xda\
\xb8\x81\xf3\xf5\xc4\x9c\xba\xe1\xc6\xeb\x19\x1d\xa5f\x13\xa9\
it$\xcc\xaf\x17rZMf\x18kk\x18Z\xa6\
\xa2W\xea\x17\xe8\x02\xda]\x83\x7f\xa6\x86\x19\xdd\x9d\xe8\
jj\x80\xda\xd7\x07\xca\xa0 W\xfb\xd9\xdf\xf0\x06\xff\
9\xa7\x87\x13\x93\xc6l\x85\x5c\x10!&9\x16\x1aZ\
`\xb1\x14\x83(\xfd\xd9\xd1\x8dJ\x8a\xf7\xebj!\xb1\
[\xb9\xd7\x0fa\x04t\x1e\x9e{\xf0M\x0b\xe0\xc3\x0d\
\xe9\xe4\x92\xca\xf2J\x04\x85\x04\xe1\x8d\xd7\xdf\xc4\xd3\xcf\
<\x85\xca\xca\x0av\x16\x97\x5c\x7f\x03\xbe\xf9z\x05\xda\
\x98\xf4\xd0\x0f\x1d]\xed\xb8b\xe1\x95\x988i\x02\x7f\
\x0e\x99\x0f:\xa5D\xa1 r\x87\x09O<\xfe\x04'\
h>\xf9\xe4c\x06Y\x5c\xb5\x88\xfe\x5c~F`\xd4\
\xb4\xe9S{\xaf\xa1\xef>\xa0\xc5\xa7k\xa2\xd0v\xda\
\xb4iL\x1eILJ\xe4V\xb9\xccoT\xaa\xb0c\
\xfb\x0e\xac\xdf\xb8\x0e\x83\x06\x0df\x0d\xe6j\xf1\x22G\
^n\x1eV\xac\xf8\x8a\xcfT\xa2\x02\x10\xa2\xa2\xd1X\
\xb7~\x1d\xd6\xad_\xcb?\xef\xd9\xb7\x17\xaf\xbd\x12\x8f\
\xe3\xc7\x8ec\xf1\xb5\xd7rQ\xcd\xe7\xcb\x97]\xf0L\
\x1f\xf7\x90\xc8e\x90\xe9<a\xe8\xa2\x05n\x85\x17!\
\xa4\xc4Z&\xc1\xed-R\xb13\x00\xe5 \xbe\x03U\
*\xf7\xe9=\xf4\xabB\xf0\xe7\x5c\xc0s\xdc\x15\xc1f\
1\x0b-e\xe5BS\xee)\xc1\xdc\xd8(8\xf4z\
\xc1\xa97\x08\xce\xee.\xc1\xd9\xd5)\x98\xea\xea\x84\xb6\
\xdc<\xa1|\xffA\xa187G\xd0\xeb;\xf9}\xe7\
\x0f\x9b\xdd\xe5\x80\xb54\xb7\x08\xcf=\xfb\xbc\x10\x1a\x12\
J\x08\x0d;K\x8b\xaf\xbeVhjh\x16\xbc\xbd\xbc\
\x05\x91H$\x88EbA,\x16\x0b\x93'Mq9\
LN\xa7\xf0\xfcs/\xf0\xdf\x94Jj\x0c\x03\xe1\xc7\
5k\xcf\xbb\xd4s\xbf\xf3\xde{\xee\x13F\x0c\x1f!\
,_\xfeU\xcf\xd3Nvd\xc9\xa1\xe4\xef\x0f\x0d\x15\
\x82\x82\x82\x05\x0f\x0f/A\xab\xd1\x9d\xe3\x04\x0e\x1e4\
D8q\xfcD\xefgY\xad\xaek_0\x7f\xc1/\
\x1cF\xf7#-u\x80\xf0\xd2\x8b/\x0b{v\xef\x15\
\xba:\xbbz/\xa9\xbd\xa3\xe3w\xdd5\xbe6\xa3Y\
h/.\x11\xaa\xb3\xb2\x85\xdac'\x84\xb6\x92\x12A\
_S#\xe8\xabk\x84\xee\xeaj\xa1\xa5\xa8P\xa8=\
zXh\xc8\xcb\x11L\x1d\xed\xe78\xd8\xbf6\xfea\
\x0d\xc0\xd0\x09\x91$\xe9\xc0$:\xb2T.s9d\
\x14\xfb\xf7\x9c\xa1'Sk`\xf7\xb6CA\xed]\xa4\
r\xc8.`u\xdcf\x80\xe8\xe6w\xdfu\xb7\xebp\
%\xd01\xae\xde\xb8\xff\xbe\xfbxG\x0e\x1e2\x88\xc3\
\xc1\xde\x22\x14\xbb\x1ds\xe7\xcc\xed\x95n\xca?\xb8\xba\
\x8a\xba~w'u\xe8A\xd9F\xf7\x96 Z\xf5\x1d\
\xb7\xdd\x81}\x07\x5cv8+;\x0bg\x8bK\xd8\x96\
\xbb\xd5\xf0\x0f\xab~`@\x8a\xba\xa0\x91\xc3IC&\
S\xb0\x03\xa7Vi\xd8&\x13\x86\xb1\xf8\x9ak\x19\x08\
{\xf8\x91\x87\xf8\xbd\xcf\xbd\xf0<\xf7\x01\xa2\xb4\xb7+\
\x1dnGZZ\x1a\xba:\xbb\xd8\xa1\x9d8a\x022\
\x07\xbb\xa8\xf4\xe47\x11\xa1\x83\x0ft\xfc\x1d\xdc\x8e+\
\xb5\x95r\xa8\x02\x03\xb9\xfe\xd1\xd0\xda\x82\xce\xeev\xd7\
\x81_\x5c\xf5D|F'\x97\xd4\xab=\xe9Tu\xed\
\x1f\x03\x83~WD~W2\x1d\x82\xa9\xadC\xa89\
yJh\xc8\xcd\x17\xec\xcd-\x82\x934\x80\xc1(\x08\
\x06\xa3\xe0\xe8\xea\x16,\x0d\x8dBkA\xbeP\x99\x9d\
%\xb4\x95\x96\x096\x8b\xe9\x17\x1a\xc0-\xad\x97_v\
\xb9\x10\x10\x10 DE\xc6\xf0N\xa7\x1d\xbe\x7f\xcf\xfe\
\x9fC(\xa9+|\xa2\x87X,\x11>\xfb\xe43\xc1\
\xe1p\xf2\x8e\xeah\xef\xe8\x09\xd9D\xac\x09\xae^t\
M\xef\xe7S\xc8\xb6i\xe3&\xe1\xd2\xf9\x97\x0a\x0a\x85\
\x92\xdf/\x91H\xf9!\x97\xbb>3/\xe7\x14\xbf\xf6\
\xb5W_\x17dR\x19\x7f\xff%\xf3\xe6\x0b\x1b\xd6o\
\x10\x1e|\xe0!\xc1\xc7\xc7W\xd8\xb9c\xa7\xd0\xda\xda\
&\xac]\xb3V(**\x16>|\xffC~\xef\x95\
W,\xea\xfd\xae'\x1f\x7f\x8a\xdf+\x97\xcb\xf9\xb9U\
\xdf\x7f/\xd4\xd4\xd4\x0a\x09\xf1\x89\xfc\xfb\xa3\x8f,\x15\
\xda\xdb\xda\xff\xfe\xb9\x16\x04\xbeW\x9b\xde(tW\xd7\
\x09-\xf9\x05B\xe3\xf1cB\xe3\x89cBs\xce\x09\
\x0e\x05\xf5\xb5u\x82]o\x10\x04\xc7\xef\xef~\x1a\xff\
\xb8\x09p\x0a\x82]o\x12Z\x8aK\x85\x8a\x83G\x84\
\xa6\xdc|\xc1XS+X\x1a\x9b\x04cm\xad\xd0Q\
\x5c\x22\xd4\x1d\xce\x16\xca\xf7\xec\x12\xeasN\x0a\xe6\xf6\
6\xc1\xe187\xe6u\x0f\x93\xc9$TUV\x0b\x06\
\x83\x81'\x89&\x8b&\x8db\xf7\xd9\xb3.\xee]\xf8\
\xf0\xb0H!>.\x81\x7f\xd6\xe9<\x85\xf4\x81\xe9\xc2\
\xb4)\xd3\xf93\xf6\xef\xdd/\xc8e\xae\x89\x97Jd\
\xc2\xc8\x11\xa3\x84\xb1\xa3\xc7\x09\xe1\xa1\x11\xe7\xa8c\x12\
\x10\x91H$H\xa5.< ==C\xf8\xe1\xfb\x1f\
\x84\x8bf]\xc4\xbf\xcb\xa5rA\xa5P\x0b\x0a\x85B\
x\xff\xdd\x0f\x84\xd2\xb3e\xc2\x80\xb4\x81\xc2e\x0b\x16\
\x0a\xd7\x5c\xb5\x98_\xe3\xe9\xe1%\x9c-)\x15\x96\x5c\
\x7f#\xff\xbe\xec\xb3\xcf\x85\xa7\x9ex\xca\xf5~\xb9\x9c\
\xbf\xc3\xdf\xcfOhnl\xe2kkmi\x15\xa6M\
\x9d\xc6\xcf\x87\x04\x87\x0a\x97\xcc\xbdDx\xe8\xa1\x87\x85\
\xbd{\xf6\xb9p\x88?\xa0\xb2\xdd\xc3\xe1t\x0av\x93\
E\xb0vu\x0b\xf6.\xbd\xe0 \x93k6\x0a\x82\xcd\
\xe6Z\xfc?\xf8Q\xff\xb8\x06\x10\x9c\x82\xc3\xee\x10,\
m\xedBcN\xbeP\xbe{\xbfP\xb5\xef\x80Ps\
\xf0\x90P\xb5?K\xa8\xd8\xbbO\xa8\xdc\xbfWh\xca\
\xcf\x13L-\xcd\x82\x83n\xf4\xbc\xab#\xb0\x83\xc6w\
+\xbf\xe3E\x194h\x88\x10\x1e\x16\xc1?\x07\x07\x86\
\x08\x16\xb3\x85\x9f\xdf\xbds\xb7\xf0\xed7\xdf\x0a\xcdM\
\xcdBMU\x8d\x10\x15\x19}\xce\xa2n\xdc\xb0\x89_\
\xb7a\xdd\x06\xc1\xc7\xdb\xe7\x176\x98\x04\x82\x84\x83\xc0\
\x1a7`\x03@\x98>}\xbaP\x90\x7fF\xd0i<\
z\xffF>\xc0\xbb\xef\xbc\xd7\xfb;\xf9\xd8R\xa9\xac\
\xf7w\xb5\xda\xe5\x13<\xbe\xf4q\xbe\xff\xbb\xee\xb8K\
\xf8\xf4\x93\xcf\x84\x88\xb0\xc8s\xbes\xd9g\xcb\xf8\x9a\
\xdc\xf7@\xe3\x85\x17^\x14TJ\xd59\xaf\xfb\xe0\x83\
\x0f\xf89\xf2A\xfe\xe8\xcc\xff\xe2'\xfe\x81f\xf7\x8f\
\x0b\xd2?A\x00z\xbe\xd2f\x17\xacm\xedB{I\
\x89P}\xf4\x88P\x9dM\x8e\xcaQ\xa11\xff\x94\xd0\
US#\xd8\xc8,\xf0\xe2_\xe03z\x9c\xb8\xa6\xa6\
&!\xa5_\xffs&\xe6\x9a\xab\x17\xf3sV\xab\xf5\
\x17\xef+)>+\xa4\xf6O\xeb}\xed\xb0!\xc3{\
\x85\xa9\xa8\xb0H\xb8x\xf6\xc5l&~\xcd)\xd3h\
4\xc2c\x8f=\xc6\xaf\xb7Z\xac\xc2\xa4\x09.4/\
1!I\xe8\xeeA\xf9\xdc\xbb\xdd\xad5Hp\xe8_\
\xde\xc5!aBue\xf59\xbbm\xef\xee\xbdB\xbf\
\xa4~BdD\x94\xf0\xe1\xfb\x1f\xf1\xdf\xdc\xbb\x9b\x9c\
Kz\xd0(+-\x13\x1e[\xfa\x980f\xf4\x18!\
==]\xd8\xb9s\x17\xff\xdd\xfd\xfc\xbfj\xfc\x13\xa2\
\x80>\x83\xe0X\x8bY\xb0tt\x0a\xe6\x966\xc1\xdc\
\xd9!X\x8dF\xde\xf5}%\xf4B\xc3\xad\xfeZZ\
Z\x85\xdbo\xbd]\x08\x0e\x0a\x11\xa4\x12\xa9\xf0\xc3\xaa\
\xd5\xbd;\x83&\x92\xfe\xa5\xd7\xba\xa1\xd3\xce\x8e.\xe1\
\xa9\xc7\x9f\x12\x22\xc2#\x85\xd9\x17\xcdvy\xcb=\x1e\
9\x8d\xac\x83Y\x0c+\x0f\x1f>\x5c\x88\x8a\x8a\x12\xc2\
\xc3\xc3\x85\xc9\x93'\x0b\xaf\xbc\xf2\x8aPZZ\xea\xba\
l\xbb\xa3\xd7\x93\xdf\xb4i\x93PWW\xcf\xbf\xbb\x85\
\xe9\xed\xb7\xdf\x11BC\xc2z\x05A\xa7\xf3\x10\xe6\x5c\
<W(.*\xee}?E0\xeek\x22a2\x92\
\x0ft\x81\x05uG\x1a\xff)\xe3\x9f\x03\x04\xfd\xc2\xb3\
\xec9\xb0\xf9\x9c\xfa\xfa?\xe4\x90\xf6z\xae\xad-\xad\
\xfc\x88\x8d\x8bu\xf1\xfa.0\xfa6B\xa0\xf4)U\
\xd3r\x1b:\x82H{\xda\xa3\xf5\x05V\xdcD\x95\xbe\
\x8c\x19\xe7\xaf4Sp_\x8b\xfb\xf9\xf6\xd6v\x1c?\
~\x9c\xaf%!\x91Z\xc5\x86\xfe\xe2\x9a\xcf\xff\xbc\xdf\
j\xd5\xc2M*{\xfa\xf7\xb9\xd1\xce?\x9a\xc2\xfdg\
\x8e\xbfF\x00z\xc6\xcf\xed\x1a\xfe\x8e\xf7\xf4t\xdd\xe8\
\x9d\xb8\xdf\x89\x8f\xfa\x9ej~\xc1\x05\xa1\x86\x0f=\xa7\
\x93\xf6=\x0d\xc5\xbdP\xe2>\x8b\xef\xfen\x0aG\xdd\
\x87S\xfd\xdaB25\xac\xa7O\xc1\x85\xae\x89\xef\xfb\
\xdf\xb0\xa0\xffQ\x02\xf0\x8f\x8c\xde:\xfd?Hn\xfc\
#\x93\xfe\x8f,\x8c\xd0\xa7\x1d\xcc\xf9\x02\xf2\x7fy\xfc\
\xc7\x0a\xc0\xff\xc6\xbff\xfc\xb1\xed\xf5\xbf\xf1\xff\xed\xf8\
\x9f\x00\xfc\x97\x8f\xff\x09\x00\xfe\xbb\xc7\xff\x03\xa2\xc1D\
\xcf\xb3\xd8mC\x00\x00\x00\x00IEND\xaeB`\
\x82\x89PNG\x0d\x0a\x1a\x0a\x00\x00\x00\x0dIHD\
R\x00\x00\x01\x00\x00\x00\x00\xe4\x08\x06\x00\x00\x00w\xd0\
\xfaF\x00\x01\x00\x00IDATx\x9c\xec}\x05\x9c\
]\xe5\xb5\xfd:\xf7\x5c\x97q\xf7\x99d&\xc9\xc4\xdd\
\x03$\x04-V\xacH\x05\xca+-\x15J\xe9k_\
\xe5\xf5\xd5\xbd\xd4\xa8PZZ\xa0H\xa1hq\x8d\xbb\
\xeb\xc4\xc6]\xef\xccu=\xff\xdf\xda\xe7\x9e\xc9$$\
\x90@h\xf9C>~\x97\xdc\x99\xb9r\xe4\xfb\xf6\xb7\
\xf7\xdak\xaf\xadh\x9a\xa6\xe1\xf48=N\x8f\x0f\xe4\
0\xfd\xa7\x0f\xe0\xf48=N\x8f\xff\xdc8m\x00N\
\x8f\xd3\xe3\x03<N\x1b\x80\xd3\xe3\xf4\xf8\x00\x8f\xd3\x06\
\xe0\xf48=>\xc0\xe3\xb4\x018=N\x8f\x0f\xf08\
m\x00N\x8f\xd3\xe3\x03<N\x1b\x80\xd3\xe3\xf4\xf8\x00\
\x8f\xd3\x06\xe0\xf48=>\xc0\xe3\xb4\x018=N\x8f\
\x0f\xf08m\x00N\x8f\xd3\xe3\x03<N\x1b\x80\xd3\xe3\
\xf4\xf8\x00\x8f\xd3\x06\xe0\xf48=>\xc0\xe3\xb4\x018\
=N\x8f\x0f\xf08m\x00N\x8f\xd3\xe3\x03<N\x1b\
\x80\xd3\xe3\xf4\xf8\x00\x0f\xf3\x7f\xfa\x00N\x8f\xd3\xe3\xfd\
>\xb4\xd4\xbf\x8a<3\x1e&@\xd3\x7f\x93\xfa#\x8e\
\xf1\xf4]\x1f\xcaiA\x90\xd3\xe3\x838\x0c\x1d\x1cM\
\xd3`2\xbd\xdb\x8e\xb0\xb1\xe8\xb9\xb4\xb9\xe85(\xc6\
2\x97\xc3H\xea\x0f\x85\xbf3\xfd[\xcd\xc0i\x03p\
z\xbc/G\x22\x91\x18~\xceE\xae\xc8\xe2\xd2G2\
\x99\x84\xd9l>\xe2w\xef\xd6\xd0\x97\xbd\x86\x04\x14\x84\
\xe2\x1a\x82\xd1$\x82\xe18\x90L\xc0\xaa*pX-\
p\xd8L\xb0\xa8\x0aL\x8a\xbe\xeci\x0e\xf8L\x19!\
\xd6\xf5n\x1d\xeb\x07\xd2\x00\x1c=!N\x8f\xf7\xd7\xbd\
=\x91]\x9d\xafikkC8\x1cFee\xe5\xf0\
\xeb\xdf\x8dy\x11\xd5\x80\xf6\xfe\x00z|1\x8453\
bI\x93>\x07\xa1\xc0b\xb6\xc0n\xd1\xe0\xb2\x00\x19\
N\x13\xb2\x1cf\xa8*\xffF_@\xd1\xfd\x01.\xd1\
\xd3\x06\xe0\xd4.\xfe\x13\x9d(\xa7\xc7\xff?#\x1e\x8f\
\xcb\xce\xce\xb1l\xd92\xf4\xf5\xf5#33\x1d\x07\x0e\
\x1c\xc0\xbcy\xf3\xd0\xd5\xd5\x05\x9f\xcf\x87\xbd{\xeb\xb0\
v\xedZy\x84B!|\xff\xfb\xdf\xc7m\xb7\xddv\
\xc4\xfb\xdf\xfe\xd0\x90\xd4\x12\xfa\x1c\x83\x8a`LC\xfb\
@\x08\xbd\x81(\xfc\x9a\x15\x81\xb8\x09\xf1\x04\xe7\x9c\x09\
PT\x98L\xdc\xf9\x93\xb0j\x11x\xd4(r\xdcf\
d\xba,\xc8tYaS\x0e\x07\x0b\xef\xd6v\xf5\x81\
\xf2\x00\xe8\xfaq\xc1744\xa0\xb4\xb4Tn\xb6\xf1\
\xbb\xd3\xe3\xff\xdf1\xd2\x98G\xa3Q\xdcz\xeb\xad\xb8\
\xeb\xae\xbb\x8e0\xf6\x16\x8b\x19\xb1X\xfc\x98\xef\xbf\xf8\
\xe2\x8b\xf1\xd4SOI\xd8\xa0\xaa\xea;=\x1a$\xb5\
(\x92\x8a\x19\xfd\x01\xa0\xad?\x0coTA\xd8dE\
O(\x86\xc1`\x02\xd1X\x12\xaaI\x85\xd9d\x82Y\
UaQ\x00\x97\xcd\x04\xb7%\x01\x0bbp\xaa\x09\x94\
f\xdaP\x98f\x81\x99\xa1\x81\xf8\x02\xef\xce\xf8\xc0\xcc\
|\xde\x5cN\x90\x9f\xfe\xf4\xa7\x98:u*.\xbb\xec\
2ttt\xc8\xefF\xc6\x8b\xa7\xc7\xff_\x83\xbb6\
\x179\xef\xe3\x9dw\xde\x89\xc5\x8b\x17\xe3\x8f\x7f\xfc\xe3\
\x11 \x1f\x17u<\xae\xdf\xff\x91.\xbe\xd5j\x95\x7f\
\xcb\xca\xca\x86_{J\x86b\x817bBC_\x04\
\xbd\x11\x0b\xfa\x13\x0e4\xf5\x87\xd0\xed\x8b\x22\x92T\x90\
4[\x11\xd1T\x04\x93\x80?\xae\xc1\x1bN\xa0{(\
\x8aN_\x12\xfd\x11\x07\xfa\xe3N4\x0c\xc4\xd0\xdc\x17\
B$F\x83\xa2!)\xd0\xe1\xa9\x1f\x1f\x08\x0f\xc08\
E.\xf4q\xe3\xc6\xe1\xe0\xc1\x83\xf2\xf3\xe4\xc9\x93\xf1\
\xe2\x8b/\x22??_&\x12'\xc8io\xe0\xff\x8f\
A\xcf\xcd\x00\xf3zzz\xf0\xa3\x1f\xfd\x08\xbf\xfc\xe5\
/\xe5o\xbc\x87v\xbb\x0dN\xa7K<\x02\xee\xfc|\
p\xc1\xd3\xd9\x1b]=\x1a\x99\x19\x99X\xb3f\x0d2\
33\xb1z\xf5jTUU\x9d2o\xd0\x9f\x04\x0e\
t\x05\xd1\x1d\xb4 \x10S\xd19\x14B8\x1e\x86\xc7\
eA\x9a\xdd\x82P$\x89h\x5cA\x02\xaa\xfc\x1bM\
\x12\xf6\xd3`\x82\x06\x8bj\x86\xc3jB\x96\x13HW\
\x82(ISQ\x9a\xed\x84\xd5\xa4AU\xe8\x0b\x9c\xda\
\xf1\x81\xe0\x01\xf0\xc6r\x17\xd8\xbcy3\x9a\x9a\x9ad\
\x17\xe0\xcf\xdb\xb7o\xc7\x15W\x5c\x81G\x1f}\x14\x05\
\x05\x05\xf2Z\x1a\x02U=r\xa7\xd0\xc7i\xd0\xf0\xbd\
2\x8c\x85\xca\xc7s\xcf=\x8b\xef~\xf7{X\xbf~\
=l6\x1b\x22\x91\x08\x5c.\x17\xfe\xeb\xa6O!?\
\xbf@@\xbeh4\x8eh4\x02\xbb\xcd\x0e\x93\xaa \
//\x17\xf1x\x0c\x1b7l\x84\xd3\xe9\x1c\xbe\xf7o\
\x17\x00\xd4\x91~z\x91\x0a\x12\x9a\x09\x1dCax\xc3\
\x1a\xc2q\x0d\xfd\xfe\x10\xc2!\x1fr=*\xc6\x96x\
`W\x15\x0c\xf9\xe2\xf0\x85\x13\xf0\xc5Uy\x1d\xe2@\
L\x83\xbc7\x11O \x12\x8f\x22\xa9Y\xa0:\xec\xe8\
\x1a\x0a\xc1b\x0e\xa28\xcb\x09u8\x95x\xea\xc6\x07\
\xc2\x00\x18\x1e\x00\x17z,\x16CVV6\x92I\x0d\
^\xef\x00V\xadZ\x8d\xd9\xb3\xe7\xe0\xa3\x1f\xbd\x0e\xd7\
\x5cs-\xc6\x8f\x1f/\xb7T\x8f\x07ioO/\xfc\
\xf7\xd2\xe0\xfd\xb3X,\xd8\xbau+\xee\xbf\xff\xfe\xe1\
]\x9f\x06\x9d\x8b\x7f\xce\x9cy8\xe7\x9cs\x91\x9d\x95\
\x8b\xa4\x96\x84\xc3\xe6\x92\x85\xad(D\xde\x93\xf2\x88F\
\xe2\x88D\xc2p;\xdd\xa8\xaf\xaf\x97y\xf1\xf1\x8f\x7f\
|x\xa38\x991\xec>\x13\x87P\x14\xf4\x87\xe2\xe8\
\x1e\x8c\x22\x187\x8b!p\xa9\x09\x9cY\x9b\x81\x5c\xab\
\x8a4+\x10Nhp\xb8\xcc\xb0rnE\xb8\xf0\x93\
\x5c\xffH\xc4h<8\xd74$4\x0d\x81H\x02\x01\
\xd5\x02\xa7\xdd\x82\x81@\x1c\xd9\xe9\xf4\x0e\xf85\xcc\x15\
\x8e\xe0\x11\xbc\xc3\xf1\x81\xc1\x00h\x04:;\xbbe2\
L\x9e<\x157\xdf\xfci8\x1cN\x99\x18\xcd\xcd\xcd\
\xf8\xc1\x0f~\x88\xb3\xceZ\x8co}\xeb[\x18\x18\xf0\
BU\x09\x10*b(N\x1b\x81\xf7\xc6\xfd\xa3Q\xe6\
\xe2_\xb9r\xa5\xa0\xfa\x5c\xfc\xc6\x82-..\xc5\x95\
W~\x04\x97]\xf6a\xe4\xe7\x15\x88\xa1H&4\x89\
\xfd\xf9\x9c\x1e\x00\xff\xe5\xcfZR\x83\xc7\x93\x8e\x8a\xca\
*\x99\x0f\x1b7m\x1c\x06\x12Ov\xe8\xcb\x90\x8b_\
E iB\xa7/\x81\xc1\xa8\x8a\xfe`\x14\x83\xb1\x04\
\xa6\x95\xdb1%\xd7\x8e\x22\x8f\x05\x0eU\x83\xc3\x0c8\
\xad\x80\xdd\xac\xc1\xa1\x02vU\x83\x85\x18\x86|\x10\xe3\
|\x134\x93\x05Q\xcd\x84@4\x89\xa8fF(\x0e\
\x84bD\x01\xc8\x1e\xe4\xe2?uQ\xfb\x07\xc2\x00\xe8\
;\x80\x82\xbe\xbe>\xb9\xc9EE%\x18U5\x0a\xb7\
\xddv;\x8a\x0aK\xe4\xc2+\x8a\x8a\x9e\x9e^|\xef\
{\xdf\xc3\x85\x17^\x84\xa7\x9ezz\x18YfXp\
z\xfcg\x07\xef\x01\xef\xc7\x1f\xfe\xf0\x07\x09\xdb\x18\xdb\
s\xf1\xf31zt5>\xf6\xb1\x8f\xe3\x9c\xa5\xe7\xc2\
b\xb6\x22\x14\x0a\xa7\x00?=\x94;\xfa\xc1uN\xec\
 ++[>\xb3no\xdd0\x90\xf8v\x06\x17d\
\x5cS\xd0\xe3K\xa07\x98\x80O3\xa1'\x9c\xc4\xa4\
<\x055\xd9v$\x92\xcc\x0ah\xd0\xcc&h*\x8f\
!\x09\x15IY\xf4\x8c\xeb\xe9\x0c\xe8\xd1\x87\x09\x09\x98\
\xc0=\x87F*\x96\xd0$\x9b\x10M\xaa\x08Fh\x00\
\x0e\x1b\x9cS5\xde\xf7\x06\x80;8'I\xfd\xa1z\
\xb44\xb4b\xcc\xa8\x09\xa8,\xafB\x22\xa1\xa1\xa8\xa0\
\x08\xb7~\xe1V,]r\x1e\xb223\xa0\x9a\xcc0\
\x9bmX\xbbv5.\xbd\xf4\x12|\xeaS\x9f\x92\xbc\
1'\x0b'\x0a]\xc4\xd3\xe3\xdf;x\xdd\xb9\xd8\xb9\
\xf3\xff\xfd\xef\x7f\xc7-\xb7\xdc\x22\x86\x9c\xf7\x82 \xdf\
\xcd\x9f\xfa4\xbex\xebm\xc8\xce\xca\xc1\xa0wH\x96\
\xc8\xe1\x85|\xec\x85\xc2\xc5\x1e\x8f'18\xa8\xbf~\
\xd5\xaaUx\xf9\xe5\x97\xdevF\x88\x06%\x10O\xa0\
o(\x8cP\xdc\x04\x7f$\x8e\xa8\xa6b\x5c\xae*\x0b\
=\xa9p\xa1\xc5\xa1*\x1a,\x92\xd9\x17\xa4R\x9e\xd1\
s0\x89\x118\xcc\x04\xa4\x05\x10\x8f$\x05\x0e&4\
\x86\x0a\xef\x0eV\xff\xbe7\x00\x8c\xf98\x9ez\xfci\
X\x92\x16\x8c\xab\x9e\x80\xc1\x81!l\xdb\xb2\x03\xb1h\
\x1c\x0e\xbb\x03\x97\x5cr\x09\xbe\xf6\xd5\xaf\xe3\x92\x8b/\
\x82\xc5\xa2\xc7\xfd\xaa\xd9\x82{\xee\xf9\x0bf\xcc\x98\x81\
;\xee\xf8\xe5\xf0\x0e\xf1v]\xc5\xd3\xe3\xed\x0d.H\
\xa2\xf7\xf7\xddw\x1f\xfe\xe7\x7f\xfeG\x0c\x01\x7f\x97\x93\
\x93\x87\xcf~\xf6s\xa8\x1d7\x0e\xd1H\x14ZB\x83\
j\xb2@\xd1H\xa1\x9509E\xa5=\xf6\xbdbx\
PR\x5c\x81\x82\xbc\x12\xc1\x0e^y\xe5\xb5\xd4|9\
\xc9{K\xf0N1\x89\xcb\x1f\x08i\x08EM\xf0\xfb\
5\x98\xe3*\xa0\x98S\x8c>\xab<Oj\x0ab\x9a\
\x82h\x1c\x88\xc6\x12\x88%\x92\x88I6C\xb6|\xc0\
\x94\x94L\x00\xbdQ\x05|\xbf>\x7f\xf9HQ\x87N\
\xf9\xb2}_\x83\x80F\x0e\x98\x0b}\xd3\xfa-2A\
\xb23\xb2\xb0s\xfb.\x84\xc2\x01\x94\x97\x96\xc2\x93\xe6\
\x96\x09d\xb1Z\xb1t\xe99\x183f\x1c\x1e|\xe8\
\x01453[\xa0b\xff\xfe\xfd\xb8\xfd\xf6/a`\
\xa0\x1f\x97^z\x19\xa6O\x9f6\x22[\xa0\x9e\xa6\x14\
\xbf\x8b\x83\x0b\x9d\xde\xd7\xab\xaf\xbe\x8a\x1bo\xbc1\xf5\
\xb3\x053f\xcc\x940-';\x17\xc1 \xdd}\xe2\
\x00\x87Y\xf4':<\x1e\x17***1\xe0\xed\xc5\
\x9e\xddu\xe2U\x9ct&@\x01\x82\xb1$z}Q\
\x04\x93\xd6\xd4\xee\x0f\xa8&\xee\xfcV\x01\xeb\xcc\xc9\x84\
\xec\xf8\x11MC(\xa1!\x18W\x10\x8a)\x88\xc4\x93\
H$\x14$\x885\xc9\xa2\xd6\x8d\x8fI~\xd2`6\
)\xb0\x98h\x0a\x98\x02L\xea\xde\x810\x0cS^\xc4\
)\x18\xefk\x0f\xc0p\xd9w\xed\xd8\x83\x86C-\xc8\
\xcb)\x84\x99\x00K8\x0a\x87\xcd\x01\x13\xdd/\xcd\x04\
UQ\xc5\x00\x87B\x11\x14\x17\x17\x8bKy\xc3'n\
\x84\xc7\x93F|\x19\x16\x8b]\xe8\xa2\xf3\xe7\xcf\xc7\xf5\
\xd7\x7fT@B\xa3\x98\xe4\xb47\xf0\xee\x0c\x02v4\
\xb0O<\xf1\x840\xf5\x0c\xb7\x9e\xf7\xe0\xc6\x1bnB\
Fz&\xc2\xe1Hj\xf1\x1b\xe3\xf8;\xfe\xd1\x83\x14\
\x5c\xbb\xdd.;mEY\x0d\xe21=\xb5x2\x0b\
\xcb\xf8&_8\x06_\x5cAX\xb3 \xc0\xd5\xaf(\
\x88%b8\xe4\x0d!\x06\x13b\x8a\x09!\xce\xaf\xb8\
\x82\xc1`\x12}!\x0d\xde\xb8*\xb4`\xd6\x05\xf1-\
q\x01\x9c\xf5O\x15\x12\xb1\xa2\xc1j6\xc1\xc4\xb0A\
\x81\x14\x0b\x9dJ\xf0o\xf8:\xe0}<\x0ck\xfe\xf0\
\x03\x8f 0\x14\x82\xcd\xe6@Ow\x0f\xe2\xd1\x18\xca\
J\xcb\xe0q\xbb\x91\x88\xf3\xaa\xeblk\xc6b\xd1H\
L\x0c\xc3\xb4i\xd3\xf1\xd5\xaf\xfc\x0f\xe6\xcd\x99\x8fX\
,\x0aE!\x954\x89\x07\x1e\xf8\xbb\xec@?\xff\xf9\
\xcf%\xc7\xcc\xef\xd0\xe3\xc6\x91\xb5\xde\xa7C\x84w2\
\x0c\xb4\x9fF\xe0g?\xfb\x19\x82\xc1\xa0<\xbf\xe8C\
\x17\xe3\xd2K.\x93\x85\xcf|\xb9J\xa3\xc0\xb4X*\
5&\x8f\x13\x1c\x92\x09p{\xe4s\x0a\xf3\x0bpp\
\xdf\x01\xfc\xe9\x0fw\xc3\xa4\xaa'\x8c\xf5\x08\xf8\x97\xd0\
0\x18\x8c!B\xa0.AR\x8f\x09J\xd2\x06Eu\
aO[\x0c\xcb\xf7\x0f`S[\x00\xdb\xbab\xa8\xeb\
K\xa2\xd9\xa7\xa2+H\xf6_\x12\xfe(\xb9\x02\x10\xb0\
o\xe4F\xc2ik2i\xb0\x99\xcd0i\x1a\xcc*\
\xa4jp\xa4\xb2\xc0\xa9\x1a\xefK\x03\xc0\xcb\xc4\x82\x0c\
Z\xf4\xe6\xa6VlZ\xbf\x19iii\x88'\xe3\xe8\
\xed\xef\x83\xd3\xed\xc0\xb8\x09\xe3\xc4\x95\x12\x92e*\xae\
7\xb8\xe3\xc9DB\xbc\x04\xe6\x89\xaf\xbb\xf6:|\xf8\
\xd2+\xe0r9\x91LF\xa1\x9a\xec\x92;\xfe\xef\xff\
\xfeo\xdcr\xcbg\x87\xf9\xe3:\xd6`\xdc\xa0\xf7\x8f\
\x01\xf8w{8FhE\xb6\xe6Yg\x9d)\x05;\
\xf4\xb6\x96,9\x17K\x97\x9e\x0fES\xc5\xd3'\x97\
\xfe\x88\x5c\xb8a\x08Nd(@\x22\xa9!\xcd\x9d\x01\
\xbb\xdd\x8ax,\x8ctW:\xbe\xfb\xdd\x1f\xa2\xbb\xa7\
W\xe6\x0d\x8d\xc0\xb1\xf1\x1ec\xd6\x88\x15A \xa6a\
 \x94D4a\x82?\x96@\x5c\x03\x92J\x0cI$\
`\xb3Xar:\xd0\x1b\xd4P\xd7\x1d\xc1\xc1\x9e \
\xda|Q\xf4\x05\xe3\xf0E\x92\x08E\x13\x88\xc5\x13\x88\
'\x19\x0a$t\xf0/U\x00\xc4\x8a@\xe6\xfd\x89 \
\xdam\x80\xddbJa\x1a\xa7\x16\x88~_\x1a\x00\xa1\
S\xa4\x90\xd4\x8d\xeb7\xa1\xa7\xb7W\x0c\x00i\x9f\xcc\
\x07\xf3\xb9\xd3\xe1\xd4/\xfa\xb1\xe6L\x0a\xf0\xe3\xdf\x89\
@/Y\xbc\x04\xff\xf3\xd5\xafc\xce\xec\x05\xdc\x9fd\
\x12X-\x0e\xdcw\xef\xdf\xa5\xae\xe0G?\xfa\xb1\xe0\
\x05\xcc,$\x12\xc9\xff\xd8e5&+'/\x8f\xfd\
\xe8\x07\x17\x17\x1f\xc6\xf3\xa3\xff5\x9e\x1b?\xff\xbb\xcb\
\xa6\xb9\xcbs\xb1\xbf\xf6\xdak8\xf3\xcc3\xb1z\xf5\
\x1a\xf9}M\xcdX\x5cq\xf9\x15B\xe7}[q\xfa\
\x1b\x86\xa0k0[H\xc8\xb1B\x8b\x01Y\x999\xb0\
\xaa\x16\xac]\xb3N^\xf1V^\x80\x1e\x8f3W\x9f\
@8\x011\x00\xa1X\x0c\x09\xa2\xfe\x0cK\x921\x14\
g\x981.\xcf\x8e\x82t\x07,\xaa\x8ap\x0c\x18\x0a\
k\x18\x8ah\xf0E\x13\x08\xc65\xa9\x0d\xa01\x22\xdf\
_\xaew\x0a\x10\xb4\x98U\xd1\x0b0#\x01\x8f\xd5\x0c\
\x9b\x9c\xb3Q$|\xea\xc6\xfb\xd2\x00\xd0J\xf2zq\
\xa2l\xdf\xbaS\x10\xe2\xac\xcc,\xb9\xc0\x9c\xd8\x85\x85\
\x85\x02\xfa\xbd\xd5\xeefL4\xa2\xc4\xe9\x9et\x5c\x7f\
\xed\xf5\xf8\xfcgo\xc5\xe4\x89\xd3\x10\x8d\xc5\x91H&\
\xb1s\xe7N|\xfd\xeb_\xc37\xbf\xf9\xad\xe1\xbc\xb4\
n\x04\xfe}|x.Xca\x18EO\xc6\xb1\x8c\
|pq\xf1a<?\xfa_\xe3\xb9\xf13\xaf\x0f\xbd\
\x9d\xa3\xbfk\xa4\x818\xd5\x0c?\x96\xee^}\xf5\xd5\
R\xab\xcf\xf3\xc9\xcc\xcc\xc2%\x97\x5c\x8a\x08\x91~\x09\
\xaf\xdf\xf9\xf4\xd7\xf9v\xcc\x1a0\xfdf\x86\x09*\x9c\
V\x07\xdcv7\x1e~\xf0a\xfd5o\xf2=\xc6R\
$so(\x0aD\x14\x8b\x00{\xd1\x84\x22\xf9~n\
\x12V\x8bE<\x14\xce=\xab\xaa\xc2d\xb6K\x98\x10\
K*\xa2\x07\x10K\x98\x84\xfaKf\x9f\x1e4\xea\xd7\
R@C\x93\x06\x8f\xdd\x04\x87)\x8e4k\x12\xd9.\
\xb3\xa4\x0f\xa1\x9d\xfa\xe5\xfa\xbe\xcc\x02p\xf77\x99\xcc\
hnh\xc1\xba\xb5\x1b`\xb7;\x90\x9d\x93\x8d\xbe\xde\
>\xb9\xb1\x19\x99\x99'\xe5\xa6K\xde8\x16\x93\x7f\xc7\
TW\xa3\xba\xba\x1a\xeb\xd6\xaf\xc3\x93O=\x09\x9f\x7f\
\x00\xaaj\xc1\x0f~\xf0=477\xe1\x8b_\xfc\x22\
\xa6M\x9bz\x8aj\xcb\x8f\x1c\xc6\x227\xdc\xd3\xa3?\
\xdfXD\x5c<\xad\xad\xad\x08\x04\xfcr\x1c]]\xdd\
)\x9a\xab\x09CC>\xb8\xddn\xb4\xb4\xb4\x88'\xc4\
\xcf(//\x17\x97\xbb\xb7\xb7\x17\x83\x83\x83R0\xc5\
\xf1\xf4\xd3O\xcb\xeb\xb6l\xd9\x22\x9f{\xbca\xe4\xce\
G\x92mNf\xe8\xe5\xba\x16\xfc\xedo\x7f\x13\xb0\x95\
\xc7\xc1A\x84\x9e\x80\x1f\x8dw(\x1c\xd5\x01\xbfTZ\
\xf7T\xcc\x11\x8b\xc5\x02\x97\xc3\x89\xe0\x80O\xea\x04r\
\xb3\xf2\xb0\xfc\xb5\xe5\xd8\xbau\x0b\xa6N\x9d6lL\
\xdf\xf0\xde\x94\x01\x88&4a\xebqQ\x07\xa3\x09Q\
\xfd\xd1L\xfa\x0e\xae\x99\xccB\x07\xee\x0e*\xb2\xe3G\
\xe8\xe1\x13\xdb\x97{\x97B\xfciTe\xbbJ\x0e\xc3\
\x18\xe4\x02\xb8\xac\x0a<V\xc0\x9c\x8c\x22\xc7cC\xba\
\xdd\xac\xbb\xff\xb2\xab\xe1\x94\x8e\xf7\xa5\x01\xa0\x17E\xf0\
\xe4\xa5\x17^AGK;rr\xf2\xe1t:\xd0\x16\
\x0c\xc0j\xb1J\x01H2Iv\xdfI\xd0|%\xfd\
\x02\x84\x22\x11\xf9q\xde\xdcy\xa8\xac\xa8\xc4\x9a5\xab\
\xb1|\xc5\x0a\x06\xa5\xb8\xff\xfe\xfb\xf0\xfa\xeb\xcb\xb0i\
\xd3F\xe4\xe7\xe7\x9d\x92\xfa\xf2\x91\xd8\x841\x19\x8d\xcf\
\xdc\xbd{7\xfa\xfb\xfb\xf1\xe4\x93O\xa2\xb1\xb1QR\
\x96s\xe7\xce\xc5\xcb/\xbf,?\x9f\x8a\xe1\xf1xp\
\xff\xfd\x7f\xc7\xf4\xe93\xe0\xf3\x0d\xe1\x91G\xfe\x81\xac\
\xac,)\xa09\xff\xfc\xf3\xc5x\x8c<G\xc3\xcb:\
\xd1\x14\xa9\xc1\xb2\xbc\xe3\x8e;\xf0\xcdo~S\x8c\x18\
\xdfWZZ\x86\x9bn\xfa\x142<\x99\x08\x87\xc2)\
\xc0\xef\x9d/\xfe\x91x\xa1\xaa\x98\xe0\xb0\xd9\x91\x88\xc7\
a\xb3X\xe4\x5c\xfd\xbe0\x9e}\xe6\x191\x00\xcc\xcf\
\x13\x8c;r\x8e\x18\xcfub\x183|\x09\x22\xf9\xe2\
\xba\xeb\xbe\x01\x0dABK\xc2\x1bLbOW\x02\xd1\
$\x10\x0cE\x11\x8f\x931h\x82\xa6\xe8x\x91\x01Y\
\xe8,`\x8b\x9c\x9e\xd5\x92D\x86\x93\xee\xbf\x06\x87\xc5\
\x84L\x8f\x19f9\x84w\xc7Y\x7f_\x1a\x00\x0eN\
\xa2\xd6\x96V\xb1\xb8Y\x99\x99\x08\xf8\xfd\xb2\xb3\xb8=\
n\xb8].$\x13o/\x964\xdeCd:;;\
\x1bW]u5222\xf1\xcf'\xfe\x01E\xb1\xc8\
\xceKb\xd1]w\xfd\x11\x93&N|\xdb\x9e\x80\xb1\
\xcb\x8f\x5cH\x86~\xc1\xddw\xdf-\xcf\x1fy\xe4\x11\
x\xbd\xde#\xa8\xca\xbbv\xedz\xc3\xb1r\xe8$&\
~&\x9f\x1ba\xcaH\xb1\xca\x91\xff\x1a9iz\x19\
\x16\xb4\xb6\xb4\xa1\xbf\xcf\x8b;~\xf9\x0btt\xb4\x0d\
\x7f&\x8d@yy\x05F\x8f\x1e%^\xd1\xe5\x97_\
\x8e\xf1\xe3'\x0c\x9f\xaf\xb1\x83\x1e\xef:\x1b\xd7\xe6\xd9\
g\x9f\xc5W\xbf\xfa\xd5\xe1\xfa|\xf2\xfa?\xfb\xd9\xcf\
\xc3\xe5t\xcb\xe2\x7f\xb7J\xb4\x15\x81\xdb\xb9`5\x98\
\xcc\xaal\x0c\xac\x0fihh\x1a\xf1\xa27\x82\x80\xa9\
?\xc8\xe2'\xa1\x88\xd7T\x8f\x86$\xee\x84\xc2\xeb\x0c\
\x15C\xd4\xffc\xed\x81\x96\x14\xa4\x9f!\x83\x14\xf3\xf0\
3F\xe2\x97)\xd7\xde\xa4$\xe0\xb4\x9aa\xb7X\xa0\
j!\xe4\xa7[\xe1\xb6\x12\xaf\xa0\x87\xf5N\x85J>\
 \x06\xc0\xe0\xef\x93\xc2\xfb\xeak\xaf\xc1\xe1t\x88e\
\xe7\xcf\x8c\xe5\xf3\x0a\x0a`\xb3\xdb\x11OD\xdeQ<\
i\x80\x84CCC\x02X\x91W\xbej\xd5\x0a\xd4\xed\
\xdf\x8b\xf5\xeb\xd7\xe1\xa6\x9b\xfe\x0b\x1b6l\x80\xd9L\
D\x99\xc7tb\xdf\xc5\xcf\x1c\xe9\xde\x0f\x0c\x0cH\xb1\
\xd2\x0f\x7f\xf8C\xd9\xd9Y\xf2\xda\xd9\xd99\xfcz\xa3\
\xb4\xf9h\x0a+Kb\xb9\xc8iH\xf8\x9e@  \
\xa1\x10\xc3\x15\x82i\xa5%\x85\xb2\x00\x99\x0b\x1f\xf0\x0e\
\xc0\xedr\xcbDM$\xf5s**,Boo7\
r\xf3\xf2\x90\x95\x9d\x83p(\x82xJQ\x87\xe1\x15\
\xc3\x09\x1e\x07\x1f<_\x8e\xef\x7f\xff\x07\xb8\xf8\xe2K\
p\xee\xb9\xe7\x08i*//g\x18;8\xda\x132\
j\xf9\xe9\xbd|\xe9K_\x92\xc5O\xc0u\xf6\xec\xb9\
R\xd0c\xb7:$\xdd';\xff)\x1a\xe2M\xa5\xe2\
l\xb9v\xd0\xc3\xc1\x84\xa2!\x14\x09#\xcd\xe3A^\
N>\xb6n\xd9)`\xb1\xc5b\xd5\xbd\x8e\xe3\xdc:\
\x89\xdf5f#R\x86\x94\x0b\x99\xf3/EA\xd7\x14\
\xca\x7f\xe9y}>\xd7\x09\xffoLW\xf2\xef&-\
\x06\x8fUC\x96\xc3\x0a\xab\x16C\x96\xcd\x84\x02\x97N\
%~\xb7v\xff\xf7\xa5 \x88\xe1v?\xfb\xecs\xb8\
\xe8C\x97\xe2\xac9\x8b1jT\x0d\x06z\xfb\xd1\xda\
\xdc\x82i3g`\xe2\xb4\x09\x88\xc5C\xba\x15'\xda\
+\x19$\xed\x1d\xb9\xe8\xe4\x14\xb0\x98\xe8\x17w\xfc\x14\
\xdeA\xaf\xdc\xec\xf3\xcf\xbf\x00\x0f>\xf8w\xb8\xdcz\
I\xea\x9b\x19\x01\x1e\xf7H7\x7f\xd3\xa6M\xd8\xb1c\
\x07~\xfc\xe3\x1f\xe3\xd0\xa1CG\xa0\xd2G\x13\x90\xb8\
\x88\x0b\x0a\x0aQVV*\xef\xe7\xce<f\xccX\xe1\
\xbb'\x1218\x1c\x0e\x89\xfd\xf9\xafY5KE\x5c\
nN.\xe2\x09}\x11\xd2\x9b\xe1g\xb0F\x9e\xd7.\
\xe0\x0f\xc0\x93\xe6\x81\xcf?$y\xf2\xf4\xf4\x0c\xa9\x8e\
|\xfe\x85\xe7p\xe8\xe0\x01\xf8\x03A\xd1\xd7K$\xf4\
p\xe8H)k\xdd\x10\x95\x94\x96\xe2\xfb\xdf\xfd>>\
\xf6\xb1\x8fB1)G\x08\xae\x18\xf5\xfc\xfc\x0cz\x0e\
4\xce\x1cs\xe6\xcc\xc1\x95W^\x0d[j\xf1\x8b\xf7\
p\x8af'/\x17\xcf\xcdd6\x09\x0f\x04\x09E\x8c\
Lk[;^~\xe9e\x14\xe5\xe5\xa3 \xbf\x00u\
\x07\x0fb\xc5\x86W\xf1\xf4\xd3\x8f\xe1\xc2\x0f}H\xae\
\x1f\x8d\xe6\x88O\x1a6\x22C\xe2\xe2'\xd1\x16\xd2\xd0\
\xe4\x8f#\x123C3\x09\x12\xa0\x03\xd1\x86$\xd9\xb0\
\x05\xd1\xb3\x0fG3E\xd4dB@\xbf\x1c\xb7\x8at\
\x13+\x04\x93\xa8)\xb0\xa3\xc0u\xf8}\xefV.\xe6\
}\xe9\x01pttt\x0a\xc3O&\xbdT\xf4E%\
\xe6\x92\xf8?\xae!\x10\x08\xc3f\xb3\xc2j\xb5\x08?\
\xe0\xed\x0e\x03\xf4\xf2\xf9\xfcH\xcfH\xc7\x0d\x9f\xb8\x09\
\x7f\xf9\xeb\x9f\xe1\xf3\xfb\xf0\xecsO\xe37\xbf\xfe\x0d\
\xbe\xf9\xado\xa4vh\xf5\xb8\x0b\x7fd\x5c\xff\xf8\xe3\
\x8f\xe3;\xdf\xf9\xce\x88]\xdd\xc0\x9d\xf5sc:\xb3\
\xb4\xb4D\x5c\xef\xdc\xdcBdff\x8b\xc2\x0d\xc3\x1b\
\xd9\x88HP\x89Q*\x8b\xc7\xa7\x87\x12\xd9Yy)\
\x00J\x13\xc2S\x8c\x8b]1!\x19O\xc0iw\xc8\
\xa2\xb4\xa8\xc4\x9a5\xa4\xa7\xa5\xcbw\xa7\xb9\xd2S\x85\
3q\xe1U\x9c\x7f\xce\xf9\xd0\x96\x9e\x07\xbf\xdf/\x05\
9\xdd\xdd]\xa8\xdbW'\xc0!\xdf\xdf\xd2\xda\x82h\
,\x04\x9b\xc5\x89\xd6\x96\x16\x01\xf0\xee\xbc\xf3w\xf8\xce\
\xb7\xbf\x8d\x0b>t\xbe\x1c;\x17\x9fB\xef)\x19\xc7\
\xad\x9f\xff\x82,~\x9e\x19\xab3\xaf\xbe\xf2*\xa8\xaa\
\x15\x91pX\xee\xdd\xa9\xa0S\x08=\x80J;f\x1b\
\x06\xfa\x06\xd1\xef\xedEee\xb9\x8e\xe9\x984\x84\x82\
\x01\x1d\x8c\x13\xcfQ\x15\xaa8U\xf8\x9e\xfc\xd7\xb3b\
\x00\x18\xda\x1f}\xd7\x0c\xa9Nf\x81\x92\x88\x89\x04X\
\x92\x04 %\xb5[\x0bV\xc1X\xff\xb0\xb9\x181a\
t\xb6\x1f\xbd\x071\xea\x09\xd0\xd1\xc8\xf0\xa8\xf0(\x11\
\xb8-\x16\x94dX\x90\xedP\xa4v@M\x95\x09\xbf\
[%\xe9\xef;\x03`\x0c\x22\xe1L\xf1\xd0\x156\xdc\
H\xeeD\x9c\xacuuu\xf0\x05}\x92k\xe5\xae\x99\
\x91\x95\x8eX2\xf6\x8e\xec\xacI5I\x88A\xb9)\
\xaa\xd1\xdc\xf9\xbb\xdf\x82\x1e\xf3\x0f~\xf8\x03,]\xba\
\x14\xb3\xe7\xce:\x02\x144<\x07\xe3\xe7\xe5\xcb\x97\x0b\
\x10\xf6\xc2\x0b/\x88+<r\x10\xad.,,\x96\xc2\
\xa4\xbc\xdc<\x94\x95\x97IXC2\x0c\xe3\xc7D\x5c\
\x93\x05\x15\x0c\xd0\xab\x19a\x98$6%e\x99ng\
xD\x1a\xc9P\xad=,\x956\xd2\xab0t\xf6F\
\xa2\xfbF=>\x9f3\x8b\x90\x91\x91\x81\x9a1\xd5\x98\
3w\x8e\x18\x1b\x9e\xff\xbe}\xfb\xb0~\xc3zl\xdd\
\xb2U\xbf&&\x136m\xde\x80\x8f|\xe4\x1a\x5cw\
\xfd\xb5\xb8\xf1\x86\x1b1s\xf6\x0c\xf9\xdb\x97\xbf\xf4e\
\xfc\xe3\xd1G\xe4\xf9\xa4I\x93\xf1\x89\x8f\x7fL\x16\xa0\
\xe1)\x9c2.\x95 \xeb&\xc4\xa2Q\xac_\xb7\x1e\
\xfd\x03\xbd\xf0\xfb}(\xcc+DIq\x89xD\xcc\
\xac\x13\x08\xe49:\x9dv\xd8\xccv\xb44\xb7\x0e\x9f\
\xc3\xd1CG\xee5\x90\x93\xa4\x98hPS\x82 \x02\
\x06\x1cm.\xde8\xa7\xc8\xea\xd7\xff\xd3`S\x15\xa4\
\xbb\xcdp\x9a-pk\x0a\xcas,\xc8\xf5\x98\xa0\xa6\
2\x02\xef\xf6x_\x19\x00cAq\xa22\x85\x95\x99\
\x91\x8e4O\x9a\xc4\xb5\x062\x1d\x0c\x04\xc5\xddW\xc9\
\xd1\x8e\xc6\xd0\xdc\xd4\x02\xa7\xcb\x09\xd5\xaaW\xfa\xbd\x93\
\xc1\xc9Bwz\xd4\xa8Q\xb8\xea\xca\xabq\xef\xdf\xff\
\x86x\x22\x8a\x9f\xfe\xf4gx\xec\xf1G\x87\x8f\xd1\x88\
\x89\xb9\x98x\x9c\xf7\xde{/\xfe\xf5\xaf\x7f\x0d#\xe0\
\xc6\xa0^\xbd\xdb\xed\xc1\x92\xc5KQRR\x06\x9b\xd5\
\x9ar\xa7\x13\x88Ftp\xc9\x10\x8d\xd6\xe9\xa3G\xf2\
\xe2)7\xcd2S\x1dP\xe4\x8et\xf4dN\xe5\x9e\
\x8f\xc2B\x8c\x9f\x8f\x85\x91\x18\xc7/XEXwq\
\xc5X\xc4\x93\x187\xb6\x16\xb5\xe3\xc6c\xfa\xb4\x1db\
d\xa9\xb9\xc7\xfd\x93\xf5\xf9\x7f\xbc\xeb\x0fx\xe8\xa1\x07\
q\xe7o\xef\x84\xdd\xe1\xc0/~\xf9\x0b\x89\xb1mV\
\x1b.8\xff\x02X,6\x84\xc3\xac\xf1?\xc5S2\
\x85\xa7\xf4\xf4\xf6a\xc8\xeb\x15\xa3Y\x7f\xa0\x1e\xf1P\
\x1cZ\x1c\x12\x0a\xd9\xec6\xb9\xf6\xbc\xfdv\x9b\x0d.\
\x87\x0b;\xb7\xefF$\x1a\x83\xcdjy\x03!\xca\xd8\
(lV\x15v\x9b\x19J(\xce`R\x0fW\xb8\xb3\
\xbf\xc5\xc2\x15\x0e\x82\xa2\xc1i6!\xcbE\x0d\xc0\x04\
\x1c\xc9\x08r=V\xe4\xb9X;xt\x1f\x80w\xcf\
\x12\xbc\xaf\x0c\x00\x07o\x14\xe9\xbe$\xb0\x94\x17U\xc2\
j\xb3!\x16\x8e\x0ao\x9f\xd6\x9e\xb1.w\x04\xca.\
\x99\x14=\x1e\xa66\xbc\xc7\xee\x96\xd0\xe0\x9d\xf2Lh\
\x04\xf8y\xd3\xa6M\x13\xd9\xaa\x1d\xbb\xb7`\xdb\xb6m\
r\x0fu\xca\xb0n\xa4\xe8-\xfc\xf6\xb7\xbf\x15J1\
\xc7\xc8L\x01\x0b\x92\x16/>\x1b\xb3f\xcd\x12\x94\x99\
H\xbc\xa8\xda\x8c\x90\xb5>2\xdf~\xb8\x9ea\xf8\xef\
\xdc\xd7\xb4\x18\xba\xbav!\xcd\x93\x05\xbb=?%9\
5r\xbc=\x83w<\x03A\xcf\x85\xe77i\xe2$\
L\x99<E\xfe}\xe9\xa5\x97\xb0\xef\xe0\x1e\xa8&+\
\x06\x87|\xf8\xe8\xc7?\x0a\xb73M\xae=k,.\
\xbd\xf82\x94\x95UH\x96\x86<\xfcwc\x082\xc1\
L\x09\xaf\xbdbB$\x1c\x91\xeb\xda\xd9\xd9\x85\x80/\
0B(D\xc7D\x08\x80\xee\xd8\xb7\x15\xaf\xbf\xfa:\
\xce;\xff\x9c#A\xcc\x11!\x81\xcd\xa4\xc0f\xa6\x81\
\x8d\x0f\xd7\x92\x08\xcd\xf8-\x8e\x87\xda\x006\x93\x099\
.\x1b2\x1d&\xc1\x002\xed\x1a\x8a\xb2UXu\x1c\
Q\xf7\xda\xfe\x0drt\xef+&\xa0\xb1\x83{\x07\xfa\
\x05\xbc\xca\xf0d\x91\xae5\xec\xbe\xaafU\x1e\x92\x00\
\xe3\x0dWF\x90+N!\x14j\xe8\xd0_q\xe5\xe5\
\xc8\xcc\xc8ASK\x03>\xf9\xc9\xff\x92\xbf\xd1\xe0<\
\xf9\xe4\x13\x989s\xa6,~cb\xd1C\xc9\xcd\xcd\
\xc5\xa7>\xf5i|\xf9\xcb_\xc1\x9c\xd9\xb3\x10\x8f\xc6\
\x91\x88i\x88\x84\x22\xd0\x12\x87k\xc2E\xb1\x80\xbb\x12\
=\x00y\xe8\xcf\x0d\xe7Ta\x1d\x04\x17d\xc0\x8b\x96\
\xbd\xcb\xd0vp\xbd\xb0\xcb\x86{\xd0\x0d?N\xed0\
@L\x1a[zB$\x14Q\xc0\xe3\x82s/BF\
Z\x86\x1c\xb9Y\xb5!\x10\x0c\x0a\x15{\xc6\x94\xd9\x98\
;g>\x22\xe1\x18L*C\x95\x11\xc5=8\xb5\xf7\
\x83Y\x06\xb3\x85\xb1\xba\x06\xb7\xcb#\x1dyT\x93\x19\
\xbd\xbd}b\x5c\xe9\x95\xa4\xfau\x8a\x98\xa8\x86\xb8\xa4\
'\x8d\xf7\x8f8\xcbT\x00\x90\x147\xdd\xca\x14\x9d\x00\
{:\x0b\xd0\xd0\x9f8\xacI\xa0/1R\x84\xd9 \
\xcc\xa4%\x91fQQ\x9cnA\xb6M\x85EK \
\xdb\xa9\xa0\x22\xc7\x01\x0f\xcb\xfeR\xbb\x7f*w\x90\xaa\
:8,\x09~\xaaK\xcd\xdeW\x1e\x80\x9en\x03^\
|\xf1\x05\xf8\xfc\x83\x02\x8c\x8d\xbcX\x86L\x14K,\
\x99\xc2a\x9a\x8c)2\xe6~u7\xef\xd4-\x84`\
($\xdatS&O\xc5\xeb\xcb_\xc6=\xf7\xfc\x19\
V\xab\x0d;vl\xc7\x9a5\xab\xe4uB\xbb5\xa9\
\xa8\xa9\xa9\xc1\x981c\xc4(de\xe9)7.\x0a\
\xd9\xc5\xc5m?\xf1\x22\x10\xc3\x0dUM\x1a\xfc\xbeN\
\xd8-q\xc4\xc2\x03\x88E\x06\xa1X2\xa1IN\xf9\
\xdd\xddY\x8c\xb8\x99\x9e\x10\xb1\x81\x0b/\xbc\x10g,\
:C\xb2\x08\xcbV\xbe\x86\xea\xaa1(*(\x14w\
\x7f\xfb\xb6\x1d\x986m\x8a\xe04R\xbfq\x8a\x8f\xc5\
`N\x12\x0b\x22\x00<\xd0?\x80\xc2\x82B\xb9\xf7\x81\
\xc0\x90\xbe\xccFP\x8c\xf9\x8f\xc3\xee\x94\xe7\xc1@`\
\xf83F\x8eT\xc7\x01y-\x0bvx\xadG\xf2(\
t\x1e\x00C.U\xee\x07\xc5I\xf9=f%\x89\x0c\
\x87]Z\x809l\x80\x16\x8d!\xcb\x1aAU\xae\x1b\
iVzld\x04\xa6>C\x8e+u5\xe8\xa1\x18\
\xdf\xa9\xff\xe2\x94]\x9f\xf7\x95\x010nMcC#\
\xecV\x92:\x1c\x87\xc1\x99\x14\xfd3\x99L\xc8\x0d!\
.\xc0]\xa1\xaa\xa2B\xe2\xbeH\x22|J\x93-D\
\xb1\x19\xfb\x9e\x7f\xde\x05hkk\xc7\xfe\x83\xfb\xf0\xc7\
?\xfeN\xff\x9b\xc9*:q\x5c\xfcW^q\x95\xb0\
\xf7\xb8h\x88\xcc\x07\xfd!A\xc9e\xd2\xa5\x98e\xfa\
PNp\xf1\xeb\x085+\x17\x07\xfb[\xa0*T\xcb\
\xf1\xc1\xdb\xdf\x8a\xcc\xc2,\xd0\x13\xfew\xd5\xf7\x18`\
\x1e=\x02\xa6B/\xba\xe8bL\x9a4\x09\xfb\xf6\xd4\
a\xa0O\xd7T\xd8\xb3{\x0f\x02\xbe!\xcc\x9b?O\
~fhv\xaa\x87\xa1\x01h\xd47\x10 &f\x11\
\x89\xc4`\xb5\xbcQ\xd7\x81\xdc\x0d\x13,\xd8\xbe}\x07\
\xa2\xb1\xa8x\x0b\xc38\x80^\x05\xa4\x7f\xa8\xb0\x09\x01\
31%E\x93\x9a~]\xb1\x97Z~\x84\x165\x98\
\x93\xe4\x9b$\x05/pZ\xcc\xc8t\x9a\xe1Pc\xd2\
\x0a,?\xcd\x8e\xb2t'<\x16\x03\xcb\xd1\xb9\x05\x14\
\x03\x11N\x91\xce\x02\x186\x8a\xc22\x16\xc3c\x90\xb5\
\xde\xf9x\x9f\x19\x80\xc3,=\x22\xd5\x16\x028)\x89\
o\xbay\x05\x85\xb9\x18=z\xb4\xa4\xb0\xe8\xa23\xcf\
]\x7f\xf0\x10j\xc6\xd7\xc0l\xd7\xe3\xf3S5\x98\xc2\
\xb1\xaaf\x0c\x0ct\x8b\x06!\xe3N\xe6\xbd\xc3\xb1\x90\
4\x7fX\xbax\x09\xa6M\x9f&\x85I\xfc\x9b\x10H\
\xc4#\x18\xd97\xfeh\x03\xf0\x16\xc7\x97\x9a\xe8\xaab\
F$\x14@8\xd4\x07\xab\x9a\x10c\xe3\xf5v \xa3\
`\x82\xfe\xb2ao\xe7\xdfc\x09\x8c\x96]<\xb7\x89\
\xb5\x13\x90\x9f\x9d\x8fM\x1b6\xa1\xb7\xaf_\xc0\xbf\xe6\
\xc6\x16\x8c\xaa\xecD\xc5\xa8J\xc4#:Ak\xa4>\
\xdf;-\x00\x92\xd8^\xb5\xc2a\xb7\xcb\xcf\x9c\x0b\x0c\
\x11\x8fU\xf5\xc7t =B\xbb\xd9%\xdeZSc\
#\xaa\xabk\x8e\xa8B\x14\x13\x9b:$J\xc8\xd9-\
*T=\xe7\x9aj\xef\xa1\xa7\xf8\xd4D\x04Yv\x0d\
i.+T\x8bY*\x02)\x12F5\xe0\xeal;\
\x0a\x1cz\xa3\x12#\xad\xa8\x9b\x01=\x04\xa0\x22u8\
F\x1a\xb1\xfeW\x8b\xd9$\x19\x03\xf3\x11\xd7\xe2\x9d\xe3\
\x04\xef+\x03@v\x1a'\xf7\xf6\xed;E\xfcC\xbf\
\x96\xba&\xbcp\xb4\x131\xa4\xa5\xbb\x91\x93\x97\x85\xc6\
\xa6&l\xdb\xb1]r\xda\x16\x97\x15\xb5\x13\xc7H\xc5\
\xd9\xdbn\x0eA\xcb\x9f\xa2z\xd2\xf6\xbb\x9d\x0e\x1c<\
p\x10\xabV\xae\x91\x05]UZ\x05S\x82RP!\
\x5cs\xf55\xa8\x9d0\x0e\x91h$\xf5\x9dfA\xf7\
\xe5s\x86\xd7\xb8\xb1\xe0\x0d\xb1\x91\xa3G\x8a\xd4\x9e\xa2\
\xee\xb2\xc7\x9c\xa2E1\xe8\xedB<\xe6\x87\xcd\x92\x80\
\xd5\x9c\x84\x16e\x0fJ\x15\xc9@'\x92\xa1\x1e\x98\x5c\
\x85P\xa82).&\xb1\x02\xee\x8az>Z\xe0-\
\xe1\xa9\xa7>_\xb4\xeeO\x8d\x00\x95\x9ev\x04|\x01\
?<\x19\xe9X|\xeeR\xec\xda\xb9\x1b\x9b7l\x96\
4g$\x18\x83)\x99\xea\x86\x0b \x1c\x08KvF\
\xcf\xb73\xce\xd6\x8f!\xa9\x9c\x9ch\xa7!\xa3\xc5]\
}\xe2\xe4I\xc2\x0f\x09\x87(\x0ec\x17\x1eH\x94\x06\
\x87\x0b\x8c\xd5\xa1\xbc\x0ad(\xb2e\xb7\xdd\x8e\xa0\xdf\
\x8b\xf6\xf6v1\x00#7\x07\xbd W\xd7\xec\xcbv\
\x9a1&O\x837\x94\xc0\x81\xee8\x14\xb3\x05\x8a\x12\
A\x9a\xcd\x8c\x8c4+\xb2]\xd4)\xa4\x14y\x1cf\
%\x0e\x8f\xd5\x86\xd24\x13\x0a=\x16)\xfd5\x82;\
\xe28\x9c\x02\xb1\x04\x10\x8a\xc61\x10\x8c\xa3\xdb\x1fA\
X\xa37\xa8\xc2\xa6\x9a\xe04k\xc8\xb0\x9b\x90\xe1\xb4\
\xc2i\x95+\x93\xe2\x11\x92\x8d\xf8\x017\x00\xc6\x0d\xe2\
D\x8b2\x9d\xc6\xffxE\xc5\x08\xe8\x0b\x84\x1c\x00\x22\
\xcf\xfd\xde~\xacX\xb9BO\xc7\x98\x0d1\x8fw6\
\xc9S\xa9`X\xcdV\xe1\x81\xec\xd8\xbeK\x98|\xfc\
n\x11\x18\x89F\xa5\x1f\xc1\xd4\xe9SPP\x90/\xcc\
<\x1e\xdf[\xf3\xdc\x8f\xb7\xeb\xeb.(\xedU2\x11\
\x85\xcf\xdf\x03\xdf\xe0Atu\xd6\xc3\x94\x8c\xc3ew\
!\x9e\x08#+\xcb#`\xa2\xb7\x7f\x00\xe1\xa1.\xa4\
;\xd3\x11\xf4\x0dJvD\xb1\xd8\x85\x08D\xf2\x8d\xa4\
\x09M\xa9\xeb\x90Zl\x06W\x80.'\xa3Z\x1a\xb8\
w:\x18\xde\xc4\x13q(&\x15c\xc6\x8dE,\x12\
\xc3\x9e=\xbbacP<\x5cy\x99\x90\xee\xbe\x04\xe3\
&\x8c\x9f\x00\xbb\xc3\xa6\xef\xd8o\xc38\x9bR)\xca\
\xe6\x8eV\x14\x14\x14\xe3\xac\xc5g\xa1\xbb\xb3\x0b\x99Y\
Y\xc8\xcd\xc9\xc3\xf2\xd7\x97\xa1\xbb\xabS\x16\xbcQ\x96\
K\xcf\x91\x8a\xc3}~\xbd\x14\xfc8g\x22\xffg\x9a\
\xb5\xd0c\xc5\x9c\x0aRy\xc3\xe8\x0a\x84\x91\xe3r\xc2\
\xe9\xb0\xea\xc2%*\x0d\x18\x1b\x80&\x91\xef\x04\x0a\xdd\
d 2\xa4H\x15&\x89A\x89I\xc8\x10\x8c*\xe8\
\x1a\x88\xa1'\x12\x83/\x01D\xe2\xa4\xac\xb3. \x02\
\xb3\x1a'\xd9\x04\x1d\xa1$\xd2\x03a\xe4{\xcc\xc8r\
\x9a\xe12\x0b\xfc\xf8\xb6C\x82\xf7\x8d\x010&\x0f\x8b\
c\xda\xdb\xda`V\xec\x02\xba\x19\x1d~T\x89/\x13\
\xe8\xee\xee\xc6\xe6\xad[\x86s\xee\xb5\xb5\xb5\xa8\xa8\xa8\
xC\x0e\xfe\xa4\x87\xa6\xc0n\xb1\xa1\xa3\xbd\x1b\x87\x0e\
\xd5\xa3\xa1\xbeQ\xbe\xd7n\xb5\xa1\xaa\xba\x1c\xf9\xc5\x05\
\x82\xf2\x9b\xad\xaa\x84(\x04\xc7\xde\xd9\xd0\xddF-\x1e\
CV\x86\x06wi\x1a^z~?\x10\x0b\xc2f\xb6\
\x00\x11\x1f\x02\xc1A\xcc\x9f?\x0bq_/^_\xbd\
\x0f\xb1X\x1bZ\x1b:\xd0\xdb\xde\x0cM\xb5\xa0\xb8j\
\x02j\xaa'\xa2\xab{\x10\xaa\xea9\x02\xc8\xd2\x88\x1d\
$\xcd\xe0\x7f\xe2=\x91O =lN\x81\xb1d\x97\
\x1eq\xa9UL\x9f9\x1d\xc5%\x05\xc8\xc8HG,\
\x11\x97\xf4`(\x14D \x10\xc2\xce\x9d\xbb\xc1\x9a\xa5\
\x85\x0b\xe6!\x18\xf7\xa7p\x91\xa3s\xe4oq\x95\x92\
I\xac_\xbb\x01\xf5\xf5\xcd(\xc8\xcf\xc7\xa4\xc9\x130\
s\xd6,\x01(\x93\x92!\xd2i\xc9\xf4Btr\x96\
\xae6d\x14&1m\xfc\x16g#\xc7T\xec6#\
\xb7&\x0b\x07\xfa\xa2\xe8\xf6\x036%\x81\xdc43\xb2\
\xc8\xe7\x97v\xe16\xd8,D\x16\xf4{'\xffO\x85\
a\xec\x12\xe0\x8b\x03\x8d}Q\xf4\x07U\x84\x13\x0e\x84\
\x93\x14\x0f\x89\x22\xaeE\x05gHh*\xac6\x8b\xe0\
\x05\xd1x\x1cC\xd18rCq\x8c\xca\xb1\xc3\xf5\x0e\
\xb2\xa7\xef\x1b\x03`\xe4j)(\xc1\x02\x95\x89\xe3\xa7\
\xc2b6#\x1acA\x89E\xfe\xc6\xddn\xe7\x8e\x1d\
\xf0\x0d\xf9\xe4f3\xdfN\x00.\x96\x88\x22&`\x8d\
\xf2\xb6\x8b\x8f\xcc\x8a*\x8b~\xc3\xfa\x8d\xd2z\xcaj\
\xb5#\x1a\x09c\xc6\xec9\xa8\xa9\x1e\x8dP,,\xc7\
h0\xdd\xf4J\xf0w2\xf4\xd0FQ\xe2Xr\xf6\
t\x94T\xe5\xa0\xbc\xca\x85\xbb\x7f\xf3\xa0h\xc8)q\
\xaf,\xd3*\xba\xaf\xfd6,[[\x87\xc1\xa1n\x84\
#Q \xd1\x07WZ\x1a>\xfa\x89\x05(-\x9f\x80\
\xe7\x9e\xde\x84\xa6\xc60\x14Sj\x11(1\xa8\x96\xb0\
(\xd2j!\x0dZ\xdc\x82\xb8\xc9\x82$Ys\xa4\xe8\
\x0a\xc5\xd00\x04oO\xa7N\xbf\xd6\x1a\x22\xb1\x08\xf2\
\x0b\x0a\xa0\x91\x95\xa3\xabl\x09b\x9f\x96\x96\x8eX,\
\x81\xc6\x86&d\xa4\xa7\xa3\xa6\xa6JHU$3\x9d\
\xc87\x19\x05U>\xef\x00Z[\xdbD\xc1\x89\xd5\xa0\
T\x1b\xea\xe9\xe9\xc3\x84\x09\x13\xa4\x16\x22\x18\x0c\xc9\xe6\
0\x92}\xc8c3\xf3\x22\xca\xbcz\xf3\x90C\x82\x01\
\x22\xfd)\xa2w\x99\xcb\x0c\x97)\x0e\xb7\xc3\x82t\xbb\
\x0aK\x8a\x15\xa0\xcb\xd4%e\xd5+\xe2iq\xe8\x9b\
\xc0`TA}_\x08\xbd!\x0b\xbca\xba\xff$y\
)\xc2\x0d\x18\x9bc\x87\xd5\xac\xa2\xa17\x8a\x0e_\x18\
\x01U\x85\xdb\x0ax\x1cfh\x81\x18\xd2lQ\xd83\
lo\xbbV\xf0}c\x00\x8c\xc1r\x5c\x8e\xac\x8c\xec\
\xc3>\x16oB\x0al\x09\xc7\xa2\x88\xc4\xc2\xd2\x11x\
\xd6\xac\xe9\x88\xc5\xc2R\x0b\xa0\xe8\xa4\xeb\x93\x1azi\
\xadUv\x92U\xeb\xd6\xa0\xa9\xb1\x05\x16\x95\xc0\x8eI\
B\x8d\xa9\xd3\xa6\xa0\xb4\xa2\x0c\x81p\x10I\x13\x8fA\
\x8f\xdb\x8f\x99\xecJ\xf1\xc6\x05\xf6\xe3$\xd1\xb9|:\
mW\x9eS\x1c\xfa\xb0\xd1\xd0\x14z6\x1a\xda\x1av\
c\xd0\x97\x85\x12d\xa2\xa4\xb8\x12S&\x9f\x87D\xb8\
\x0f\xfb\xf7\xbe\x08\xbb\xc7\x8d\xca\x9a\x0a\xb4n\xac\x87\xc3\
\x02\x04\x02\x830K\x1d\x80\x0d3\xe7\xcdFU\xcdX\
F\xdb\x989\xa7\x04;\xb7\xbd\x88\xac\xac\x1aDLI\
\xa8\xf1\x04&\x16\xf5\xa1 k\x08a\x9f\x8aH\xcc\x84\
\xa1\x90\x07m^\x1b|\x11\x868\x1e\xc4\x15\x16\xbe\xe8\
\xd1\xa7\x09$\x00\xa9HjV1HF\xad\xbb\xf8(\
\xc7\x8c`\x0e\xe3\x0c\x0c/\xa2\xf1\xa8N{\x15\xfa\xb2\
\x22\x00-\xef\x0d\xb5\xfa\xa5\x89\xe7\xc6\x0dp8\xacB\
\xdbf\xe3\xcc\x135\xd4\xfauV\xf5\xa6\xa1aR}\
\x01\xb3j\x11\x81\x13b?c\xc7\x8e\x91\xb9`\xb5\xd8\
\x86{>\xe8\xa1\x9c\xee\x09p\xd0@\xbc\xe5\x10\xfe\x8f\
n\x98X\xd4\xe3\xb1\xd3{8\x8c\xcf\x18\x18\x0a3\x05\
\xc37;\x85\xefS-\xb8\xa5?\x88\xde`\x1c\x03I\
\x05\xddA\x0a\x85*\xa8LW0\xbd\xc0&\xdd\x84\xa9\
;\xe8w\xab\xe8\x8b(\x18\x8c\xb0\xf7@\x5cDH\xac\
n3\xda\x06\x22\xb0Y\xccR9h@\xc7'\xd39\
\xf0}\x87\x01\xb0\xec\x95\x83\x95w\xe2\x22\xf3\xa6\x12=\
5\x9b%\xcdVYU\x05[\xbb\x15\xd3\xa7O\x97\x9d\
\x86M\x22\x15\xb6l:\xc9\x0c\xb4\xce\xe8\xb3\x88\x94\xf8\
\x9a\xd5k\xd1\xd9\xd1.b#\x8c\xf5YL3e\xea\
d\x99\xb0\xfcN\x02k\xc2qy\x93\xef ;L\xd1\
\xccT\x1b\x14W[H%\x06\xa3\x8f\x06\xec\xa8\xfc=\
\x19m\xf1\x90\x17\x9dm;\xf0\xe0\xbd\x0d\xb8\xf2:\x0f\
vn\xef\x84\xa6\xe5\x22\x18\xeaC \x18A\xf5\x94Z\
\xe4\x15\xe5a\xc8mCn\xa6\x1d\x1d\x8318\xd3\x8b\
1z\xdc4\xf8#N4\x1c\xeaG\xe5\xa8\x22\x1c\xdc\
\xff\x02\x0e\xd4\xbd\x86)\xd3\xb3\xa08s\xa0r\xf7q\
\x84\x90a\xee\x00<*\x14s\x1c\x098P\x95g\x85\
7\xe8F\x9b7\x13\xbd\x01\x97\xe8\xe0E\x83\x0e$\x15\
;\xe2Le\x99u\x02\x12\x92,\xe4\xe1q\xbf\x15\xe1\
\xc8\xc0mR\xcfR)LzI4\xd0\x93'O\xc4\
\x86\x0d\x9b\xe4ZS\x8a\x9d\xa1\xda\x89\x0e]\xdcU\x83\
\xcb\xe9\xc2\xa2E\x0beG\xdd\xbbg\x1f\x9a[\x9a\xa5\
u8\x15\x90\x06\x06\xfa\x87K\xb5\x05\xefH\xea\xd9\x11\
\x82\x8e,H\x92\xfbrB\xe5\xc8\xc7Zp\xca\xb1\x9f\
\x11\xb3\xe1\xc6\xc1\xf3TL\xe8\xf4F\xd0\x17\x8c!\x90\
\xb0\xa1\xc7\x9b@HSa3\x9b\x90\x9fn\x87\xc7\xc1\
L\x80\x86\xa1\xa8\x86 !\x10\x13\xb3D\x09\x09\x07\x86\
\xc2I\xb8\xcd\x04/\x01\xaf/\x8a<\xa7=U8t\
r\xe3}c\x00\x8c\xc1Zv\x19G\xad5\x1a\x00\x22\
\xbet\xfbI<\xd1\xb5\xedtw\x5c{[L?+\
\xbc\x03Cx\xfd\xf5\x15\x08\x05\x99\xda\xb3\xcaN\xc3N\
55\xd55p\xb9\x1c\xe2\x05\x90t$\xea1\xc7\xf9\
,c3\x93\xdd\x93\xc5d\x89\x10L\xd6\x08TDD\
\x0b>\x1cKG\x02n\xc0\x14N\xb1\xfd\xf4Sc-\
Cw\xf7A\x98\xcdAt6+x\xe1\xa9\x8dp\xa5\
\x95\xc1bN\xc2\x1bhC\x5c\x0b /7\x070\x99\
\xe1q\xdb0\xbe\xa6\x10m\xab\x1b\x11\x89\xb1^\xc5\x86\
p(\x13\xcf>\xb5\x07%E\xfb\xb1b\xd9\x8b0#\
\x8a\xae\x8e=(\x1b\xbdH*\xdb\xfa}Nd\xba\xd3\
\xa0\xaaQ\x98\x08b!\x02\xd5\x16\x86\xd3\x1eF^F\
\x00\x91\xa8\x15\xb1\x84\x13\x83~\x0a\x5c\xaa\xe8\x1aHC\
\xaf?\x1d\x11M\x85j\xb5\xc1\xac&R\x84\x18\xbd\x17\
\xdf\xc9\x0c.\xc6p8\x84\xb1c\xc7\x8a\x91]\xbdz\
\xb5(:\xe9\xe4\x9b\x93\x99\xe5\xba\xf1\xcf\xc9\xcd\x96\x9f\
r\xf3\xe7c\xff\xbe\x1cl\xd9\xbcU\xe6C$\x1c\x93\
Eo\xd4e\x88\xc9M}<\xb3\x01\x1c$\x0f\xbd\x1b\
#\x01\x15}\xfe\x04:\x87\x92\x08\xc0\x89\xfe`\x12\x01\
zW\x04\xf5\xd4\x04\xfa\x83\x09\xb4X\xccb\xc4|\x14\
\x13\x8dRs0\xc524\x99\xc5ke?BJ\x8f\
\x11\x13\xa0 \xadj>\xdc\x5c\xe4\x03g\x00\x8c\x89A\
\xf4\x98\x83\xbb\xbbA\xcb4\x06o*\x17/\xe5\xb2\x08\
\x16ffe ?/\xef\x08\xaa\xe5[\x8d\xc3\x5c\xfe\
(V\xaeZ\xad\xc7\x90\xa4\xb1&5\x9cy\xc6Y\xc8\
\xcf\xcbE,\xc6N\xb4\x11\xa9\x14;|\x0c#\xf6\x01\
I\x19\xebB!1\xe9K\xc0\xfd \x82l{\x1f\xaa\
r}H\xf7$aA\x1c\x9a\xd9\x86\xed\x07\x13\xe8\x0a\
8\xf4\x00\xd3\x88Q%5\x16\x81\xd7\xd7$<\xf4\x92\
\xe2\xf1\xc8\xc9)G<nB,\xe2\x85\x7f\xb0K8\
\xea\x13&\x8d\x87\xa2Z\x90\x8c\x851ql\x09v\xec\
\xefA\xaf\xaf\x0b{w\xbf\x84\xb2\x92\xe9\xc8\xcc\xa9@\
[c\x04vs\x19\xfc\xe6\x10\x06\xfa\xea\x91[4\x0e\
v[\x09\x0e\xb5\xe6 \x142\xc1\xe9\x88\xc0\xa6\x99\x90\
\xe7\x8a\xc2\xe9\x1e\x80\x06?\xcc\xe8\x93\xd2a\xc5\x0c\xe4\
8HzQ\x11\xc8N\xc3\x90i4\xa2\x9eQ\xd8\xb4\
\xbd\x05\xb4\xc3\xa6\xa4\x05\xaa\xd9:\x9c\x9e=\xc9;*\
\x9e\x00\xf5\x02\x88\xc4\x13@%{\xef\xa4\xf5\x06\xc1&\
\x9bFu\xa5\x86\xf1\x13j1484\x9c*\xd64\
\xc0\xe1\xb0\x0f[b\xf1\x1a\x93:w\x84#=\x9d\xcd\
aN\x8d\x18\xe9\xf0\x99\xb1qH\x12\xe8\x1d\x8c\xc2\x17\
\xb3\xc2\x1b\x06|\xa1\xa0\xa8\x12!iA4\xa6\xa0\xc3\
\x97\x90P\x808L$\x91\x94\x8eCL\x11\xd2\x06\xd0\
\x830\xebbF:\x06!Mj\xf4\xf3;\xd9a~\
\xbfU\x01\xb2\x9e\x9e\x83\xa9\xa3\x91U\x5c\x12\xdb%5\
\xf4\xf7\xf6\xa3\xa9\xb1A\xf2\xbbL\xf7\x9c}\xce\x12\xe4\
\xe4\xe7 \xf1V\xb1\xa5\x00_\x06\xf0\xa6b\xc3\xba\xb5\
\x18\xec\x1f\x94\x02\x10\xee\x1ds\xe6\xceFV6\xc5+\
\xc9\xe4\xa3\x8f\x17O\xc5~\xba\x87Aw\x9813s\
\xdd\xc9\x18w\xf6\x08ln\x0dE\x19f\xd8\x95Nd\
zB\xc8\xf7\x04\x90\xe3\x1a\x84\x92\x0c\xc0\x9c0!n\
M\x87\x93\x933\x10L\x95\x8f\xea\xbe\x04\xc1\xbah\xd0\
\x8fh\xc8'j\xb3\xd9\xd9EH\xc6\xe3\xf0\x0d\xf6\xa2\
\xadu\x13\x82\xc1\x1e\xa4g\xe6c\xfc\xc4\xf1\xd0\x88q\
(I\xe4\xa6\xd90kB\x19\x9e_Y'e\xd0\x9d\
\xad\x1b\xd1\xd9\xbe\x1b\x99\x19\x15\xc8HK\x87\x7f\xc8\x8e\
H\xcc\x87H\x88\x02\x99&\xf8bn\xec\xe9t\x10M\
\x94\x02\x15\xbb9\x8el\xbb\x07%9~\xe4dya\
3\x87a6E\x84\xb0B\x1b\xe70w -\xcf\x83\
\xec\xc9\x8bQR]\x80\xee\xb6A\xf4\xf7i\xd8\xbf\xaf\
\x03\xe1!\x0azZ\x10U\x89\x19\xe8\xcc;\x85\x19\x85\
\xa4Y\xb0\x8c\xe1\x1b\x94b\xbf\x8f\x1c\xd1xD8\x13\
\xf4\xd6\xe2)\xa0\xf0\xa4\xe6\xc6\x88\xc5+\x9a\x8e\xe1 \
&N\x1a\x0f\xb7'\x0du{\xf6\xcb\xdfX\x97\xa0\xd7\
\xe6\xeb\x8b\x8a\xdf\x19\x8e\x04$\xfc\xe2q\x9f\xfa\x91D\
\x98ra\xac\xf3\xa0\xb7\x15\x08K\xcf@\xdd\x05\xa4\xf4\
9\xc5F\xb9\xe3\xc7aM\xb1\x17\xa3Q*+1e\
\xcd\xb7\xc7a\xb1)P\xad\xa4\x15\x85\xe1$\xcbQ\xfc\
\xff\x93'\x0a\xbf/\x0c\x801\xb8c\x18\xb5\xf4\x5c\x98\
\xbaL\x9b~aH\xee\xe4M\xee\xef\xeb\x93^\x81L\
\xf5P\xe97\x12>\x09PI\xb4\xe4-\xe8\xe9\xeaA\
[k\xab\xae\xe0\xeapb\xe6\xccY()/F\x8c\
`V*d\x1c.\xdda,o\x22\xaa\xab\x22\x195\
KH\x9c\x99\x1dCAY\x1a&L.\x83;\xd2\x04\
_}=l\xd6(\x92\xf1$4>LV\x84M\x0a\
\xfa\x83&\x0c\x86,\x80\x89\xcd%\xa3\xd0\x88\xca'\x87\
\xcb\x81t\x8d?\x04\xd1\xd3\xbd\x03\x81\xe6M\x08\x84\x06\
aJ\x0eAK\xfa0k\xc1\xf9p1\xb5\x16\xea\x14\
\xc1\xd2x\xd8\x8b\xc9\xe3\x0aP\xdf\xd6\x83\xdd\x07\xbd\xb0\
\xda\x9cH$\x03\xe8\xe8\xea\x81c\xc0\x03\x9b\xc9\x82\xb0\
\x96D$\xe0\x859K\x83\xc5\xed\x14#F\x01\x0f\xea\
'F\x1264\xfb=\xe8\x0cD\x91\xde\xe1\x87\xcb\x19\
\x83\xc7\xeeE\xba3\x88LO\x02n++,9y\
\xbd\xc8\xcbMCan\x11yr\x980Q\xc1\xd6W\
W\x03\x01+\xfa\xe3\x0et\xfb\x1c\x88\xc6\x9dP,\xac\
W`z\x8c\xe0\x1c'\xb6\x9en\x04\x056F\x0e\x92\
cN\x02\xf8;\xe6}\x1b\xf1aD\xe2)\x09G\x06\
\xe6\x8e\xed\xbbd\xe3\xb0\xda\x0eK\xc43$\x0c\x0c\xf9\
0\x14\xf4\x22+#+\xe5!\x9eb\x0f\x00l\x1dF\
5a\x0dQf\x86R\xa1\x92\x8e\x11\xeax\x11{\x05\
\xc4\x89E$X\xd2M\x80\x95MQu\x8f\xd2n\x06\
2\xdd6X\xd5$\x9c&\x0d\x19NJ\x90\xbf\xbd\xf1\
\xbe2\x00t\xeb\xa9\x92\xcb\x9d\xddj\xb3\x8b&\xbbq\
\xf7Y\xf3\xad\x93\x84\xa2(..\x92]\x9a\x8dAs\
r\xb2\x84\xa8s\xa2W\x90\x86\xa5\x7f\xa0_v\x92\x8a\
\xb2J\xcc\x9b\xbb\x00N\x87K4\xe4L\xaa\xbe(\xa5\
\x96\xcb\x14\x97\xae\xb1B\xac\x8b&`3\x0f!7\xc7\
\x8f\xf21\xd5\x98<}*l\x0e\x1eX\x04\xde\xba\x03\
\xb0'\xbc\xd0\x126\xc44\x07BQ7\x86|\x09\x04\
\xe1Fo(\x0b\xc1X\x96\xb8\xdaIv\xaf\xd0\x98\x86\
3\x8b\x0c-\xdbZ\xa5g\xe4\xc2\xdb\xdb\x0fo\xdf!\
&\xd4`5)\xd2i\xc6\xe1\xf0\xe0\xbc\x0b/\x140\
\xcbls\xc0\xeaH\x83\x12\x0f\x02Z\x08K\x17\x8dE\
vf\x076mk\x86\xa2\xa5\xc3l\x8e#\x99\x18B\
4\xa6\xc2\xacR\xa6k/\x96\xaf\xdc\x0bOV\x09\xd2\
\xb3\xd8<\xb3BZg\xc9N\x14\x0f\x22J\xa9\xebH\
\x16\x10\x09@S\x9c\xb0(\x09\xa4[C\xc8\xf6\xe4 \
+\xcf\x05O\x8d\x13\x0e'I=:\x18\x9b\x93\x0dL\
\xaa\xf6\xc2\xd2\x17\x84_\xb3\xa3=\x9c\x89@b<\x1a\
\xda\x87\x10\x08\x10 \xb5\x11\xa6\x10#y\xbc^\x1c\xa7\
r\xf1I\xe6F5I\xb9x \x10\x90E\xcer\xeb\
\x91D\xb2`( \xc6\xac\xa2\xa2\x5cB\x0f\x9d\x0cu\
*i\xd3T\x0dV\xa4'`8\xa17\x05\x19\x09#\
J~\xc0d\xbc\x8eTn\x86PL5\x931\x10\x17\
\xd5\xe0L[\x12.%\x82\xe2L;\xdcv\xa3\x86\xf8\
\x03j\x00\x0cW?\x1a\x8dI\xbcH\x02\x90\xd9l\x15\
\xf7T\x5cp\x8dh\xb0S\x80;\xbf\xcf\x8f3\x16.\
\xc4\x94\xa9\x93\xc4\xd2\x12L\xe1B\x19y\x83\x0dn\xf6\
\xb1\x98\xd6\xfc\x1bcF\xba\xa4c\xc6\x8e\x81\xdb\xedB\
8\x14\x95EJj\xad\x8eh+HD\xb9s\x87\xe0\
\xe4\xe2p\xc5QY4\x88\xa2,/r\xa7N\x81\xea\
`=:\x0d\x86\x05\x03\xfe\x10\xc2\x097\x02\xbe<\x0c\
\x86\xb3\xd1\xd5\xe7D,nGc{+v\xec\xd9\x81\
\xeaQ\xb5\xc8\xcb\xcf\x96v\xe5,0\x8a\xb3\xb1\xa9]\
\x81\xb7\xaf\x15!\xff\xa0p\x1dTXu (\x12@\
n\xb1\x0b\x97^s\x1d\xd2s\x0a\xe4\xe0\xdb\xdb\x07\xb1\
w_\x07\x5c\x9a\x0f\xa5\x15Y\xc8\xb5&q\xde\x82\xb1\
\x88\x87B\xd8\xbc\xbd\x09\xd0\xd2\xa4QE\xc2L\x91\x8f\
0T\xab\x86\x86\x86v4o\xdc \xe7\x9b\x91\x91-\
\xaa\xcaS\xa7L\xc1\x9cY\xb3`sX\xa0:,P\
\xa2\x1e\x84\x931\x849\x91#\xe9\xe8\x09'`\xe9\x89\
a_\xf76\xd4\xd4\x94ate.,\xce\x042\xd3\
\xd2dF+`\xd8\x90@I>P<>\x1f\x11\x8c\
\xc7\xae-M\xd8W\xd7\x0e_\x90\xed\xb2-\x22h\xa2\
\x99\xf4\xba\xfdwk\x08\xca\x1f\x8fK\x06\xc0\xa4\x98\xa4\
7\x82t\x90\x8e\xd1\xc0\xea\xcc\xc1\xc1\xc1\x01y\xed\xa2\
3\x16\x0e\xeb\x19\x1e\xad\xecl\x08\xa3\xa4>u\x18\xa0\
<\x91\xac\x01\xdf%*\xc1d=\x12\x1f\x19N\x83\xe8\
c\xb8\xb8\xd0\xc8f\x08m0\x06\xbb\x92@\x96\x93T\
`\xc0\x8e0r\x1d\x16\x14\xa4\x99a\x15^\xc1i&\
`\x8a\xdf\x9e\x84\xd9b\xa3\xd7+ZobY\x85\xa8\
\xa1S\x83y\xa3\xc3\xd10,V3\x92DUR\xa1\
\x93\xf1:)\x17\x96B\x14\xb6\xa9R\x85\xb6\xaa\xdf_\
ex\xf2\xe4\xe5\xe5IK0*\x0e\x09\xd8\xa7\xea\xc9\
\xba\xb8bE2\x1e\x85%\x11D^\x91\x19s\x16\xd5\
\xc2\xda\xbb\x01Z\xf0\x10\xecZ\x14\x89\x90\x02\x8d}\xa4\
\x5c\xd4\xe0\x03\x1a\x0fvc\xe7\x81\x5c\xf8\x06J\xd1\xde\
\x1d\xc3\xf6={\xd1\xdc\xde\x0e\xd5\xaca\xeb\xd6MB\
\x17\x9e5\xa3\x05\xbf\xff\xfd\x1fQ^R.Sg\xed\
\x9a\xe5X\xb3\xf21\xf4u\x1f\x80\x9a\x1c\x14\x8f9\x9e\
\xf0b\xdc\xb8B\xd8\xec.\xcc\x98;\x053\xe6\x8e\x97\
\x99^W\xb7\x07\x7f\xfa\xcd\xef\x10\xeelC\xb6\xdb\x8e\
\xa9S\xab\x90\x9d\xae\xa0\xaa\x5c\xc19K\xc6\xe0\x8cy\
\xd5hn\x1f\xc2\xfa\xadM\xf0\xfa(\x8dm\x92\xc9V\
Q\x96\x8f\xd6\xbeFy\xce\xc5\xe0\xf5\xf6\xa1\xbe\xe1 \
V\xadZ\x8d\xec\xdcldf\xa6\xe3\xacE\x8bQX\
\x90\x07\x97\x852^@$F]=\x0b\xfazCX\
\xdd\xb9\x1f[\xd77\xc3l\x0dbtU\x1a\x5c\xf1\x1c\
d\xaaq8m!\x98,\x0e(\xb6\x04\xec\xb6\x18f\
\x9eY\x82\xc2\xa2&t\xd5\xedFg_\x01Z\xfbr\
\xa5\x99\x06(\xc2\xc9\xd4\xa9\x14E\xf1\xca\xf2\x0614\
xgRa|+\x15\x88B\x81\x08\xfa\xfb\x07aw\
\xd8\x91\x96\xe6NI\xc4\xeb\x08:w\xdc\x8e\xae.y\
\xfd\x19\x8b\xce|\xe3g\x8cPt:V\xcf\x07\xf2\x16\
\xe8Q\xbc\xd5\x10\xec7aB2\x1a\xd3\x91\x8f\x91\x12\
\xee\xdc\xf1\xb9\xf0\x11\x17c\xe00k\xf08U\xa4Q\
6\xcc\x0aXL1d\xd8T\x94d\xd8`K\xf5\x18\
x\xbb\xe3}\xe1\x01\x1c\xd9\x94\x22\x01+k\xad\x87s\
\xd0\x9c\xd4\xe4d\x9b%OO\x1a.\x05;\xb3s\xb2\
R\x8a\xcf\x06\xf7\x9d\xc5\x18j\xaaF}+\x1a\xea\xeb\
1}\xd64\x14\x972\x97\x1f\x1dQ\xae\x99\x14\xda\xe8\
\xd4\x19\xb3\x84\xbdF\xaa&\xff\xc4\xa6\x0f\xd6d\x04\x9e\
\xf4\x00\xa6\xcd,B\xcd\x84\xd1\xb0\xd9\x14\x0c\xf4\x0c \
\x1a\xf5\x016\xb3\xb8\xc0\xfd\xbb\x0e \xa2*\xe8\xeb\x05\
\xf6\xd4\xd5\xe1`}+\xea\xf6w`\xeb\xf6m\xe8\xf3\
\x1e\x96\xfb&\xca\xce\x91\x9d\x9d\x83\xe93\xa7\x0eS`\
\xedN\xca\x98mF&\xb3bI\x8an\x14\xa1vl\
6*+\xb2\xa5*m\xff\x81n\xdc\xfd\xe3\xdf\xc3\x1b\
s\xa0\xa9\xb9\x11\x89\xa1\x00\x5c\xf6,\x04\xc2\x09\xbc\xb6\
\xa6\x01*b(\xc8mGqQ\x0e\xd22\x9dR-\
\xf8\xd1\xcb\xe7!\x1e\x0e\x00\xd6\x04\x9aZ\xc2\xd8\xb2g\
\xbb\x94,\x8f\x1fW\x8d\x9d#\xfa\x0ct\xf5t\xc8\x83\
c\xfb\xb6\xdd\x18=\xaaJ\xba eg\xe5\xa0\xb2\xa2\
J\x16m2\xce\x22y\x08\xbe\x12\x0b9\xb1eG\x08\
6s&\x5c\xaa\x03\xe5\x05Q\xb82\xc3\xc8\x8dg\x08\
\xad\x15\x18\x82]\xf1\xa3\xd8\xde\x89\xc2\xca\x00\x0a\xf2\xdb\
\xd0\xd1\x93\x85\xae\x81\x5c\x04bi`.\xc4\xc4tb\
\xd2\x9a\x12\xd6P\x91xG\x13^\xc3@\xbf\x17\xde\x01\
?\x02\xfe\x102\xd2\xd3D\x14\x96\x82>b\xc2U\x0d\
\x91h\x08]\xbd=R\xa0U]S#\xef2vu\
#L\xe0\xc2\xa7\x98\xe9\xb6\xed\xdbD4\xc4;0 \
z\x0ed\x17.]\xaa+\x08\xbdY\x87$\xf9\xadI\
\xd1\x0b\xb8L\xccL\x91?\xc1\x19\x96\xc2vh\xefT\
\x05\x16\x85\x05@fd\xba\xacp\xab\x1a\xec\x09fd\
Xs`FE\xb6\x13\x19v\xd6gp^\xbc}.\
\xf0\xfb\xca\x00PC\x9f;\xbc\xdf\x1f\x90\x85\x9enw\
\xa4\xda\x7f\xeb<\x00\x97\xdb\x0d\x7fW\xa7.9M\x17\
\xc1\x00\x95\x99\xd7g\x8c\x9bT\xb0b\xf9Ji\xf1E\
\x1aokK;J\xcb\xcaG0\x0a\x8d\xc1\xb6\xd0\xf4\
)T\x98\x98GN\x86\x90\x971\x80\xd19\xbd\xf0\xa4\
GPRV$)&o\xcfJxc\x0d\xd4\xf1E\
S\xb7\x1d\xbd\xde\x1c\xf8B\x99\xf0\x0e\x1d\xc2\x9e\xbaF\
\xac^\xb7\x0e\x07\x0e\xd5\x91\xf6\x03\xb3b\x95\xcf\xa3j\
\x8c1\xe9\x16\xccY\x88\x1bn\xbcA\xb2\x17\x8cK\x1f\
\xff\xe7\x83\xf8\xd7#\xbfCA\x96\x09\xa6x\x14\x15\x15\
\xc5\xa8\xad-\x83\x9a\x8c\xe1\xe5\x17w\x02f\x1bv\xee\
\xda\x8fH\xd2\x85\x98f\x85\x83\x9au*C\xa1\xa4p\
s\x98\xdf\x87bGKO\x04\x8d\x9d\xcd\xa0(\x9e\xc3\
\xac\xc2\xa4xP\x90\x9b@r0\x00\xb3%\x07\xfd\xfd\
CB\xcf]\xb5z\x95t:\xba\xf3\xb7\xbf\xc3\xb6\xad\
\xdb\xd0\xdb\xdf#\xc7\xc6\xe3dE\xdd\xb6\x1d[\xe4A\
\x15\xe0\xb1\xe3\xc6b\xee\x9c\xb9(//\x81IS$\
l \xc3\x8f\xad\xb2\xa9\x8d\xefO\xb8\xb1\xa75\x82D\
k\x08\xf5=\xbb1yb\x09\xaa\xc7dBQ\x9c\x88\
\x9bl\xb0$C(u\xc4QT\xae\xc1[\xe8GK\
\xbf\x0bm]\xb9\xf0G\xdcH*\x0e$h\x08x\xc3\
\xdeFA\x92\x91%\xe2\x9cx\xf5\xd5\xd7$\x0b#|\
\x7f\x0bu\xff\x0d0U\x83\xddlES[=\xfc\x81\
A\x11a-*.\x1c\xfe\x8c\x91\x8b\xfa\xf7\xbf\xfb=\
\xfe\xf0\xc7?\x1c\xd1\x84\x85#==\x1d\xdf\xfd\xcew\
\xf1\x85[\xbf0\xfc\xbd\xc73\x02\xec\xfcc\x01y\xfe\
:XM\xf1\x10\xce?P]X\x8d\x22\xcbcG\x9a\
\xd5\x01\x9b\x96\x80\x19aX\x921d\xdb\x81\x82t\x9b\
\x80~\x0eKJ\x17\xe0\x1d\xf6\x0c\xf8\xff\xce\x00\x8cl\
\x95u\xf4`<G\x11\x10\xdeh2\xb9LN\xbd`\
\xd2\x18F\x7f\xbbA\xaf\x17\xa5eEGp\xc6\x83\x81\
0\xd6\xad[/}\xf4\xa4a\xa4j\x16>\xba\x81\xb8\
\x8f\x1cD\xffM\x89\x08T%\x80l\xf7 \xca\xb2B\
(\xcf\xed\x83G\x89\x22\x10\x89#\xd4\xd3\x08\xcd\xe6\xc0\
\xbe-m\xe8\xef-\x81\xcf[\x86\x81P\x1a\x1a\xba\xdb\
\xb1\xabn9\xeav\xd6\xa1\xa1\xf1\xd0aq\x09\xba\x84\
Z\x14E\x05\xa5\x98={\xa6\x9c\xc3'>\xf1q,\
=w\xa9~\x8c\xd0\xb0r\xf9J\xdc\xf8\x89\x9b\xf1\x91\
\x0b\xc6\x09\xf0\xc6\xe2\x9c\xee\xfe\x00\x9e|j\x03L\x9a\
\x8aX\x5cC\xcc\x04X\xacyH2,!Q$\x0e\
X\xadd\x17\xd2\x9d\x8c\xa1\xac0\x03~\x7f\x0c\x83\xde\
0l\x167L\x22T\x15\xc7\xf3\xafm\xd77\x115\
\x01\x97#\x80\x03\xcd\x01\xa8\x1e\xa7\x5cGv9\xba\xe8\
\xc2\x8b\xd1\xd4\xdc\x84\xe7\x9f{\x0e\x8f>\xfa(v\xec\
\xd8%\xf2\xda\xa9\xab!Fw\xfb\x8em\xa8\xdb\xbbO\
\x08;\xdcU\x17\xcd_\x88Y3\xe6\xc2jq\xc2\xe3\
\xb6#\x12\x0cJU\x9cf\xf6\xa0\xa3=\x8c\x8e\xf6:\
l\xdc\xecF\x96-\x86<{\x01\x0a\xb3\xa2piC\
P5\x1f2\xad\xfd\xf0\x14YQ\x96\x19Bg_.\
\x0e\xb4\xf9\xe1g\xe6\x80h\xa1\x89i\xb1\x93\x9f7\xd2\
,\xc6\xef\x13\xd2\x16\x0b\xc5\x98\x15Jw\xa7\x0f7\x0a\
\xd5C<\x05\xfd\x03\x8c\xff5\xcc\x9a=\x13\x19\x99\x19\
\xc3J\xc8\x1c|~\xd3'?\x89{\xef\xbbO~\xa6\
\x06\x80!`\xc2\xcf\xf3\x0f\x05p\xeb\x17o\x15e\xe4\
\x9f\xfc\xe4'(**:fS\x14\xae[\xba\xf0\xc5\
\x1e3\xbc\xd1\x08\xba5\x8a\x8e\xa8\xe0\xf4\xb4ZX-\
hE\x9aM\x83=\xe6\x87\xaa\xc5\x04\xf3)\xc8p \
\xdfm\x87S\xe5\x86\x16Om\x16z\xfczl\xb4\xea\
}h\x00\x8c\x85\xff\x06\x89\xa6T\x5c\xc6\x0bN%]\
r\x01\x02\xc1\x10\x94l.^]\x02GJu\xad:\
O\x9ft\xd01\xb5\xba{G\x97\x9fj\xb4\xcb\x97\xaf\
\x10}8\x86\x01\x94\xdc\x9e={\x96\xec\xe4q.&\
\xa1\xf0\x93{G\xd2K\x02\xc9\xa8\x824\x87\x175\x95\
\xfd(\xf6x\xe1\xb6\xf4B\x8b%\x11a\x93){&\
z\xda\x83\xd8\xbd~7|\xfd\xf9\x88\x992\xd01\xe0\
\xc5\xeaUOa\xed\xa6M\x18\xf2\xf5\xa7n\x1bC\x93\
$<\xeeLL\x9f>\x05\xd7^{\x1d\xceY\xba\x14\
\xe5\x95e\xc3\xe7\xc5\xb2X\xe2\x10<\xdf\x83\xfb\xeaq\
\xfe\xe2\x85P\xd4\x01\x89\xcd\x99&\xf2\xfa\x89\xb4\x9be\
7\xb30k'\xb4g\xa0\xb2\xb4\x04\x13\xa7\xccF \
\x14\xc4+\xcf>\x0d\x9b\xe2D~\xa6\x19W_<\x1a\
\x91P\x02\x1bv\x0ea\xf3\xe6\x16$\x09l\xa9\xac\x86\
#\xc54\x0d\x1d\xbe \x0eu\x040{\xdeYPm\
\x1ex\xbdC\xc8\xcde?\x01\xa0\xb2\xaa\x02\xb7|\xee\
\x16yl\xdb\xb2\x1du\xfb\xf6\xe1\x89\xc7\x1f\xc7\xcb\xaf\
\xbc,r\xe4\x11\xa6Tca\xc4\x86ta\xd0\xc7\x9e\
|\x02/\xbf\xfa\x22\xc6\x8d\xab\xc1\xb4\xe9\xb3PQZ\
%\x12m\x91D\x04qIk\xb9\xd17\x10G\x7f\xdc\
\x86.e\x14:\xba\x82(-\xf0!\xd3\xd3\x8f\x0ck\
\x08\xe6\x98\x1ff['2\x8b\xfa\x91\xe3\xccB\xfb`\
&\xda{\xb21\x18u\x03R\xa8G\xcf\x8b:|\xa9\
\x05\x9c\xc2i\xdet\xfe\x88\x0e\x82\xbe\xe4I\x07v\xb9\
]\x88\x0b\x90\xc7\xf0\x8f`_\x14\xfd}\xba\x97s\xe5\
\xe5\x97\xcb\xbf\xc4\x07\xa4d<\xa9\xe1\xa3\x1f\xfd(\x1e\
~\xf8a8\x88#DYdf\xc6\x82\xb9\xf3\xd0\xd6\
\xde\x81\xa1\xc1At\xf7\x91\x80e\xc3\x83\x0f>(X\
\xc3=\x7f\xbdgXx\xe4\xa8\x09\x0b\x87jBQ\x96\
\x1df\x07U\x7f4\x01\x03I\xde\x22\xa0\xef4+p\
\xaa\x80\xd3d\x86\xd3f\x85\xcbi\x81\xcbB\xe5\x86T\
\x1aCv\xfd\x0f\x98\x22\x90\xb1\xf8Y\xc6\xc9j?\xd2\
n\xa9M/\x08\xbf\xcb5\xbc\xc3S\x83\x9f\x06\x80\x15\
\x7fR\xb9\x96\xb2\x93\x860\xa4\xa1wo|\x1e\xd9e\
;v\xecD__\xbf.\x1b\xa5Z\xb0p\xe1\x02\xe4\
\xe5\xe7 \x12\x0d\xcb\x22\xa5\xac\x96I\x89!\x18w\xc0\
\xa5zQ\x91>\x80\xa2\x0a/\xf2\xddA\x98\xd8\xb6\x1a\
vh&\x1b:{\xedh\xf3\xe6\xa0;\x90\x86\xb8\x92\
\x86\xaeA/^x\xe5al\xdd\xbe\x03\xfe`\x8a\xa2\
,GdFNN6\xe6\xcc\x99\x8do|\xfd\xeb\x98\
=w\xf6\xf0\xdf\xc8\x050\xdcM\xb3E\x15\xe9\xac'\
\x9fx\x06\x07\xf65a\xd4\xe8\xf1\xe8\xeb\xdd\x8a@\x94\
d!\xba\x8a.8\x5c\x19\x88\x87y\x9cC\x22\xbd5\
o\xe1B|\xe2s\xff\x05\x98\xdd\x08\xfa\xfb\xb0g\xf7\
f\xf47\xb6a\xe2\x98J\xb8\xd4\x18\xd2\xd3\xd2\x10\x8e\
\xf4 \xa6q'T1\xe0M\xa0w@AWo;\
\xacN\x0f\xc6\x8d\x9b\x06\xb7'\x0f\x1d\xdd]\xe8\xee\xec\
\xc6\x9815\xb2\x08\x921]\xa0\x92\x06t\xca\xb4\xc9\
\xf2\xb8\xe4\xe2\x8b\xd0\xd7\xdf'\x15\x90\xff|\xec\x9fx\
\xed\xb5e\xe8\xea\xeeJ\x11]-\x08\x05\xc2X\xbba\
\xa3<FW\xd4`\xce\x9c\xb9R\x87O#\xcd\xfa\xfb\
X\x9c\xc0\xa9E\x0ab:\x02Vt\x1e\xa2>\xa3\x15\
\xa3\x0a\x87P\xe6q\x22M\x09\x22\x9e\x0c\xa2\xd83\x84\
\xdc\xcc!\x14\xe6\xf5`o}\x1e\xba\xfd9\x88\xa9\x99\
H\xa8Aq\x99up\xf0x9\xc4\x94\xbb\xa0\x11{\
u\x09\xef?\x1a\x0b\xa3\xa00_\xd2\xb6\xd18\xaf\xb5\
&)P\xaf\xaf\x0f\x8dm\xf5rlg\x9eq\x86\xfe\
v1\xc41\x5c\x7f\xedux\xf4\xf1\xc7$T\xe4\xe2\
_\xba\xe4\x1c\xfc\xef\xff~\x0b\xb3g\xcf\x11\x9d\xc1`\
(\x88?\xff\xf9n\xfc\xea\xd7\xbf\x94\xf2\xdf'\x1e\x7f\
\x02_\xfb\xda\xd7\xa4O\x04\xaf\xdf\x11\xe5\xdf)\xc5_\
B\x0b9.3&\x159\x10\x88\xb2\x16\x84\xfc~\xb3\
4\x05u\xd8u\x83\xc0\x19<L\xf2\x93\x9dC}\xd3\
j\x83\xf7\xa5\x010vxN\xf0\xcb.\xbb\x0c\xeb\xd6\
\xad\x137\x99\x06\x80\x0b\x98\x0b\xe9\xbb\xdf\xfd.\xaa\xaa\
\xaa\x0e7\xef\x0c\x85F\xd0O\xf5\x9am\x1a\x00\xbac\
\xec9/\x0d!Lfl\xda\xb4\x19uu\xfbt\x8d\
z\x9b\x15g\x9ey\x16\xb2\xb33\xa5c\x0c\x8b/$\
\x0d\xa3P\xd5\xc5\x8f\xaa\xb4~\x94\xe4zQ\x91\xd3\x0f\
5\x11F\x22\x96@\xd2\xa2\xa2w \x1f\xf5\x1d9R\
(\x13\x82\x1bC\xb1\x00\xd6o\x5c\x85\x15\xcbV\xa2\xb7\
\x9f\xc0\x9e\x82\xbc\x9cB!\x9f\xb0\xfd\xd5\xe2\xc5\x8b1\
s\xe6tT\x8e\xd2\x8b[\x84\x004\x82\x88b\xa6\xdb\
\x9e\xd0\xb0g\xf7><\xfe\xd8Shnj\x85\xd3\xee\
B\x22jCe\xe5\x22\x14\xe5g\x22\x12\x0e\x0a\x99'\
3\x93=\xfc\xea\xb1s\xe7\xd3\xb0Z\xe2\xa8\xdb\xb1\x17\
\xf5u\xad\xa8\x9aP\x05\xbb\xc3\x8c\xaf}\xf3;h\xde\
\xf42,h\x80I\xb5c\xc3\xf6\x0e\xec\xda\xd9\x00\x98\
\x1d0;rQS4\x053\xb2\xc6a\xe7\xfe\x03\xa2\
\xd6cqd \x10\x8a\x8a!\xdc\xb1m'\x16\x9d\xb9\
P6V.\x16S\xaa\xe8T7RL\x87:PR\
Z\x22\x8f\x0f_q\x19\x0e\xee\xafGCC#^x\
\xf1\x05\xf4v\xf6\xc8=\xa3\xfe\xc2\xc6\xcd\x1bq\xb0q\
?\x0e6\x1e\x14\xb92v5\x9a6m\x06\xe6\xce\x99\
#\x1c\x0a\xe6\xb8c\xe4\xc6\x12[\x88\xba\xb0\xa11\x1b\
M\xb6!L,\x1aB^f7LjX\xe4\xb5\x0a\
\xac\x11xj\x81\x0e\xaf\x82\x1d\x8dq\x0c%\xd2E\x9a\
[\x17\xdeTS]w\xdf8\x8c\x02#vn\x1a?\
\xbe\x16\x1d\xed\x1dHO\xf3\xe8\xcdKSz\x80\xcc\x10\
u\xf6t\x0a\xf9f\xde\xccy(,*\x92\xdd\x9b\xea\
@\xdf\xff\xee\xf7d\xf1\xeb\x1b\x8a\x09?\xfc\xfe\x8f\xa5\
\x0d\xbc\xc3eC$\x98@Nv\x8e\x5c\xa3\x1f\xfc\xe8\
{\xd2\xd5\xf8s_\xb8\x05\xde!/\xee\xf8\xc5/\xf1\
\x87\xbb~\xff\xc6\xd2\xefTI\xb3\xd0x\x15\x05\xc5\x1e\
\xf2&\xac\x02\x04\xeaMF\x8cVu\x87\xd5\x98\xde-\
\x1d\xc7\xff/z\x03\x1ay\xd8\xbf\xfe\xf5\xaf\xb8\xf1\xc6\
\x1b\x8f\xd9\x0cS\x00\x98\xef~W^{\xfb\xed\xb7\xa3\
\xach\x14.X|\xb1\xd4\x90\x1b\xcd38\x89\x83\xc1\
\x00*\xaa*PZ^\x22MA\xe8\xfa\x93\x19H/\
b\xf1\x92\xb3\xc4\xa8PI\x87\xbb\x02\xdd\xfe\xa4\x1aE\
8\x1e\xc6\xd8\xbc\x01\xcc-kGR\x09#\x86\x10\x9c\
\x8a\x19\x03\xd1t\xd45\x15\xa0k0\x0b!\xd5\x8aX\
\xd2\x8a\xcd\x9b\xb6\xe0\xa5\x17\x9eB\xb7W\xcf%\xd7\x8e\
\x99\x8c\xf9\x0b\xe6`\xf4\xe8*,Z\xb4\x08\x13&\x92\
\x86\xea<b\xb77Pf\xa6\xe1\xb8\x91\xb5\xb4\xb4`\
\xdd\x9a\x0dX\xb3f\xbd\xa0\xd1\x9cxL?V\x94W\
\xa1\xb8\x88\xa0\xa4*\xe9\xa1\xa4\x16E<\xc1\xe83\x86\
\xb6\x96M\xd8\xbf\xfb_P\x13\xdd\xc8\xcc-\xc6\x17\xbf\
u+\xb2\x0b\x8b\xa1E\xfd\x18\xd8\xfa\x1cb\xa1v\x0c\
\xfaU\xdc\xf7\xe4\x06\xf4{\x01[V5fL\xbb\x0a\
nO\x11bD\xd7MIl\xdb\xbc\x13\xdd]]\xb0\
\xb0#\xad\xa2I\xa9\xf4\x0d\x9f\xfc\x18\x16\x9e1W\x8e\
\xf5\xe8\x1c\xf7\xe1\xb2\xd9T\x97#J\xe4\xa6FoW\
/\xf6\xee\xde\x87\xa7\x9fz\x16\xfe\x80\x0f\xcb\x96\xbd\x8a\
\xbaC{E\x16\x9c\xf7\xc4\xa4X\x90\x9e\xee\xc6\xfc\xb9\
\xb3\xb1p\xe1\x99\xc8\xcc`V\x86\x9c\x820\xc2)I\
m\xab\xe6C^\xda\x10\x0a3\x83(p\x85\x90\xe5\xf6\
\x22\x11\x0b\x12\xe8@\x97\xbf\x00;\xebs\xd0\x1br@\
5;$\x05yL\x8d\x05\xa1p\xebb\x9bV\xd5\x82\
\xce\xce\x0e\xb4\xb7\xb6\x09\xc5W!\x8dY?\x11\xc1-\
^^\xf9\x02\x0e\xd4\xef\xc7o\x7f\xf3k|\xf6s\x9f\
\x17\x82\xd8\x9f\xef\xfe\x0b>\xf7\xf9\xcf\xcay:\x9dn\
\xfc\xe8\x07?\xc1g\xbfp3\xc2\x01\xb2\x1e\x0f\xf7z\
 \x92/\xea\xc3i6,]r>^}\xfdET\
\x8f\x1a\x83\xad\xdb6\x8b\xb4\xd9\xb1p+#\xddoh\
\x09\x1cVW0\x96\xfd\xc8\xd8^\xf9`\x1a\x00\xc3\x1d\
\xde\xbbw/\xae\xb8\xe2\x0a)\xe3\x14\xd2\xc6q\xc6\xfc\
\xf9\xf3\xb1n\xddZ\xb8m\x19\xb8\xf4\xc2+E~\x89\
\xbb\x95\xec\x03l\x05\x9dH\x08\xba\x9b@\x02+W\xac\
\x928\x9b\x93d\xc1\xfc\x05\x185j\xb4\xa4\x81t\xf5\
W\x96\xc0*\xb0$\x87PY\xd8\x83\xb1\x05]p\xab\
ah\x14\xb8L\xa4\xa1\xbd\xcf\x89\xfan\x0f\x06BU\
09\x92h\xaa\xaf\xc7\xbd\x0f\xdc\x8f\x8e\xee6Av\
\xd9\x1f~\xf1\xc2\xa58\xfb\xec\xf30k\xf6,,:\
k\x8ep\x0f\xdel\x1c\xdc\x7f\x08{v\xd7a\xf3\xa6\
\xcd:EY\x90j\x87t\x07\x22!\xc7\xe5rKH\
\xa2\xb1\xe6^\xcam\x89\xea\x9b\xa0$8\xb9\x15\xec\xdb\
\xf3\x1c:\x1b\x9f\x97J\xba)\xb3f\xe0\x96\xff\xf92\
\xe2\x91\x1et\xaf}\x04N\x9b\x0d\xcf.\xab\xc3\x8a\xed\
\xfba\xb6\x96\xa2f\xdcE()\x9d-\xddoXG\
\xca\xd6\xe6\xf4\xa6\xf6\xec\xd9%\xed\xb3\xccV+b\xd1\
0\xd2\xd2]\xb8\xed\xb6\xcf\xa3\xa4\xbc\x08\x89\x18\x01\xad\
\xe3\xc7\x9e\x92mHM'\x86/!_\x04\xdf\xfe\xd6\
\xf7\x84\x9e][;\x16\xaf\xbc\xf62\x1ey\xfca\xf9\
\xbb\xbe\x9b\x92\xe4\x12GQ^1\x16-:C*\xff\
&N\x99\x8c\x8c\x0c\xbb,\xb0D\x92JD1X\xe2\
f\xe4\xbb\x061\xa6\xb2\x11\xf9\x8e l\x0aY\x88v\
\x0c\xc6\xdd\xd8\xdb\x9e\x8e\xd6\xaelD\x90.\xca\x1cz\
\x87\x9e\x94\xb0jJ\x87P\xea0@AM\x15\x07\x0e\
\xee\xc3\x90w\x08\xaab\x93\xf2k9\x16\x95*;A\
<\xf2\xe4#\x92\x11\xa0\x18\xe8\xe8\x9a\x1a\xdc\xf9\x9b\xdf\
\xe2\xf3\xb7~A\xc2\x86\x9c\xec<<\xf7\xcc\x8b\x98>\
}2|\xbe\xb0\x10\xcd\x86EDR\xa5\xdb\x0c\x15\x5c\
iV\xfc\xeb\xa9\xe7p\xe9\x87/\x16\xa3p\xdf\xdf\xee\
\xc7\xf5\x1f\xbbN\xe6\xdd\xb1\xdb\xc4\x8f\xe8\x1e\x98zr\
$/\xf0\xed\x09\xae\xbcoB\x00\xc3>]\x7f\xfd\xf5\
b\x048\xbe\xf8\xc5\xdbd\xb12\xe7\xdf\xdd\xd5\x83\x87\
\x1ez\x00\x8dM\x0d29Y:jQM\x18\x0c\x0e\
\xa0\xb5\xbd\x19c\xab)\xf6I \x8f\x8c@\x9dc\xc9\
\xda\xf2\xba\xfdu\xba:l\x22\x89\x09\x13jQ5j\
\x14\xc2\xd1\x80L\x22!\x10\x92nk\xed\xc5\x94\xca\x0e\
\x94\xa6\x93\xaa;\x84\xb0\x96\x86\xee\xde\x12t\xf9\x9ch\
\xec4\xc3\x92^\x80\xdeP7^|\xecYl\xdd\xbe\
\x15\xd1HT\xd0`.\xfe\xf3\xcf\xbe\x10\xdf\xfe\xbf\xef\
`\xd9\xeb+\xb0u\xf3V\xf4\xf7u\x0bn\x91\x9b\x9b\
\x03[J0\xa2\xb4\xac\x0c\xbd\xdd\xbd\xd8\xbf\xff\x00<\
\x9e4lX\xbfIR\x98\x14\xac\xb48\xed\xd2\x96\x9b\
\xbau\x0a\xcc\xc2e`\xffBNF\x8db\x1c\x946\
\xa7\xd6@\x92\x8a\xb4*\x22\x09\x13\xaak\xe7#\x11\xee\
@G\xfb6\xec\xdd]\x87\xb6\xe6\x06\x94\x96\xe4B\xb5\
\x99\xd1\xdc\xd9\x8bm\xfb:\xa1\x98\xd3PT\xba\x00\xa5\
\xc53\xa5\xd3\x90\xec`\x12!\xc5e\xd1WTU\xc2\
\xbb}@\x90e\xcaa\xf9\xfdA\xfc\xe2\x17\xbf\xc2\x17\
o\xfb<\xca+K\xa1\xc5S\x92\xd5#2\x18\xa9;\
\x95\xaaj\xd4w\xe1X$\x0e\xbb\xdb\x86\xd1\xd5UX\
\xbfv\x13\xd2\xd3\xb2\xf0\xe0\xc3\x0f`\xe9_\x97`\xf9\
\x8a\x15x\xe2\xf1\xc7\x04\xa4\xe4\xe8\xec\xe9\xc2\xc3\xff|\
P\x9e\x97\xad\xae\x90\x5c:\x9b\x8a\x90\xa4\x13\x8e\x9a\x10\
U,\xe8\x0c'1\xb8\xa7\x04\xf9i~\xd4V\x0e\x22\
\xd3\xe2E\xba:\x80)\x95Q\xe4y\x128\xd8>\x80\
\xbe@!\x92*\x176\xb9\xf1\xa9r\xe4T-\x88^\
\xcb\x95D\x92\x1e\x93f\x81\x95\xf5\x19\x0a\xf3\xc0f\x09\
\xffZ;\xba\x10\x0c\x071\xa1v<FWW\xa3\xa5\
\xb9\x19?\xff\xc5\xcfeNq\x8e|\xf5+_\xc3\xf4\
Y\x9314\x10\x14%c\xbd\x16\xc3X\x9f\xfau\xa0\
W\x11\x09$q\xce9gc\xfa\xd4\x19\xd8\xbcu\x83\
\xe0QoN#\x1e\xb1\xd8SO\x8e|\xf5\xbb\xe4\xfb\
\xff\xff\xe0\x01\x18\xcd4\x9fx\xe2q\x5c~\xf9\x15b\
\x0c.\xb9\xe4\xc3x\xf2\xc9\xc7\x0e\xbfH\x83\xb0\xba\xee\
\xb9\xe7\xaf\xf8\xef\xaf\xdc&4`\xca81\x14\x18U\
:\x06K\xcf:7\xd5)W'\xfc\xd0r\xb7w\xb6\
\xa1\xa7\xaf[>\x8f2\xe1\xb3f\xcdFB\x8b\x8a\x08\
\x87\x096$\xb5A\xe4z\x060\xa3l\x08Y\xcev\
 \x1e\x81fUP7P\x8e\xcd\xbb\xd9n\xcc\x0a\x8b\
]\xc5\x9au\x9b\xf0\xc4S\x8f\xc1\xe7\xd3\xab\x02\xb9\xfb\
egf\xe1\xa6\x1b>\x89\x1f\xfc\xe4\x87\xe8j\xeb\xc1\
]\x7f\xfc\x8bL\x18\x1a\x07\xbd\x15yj\xd6(I\xa1\
\x14G\xa9\xeeB\x00H\xa1\x0e\x9d>\xb1\x18\x17S\x10\
\x93\xd2\xe6<ff)\xf4t\x14\xb5\xe1\x12H\x92%\
\xa7\xb0\xaf]\x96\x80L\xfb\xf7\x1cB\xff\x80\x176\xbb\
\xae\xfe\xbbu\xfd\x83\x18\x1a:\x80\x92q5\xb8\xfd\xb6\
[\x10i\x5c\x8e\x97^[\x83\x97\xd6\xb6\xc3\x955\x06\
3f~\x1cVK\x1e4\xe8\x85SBsP\x14D\
\xe2q\x01R\x9b\x9b\x9b\xd1\xd8\xd8 \xcf\x196\x85\xc3\
\x01\x14\x15\x15\xe0\xe37\x5c\x87\xca\xca\x8aa_U\x17\
\xd0\xd0\xa9\xaa|\xdd\xd1\xd9(\xfe\xfd\xc9G\x9f\xc6\xb2\
e\xab\xc4\x00\x7f\xfa3\x9f\xc4\xd8\x89z\xf6e\xc7\xf6\
\x1dx\xf8\xa1\x87\xf1\xe2K/b\xcb\xd6-\xc3\xef!\
\xce\x90D\x02\x13\xc7O\xc2\xd4i\xd3\xc4\x00\x8e\x22\x90\
\xc6\x12\xdd\x08\xbb\x0bGE\xa8dl\xee\x10\xaaK\x82\
H\x98\xfd0'\x13\x08\xc6\x9d\xd8?\x90\x89\x03\xed\x19\
\x88\xc4\xf3\x05,S\x11>\xac\xc8\x93\x92]o8\xd0\
\x02\x7f\x7f;\xccj\x17Lj@h\xe06G6\xd6\
o\xaa\xc7\xdam{p\xf9\x95W\xe2\xe6O\xde\x84\xff\
\xfa\xd4\xa7$\xf5\xc9\xf1\xb5\xaf|\x03\xdf\xff\xc1\xf7%\
U\xac\xf7.\xd4)\xe6\xfa\x9c:\xb2\x98\x9c\xf7\xc9\x9d\
n\xc6\xbd\xf7\xfc\x1d\x9f\xf8\xe4G1\xbev\x22V\xac\
\x5c&\x1d\x9d9NmM\xc1\xfb\xd8\x00\x18<k6\
\x99<\xfb\xec%\x82\xfcO\x9f6\x1b\xcf=\xf7\x1c<\
ii\x88F\xb8\x1b\xea7\x83\x12R6;p\xdb\x17\
\xbf\x82_\xfd\xfag\xba\xc8\x87\xb4\xbb\xb6\xe3\xf2K>\
\x82t\x17\xdb]\xb3\x02\x90:\xfd^\xb4wv\x22\x96\
\x88!??\x17K\x96\x9c%\x8b)f\x8a\xc0\x94\xb4\
\xc3\x92\x08\xa3 \xb3\x07\xe3\xabz\x91nm\x92\xfa\xec\
\xa0\xe6@]S)\xea\xbb\xca\x00\x8f\x15\xa1`\x10\x1b\
\xd6\x11\xf9~X\xb4\xee9\x89\xd8<b\xfe\xbc\x05\xb8\
\xff\xbe\xfbPRV\x22sd\xd7\xb6=x\xf4\x1fO\
\xc2fu\xa6j\xd9\xf5rW}\x0e\xe8\xee\xb2\xb4\x81\
\x18!\xaf\xe7\xf1\xa4\xa3\xa0\xa0@t\xec9\x99\xe8>\
\x13\x97\xb0\xdb\xf93\xcb@-\x02f\xe5\xe4e#/\
/\x17N\x87\x8a\xce6/V\xacX\x8dp$\x01\x8f\
\xcb\x86\xe6\xfd\xaf`\xdf\x8e\xe7\x104\x0d\xe1\xaa\xcb/\
\xc1\xf8<\x13\xfe\xfe\xf8\x0b8\xd8\x15B\xf5\x98\xf30\
v\xcc\xc5\x92\xb63t\x09\x08|\xf1\xbbX\xce\xcc6\
\xe7$O55\xb5\xa0\xb3\xa7#\xd5/\x8f\xc6\x8d\xa2\
\x13q,\x5c4\x1f\xe7_p.\xac\x16*\xe7:\x10\
\x8d\xb1\xc1\x8a\x0a\xbf/(\xc6\x9a\xde\x0c\xd5\x97i\x80\
\xf7\xed\xadCKS\x8bd=\x84le5\xe3\xa2K\
/\xc2\xcc\xd9S\x86\xefs$\x14\xc6\xcf\x7f\xfes\xec\
\xdc\xb9S\xb0\x8f5\xeb\xd6\xca}\x92\x86\xa6H\xc2\xed\
L\xc7\x15W~\x18v\x87U\xbc\x02z)\x11?`\
\x8d\x04Q\x92\xd9\x89\xf1U=\xc8\xb2\x0fA\x8b\x9a\x11\
\xb1\xd8\xd0>h\xc7\xb6C\x99\x18\xd2\x8a\xa5-\xbc\xc4\
\xf9\x8aA\x062\x89\xfb\xdfth\x1d\x908\xc0<\x85\
.3n\xb6 \xe8O\xc7\xc3Om\xc5'>\xf99\
tw\xb7\xe3\x89\xa7\x1e\x97\xe3\xbb\xec\xe2\xcb\xf1\xf8S\
\xffD\xc8\xcf\xb0S/\x07\xd7\x97L*\x14\x12\xeby\
x\x09\xe9\xd9&\x13\x1a\x1b\x9b0s\xd6\x0cx\x87z\
\xa5\xf1\xeb\x87>\xf4\xa1#\xbaC\xbfW\xc6{4\x04\
 \xa5\x97\xc2\x9aVi\x97M-w\x8e[n\xf9\x1c\
r\xf3\xb2\xe0\x1b\x8c\xc0b\xb1\x0f\xbb_\x9c\x98A?\
\xf0\xcb_\xfd\x14\xf1X\x12\x7f\xfa\xcb\x1f\x10g\xfc\xea\
v\x89\xc2\xac\xc7\x95\xa6/\xf2XTz\xda\xb3\xcf\x1e\
\xc9\x16S\xa7N\x02\xc32V\xd0\x89\xe2^2\x82\xac\
\xcc>L\x1d\xd3\x06G\x8c\xe2\x17v\x0c\x06s\xb1\xed\
`\x16:\xa2E\xe2\x12\xef\xaf\xdb\x8eG\x1e}\x1a\x1d\
\x9d-\xb0Y\xac\x88\xc4\xa28{\xc9y\xf8\xc5/~\
\x22\xde\x04\x01\x1ff\x07\xc2\xc1\x10V\xadX-h:\
%\xa6\x1d\x0e\x9bt\x0a\xa2\x04\x19\xeb\x0bh\xbc\x92\xa9\
f\x9f\xd2\xc2\xdcl\x92\xcf\xf7\xb8\xd3\xf4Z\x04\xba\xfb\
\xaaI\xce\x97\x0aF\xd9\xd9\xe9\x22\x1eb\xb1\x9a\xc09\
\xc4\x946\x7f\x0e\x85\x12\xc8\xcb\xcf\x90\xd8t\xf5\x9a\x8d\
\x08Ec\xc8)\x18\x87\xa6\x86]H\xc4\xf6\xe3\xa5g\
_\xc7z5\x86\xfe0\xf9\xf7\xd9(\xcc\x1f\x07-\xc1\
:r\xbd\xa1e<\x91\x80\xc3\xe9\xc0\xb8\xda\xb1\xa8\xaa\
*GG{\x176m\xda\x8a\xf2\xf2R\xe4\x17\xe6\xa1\
\xbf\xbf\x0f\x1d\x1d\xed\x12:Y\xcc6\xac[\xb3\x11\xbb\
v\xec\x95\x22\xa8\x8c\x8c4!\x0b\xf1\xf8Y]G\x8f\
\xa5\xa7\xa7GB3\x9e\x03\xef\x1f\x0d\x05\xe5\xcc\xc85\
\xa0'\xf3\xf8?\x9f\x84\xdf7\x84\x85g\xcc\x93\xfbL\
o\xea\x1b\xff\xfbM\xb9\x0e4v_\xfe\xd2\xed\xb8\xeb\
\xee?!\x11\xd5\xafM8\xea\xc3}\xf7\xde/\xb7\xfa\
\xc2\xf3.@Ee\x05\xaa\xc7\xd7 \xe9\xf0\xa0\xde\xaf\
\x22\xb0\xc7\x86\xf1\xa3\xdaQ\x941\x00{\xcc\x87J\x8f\
\x0d\xca(\x13\xb6\xb5\xb80\x14\xce\x1393\x93\x00\xa5\
\xe4N(\xc8\xc8LC\xaf\xc7\x0a\x7f?]v\x16u\
\x01\x89H\x02Yn\x0b&V\x17c\xfd\x9au\xe8\xea\
i\x93\xef\xae\xac\x18\x85\x9f\xdf\xf1s\xc4\x22\xcc\xd2\x1c\
\xdd}\xf9\xd8C/Jc%a\x99\x94\x89\xbf\xf2\xda\
\xf3\xc2\x18\xa4\x01x/\xee\xb5\xefI\x03\xc0\x05\xcd\xc9\
\xc3\xc9\xf4\xd8c\x8fKq\xc5\xf7\xbe\xf7\x03\x5c\xff\xd1\
k\xe0\xf71E\xa5k\xae\xebCG\xa7M\xc9\x04\xb6\
\xaf\x7f\x19W]:\x13+\x96?\x8b\x1d\xbb\xeb\xe0\xf6\
\xa4#\x18\xf2\x8b\xe8\x04\xd5V\xda[[\xe4\xb3\xcd&\
\x05\x0b\xe7\xcdA^>\xd5{b\x92\xb5&}\x95\xa1\
\x83\xc7\x11\x83[\xf1B\xb5Z0\x10\xca\xc6\x96\x03.\
\x0c&\x8b\xa1ZL\xf8\xc7\xe3\x0f\x0a\xc6@\xef\xc2j\
\xa1\x80F\x18_\xf8\xdc\xad\xf8\xe9\xcf~\x22\xe5\xc6\x9c\
\xa5\xf1p\x1cf\xbb\x19kV\xafG{[7\xecv\
\xb7\x10\x8b\xb88\xd2\xd2t\xd4\xdf`\x97\xe9R\xe4\xba\
\x22\x0d\x0d\x1e\xe7\x07S\x94\xc4\x01\x22\x91\xa0`\x13\x93\
&\xd7\x0a\xa3/.\x05\x0dz\xde\xda\xa00\x0b)\x8a\
\x8a1\xf1$*\xaaK\x10\x8c\x86\xb1y\xddv\xa4{\
\xf2Q1v&vn>@(\x1d\x031\xbd\xfa\xcc\
\x9dQ\x8c\xb4\xb4b]\x01\xd9d\x11\xa5\x1cfO\x16\
,\x9c\x83\xacl7\xc2!\xa0\xb4\xbc\x08\xe9\x19i\xd8\
\xb5k\xb7\x1c\x7f\x9a\xcb\x8d\xec\xacL44\xd4K\xaf\
<\xba\xd1l_\x16\xf4\x05\xd1\xd1\xd6!\xb9l\x9e\x13\
\xef\xd1@\xdf\x00\xecV;43\x8fK\x07\xc8\xa8_\
`\xb7;\x84\xac\xc4\xf3\xa5\xf1z\xf2\xb1\xa7\x10\x0dG\
p\xce\x05g\xeb\xd5v\x04\x22\xc9\xe30[\xf0\x9b;\
\x7f+x\xcf\x1f\xef\xbaK\x14\x9c7m\xd9,\x85]\
\x94\x5c{\xf6\x85g\xc4\x83:\xfb\xac%\xd2J\xac\xb0\
\xb0\x08]A\x0f\x06\xf6fcL\x9e\x05\xa3\x8b\x03p\
\x9a\x87P\x96\xd1\x03\xab\xd9\x81\xd5{M\x08'3\xa4\
\x84V\x8f\x02\xa8\xd2\xa0\x89T\xbb?A\xb4\x22\x894\
\xb7\x15v\x0b\xdb\xbaw\xa1\xba\xdc\x82\x1d\x87:\xd1\xd3\
\xdb)e\xc2\xcc:U\x8d\xaa@`\x90d\xa0\xe3\x14\
\xf8\x1cC\xf5\x94\xe1\x8a\xd9\xa6\xa0v\x1c\x81\xcf\xe7\xb1\
v\xed\xdaa\xf5\xe8\xf7\xdax\xcf\x85\x00\x86\x9b\xb4q\
\xe3Fa^\xed\xdb\xb7\x0f\x85\x85%8\xb0\xff\xa0\x80\
5\x14E\xd0Q:}p\xf29\x9d*\x9e~\xec.\
<\xf6\xd0\xcfa5E\xa5<\xf5\xe5u\x87\xe0\x8f\xbb\
0\xb1f\x12\xe6\xcc\x9c\x86\xbe>/\xf6\xd5\xd5\x09`\
6qR-\xa6\xce\x98\x860\xdbU%\x82pX\xc3\
\x88)V\x84\xc2N\x94guc\xd2\xe8~\x0c\x0ci\
\xd8w\xc8\x83!S!\xf665\xe3\x85\x7f=\x8d\x83\
\xf5\x07\xa4\xad\x17\xf5\xeb9~\xf7\xdb\xdf\xe3\x96\xcf}\
F\x5cx\x1a\x0f)\xe70\x9b\xd0\xd2\xd0\x8a\x07\x1f\xf8\
\x07b\x11\x0d6\x9b\x13EE\x85#\x80\x22}\x12\x18\
\xa5\xa3\x22\x1f\xc6&\x919Y\x988q\x02\xfa\xfb\xbc\
\xd8\xbd{\x8f\xb8\xf7\x8b\xce\x987\xacV++\xedM\
\xc2G\xbdHI\xc5\x8e-u\xd2q\xc7iK\xe0\xc0\
\xae\x17\xd0\xd8\xb0\x06L>\x90\xe3?v\xf2\x87\x90\x9d\
W\x8b8\x99\x84\xb18\x9cn\x17\xce<s!\xd23\
\x5cz\x1e^\xf4\xfaI\x8d\xd6I*]\x9d}\x22\x9d\
E\x97\x9e\x86\xaa\x83)\xb4\xf6\xf6\x94\xbc\xb5|\xebp\
S\x15\x09m\xe8%Xm\xb0\xdb\x1c\xb2\xe8\xe9\xd10\
t!\xb6\xc1{\xd7\xdb\xdb\x83\xb6\xb6\x168\x9cv\x91\
2\xa3\x01^p\xc6<L\x9f1E_\xa0\x22y\x15\
\x87\xd9\xa2\xefK4\x18\xb7|\xfa3x\xe0\xc1\x07E\
i\x89/\x22\x7f\x9f\x98\x0e\x0d\xeey\xe7\x9e\x8b\xb3\xce\
:\x13fk\x06\xe2\x81>\xe4(m\x98<\xce\x8b<\
{'Lq7\xf6\xf5\xe7`Gs\x19BV\x15\xc9\
\x98\x1d\x16\xa6\xed\xac\x1a\x82\x816\x1c\xdc\xfd\x1c,\xf1\
 \xecf3.\xbfr\x1clf?z;4\xd4\xb5\
[\xf0\x85\xef\xbe\x80\xbc\xfc<\xec\xda\xb2S\x80X\xda\
\xa7#\xca\xc5\xdfb\xc9\x188\xc0\xdf\xfe\xf2\x00n\xb8\
\xe9z\xb9\x0e\xe4\xaeL\x9e<\xf9\x88\xb4\xef{a\xbc\
\xa7\x0c\x80N\xf8I`ppH\x18}\x94o\xe6\xf8\
\xc4\xc7\xff\x0b\x7f\xb9\xe7.\x04\xfd4\x0ez<)\xaf\
'\x1d\x94\x8b(\xd8\x89\xef\xfe\xefu\x18\xeci\x80\x19\
vX\x91@_8\x8a'^jC^\xc1xL\x9c\
0F4\xe1I\xecp;\xdd8\xf7\xdc\xa5\xb0;m\
0i}\x18[\xcc\xee\xac]\xa8\xef\xb2cwK\x05\
\xac\xcce[\x22\x083\xa5c+\xc6\x96-\x9b\xf1\xe7\
\xfb~/\x8b\x9e;\x14U~\xa7M\x9d\x8a\xef\x7f\xff\
\x878\xff\x82\xf3$5\xa6\xd3\x93\xb9~\x14\x04\xfcA\
\xdcw\xcf\xdf\xd1\xdb;\x00\xd5d\x17*\xad\xdb\xed\x94\
]\xe10\x8dY\xafZ\xe4\xf9\xd2\x8d\xae\xae\x1e\x8d\xca\
\xaarA\xf8\x9f\x7f\xeee\xf4\xf7\xf5\x8b\xaa\xf0\x94\xa9\
\xe3\x10\x0e\xa74\x06\x04\xcc>\xfe\xc4\xd1s\xd1I\x91\
\x88\xde\xbam\x0f\xf6\xec\xdc'\xc6p\xcf\xaeeR\x93\
_XT\x0d\x8b#\x1b\xb1$w\xfe\xa0\x5c\x87\x05\x8b\
\xe6#++]*\x19\x8f\x00\xa7$o\xae\xc1fW\
\xd0\xdd5(\x05A\x06\xd6\xc2?\xf6\xf4\xf4\xc2\xe7\x1b\
\xd2+/\xadlt\xaa\xb7\xc8\xe6\x22g6\x83\xe1\x19\
=\x01\x02\x83\x8c\xdd\xc9z$x\xc8\xaaJ\x16[\xed\
\xd9\xbbG\xef\x00\x14\x8f#\x9e\x88a\xe2\xc4\xf18\xff\
\x82\xa5\xf0x\xdcpxX\xc0\xc5VZ:\x87\x9e\xc7\
\xb1\xff\xc0~<\xfe\xd8\x93\xb8\xe3\x97\xbf\x10\xe6\xe1\xc8\
Q=\xba\x16\xb5\x93k1ib-\x0a\xd2\xf2aM\
4`\xc1\xb8\x1e\xe4Y\x86\x103g`uS\x11\x0e\
\xf4\xa7\xa3\xc4\x1dE\x22\xac\xa1+\xe0\x06\xb1\xd5\x8e\xa6\
\xcd\xe8i\xd9\x86d\xcc\x8b9\xb3\xf2q\xde\xa2Q\xd2\
\xaa{ \xe8\xc1\xf97>\x8bCm=X\xfd\xdaZ\
\xcc;s\x0e\x02\x9cw#\xdc\xff\xb7Z2\xb4\x89t\
\x18\x86\x86\x06\xb1p\xd1\x02\xd4\xed\xdf--\xe1/\xb9\
\xe4R\x09\xffHB{\xaf\x8c\xf7\xce\x91\xa4,'s\
\xa5w\xdf}\x97,~\xba\x91K\x97\x9c\x87\x9f\xff\xfc\
'\x88F(\x8dt\x14\x11%\xa9\xc1j\x07\x0e\xee:\
\x84\xde\x9e&xlI\xe4e\xaa(\xca\xf6\xa0bT\
\x06rr\x0a\xf0\xab{7\xc1\xeeN\x22'-O4\
\x01\xd8\x82\x9b\x1c\xf0p4\x82|\x97\x1f5\xf9=\xf0\
\xd8\xdb\xe1tTCQ\x12R\xe5\x97\xd4<\xa2\x18\xf4\
\xc2kO\x0b\x80#\xbd\xfb\x90\x90\xc5\xff\xbd\xef|W\
\x0a>\x08D\x92C\xc0|\xb6\xec\x82\xa4p%5<\
\xf2\xd0\xe3\xe8\xef\x1b\x82j\xb2!=-Cr\xf8L\
\xb1\x89\xd8\x85\xa6\xc9n\xcf\xf3\xa2\xd2\x0c\xc9A%%\
\x85\xb0\xd9\xf4\x92\xe5\xee\xee~\x04\x82~\xb8<n\x14\
\x14\xb2\x85\xf5\x89g\x81\xa4\x9e\x9d\xdaq\x09\xf6#\xa8\
\x95\xef\xd8\xb5{/&L;W\x0aG\x18\xc3\x13\xec\
c\x85\x9e'\xdd\x83\xc5g,\x82\xdb\xe3\x92E\xfc\x86\
r\xd2TV \x1cN\x227/]\xb0\x8d]\xbb\xf6\
H(3o\xdel\xc12X7A|\x85)V\xb6\
b\xe3\xa2\x15ym\x93\x09n\x97\x0b\x83\x83~\xf1\x16\
FWO\xc4\xd4\x19\xe3\x10\x8b\xe8N\xccu\x1f\xbb\x1c\
\xf7\xfe5\x82\xbd{\xf7I\xd8@,d\xf7\xae\xbd8\
t\xb0\x1eY9\x19\xb8\xe0\xa2s\x85*LU\xa7\xd4\
\xa1`\xec\xb8q\xf8\xfa7\xc7\xe1\x86\x1b?\x81\x87\x1e\
z\x18\xbf\xfe\xf5\xaf\xe5\xfb\xc3\xa10\x0e\x1c\xdc#\x8f\
W\x9f\xf3\xe0\xd3\x9f\xff\x0cF\x95Ua\xcb!7\xa6\
\x8c\xd9\x8b\x02\xbb\x1f.\xcb\x102LN\xcc\xa9\xec@\
\x22\xe9\xc3\xc6\xe6b\xf4\xf92\x91W<\x15\xe10\x15\
\xa4vb\xfd\xd6\x0eX`\xc5\xfci\xb9Hs\x861\
\xaa$]\x0c\xc0\xae\x9d{0\xef\xac92\xcfN\x86\
z/8@$\x8e\x9c\xfc\x0c,\x98\xbf\x10\xfb\x0e\xec\
A}=\xabBG\xb0~\xde#\xe3=c\x00\x8c\xaa\
)\xe6\xfa\x7f\xf7;\xbd\x8d\xf6\x98\xeaZ<\xf8\xc0\x83\
\x22Z\xc9\xc9\xc8\x096\xb2\x14\xcc\xa0S\xfaC\x83\xd2\
0\xa22/\x0d\xd7\x7fx2\xac\xa6\x18\x1c\xb6(l\
\xeeR\xfc\xe5\xd1\x9d\xd8\x7f`/\xa2Ea\x9cu\xe6\
\x12\x94\x96\xe7#\x19c\xfa\x88\xda\xeb1\xa4)\xbd\xf0\
\xc7\x1d\x18\xf4\x99\xc0\x147\x17lo\xff\x00\xee\xbe\xe7\
/\xa8'u\xd5dA\x22\x19FIQ\x89\xc4\xa5\x17\
~\xe8\x02\xf9n\x82T\xba\x9c\xb4\xf8\xf5\xf2\xbb\x97\x9f\
{\x1d-M\x1d\xb0\x98\xed\xb2\x0bfdd\xe9- \
\x08\xd8E#\xa2'XT\x5c\x84\xea\xd1\xa3PX\x94\
'\xbb\x049M\x91\xa8\x8e\xb4\x13\x04#\xa86\xaa\xaa\
\x08\xb9y\x19:O\xfd\x84e\xcbIg\xd5y\xf1\x14\
\x90\x9c2e\xac|&\x0bwl,\xa23\xb1\xd7\x5c\
\x149\xd9YX\xb8p\x1e\x9c.\xbb\xc8L\xeb\xef9\
\xb6*\xb2\xa4\xf8\x92@yE\x99\xae\xa3\xefe\xbf\x01\
?\x8a\x8a\xf2PX\x94%\x7f3\x1e\xc3\x1d\xbb\x14\x80\
}Y\xf7\xee\xa4\xf0j\x1bZ[\xdb1fL\xb5\x14\
\xd4\xc4\x09bj&\xcc\x9a5GB\x0e\x0a\x9et\xf7\
\xf6\xc2d\xa6\xa2\x91\x86\x96\x96.\xdc\xf7\xb7\x07\xa4\xaa\
\x93-\xdb(\xdei\xb7\xb3\xcd\xbb]\x8cgaQ!\
>{\xcbgQTX\x22\xfc\x8a@ \x88\xba\xba\xbd\
\xd8\xbes3\x82a?\xfez\xf7_0jT5\xce\
;\xf7B\x983G#\xa2y\xe1\xf33\x0c\x09\xc1n\
\xed\x833\x0a,\xaa\xe9\xc4k\xdb\xfa\xd0\x1b\xabAQ\
\xf9\x0c\x0c\x0duA1y\xb1b}3\xc8%<\xf7\
\xfc\x09z\x8d=\xe7U$tD\x05\xea\x09\x0f)\xd3\
\xd53>\xa4\x06\xf3\xbdO>\xfe\x14n\xfb\xe2m\x87\
\x1b\x90\xbcG\xd2\x81\xef\x19\x03\xc0\xc1\x8b\xf2\xd9\xcf~\
\x16--mp8\x5c\xf8\xc1\x0f~\x84\xec\xdct\xf8\
\xbc\xa4\x02\x1f\xc7l&\x01\xb73\x0df\x93\x19\x0e\xbb\
U\xfa\xafE\xa3\x03\xb0D\x5c\x88\x07\x98\x0a4\x09\x88\
\xe6'\xa86\xadV\xe2GM\xd4U\xa3\x08'-\xf0\
\xa3\x14uM\x09\x1c\xea\xceDZV\x16\xd6\xadY\x8b\
\x7f=\xff\x5c\xaa\xa8\x85\xc8q\x0c_\xbe\xfd+\xf8\xc2\
\xe7?\x87\xd2\xf2RI\x91\xc9\x9aWY\x8c\xa3\x08\xe2\
\xdf\xdc\xd8\x8a\x83\xfb\x9a\xb0n\xdd\x16\x99\xcc\xaa\xd9&\
\xc5D\xf4\x22XPD\x02PyE\x05F\x8d\x1a\x85\
\x9c\x9cLY\x8c1*\xc2\xca\xae\xa8\x87\x05\xfc\x1dC\
\x1f\x1aB\x22\xec\xef\xa4\xcc[G\xa2\x93\x980\xbeF\
\xb4\xfc\xb6l\xda\x82X4*\xfc\xf69sf\xc1\xe1\
\xb4\xca\x02|\xcbnH\xe4\x1d$H\xb3v#++\
\x13\x1d\x9d\x9d\xd8\xb6u\x07\xb6l\xd6\xc4m\xa71c\
U\xa2\xde\xd8X\xe7\xd4\xd3\x92DC\x90\xf8\x9e\xc0'\
\x01Mz\x0c\xe9\x19n\xa1\xe3\xd2X\x10!\xe7\x8eh\
w8\xe0IO\x97\xb6\xe9\xd4\xe7#\xef\x80F\x82\x9e\
PO\xcfj\xacZ\xb9N\xc2\x0a\xd6\x1c\xd0S\xc9\xce\
\xceBgW\xbbdR23\xb3\x91\x9d\x9d\x87\x8a\xf2\
\xd1\x22=\xbe~\xe3r\xc1*6lZ\x87\xfd\x07\x1b\
1o\xde4\x9c\x7f\xf6\x990%\xac0\xa9\xbd\x18\x0a\
\xdb\xe0\xb0\x04\xe0F\x17&\x15{\xf0\xc4\x86\x1d\xc8/\
\x9e\x85\xd1\xe5g\xa0\xbe\xfe5\x98\xed\x14BiD\xe9\
\xe8\x12de\xeaTm\xce\x9d\xb7\x7f\x0f\xf4\x14$k\
K\xac?\xb2a\xed\xfa\xb5X\xbf~=f\xcf\x99\xad\
+\x10\xbd\x9d.\x1e\xefW\x03`\x00#\xfb\xf7\xef\xc7\
\xe6\xcd\x9b\xe5w\x1f\xfb\xe8\x0d\xf8\xf0\xe5\x1f\x82\x7f\xf0\
M\x16\x7f\xaa:\x92\xae)\x81&\xa2\xd3q\xa6\xbb\xac\
i\x18\x0a\xab\xf8\xfa\x0f\x9eC\xbf\x8fV<\x8eY\xd3\
gH\xe1\x08'A\xd8L\xb5U;\x9a\xfbs1\xe0\
\xcf\x86?\xac nv\xe0\x95W_\xc7\x8b\xcf\xf3=\
\xfd\xb2\xf8G\x8f\xaa\xc6\xf7\xbf\xff\x03\x5c\xfd\x91+\x87\
\xd9m<N\xee\x9a\xf4\x9a\xeb\x0f6\xe1\xb5W\x97\xa3\
\xb3\x93\xf8\x02\xab\x11\xad2\x89\x0b\xf2\xf3\xa4\xba\xcca\
\xb7\xa1\xb8\xb8\x12U\xa3*\x91\xc1\x05@\x00\x9fZp\
\xd2\xe8\xf6p\x8fyY7\x1aDe\x86\xbf'2\xff\
N\xa7\x87.\x80\x9a\xc4\xd8\xb1U\x02\x9cu\xb6wb\
\xda\x8c\xa9\xba\xcc\x99T\xc0\xbd\xb5\xae\x8eQEIP\
\x90\xe2\xa0\x9d\x9d\xdd\x18\x1c\xf4I&\x85\xa9\xc2\xa5Y\
Y\x22\x00*\xcaJ#\x98\x81<\x17v\xe4\xe1\xc2\xed\
\xef\x1f\xd0\xb3\x1e\xc40\x87\xcb\xb2\xcd\xa2$\xf4\xda\xeb\
\xcb\xe1ryPU\xe5\x91\x86.\x5c\xc0\x94 c\xc5\
\x9d\xb1C\xd2PE\x22>y\xce\xef\xe6\xf1\x9b\x14\x9b\
\x84R\xf18\xd3\xc16|\xe4\xaa\xeb04\xe8\xc3\xde\
\xfd[`3\xa9\x08\x0ev\x0b_\x84\x04\xad\xab\xaf\xbc\
\x06\x89H\x01\xb6\x1fP0ut\x17\xd2\x1d\x01T\xe5\
\xc60\xb9\x1488\xe4EVn\x0d\xf2#\x9d\xe8h\
\xd9\x00_\x18x\xe5\xf5]\xd2\xacT\xbe\xaf_\xaf\xe7\
x;\x83\xf3$\x14L`\xce\x9c\x99\x98;g\x1e\x96\
\xaf|\x1d\xdb\xb7m\xd3\x0d\x80d#L\xef\x0ao\xe6\
d\x01\xc6\xf7\x04\x1ci\xb8W\xbf\xf8\xc5/d\x22L\
\x9f>\x03_\xf9\xca\xed\x88\x84\x13o\xdaEWo\xe7\
\x04\xd8\x9d\xec\xf5\xee@\xc0\x17E\xc8G\xf0.\x1d\x7f\
\x7f\xac\x15\xab\xf7u\x11n\xc3\xf4\xf1\xb3p\xee\xd9\xe7\
\xc0\x92\xf4b\xfa\xf8.T\x16t\xc3\x9e\x88!\x1au\
b0\xe9\x867\x12\xc3\x1f\xff\xf4;<\xfc\xc8\xc3\xf0\
I\x8d\xbd&zp\xaf\xbf\xfe\xba,~z\x0d\x04\xfb\
,6\xb3\xa4\x03y\x03W\xadX\x8f\x87\x1fz\x1c\x1d\
\xed}0\xab\x0e\x98\xa5\x9a\xd0.\x80\x17_C\x96\xde\
\xd9K\xcf\xc2\xb4\xe9\x13e\x07\x8dFY\x5c\xa3\xb3\xbc\
\xdf\xd8HJ_\x18\xacv$\xda'\xa1\xce)\x18\xba\
'\xa0\xa1\xa2\xb2\x04s\xe6\xcd\x18\x06\xd5N\xc6\xfb\xd4\
K\xa6\x81\xc2\x22\x9d\x99\xc83\xa0\xe22\x1b\xa2Ho\
\x05\xf3\xb1;\xff\xf0\x1c\x08\x1a\x12\xd4\x15\xd1\xd5\x11\x9f\
G\xd01??\x0b\x0b\xe6\xcf\x95\xbf\x13\xed'S\xae\
\xac\xac\x0c\xa3\xaaF\x0b\x0b\x92u\x01\xc4\x07x\xacF\
\xe7\x1e\xe2C\xac\x1c\xe4\xb4MO\xcf\x10\xf7z\xcc\xd8\
\x1a\x14\x15\x15\xe3\xcb\xb7\x7f\x15\xd7\x5cu#`q \
\xca\x12n\x93\x19+W\xae\xc6\xdf\xee\xfd+\x02Q\x1f\
\xba\xc2YX\xb9\xb3\x10\x07{\xab\x015\x86yc=\
Hw$\xe0O\xc4\x91W2\x16\x19\x19\xa3\xa1(n\
\x0c\x0eE0\xe0\xed\x90\x85\xb1\xff\xc0\x81\xd41\xe3\x0d\
\xa1\xc0p\xaf\x817\x09\x0f\xc8\xb1\xb0:T\xd4\xd6\x8e\
\x97\x9f7l\xd0\x85VO\xbcs\xdf\x89\x0d#\xc5\xf8\
v\xb2\x0b\xffq\x0f\xc08xN\xfe\x95+W\xca\xef\
>\xf9\xc9\x1b%\xff:\xe4%5U\x9f\xb4\x1co\xb8\
l)m\x84p$\x04rj\xa8\xceb\xb5\x99\xb1c\
_\x0f\xee\xbcw\xa3\xdc\xa4\x92\xc2\x12|\xe4\xbak\x10\
M\x86\x90m\x8f#\xdd\xd9\x82![\x01\x90P`q\
\xdb\xd13\xd0\x84\xbf\xdd\xf37\xa9%\x10\x1a\xaa\x02\x5c\
s\xd5\xf5\xb8\xf3\xb7\xbfAV\xaeN\xdf4\xd2R\x83\
\x03>\xec\xab;\x80\xbd{\xeb\xd0\xd8\xd0,\x0b\x9eI\
j~OEY\x19\xfc\x01?\x08\x88\xd3\x1b\xf0\xa4y\
\xe0tY\x05\xbc\x94\x1b\x93rb\xc8o\xe3 \xef\xc0\
\x18\x9cK\x04\x14cQf9,\xfaD?U\x17\x98\
B\xa8\x22\x841\xb2\xb0\xecD'\xe0\xe1\x1d\x9dh\xbf\
\xcda\x83\x8f\x8c\xabT\x0d=\xbb!S:\xfbh\x0f\
M\xf2\xe0T\xb6q\xd8\xa4;3U\x96\x88\x19 \x96\
*\xca\x12\x0e\x84\x86\x92\x92\x02,>s!\xd6\xad\xdf\
\x88\xfe\x81A1\xe2\xee4\xb7\x00\xac\xe9\xe9Y\xd8\xb9\
c\x97\x88l\xb2\x89\xa7\xb4rK\x92\xf8\x14\x10\x8c\x80\
\xecH]\xb45!\x12oL\xb5}\xf8\xb2\xabP;\
n\x226lZ\x85\xd5\xab\x97aph\x10\x9b6o\
\x86\xb7o\x00\xb7\xdd\xfaED\x92y\xd8\xda\xa0\xc0\xcc\
\xbe\x87&\x07\xa5T\xa4\x13r<\x9e\x8e\xb2Qg\xa2\
1\x91\xc0\xe0\xc0~d\xa5\xd9P\x95\xef@S\x9b\xae\
zD\x9a7\x07\x19~<\x83XT\x93JAnN\
\x16\xb6\xe3J]N\xbd\xa4\xf9\xb0q\x10\x96\xa7\x06,\
>k\x09\xfep\xd7\x9dX\xbf~\x93\xccY\xe2!\xa7\
\xda{^\xbe|\xb9\x00\xb2\xe7\x9cs\xceI1\x0e\xcd\
\xef\x15\xf0o\xc7\x8e\x1d\x92\xf3g\xbc<g\xce<\xe9\
\x89\xa6W\x9e\x8d\x00L\x0cK+\x9deR:\x10\x9c\
\x9c\x16\x07,V+B\x831\x04\x93V\xac\xd9\xd9\x85\
\x9e\x14\xb9d\xd1\x82\x05\xf0\xa4\xa7a\xc8?\x80X\xc2\
\x84H,\x17\xbe0\x95X\x5c\xe8\xed\xeb\xc1\xef\xff\xf8\
G)\x81\xe5\xa0\xe2\xed\x15\x1f\xbeJ(\xa7O>\xf9\
\xb4\x08r\xba=n\x04\xfc~i\x05F@\x8bq:\
\xd38V\x9bKvF6\x19\x9d7o:\x9a\x9b;\
\xb1i\xd3&Y\xbcT\x14\xe6\x04\xd5U\x86\xdfB\xa5\
F\xa8\xa3\x0a\x0e\xecoEww\x8fLd6\xae8\
\x9e\xbe\xc5\xdb\x19#w\xab\x13\x19G\xe8(\x0c\xf7B\
dh\x92\x86\xee\xaen)g&\x9b\xb2\xa7\xbb\x1b\xad\
-m\x18]]\xa6{7#\x95mM@\x1aS\x82\
f\x8b\x18L\xde\xcbq\xe3\xaa\xf5\xac\x03\xcb\x9b\xcc,\
\xb2\x01\x8aJ\xb3qQ\xfey\xd8\xbd\xeb v\xee\xda\
\x83\xfaC\xcd\x22\xddN\x80\x8f}\x1e\xa8\xdcCi\xb6\
\xc3\xfc\x09=\xdd\xaa\xb7Z\xd7\xe4:1\xc3B~\x08\
\xbd\x12\xe2,\xd3\xa6O\x960\xec\xee{\xfe\x08\xabj\
CSS+\xee\xf9\xdb\xdf\xc4\x0b,\xaf\xac\xc2\xe6\x03\
\x0ex\xdc1\x04T\x13Tv'\x22Jkq#\xaf\
|\xa6TG$\x92\xed\xc8\xcd\xf3\xc0\xe9$\x8b\xd1\xe0\
l(hlh\x15\x8a4q\x0dz.\x0c\xf7\xc8\x82\
$6QPX\x80\xcc\x0c\x8f^\x15(\x06R7t\
\x94(\xa8\xae\xae\x81\xc5\xec\xc4\xbe\xfduX\xbdz\x0d\
\xe6/\x98wJh\xc1\xc6gp\xe1S\xba\x8d}/\
\xb7o\xdf~R\x9e\xc0\x7f\xdc\x00\x18\x93\x8du\xf9\xbc\
\xa9\x17\x5cp!&M\x9a\x84p\xd8`N\x8d@\xfd\
\x8f\xb1\x98\xa4-\x95#C\x00%\xbf\xcf\x84g_\xdf\
\x8a\xfdm\x11\xb1\xda\xf3\xe6.\xc2\x82\x05\x8b\x10\x0c\x0d\
J\xad\xba/\x9c\x86u\xdb\x14$\x1di\xe8\xf5z\xf1\
\x87?\xdd\x95Z\xfc\x1ajF\xd7\xe2\xdak\xae\x13\xda\
nO\xd7\x00\xfa\xd4!47\xb7\x0f#\xb6<\x16\x8b\
\x99\xa4\x16\x87\x808v\xab\x03\x07\x0f\xb4 \x14\xd8\x84\
\xee\xce>\xd9\x89\x18\x8f\xaa&}\xa1P\xf4\x82\xbb?\
\x91`\xa3\x01\xe9\x9b\xd9\x02\xf2\x14\x0c\xf1J\x9b\xd5*\
\x99\x837{\x83Q\x87\x7f\xbc\xeb\xf2N\x86\xc5\xc2\xc5\
\xc9]N\x97\xca\xe2`TB\x06]\x22\x16C^N\
\xae\xa8\xe6\xec\xd8\xb5S\x18\x83T\xd7q:m\xf2\x9e\
\x91\xc6\x86\xf7\x84EN,mno\xeb\xc4\xc4\x895\
\xba;o\x02|\x83\x5cj\x0a\xdaZ\xfb\xb0~\xe3\x16\
!\x0em\xde\xb4\x0d\x03l\xb7\x96\xf2\xaab\xb1\x04\xd2\
\xd3\xed:m:\x15\xe3\x8a\x10&=\x9a\x91%t\xf2\
\xa3\x8e\xa9p\x17\xee\xeb\x19\xc2\xbc\xb9\x8b\x91\x99\x99\x8b\
?\xfc\xf17\xa2\xd6\xb3y\xfb\x16\xf4\xf6\xf4\xe3\xfa\xeb\
\xaeDzz\x1eb\x09\xb7\xf4s\xa4\xd0[\xc2DL\
(\x01\x9b\xab\x00Uc\xceD\xd3\x81W\xe1p\x0c!\
//;\xd5\x99(\x86\xcd\xeb\xb6\xe2\xd0\xa1\x06\xa1v\
\xf3\x9ct\x10%\x88\x9e\x9e\x01\xe1\xfd\xdbmv\xc9R\
\x8c\x1b7\x06\xd9\xd9i\x02<3\x9cc\xc1fFz\
&\xb23\xb3\xd1\xd9\xd3\x22\x9c\x8ay\x12\xfa\xbcQ+\
\xf0D\x07\xaf\xad\x88\x95X\xcc\x122\x138'~B\
 \x95\xd5\x87'C8\xfa\x8f\x1b\x00C\xdc\xe3\x81\x07\
\xfe.?O\x9b6\x0d*\xd1u\x9e\xa0\xb8W\xba`\
\xa3\xce:\xd3\xdfs\xd8#\xd0A5\xa7;C\xea\xb5\
\xbd]\x07\xd1\xd1\x1fD(\xca\xbe\x80I\xcc\x9a1]\
r\xf8\xfa:Q\x11J\xb0\x11C>\xf6l\xdb\x8bG\
\x1fy\x00}\xa2\xff\xa6b\xc9\xe2sp\xc1\xb9\x17\x89\
\xf7\xa1\x97\xe3rw\x8f\xe9\xae\xacJ\xfd:}\xf2E\
\x221\xe9\x16;u\xe6\x148\xec.l\xdd\x5c\x07\xdf\
`\x0c\x87\x0e6\xcb\x0e\x99\x96\xeeA~~6\xcc\x16\
\x13&O\x1c\x8f\xb2\xca<a\xb7\xf1p\xc31\x86\x06\
\x89\xa3\x16\xac\xbe\xb3\x84\x8211\x00F\xad\xfd\x9bb\
\x00\xa9\x85\xcf\xd7\xf2:\x19)8]\xf3\xe08o9\
\x89\x14\x16w\xb6\x9e\x9e!\x89\xc9\xedv\x05\x91\x88\xfe\
^\xba\xdfT\xfael\xed\x1b\x1aB\xf5\xa8*\x89\x91\
9\x01\xa9\xa84u\xea\xc4\xe1{$F\x8f\x1aw\xc2\
\x00\xb4\xa4X\x8af\xb4\xb6\xf6\x08X\xb7m\xeb.\x11\
\x16\xe51\xf3z\x0f\x0e\xf9\x85\x8b`\xb5\xda\x85?A\
Q\x10(\x09i\xcbU3\xa6Z*)\xb9\x10\xe9]\
\xe9\x8b\xef0\xe8utI2;'\xd1\xf5\x8e%\x12\
\x982y\x1a\xbe\xf2\x95\xaf\xe1G?\xfe!B\xa1\xa4\
\xe8\xfd\xff\xf4\x97\xbf\xc4Y\x0b\x17\xe0\xbakn\xc0P\
(\x84h4\x94\xeaW\xc8\xb6lT\x0b\xceBf\xd6\
\x04df\xfa\xd1\xd6\xda&lN\x96\x06\xb3P\x89\x0c\
G\x99O\xc3\xfd\x1e\x8dC\xd0\xc3\x93\x86\x86&\xb4\xb5\
u`\xd4\xa8\x0aQ\x1e\xb2\xdb\xcdR\xabQ>\xaa\x10\
\xe7\x9f\x7f>\xfez\xdf\x9f\xf0\xf8cO\xe0\x9b\xff\xfb\
u\xb9.'\xcb\x0a\x14\xbd\x05\xa1]\x9be\xf1\x1f:\
t\x08W_}\xb5\x00\xe7\x0c\xd1\x98F\x0e\x08\x86u\
\xe2\xf7\xdc\xfc^P\xfa!\xd9f\xe7\xce\x1d\x12\xdb\x9d\
y\xe6b\x89\xa3u\xe2\x15]<\xbdi\x22'<C\
'\xba\x8d\x5cT\x1c\xaaE\x17|\xb0\xd8m\xa8\x1e\xb7\
\x08\xbbw\xee@P\xf3`\xe5\xa6\xfd\x986u\xba\xd4\
\xb6\x07\xd9\xacS\xb1H\xcf=\xa7\xc7\x81\xbe\xde>\xdc\
\xf7\xb7\xbb\xa5F\x80c\xf6\x8c\xf9\xb8\xf9\xbf>'%\
\xb9\x9c\xa8\xe9\xe99\xf0\xfb\x87D\x9b\x8e\xee8]\xd1\
\xf2r=\x97K=\xc2\xc9\x93'\xa1\xac<\x17uu\
-\x88%\xc2\xb0\x92\xf8\xe2\xb0#iJ \x18\x88\xe0\
\xd0\xc1\x16Dc~\xfc\xce\xdb\x8f\xd2\xb2bI\x97\x91\
\xf4S\x5cR\x88\xf4\x0c\x1d1\x97&4T\x03\x8a\xd3\
k0\x09\x87\x9eUx\xe4\x9b\x13pdL\xeb\xf28\
R;]\xaa)h\xaa\xb31\xaf\x17\xbd\x0c6\xca|\
\xfe\xf9\xd7\xb1{\xe7\x01\xfc\xd7\xa7>\x01O\x9aC'\
\x0e\x1d5Nt\x22\x08\xa5\xda\xa5b\xe3\xfa\xdd\xf8\xdd\
\xef\xee\xc6\x94\xc9Sq\xd9e\x1fBAA\xbe\xd8_\
r\xdb+*\x8bQ\xb77OB\xa2\xec\xac,\xd4\x8e\
\xab\xc5\xae\xdd\xbb\xd1X\xdf\x8c\xdaq\xe3\xe1NS\xa5\
\xe1\x05\x1b\xa0RV\xac\xa5\xb5\x05\x1d\xed\x9db\xe0\x99\
>\xfc\xe7?\x9f\xd2\xbb7\x85cR\xcf\xa13\x9c\x15\
\xd8,6)\xc8\x8a\xf3\xbc\xddv\xcc\x9a9\x13\xe3'\
\xd4`\x5c\xed\x18\x09\x19(\x89\xd6\xd5\xd9\x8b!\x1fC\
\xb1p\xcaK1\xa6.\xbd\x059\x83\x94\xba\xafH\xb7\
JV\x88\xdf5\xa6z\x22\xbet\xebWq\xd7\xdd\xbf\
G_\x7f\x17\x92Z\x02\xfb\x0f4\xc2;4(;7\
\xe5\xccy\xbd\x09\xfe\xc8>\xc3~\x85\xd6\x5c\xa4\xe7\xd6\
\xc2\xa3)\xd8\xbai\x8bH{\xf1\xf3.\xbb\xec*\x04\
\xfcQ\xd1\x8c\xd0\xcb\x80\x8d\x8b\xac\x1f\x07\xebCx\x9f\
\xf6\xec\xd9\x87\xce\xce.L\x9b6\x19\x05\x05zo\xc1\
\xcb/\xbf\x1c\xf7\xde\xff\x17\xec\xdc\xb5\x1d\xbf\xf8\xd9\x1d\
\xb8\xe5\xb3\x9f\x91\x22\xac8K\xc1\xa5v\xe2\xf0\xbd\x90\
\x86(\x86\x94!AF\x1awv\x04\xb6R\xc6\x8e\xea\
\xc3~\xd1T\xf8\xccg>\x83\x96\xd6f\xf1Jx\xae\
,#\xa7\x17r2^\xe1\x7f\x8c\x0al(\xfd0\xb6\
\xa6\xa6\x1f1\x80\xeb\xaf\xff(\xee\xbb\xef^\xf8}1\
\xd9ixd\xdc\xe5\xe8)\x0d\x0c\xf8\xc5\xba\xb2@\x88\
\x85$\xbc \xe4\x94s\x82\x8e\xaa\xaeBGK=\xae\
\xfc\xf0y\xa8\xabo\x86\xcb\x95\x81/~\xe96\xb8\x9c\
n\xa9\x0e\xe4\x8b\xc9,cI\xf1C\x0f=\xa87\xcc\
H\xc61u\xd2l\xdc\xfe\xa5\xaf\xa6\x5cL\xfd2\xb0\
b\x90\xd4\xdc)S&\xc0f3\x8b+'j\xe2\xa9\
\xd6\x00R=\x96\xd4\x052\xd7\xac\xda\x845+7\xa0\
\xa7\xbbW\xe2\xcfx*\x0efe\x1f\x0bnh\xe0\xf4\
<?$\x15H\xa5\xe1\xb44\x0f\xaa\xabG!#\xdd\
\x05+uA,\xc0\xfe\x9dMX\xbfn#lv\x87\
~=\xe6\xce@uM\xa9\x18B\xe3>\x1aB\xb0\xc1\
\xa18\xfe\xfe\xf7\x07q\xa8\xbe\x09=\xbd\xba\xdb\xf7\xcd\
o\xde\x8e\x89\x93G#\x18<rG9\x99[+\xfc\
\xf543\x1ey\xe8i<\xfa\xc8\xbf\xe0\xb4gJ\x8a\
O\x97OO\x8a\xacY\x9a\xdb\x83\x03u\xfb\xe5:\x9e\
\xb9h\x91(/o\xd9\xba\x0d\x0e\xa7N\xd6\xf1\x07\x03\
\x12\xb7\xf3\x98\xe9\xd1\xf4\xf7\x0d \x11\xd7C \x1d4\
\xd3U\x80x]\xc8\xa7\xe0.\xc8\x85\x9c\x97\x97\x83\xe2\
\x92\x221\x98\x13&\x8eAyY\x81\x80\xa6\x89\x94\xf0\
\x93\xb8\xf6Q\x0d\xdeA\x1f\xba\xbb\xfb\xd0\xd9\xd5-\xdc\
\x01\x83{ \xd7Y\xd5S`:`g\x1a\xf6\x10\xa8\
\xcaC\xcfl\xe7\xce\xed\xf8\xd1O\xbe\x8fP\xc4\x8b\xd1\
\xe5c\x84h\xf4\xec\x0b\xff\xc2\x82\xb9\x0bq\xe1\x85\x17\
\x8a\xb1\xd7\x99\xa8*\x82\xa10\xf6\xef\xdb/\xe9N~\
\xce?\x1e~\x04\x11-\x8c\xaf\xdd\xfe-L\x9b:\x17\
A\xf6\x958b\xe7>\x12\xb0\x91\xe6\x9e\xa9\x83\x9f2\
e\x22jk\xab\x11\x89E0w\xee<\xec\xde\xbbM\
>s\xd6\xcc\xd9x\xf6\x99g\x90\x93\x97\xa3\x7f\x02\xc5\
K\x8c|0\xb9\x9b\xc7\x08\x0fX\xe3\xb1~\xfd:<\
\xf6\xcf\xc7\xf1\xfc\x8b\xcf\x09\x0b\x95\xef\xcb\xcf\xcdGo\
_\xaf\x88\xcd\xd4\xed\xab\x934\xf2\x89\x92\x8d\xfe#\x1e\
\xc0\xc8\xca\xa8\x8f}\xecc\x02\x5cpP(R\xdf\xf5\
u\xaf\x9f\xe0\xd8\xd0P\x10{\xf7\xeeGSc\x8bX\
j)\xb8I\xf1\xe9\xb9\x08\x19\x97\x91\x1f\xfe\xe4\x93\x8f\
b\xd3n=ms\xf6\xd2\x05\xc8\xcc\xc8\x96\xc5!\xad\
\xbe$\x95\x15\xc3=\xf7\xfc\x05\x1d]m\xc3Z}_\
\xbc\xf5vq\x19\xf5\xd8\x95.\xa6IR\x90\xa3GW\
\xc8}`x\xc1?D\x05\xbd\x1e\x09\x8ciP\xcd\x0a\
\xe6\xcf\x9f\x8dp0\x82\xce\x8e\x0e\xc9\x02\xc4bq\xbc\
\xf2\xca2\x04\x03Q\x04\xfd~\x01\xab\xa8\xdf\xc7\xfa\x85\
\x86\xfa\x16\x1c\xd8GaNU(\xc2\xc5%\xb9\xa8\xac\
(GM\xcd(\x89\xdf\x08\xa2q\x22\xf1\xbd\x03}>\
\xf8\xbca\xb4\xb6u\xeb\x06\x04&465!\x10\x0c\
\x88\xeb|\xf0\xc0!\x98\xcdv$5E&.\x1b\x9e\
\xe8\xc6\xe2\xc4\x0bV\x8e\x99RM\x00\xc5%\xc5R\xc0\
#z\xff\xd1\x04\xea\xf6\x1e\x94\xf3\xad\xdb{H\xae\x91\
\x851\xbc\x06\xec\xdds0E\xff5I\xa5%]\xf9\
T0\xae\xdf\xa3\xd4b\xa4\xac\x193\x1c\xc6\xe1\xb0#\
PUU%\xc6\x8f\x1f#F\x91\x9a\x02\xd4e\xa0\xf1\
\x11P\x97m\xc6\xa2z\xf9\xadQ7!\xc7g2!\
'7M\x1ec\xc7W\xe2\xd5W\xd6\xa0\xad\xb5Cj\
)\xf2\x0b\xf2dc`\x86\x80\x06\x5c\xdf8\xd8h\x85\
XF\x1c\xbd}}\x183f\x1cn\xbf\xedk\xf8\xe5\
\xaf\x7f\x88\xb1c\xc6\x8b>CB\x8bc\xf9\x9a\xd7%\
\xf4\xe3\x0eM\x0f\x8f\x1b\x81\xddf\x13\x81X\xba\xef\xf4\
@\x9c.\x07\x22\x81 \xfe\xf9\xd8?0q\xc2d\xbd\
\xd74\x99~FA\xd4\xd1\xf3;\xc9P\x82\x1eN\x12\
\x9b7o\xc7@\xbf\x0fg\x9c=\x0d\xd7]w=\xfe\
\xe7\xeb[\xe0\xb09\xb1a\xe3z,^\xbc\x04\xdf\xf9\
\xeew0o\xde\x5c\xe4\x17P\xc4\xe4\xf0g\xd0\x95\xa7\
\xda0\x09iO<\xf1$rrrp\xf7\x9f\xee\xc6\
\x9e\xba\xdd\xf2w\xe2Q\xac\xad\xa0\xa7\xf6\x93\x1f\xffD\
\x8c\x98\xeeQ\x9d\x5c*\xf0\xdf\xee\x01\x18\x0a\xbf\x8cW\
n\xb8\xe1\x06\xfc\xe3\x1f\xff\x90\x1b\xcdz\xe9\x07\x1fx\
Hj\xb4y\x01\xc9\x8f?x\xb0\x19\x9b7o\xd3]\
\xc6\x14o\x5c?\xe8\x94ugG\x1d\xb3\x09\xfe\xc1>\
\xdc\xfa\xa5\xdb\x10\x8ay\x91\x93\x93\x87\xcf\xdc|\x0br\
\xb2r\xa5\xd0\x84\xb3\x95\x8b\xe4\x1f\xffx\x18\xcbW\xb2\
\xa8\x05\x984a*n\xfd\xc2\x97\xe1t0?\xaf\xe7\
\x8cY\xb8\xb2`\xc1\x1c\x94\x94f\xa7h\xc7F;(\
\xfd\x9bF\x02nr\xc9\x14\x0d+^_\x87\xf6\xb6\x0e\
\xd1\x1d\xb8\xe8\x82\xa5r<\xffz\xfa%\x04\x03I\x98\
\xec*|~\xbfh\x19tw\xf5\xc2;8\x00\xab\xd9\
\xa6o\x0f\xe4\xe5'(G\x16\x97\xb4%\xf5\xf3\xecf\
\x87H\x7f\xf1\xba\xb8=,\x9f5\x09\x89\x86k\x80\xc7\
B\x95cr\x10%\x04P\xf5\xfc:\x15\x80\xe6\xcd\x9b\
\x89k\xae\xfd\xf0\x11MF\x8c\xeb|\xb2C\xd4s\x13\
Q\xb44\xb7\xe2\x81\xfb\x9f\xc4\xfe\xfd\x87RR\xea&\
\xb9\xfe\xfcN\x1aSj\x1e\x8af\x01\xf5\x14\xf9.b\
\x17\xa4\x0d\xc7\xa3\xa2\xado\xc4\xa9$\x02Q\xc1\x88\x9d\
\x8c\xf3\xf3\xf3\xe5=\xac\xc7\x9f5k\x1a&\xcd\x1a5\
\xdc\x09\x9ci\xd3\xe1\x14ZJ\xbb\xf1xs\x87\x95\x8c\
L\xbduu\x0d`\xf9\xb2\xd5\x92n\x5c\xbat\x09\x9c\
\x0e+|\xfe\xa0\x88\xb5\xf4\xf5\xf7\xcb\xa6A\xf9\xafQ\
\xa3+\xa4\x93sSc\xb3h-\xb4\xb64!?/\
\x1b{\xf6\xee\xc6O~\xf1}\x98M\xaaP\xa4/:\
\xff\x22|\xe8\xa2\x0fI\x06\x82\xe7\xdc\xd4\xd4$\x9e\x0e\
A\xe1m\xdb\xb6b\xf3\x96\x8dR>\xfc\xa9\x1b?\x87\
\x0b\xcf\xff\xb0\x18\x1cz0\xdc\xa9S\xc1\xc7\x88a,\
B}c!\x13\x92^\xc0\x94i\xe3\xf0\xed\xef|\x1b\
?\xfb\xc5\x8f\x8f\x00\xb7\x0b\xf2\x0aQ]]-\x9e'\
\xaf5\xbd\xa7C\x07\x0f\x89\x97CrX8\x16:\x9c\
V\x1c1\x17/\xb9\xe8R\xdc\xf1\xcb;\xc4\x10\xd7\x8c\
\xad\xc6\xf8\xda\x09\xd8\xbamK\x0awy\x8fz\x00F\
\xc1\xcf\xb7\xbe\xf5-Y\xfcTce\xfcr\xed\xb5\x1f\
\x93\xe2\x14\xe6\xfe\x1d\x0e\x15;w\xee\xc7\xd6-\xecQ\
g\x11\xe4\xfd\x08\xc2\x85^\x1a'\x8a:\x9c\x98+V\
\xad\x96\x8bD\x92\xc8\x84\xf1\x13\x90\x95\x95%]\x7f\xb9\
\x1e(\xa4IB\xcf\x8a\x95\xcbeG*,(\xc1\xc7\
>z#\xd2\xd22\x11\xf4\xeb-\xbd\xc9\xf5\xcf\xca\xce\
\x95.\xbc\xcc>\x0c\xeb\x07\x8eXHz\xf3\xc8\xc3\x8a\
/\xfb\xf6\xd7\xa3\xab\xab\x0f\xa6\x84\x86\xca\xe2\x5c\x98\xd5\
\x18B\x01?\xb8y\x06\xc3\x09\x9cq\xe6B\x94\x94e\
\xc2\xefK\xcaDz\xf6\x99\x97\x85\xe2\x1c\x09\xc71\xd0\
?$\x13\x9d\x86\x87\x8b\xde\xa4\x99\x11\x12\xddB\x82\x03\
&\x0cx\x03\xa9\xf3\xd5k\xea\xb9 ,V\xb7\xd0y\
\xa9\x03\xe8v;p\xd5\xd5Wa\xec\xb8J\x910g\
Hb\x80\x83\xefh\xd0\x0bR-\x18W[\x85\xcf\xdd\
z#\xd6\xadaZ\xd3*\xc7\xbdu\xeb6\x11&\x1d\
\xf4\x0e \x11M\x22\x12\x8d 7'\x07\xd1p\x08C\
C!\xd8\xd8\xae<\xcb\x89\x9a\xd1\x95\xf0\xa4\xb9\x04\x94\
e\xdd\xc1\xda5\x1b1\xa6\xa6\x0a3gL\xc6\xeb\xaf\
-\x13M\xfd\xdd\xbbv\xa2\xb0(\x17\xd99i\x92!\
\xe0u0Zd%\x0c\xc94\xe3\x90FNbE\x81\
\x85\xf1q\x12\xc8\xcd\xceDF\x9aSb\xed\xfd{\xeb\
0{\xf6\x14\x98<ndg\xb8Q\x5c\x98\x87\xd6\xe6\
V\xf4\xf6{\xa5\xd8\xaa\xb88\x1b+M*\x0e\xeco\
@Qa1\x92\x898&M\x9c\x86\xdb>\xff\xdf\xf8\
\xe5o~\x22F\xe0\xd9\xe7\x9f\x91\x85s\xdey\xe7\x0d\
\x8b\x9cp\xc1\xd1 O\x9a4Q\xba\x09\xefo\xd8\x87\
\xa7\x9fy\x02\xb7\xdf\xfe%\x8c\x8a\x97\xa0n\xcf\x01\x0c\
z}R\xe3\xc1jA\xcd\x98\x97#\xe4\xc9u5a\
\x07\xea\xf6\xed\x97V\xf4?\xfd\xf9\x0f1o\xee<|\
\xf5\x7f\xfe\x1b\xfb\x0f\xd6\x89\xb1\xe8\xec\xeeDgw\x07\
V\xae^q\xd4\xed\xd0\x17\xbc\xfe\xafnf*\xca\xca\
QYU\x85\xdb\xbft\xbbx\x10\x94&\xff\xc7C\x8f\
\xca\xeb'M\x9c\x98\xa2S\xbf\xb1\x9b\xf1{\xc2\x00\x18\
;\x03)\xbfw\xddu\x97\xc4[\x94Z~\xf4\xd1\xfb\
\xb1\xf4\xecs\xe1\x1f\x8a\x0br\xba\x7f\x7f#\xb6n\xd9\
\x06\xb3\xd9&\xbb\xfe\xb1v3Y\x88\x16+\xea\xeb\x0f\
\xe2\xe1G\x1f\x14\x89\xec\x8a\xb2J\xb1\x82\xfa\xeb\xf5\xee\
/k\xd6\xac\xc1?\x1f{D\xcf6$\x81O\xdd\xf4\
9TU\x8e\x11Z)\xdd4\x9b\xd5\x8e@\xd0+\xfc\
{nd\x06\xb8|\xbc\xef$&14\x14\xc0\x9e\xdd\
{\xa4\xa6=';\x03\xe3\xc6\x8cB\x22\x1a\x86\xd3a\
\x97\x8e\xb9]\xbd\xf5\xe8\xeb\xebE~\x81\x1e\x8bUT\
\x14\xe1\x96\xcf}\x5c\xd0~\x8al\xd2 \xd4\xed= \
\xb1lwg\xaf\xb8\xa8<\xb8h$\x22\xe7\xaciL\
\x95i\xd2\x85\x97\x83\x93\x90\x9eB\xd5h]\xb5\x87\x22\
!l\xee\xc9C\x94\xd0\xe1Tf\x01\x15J\xa7'\x91\
\x9d\x9d\x81K?|\xb6|v(\x00\x5c\xf8\xa1\xa5\xc8\
\xc8H\xc7\xeaUk\xb0o\xf7!\x94\x96\x16a\xb1\x94\
\xcaz\xb1n\xed\x0e\xf4\x0e\x84PQ]\x8a%g\xcf\
\x13\xcc\x86\xce\xda\xfe\xbd\xad\x9251\x9b5\xa4\xa7\xab\
\x982u,6l\xd8.\xca<\xeb\xd6l\xc6\x8c\x99\
\x93\x91\x97\x9f%8\xcd\xf16\xabc\xeed\xa9\xfb\xe0\
r9\x87{B\x92\xf1\xc8;\x16%\xb0jU\xf5\xba\
\x81\xee^\x09\x035-\x1bs\xe7N\x17Op\xcf\xae\
\xbd\xb0J\xeb\xf8$\xe6\xcf;\x03\xfb\xf6\xed\xc5\xd3/\
<\x0e\xabj\xc53\xcf\xfdK\x8c\xd6\xf4\x193\xe0\xf3\
\x11p\xd3;\x02\xf1\xdf\x92\x92R\x1cl8\x84\xf6\xee\
\x16\xec\xdb\xb7\x07\x17^v\xbe\x18\x93\xc6\x86&\xf16\
x\x8f\xa8\x98\xa4\xeb#\xbcq\x90;r\xf0P\x03\x0a\
\x8b\x0bq\xe9\xe5\x1f\x12\xfe\xc8\xd7\xbf\xf15\xac^\xb3\
\x0a\x0d\x8d\xf5\xc7>w$\xc5\x90\xd2\x18q\xad|\xf8\
\xb2\xcb\xf1\x85/|Ab|O\xba\x0b~\x1fC\x16\
=\x5c\xe2\x10\xee\xc9I\x8e\x7f\x8b\x01\x90\xbcej\xe7\
'\xe2\x7f\xd3'o\x12\xb7\x88\xf1\xd5o~\xf3{\x5c\
|\xf1\x85\x18\x1a\x0c\xc3j\xb1I\x1d=\x9bu\xe8.\
?\xad\xea\xb1>QW\xefq\xb9\xec\xd8\xb4i\x03b\
\x89\x804\xa8$\x81\x87n''\x0c\xdd\xb8m\xdb\xb6\
\xe3\x81\x07\x1f\x90\xb8\x8e\x9av\x1f\xbf\xee\xd3\xa8\xad\x9d\
,\x17\x8e\xb3e\xc2\x84\xb1Rx\xe2\x1d\xec\x97Zt\
\xc9<\xc4\x8f\x7f\x0e\xf2\xcd\x0a\xb0m\xdbN\x04|\xf4\
8\x92\xb2\x10\xedn\x07b\xec\xae+\xf2\xd1YPM\
\x0d\xe2\xbes\x07g\xab\xefH\x94\xaer\x02v\x87\x05\
\x0eg:\x8aJ\xd21i\xf2\x18\xc9j\xb4\xb7{\xf1\
\xec3/\x097<+#C&\x93\xdb\x9d\x8e)\xd3\
'a\xcc\xd8Q\xf2}$z0v\xce\xc9qK\x0d\
\x02]f\x91\xf36\x84)O1\xb5\x94\xae:I6\
\xcc\xc3\x1b:x\x85\x859r}rs\xb3\xd1\xee\xe9\
B\xed\xd8*df\xdb\x91\x99\x9d\x8d\xd9\xf1Z,[\
\xb5S2+\x14Y\xa1\xc7b\xd3T\x04$la\x1d\
\x00\xd3W!\x01\xf7\xdaZ;\xd1\xd8\xa8\xb7\xd2\xda\xb4\
a+\xce\x5c<\x1fN'\x15\x91R\x0b]y\x93\x96\
p\xfaO\xa9c\x04J\xcbJ\xd0\xd2\xd2*\xc0c_\
\xdf\x00\x0a\x0a\xb3\xc0$\x01q\x13\xe6\xe5\xf9>\xba\xd0\
\x82\xe7\xc4\x93\x98:u<<n\xa7\xf4? \xee\x13\
\xf0Gq\xcdGn\x90\x1d\xff\x95\x15/\x88l\xf8\xfd\
\x0f\xfe\x1d\xd999\xa26\xc4\xf9\xca\xdd\x94\x1ejY\
Y9\x8a\xf2\x8b\xd1\xda\xdd\x8c\xdf\xdc\xf9k,=\xe7\
l\xc1J&N\x1e#\xe0\xe5\x96\xcd\xdb\xc4S\x12v\
\xe8Q\x0c{\x01\xbcM\x8a\x1c\x0b\x8f#0\x14\x17\x91\
\x98{\xff\xf679\xee\x97_y\x09\xaf\xbe\xfa\xaa\x84\
\x15\x1c,Y'\x1e\xc1F7l\x22C/\x96\xd2j\
\x99Yi\x02BK\x03\xdc\xa1\x90x\xb4\xfc\x8fD#\
\x99\x9b\xefE*\xb0\x91\xeb\xe4\xc5\xdc\xbau\xab\xd0|\
)(\xc1\xf1\xc5/~\x05\x1f\xb9\xfaj\x0c\x0dF\x86\
\x9bp\xb2\x1c\x98\x081\x17\xb0\xbe\xe6\x0e\x03A\xc6\x10\
\xb1\x0a\x9b\x0du\xfb\xf6\xe2\xf5\xe5/\xc9\xef\xd8\x9d\x86\
\x9dw\xf87\xee:\xbbv\xed\xc4=\x7f\xfds\xaa=\
x\x02K\xcf\xba\x18\x17^x)\xa2\xd10\x12\xc9(\
\xa6M\x9f\x8a\x8a\x8aR\x1c8p\x10V\x8bY\x84,\
\xde\x8c}\xa7\x7f\xa7\x09\x0d\x0d\xadhnj\x96\x0e7\
\x05\x05\xb9\xa8\xae\xae\x80\x16\x0f\xeb\xc0d\xaa\xcb0S\
\x96\x8cC#\x11=\xc6\x17\xad|\x8d\xba\xfb\xf2I)\
\xc0OC\xd2\xac_\x17R`\xf3r\xd2\xb0h\xe1|\
\xfeUj\xc9\xab\xaa\x8a\x91\x93\xe7\x94\xc5\xce\x0e\xba\xf4\
\xf2Ca\x82iL\x89\x1e\x16\x16\xd1\xc7\xa91\x00#\
y\xee\xfaCG\xed\xb9\x0b\x12+\xb1\xdaL\x92\xa5H\
\xc6\x92\x88G#\x92\xca\xd4ba\xd9\x8d\xac\x0e\x1b\xc2\
\xd1\x98H\x8d\xbb\x5c\x0e\x99\xf0f*\xf1(\x14\x0d\xb1\
\xe84k\xba\xde\x93\xc7\xa2\xbf\xdf\x0b\xbf/\x22\xf1\xf6\
+//\xc3\xe2%g -\xcd!\xdfq\xbcs9\
L\x07O)\x11'!\xe0!\x01P6{mmm\
AQ\xb1^~\xcd\xc1\xcc\x04_G\xef\xc0\xb8F\x5c\
|c\xc7V\x22#\xcd\x8duk\xb7I\xea\x95\xd7\xfe\
37\xdf&\x15\x92\xffz\xe1ih\x91(\xfe\xfa\xb7\
\xbf\xe2\xf6/}Y<\xc8\xa1!]\xea\x9dD\xa51\
5c\xd1\xd5\xd5\x89\x97^{\x11\xf7\xddw?>y\
\xf3\x0d\x08x#HKw\xe3\xcc\xb3\x16`\xeb\xd6\x9d\
\xd8\xb3{/\xccV\xe7\x1b\xae'7!z\xa1\x9c\x1b\
\xf4j97x\x0b\xb9\x9b_{\xfd\xd5\xf2\x10E\xa4\
\xb84y\x1e\x1eI\xf2G\x12\xfa.O\x0f\xd2\x90^\
\x16\x1c\x88.\xad\x02<\xf3\xcc3o\xfb\x9e\xbfk\xc5\
@<y\xbaE\xba\xecU\x0c\x9f\xfe\xf4\xa7q\xf6\xd9\
gK\x0f>\x8e\xab\xae\xbc\x16?\xfb\xe9OR\xa93\
\xb2\xec,\x82$\xf7t\xf7\x89+\xc5\xbc,\xf3\xa1\xac\
\xcd\xd6\xffM\x95Y\xeb\x91\xa2(\xd1\xbe\xf0\xe2\xb3\xd2\
z\x8b\x88h\xcd\xe81\x82\x84\xbb\x9cN\x04\x03A<\
\xfe\xf8\x93\x22\xee\x11OD0s\xfa|\xdc\xf8\xc9\x9b\
\xe4x\xf8\x986m\x12&M\x1a%\x93\x99H*S\
\x84\xac(\x1c\xe6\x96\xbc\xe1\x5c\xf4]\x85\xac\xaf\xed\xdb\
v\xe8d\x10\x93\x82\xe9\x93k\xe1\xb2\x9b\x91\x8c\xf3f\
2uA`\xce.qs,\x14\x11\xe4\xd8L\x10\x8f\
\xbd\xb9G\x0cc\x81\x09\x09H\xc8(\xfab\xb2\x98\x92\
\xc8pz\xa4\xa7\xde\xa1\x03\x07\xa4o=\xcf\x81\x06C\
\xd2i\x8a\x0a\xbb]\xf7\x8c\xf4[w\xea\x9aD\x1e}\
\xef\x8c\xae?:\xe0\x99JC\x0e\x17\xe6h\xd2\x99H\
\xc83\x00<.\x172<\x0e\x04}>\xf4vw\xc3\
fa\x99\xb4&\xe1\x8d\xaeyhI\xc9\x8d\x11\xbf\xb0\
\x89;\x9e\x93\xcb\xbe\x8e1i\xc1\xf6\xfa+\xcb\xd0\xde\
\xd6%\x06\x86\x96\x8e\xf7\x99\xb5\x12#\xeb%\xe4\xb8$\
O\xa2w\x1e\xa0F\x22k\x13\x98kg\xbdH7\xd3\
\xc3Q\xf2G(\xefJ]\x07\x17l\xaa\x15\xbe\xa1 \
\x82\xc1\x88dmx\xbd\xc3\x91$\xf2\x0bsq\xc6\xe2\
y\xc8\xc9\xcfA(\xcc\xccA\x0c\x1f\xbd\xfe\x93\x18_\
3\x09\x09\xc4\xd1\xd1\xd3\x8e\xb5kW#3Kw\xa9\
9\x879o\xc8\x07)))\x91{\xb7s\xe7\xb6a\
\xb0\x92!\x0c=\x8a\xe9\xd3'\x8a\x86A4\x1a\x14\x8f\
S* \xa5\x9543IQIu2\xc4\xa5\x11\xd7\
\x8d++35\x04}Q\x04\x86\x22\x08\x87X\x97\x10\
\x83\x7f0\x0a\xff \xff\x8dI&\x82\x00)\x8d\x97~\
\xaf\xf5{\xcf5AC\x12\x0dkx\xf6\xd9g\xe58\
\xca\xcb\xcb\x87\xef\xdf\x7f\xd4\x00\x18\xa2\x97\xdc\xc5\x19\xef\
\xfe\xe8G?\x92\x98\x9f\xe9.z\x04\x0b\x16\x9c!?\
\xf3\xa2\xf1\xa1{\x08\x8c\xad\x87\x10b[o\x99mo\
<\x09N&=\x9f\x0c45\x1d\xc2\xa6\xcd\xeb\xe4{\
\xc6\x8d\x1d\x87\xf2\xf2\x0a\xb1\x94T\xfby\xe8\xa1\x87\xa4\
)\x88\xd9d\xc3\xd8\x9a\xc9\xf8\xd4M7\xebj<\xb1\
(\xa6N\x9d\x8a\xda\xda\x1a\x89\x19\x8d\xd3'\xe2\xce|\
\xf4\xe1\xd4\xd3\x88\x91\xe2\x22\x90\xe9\xb5v\xcd\x06\x84\x02\
Qh1`\xe2\xb8jd\xa7\xa7!\x19\x89@5\xea\
\xbb\xd8\xf5\xd5a\x97G$\x14\xc1@\xbfWp\x85\xe3\
\x0dC\xa9\x98\x1e\x8a\xf0\xe6\x9dV\xe4\xe7\xe7H\xbcH\
\x9d\x7ff?\x84\x1d\x98\xe2\xbf\xf3\xf5\x07\x0f4I:\
Tg\x0b\xbeu\x9d\xc1\xa9L\xf2\xf0\xfb333R\
jA\xa1\xc3-\xc1\xacf\xc1BX\x1f\xd0\xd5\xc5\x9e\
\x80\x1a\xc2!\xa63\x07\x84\xd6\x9c\x95\x95-\xb4b\xd1\
\x03\xa0jqv\x16\xe6\xcd\x99\x89\x9c\xcct\x91\xee\x0e\
\x05\xc3X\xb9b=\xba\xbb\xbc\xd2\x14\xd3\xe8\xd7w\xac\
90\xb2\x17\x07\xbd\x22\xf6+`\xe1\x95\xdf\xef\x13C\
*\xa0nB\x13\xa93b\x16\x0c\x0f\x06\xbc\x03\xa2\xfe\
\xac7\xd6U\x10\x8e&\x05\xa8<s\xf1<):\xf3\
\xfb\x02\x22^\xfa\xb9\xcf\xde\x86\x9c\x0c\xbd\x14\xf8\xf5\xd7\
_\x13|\xc0\xa8G\x11\xb95\x9b\x1d\xc5\xc5%rl\
+W\xad\xc4@\xcf`*e\xaa\x0fz0\x93'\x8f\
\x17\x15g\xbe-\xca\x22\xb5hH\xfa8\x96\x95\x96\x88\
H(\xaf\xc3\xc89&ijvgV\x8d\x12h}\
w7\x1eR~\xae\xd0\xe8\x8e4\xfa\x04\xc0\x99\xb6V\
\x84\xd8\xd6\xd2\xd2,\xacK\xa6\x029N&\x15h\x92\
*\xab\xd4\xe3\x9d\x0c\x83\x90ap\x9c\x09\xbe\xfc\xe1\x0f\
\x7f\xc0\xc2\x85\x0b\xf1\x7f\xff\xf7\x7f\xc2\xa4\xe2w\x5c\xf4\
\xa1\xcb\xf0\xe2\x0b/\x88\xd2\x0b-\xe7H\xbe\xbf\x907\
\x8e9a\xb5\xe1\xc5B\x02\xcf\x84\x89\xe3\xb0e\xdb\x06\
\x0c\xf9{\x05\xb5.--\x97EAwj\xdb\xb6\x1d\
X\xbf\x89\x86\x81M?j\xf0\x8d\xaf}\x0b\x0e;\x15\
o#B\xca\x980\x81;\xbf^\xc0N\x10\x8fF\x83\
\xd5Y\xbc\x09\xfa\xd7\xa7\x10\xf5\x11l,\xea\xb8\x11O\
\xa0\xde\x80\x16\x8b\xa3 7\x03\xb5\xa3+\xa5a\x88\xce\
IH\xb5\xe9\x22\x9f\xdcfA\x9a\x87.{\x12^\x1a\
\xbc\xa3\x9ae\x1c=\xf8\xfd\x1c\xc2p\x8bEQ\x90\x97\
\x01\xbb\x8d\xca\xbbA)<\xd2\xf9 ,\xc6\x01:;\
:\xb1r\xe5*i\x1fF6\xe0[-n\xb2\x0cE\
\xd3\xffx\xae\xcdI\x0e\x86H\x9chBvJ\x11U\
\x18\x1e\xd0\xb5\xcf\xa5\xe1\xb2\xa8\x92\xbf\xa6\xc1\xe4\xae\x1a\
\x0e\x07\xa5\xbb\x0f\xd9i&\x8b\x0df\x87\x1b\xaa\xcd\x8e\
d,\x0a\xbb\xd5\x84\x85\xf3f\xc2J\xb5\xb2$\xfb\xea\
iX\xb9r-\xf6\xecn\x10\xde\x00\xa9\xd5\xba\x92\xef\
\xf1\x8d\x98\xfc\x8d\xee\xbe\xc3)8\x09{>\xf0\xb0$\
\x97o\xb7\xc2\x93\xe6\x96T+\xa5\xc3\xf45\xa7\x97c\
K/\x87\x84N\xf3\x9e;o:&N\x1e\x0f\xbf\xdf\
/\x0d\x5co\xbe\xe9\xb3Hweb\xc8?\x84G\x9e\
x\x04\xadm-\x82\xbf\xe8\xf3\x9b\x8d@\xf3`Q,\
\xd8\xb1s\x07\x1ez\xe0\xa1aeg\x1d\xa7\xa0\xb7\xab\
a|m\x0d\xceY\xba\x043gL\xc5\xc4\x09\xe3\xb1\
p\xc1\x5c)}\xb6\xdb\xac\xc7\x093\x0dc~x\x81\
\xeb\xcd\x0c\x0c1\xc8\xa3\xcf;U\xa0e7\xe1\x97\xbf\
\xba\x03\x9d\xddm\x982e*\xc6O\xa8=i\xf5a\
\xf3H\xc6\x91\xb1s\x1f\x16\xaf<\xf98\x9f\xe3\x89'\
\x9e\xc07\xbe\xf1\x0d\x89\xe7\xf5\xe6\x13z\xf5\xd6m_\
\xfco|\xe7;\xdf\x16Ij\xba4F\xfbn]\xdb\
\x1f\xc8\xc8\xcc\x84\xd5f\x13wXO\xbb\x19\xc7\xc0p\
\x22\x22Uh\xf3\x17\xcc\x12C\xf3\xecsO\xc9_\x8a\
\x8a\x8aDx\x93\x17\x8a\x08\xfb+\xaf\xbc*)\x19*\
\xf9,\x5cp\x06\x1c\x0e\xb7\x00-S\xa7L\x12zi\
$j\x88s\xb2\xfe>\xa27\x0cQu\x030r\x9a\
\x19\xde\x00\xaf\xe5\xca\xe5k\xd1\xde\xd1!\x9c\xf1\xdc\x5c\
\x0f\x16,\x98\x92J\xd9\xa5\x940$\xb7\xaf\x8b|\x92\
\x14\x93\x99\x91\x8e\xc6\x96v\xf4t\xf7\x88\xa8']T\
\xa3g\xde\x1bn\x80Y\xb7\xf2\xf1XT\x0cJV\xb6\
\x07\x85\x85\xf98\xd0\xd0\x84\xc6\xc6f\xe4\x17e\xcb\xeb\
x%:::$\xcdC\xce9Q\xe9\xc2\xa2\xecT\
\x15\xde\x91\x9fi0(\x19k\xd3\xc0\x10\x11\xd7\x1b\x93\
\xbcC\xac\x80e\xcbR\xe5bp\xf1\x15Xl6Z\
\x05\xe9{@\x81\x8e\xb6\xf6f<\xfd\xf4s\x92\xe1`\
ks\x9bU\xc1\x96mN\xc4R\xecM\xa6\xc2\xca\xcb\
\xcaa5[\xe0\xc8ta\xc1\xbc\x99X\xbfi\x07\x06\
|!\x90\xf2\xbfa\xfd\x16455c\xd2\xa4\xf1H\
\xcfL\x13QQ\xfd{\x0f\xf3\xffG\x16\x1c\xd9\xac&\
aW67\xc7d\xb7/+\xcf\xd7\x03\x05\xc5$\xc6\
Xt\x12S=\x06\x8e8\x15\x8964I\xb0\xcd\x9c\
9^0\x80\x8d\x1b6c\xf6\xec\xd9\xd8\xb0q\x0e^\
^\xfe<l\xaa\x05\xdbw0\xfd\x99!\xfa\x03\x9c\xb3\
99\xb9\xc8\xcf\xcbGkw+\xfe\xf9\xf8?1f\
L-f\xcc\x98!\xa9>\xa3\x18\x8a\xfc\x08V\x06\xe6\
dS\x0fR\xf7T\x18\xc2I(\x99J_\x1f\xb9)\
\xbc\xc5\x82\x1da\x04\x8c\x06'6\x97\x09\xff\xfb\x8d\xef\
\xe2w\x7f\xb8S~?o\xee\x5c\xf9\xf7dR\x80\x1c\
\xe6k\xae\xb9F\x84\x1e\xae\xbb\xee:\x9cy\xe6\x99o\
0\x06ofM\x0c\x8d{NJ\x22\x9c\x0f>\xf8 \
\x1ex\xe0\x81\xe1\xba~\xba\xa9\xb4\xc6\xdc\x99\xbf\xf3\xed\
\xef\xe3\xd6/~\x16\xa1\x80\xdek\xfe\xb0\xca\xaa\xee>\
\x13\xd0\xc8HwJ\x91\xc9\x8e\x1d{\x87]r\x9d\xa2\
\xab\xa1\xbc\xac\x0c\xd3\xa6OBf\xae\x1d\x7f\xbe\xeb>\
\x0c\x0cr\xf77c\xf2\xa4)0\xab:\xe2\xbbz\xf5\
\x0at\xf7\xb6\xcbg\x9e\xb7\xf4\x12\x9cu\xd6b\x0c\x0c\
\xf4\x89\xbe>I\x18\x8c\xb7\xc4\xbdd\x0c+rW\xf4\
zR\xd5~\x06\x00\x9d\x02\xf3D\x85\xdb\xa4`\xd7\xce\
:\xb4wt\xc9na\xd6\x12\x981m<\x9c6U\
\xaa\xe2\xf4 O\xae\x84n\xc8\x98\xb7O&\x91\x97\xed\
\x81jU\xd0\xef\x1dBow?J\xcarS\xea\xc1\
\x86\xb6\x01\xcfY\x8f\xa3\xe96+I]eH\x9a\xcc\
\x984\xe4\xe79\xd1\xd4\xa4\xa1\xa5\xa9\x1d\xe5UeR\
`D@>\x14\xe1NfB2\xaea\xe7\xf6=(\
(X\x08\x13{\x19\xca5\xd2[N\x1b\xd7\x9d1\xeb\
\x9a\xd5\x1b\x84\xa2\xbcp\xd1\x5c\x14\x16\xe6\xe92`\xef\
\xc4\x08h@k[;A\x0dd\xe4d\xcaY\xd7\xd7\
7\xa2\xbe\xa1\x19\xdd]\xfd\xe8\xeb\xebFR\xd5\xd0\xd6\
\xde$\xc7\xc9\x89\x1a\x0f\xc5\xf1\xd2\xab\xaf\xe8\x040V\
QR98\xcd\x83\xc2\x82B\x14\x15\x14b\xf4\xa8Q\
8s\xc9B\xec\xdbwP\x1e\xe4\xbbS\xf0s\xc5\xb2\
\xd5\x22[\x9e]\x90#aGII1\x5c.\x8b\x80\
d<\x0e\xa1c\xa7\x8c\xaad^T\x15\xed\xed\x1d\x22\
\xb4\xca\x94\x19O\x93\xfd\x0c\xf8\x0ab=#{\xf8\x19\
Z\xfeJJb2\x1c\xd30\xae\xb6Z\xe61=\xbd\
\xcb.\xbbR\xfa\x04\xae[\xbf\x0a\xdd\xfd]\xd8\xbd{\
'\xce8\xe3,\xd1u\xb4\xd9\x9d()-CkW\
\xabx\x95\xa4;\xaf^\xb5\x01g\x9d\xb5H\x8c\xae\xcc\
V\x95\xc5Hl8:\xe2+\x0d\xf6\xeaq\xb2\x1co\
\x1c#:\x0e\xa5\xde\xc4\xb4 3*\xe4`|\xf1\xb6\
o\xe0\x8fw\xffZ8\x14E\x85E\xf8\xd4\xcd\x9fz\
[\xbd\x07\xcc\x0f?\xacwk\xbd\xf7\xde{e\xd7\xa6\
\x1c\xf7\x94)S\x04I\xe7\xd0\xf3\x8c\x87Kb\x8d\x9f\
\x0d\x05\x12>X\x95t\xed\xb5\xd7\x0e+\x9e\x18\x83u\
\xdcW\x5c~\x05\xbe\xfe\xf5o\xa2\xa4\xa4\x1c\xa1\xa0\xce\
\xf1}c\xb5\x9b\xbe#\x13\x10\xa4\xe5\xa7\x1e`kk\
\xabX3\x829\xa5e\xa5(+-\x92\x9b\xb5~\xf5\
.<\xf8\xd0\x03\xf2\xfa\x8a\xf2J\xe4\xe6\xd2\xe2+\xc2\
\xef\xaf;\xa07\x0f\xad\x1d;\x017\xde\xf8I\x0c\x0d\
\x06D\xd1v\xfa\xf4I\x02\xa6\x0d\x13\xfaS^>]\
V]\xf1&\xa13\xacRn\x22\xe3H~\xf7\x865\
\x9be7\x22\xfd\xd5\x84$fN\x9f\x84\x9c\xac\x0c$\
\xa3\x91\xa3\x14\x8aG\x94\xe5\xc6c\xc8\xcf\xcbBnN\
&\xda\xdb\xfb\xd0\xd5\xdd\x83\xd2\xb2\xdca'\xef\xf0M\
\xd7' c\xb8d\x22\xa6\x13O\x08`\xc5\x22(*\
\xcc\x11c\xe8\xf5G\xb1i\xe3\x16A\xc9\x09\xa4\x89\x02\
1[\x9e\xd9\xcc\xe8\xef\xed\xc3\xa6\x8d;0}\xa6^\
\x857\xf2syhL]\xd1\xc3!=y\xe3\x86-\
8\xe7\x9c\xb3`\xb1Y\x8f\xa8/8\x99\xa1\xd7m\xc4\
\xe0\xf3\x0fI\x11VcK\x13\xd6n^\x89\xc6\xe6&\
$\xd9\x9d\x98\x0d3Y\xa4\x14\xd7]b\x83\x1fOP\
N\xe5\x8e\x94J\xe3q\xfe\xf4\x0f\x0d\xa1w\xd0\x8b\x1d\
{w\xc3\xb6z%J\x8aJ1\xa1v\x22\xf2\x8br\
\x10\x08\x87\x05\xb8c;r\xa6\xba\x06\x06\x1b\x85\xcf\xdf\
\x90\xd7\x80\xdc\xbclTVT\x08U\x97\x9e\x22i\xc6\
t\xc2rrsd\xbevvtI\x9aqtu\xa9\
\x84sv\x8735g\xb5\xe37\xf2Pt7\x9bt\
\xef\x9a1\x152\xdfx\xcd?\xfd\xa9[\xd0\xd9\xd9\x8e\
CM\x07P\xdf\xd0 \xe1d~~\x91\xb4i/*\
,\x94{\xc1\x0aAz\x17\x81@\x0f6m\xda\x829\
s\xa6\xcbw\xe9|\xa0#S\x9a'\x8d\xc4\x1c\xab\xe1\
\x88\x96\x84\xdbc\xc6\xb7\xbe\xf4\x7f\xb2\xf8\x9d6\x0f\x82\
\x11\x1f\xbe\xfe\xb5\xafKQ\x13\xc3\x91\x93\xd9\xfd\xe5\xfe\
\xf0\x7f\xba\xe8b\x1c\xdf\xfe\xf6\xb7\xa5\xbd\xf6\xacY\xb3\
p\xe7\x9dwJ\xbb'^@\xddE\xd6\xd5L\x8d\x9f\
9!\xb8\xd3\xd3pP\x85\x84\x8b\x9f\x16\x94\x83e\x9d\
\xff\xfb\xbf\xdf\xc6\xca\x15kp\xf7\xddw\x8b\xcb'B\
\x10\xdc!\xdf\xaa\xc6]\xa1p\x04\xf3\x9f\x8bp\xf6\xd9\
\x8b\xb1`\xc1lTT\x16\xc9\x05d\xe5\xd9\xcb\xaf\xbc\
\x80\x95\xabV\xc8k\xe9\x06\xb3\xaa,\x12\x09a\xe7\x8e\
\xed\x12\xf7\xa7\xb92p\xf3\xa7>\x8dP(\x82\x8a\x8a\
J\xcc\x993c\x98$w$W\x1ep\xd8\x1dr\xcc\
\xbcp\xbaPE*=\x97L`\xfd\xbaMh8x\
\x08vz\x22\x04\x0f'\xd5bTU\x09\x12L\xf9\x1d\
\x93\xaaj\xc4\xacq\xe9\xc6[^L\xc3\x94\x10\x05\x1d\
!\xea\x0d#\xeb\xe4$\xe8F\x94\xae ;\x05'5\
\x9d\x16\xcc\x17\x92\xd6\xe9\xf2P\xc7?\x17\xc9d\x14\x83\
\xdeA\xf4t\xf5\xc2bUD\xe0S\xe6\x854\xefP\
\xa5\xf7^G[7,$\x14\xa4\x82KcWc\xac\
.\xe97)\xdf\x0d`\xe3\xc6m\xe2\xfdH=\xfdI\
\x0e\x83\x00E \xac\x7f\xa0G2/k6\xacA}\
s\x13T\xbb\x1d&\x9b\x19\x0121M\x1a\x8a\x0a\x0b\
0z\xf4(\x94\x94\x14\x0d\x97\xa8R\xed\x89\x14]6\
\xf7H\x90\xbem\xb3\xc2j\xb7\xc3*Ta\xe0`S\
#\x9e~\xfe\x19\xec\xda\xb7\x0b&5.\x8a\xc8N\x17\
\x9b\xbc\xc6\xa4^\xdfn\xb1a\xa8\x7f@\x18\x7f\xcb^\
]\x86\x17_x\x09;\xb6mG,\x12E(D\xe3\
\xe9\x14p\x8ea\x0eEU\xa4\x07\xabxx\xac\xf0\xa4\
:\x91\xf9\x04\xa5\xbc\x93(*\xcc\xc5\xec93\x91\x91\
\x91\x89O|\xec\x93\xc8\xcf)D8\x1e\x16\xb1\x17\xd2\
\x9ci\x8c\xb8^\x5c6'\xda\xbb\xda\xa4\xe2\x91\x1c\x92\
\x83\x07\x0e\xa0\xad\xadK\x07\x1b\x8f\x8be\xbd\xbd\xc1\xcd\
\x89\xd8\x97\xc3a\xc6\xcf~\xfc+\xfc\xf1O\xbf\x85\xcd\
\xea\xa0P=\xbe\xf7\xed\xef\xcb\xee\xcf\xaaBz\xc4z\
\xc6\xec\xc4-\xbc\x99\xa4\x03v\xe11\xf8\xc3\xdc\x0d)\
*\xf0\xf9\xcf\x7f\x1e\xdf\xf9\xcew\x04\xc4\xbb\xe2\x8a+\
$\xce\xa9\xa9\xa9\x11y\xe8\xfb\xef\xbf\x1f+V\xac\x10\
\x03\xc0\xd7\x1bn\x07\xff\xbd\xf6\xda\xeb\xf0\xe9\x9b?#\
M$9\xa7\x03\x01}a\xe9\xf1\xfe\x09\x9c,c6\
C]F\x81\x08[Z\xa1b\xf7\xee:\x1c8p\x08\
\xcb^_\x8ex\x22,\x80Mqq\x99\x14\xdbtv\
v\xa0\xbb\xb7S\x5c\xa4Y\xb3\xe7\x8aW@\xc5X\xf2\
\xe4\xe9\xc6\x13\xc1?B\x87-%N\xc90C\xb8\xdc\
\xdc\x16%\x1b\xa0\x08\xb7|\xf3\xe6=8t\xa8Q\xd2\
[\xd1`\x00\x13jkQ3\xaa\x02\xb1\xa8\x8f\x95\xe3\
o\x1e\xb3\xc96\x17C^v\xba\x88d4\xb7\xb4\xa1\
\xe1P3F\x8f+\x93\xee\xb6<\x1e\xbd\x9d\x16`\xb2\
Bj\xde\xe9\x89\x08\x08(\xdb\xb3\xde\x01w\xd4\xe8r\
\xb4v\xf4a\xd0\x1f\xc56\xb2\x22U\x1aV\x8b\xb8\xd1\
B\xf7\x8c\xc5$\x8e\xde\xb1m\xb7\xe8\x0fZ\x1d\x96a\
\x17\x9f\xbb,\xf9\x07,\xaf\x1e\x1c\xec\x10R\x0c\xf1\x84\
\xac\xectL\x9c8V@\xd0\x13\x0d\x05\x8c\xc5\xcf2\
e\xb2*[[\x9b$\x0bcq\xe8\xcdJ\xc3\x81\x10\
2230q\xc2\x04!\xb0\x14\xe4\x17\xe8\xb5\x01I\
M\xb2:\xcc\xc3\xf7\x0f\x0c\xc0;0 \x9d\x81\x0c\xe2\
\x8e`\x1f\xe2\x1d\xe8\x12h\xbc >\x9f\x17\x9b7o\
B\x9a;\x035\xd5c1n\xdc\x04iO\xd6\xdd\xdd\
\xad\x83\xcb\x8a9UX\xa4a\x7f\xddA\xb46\xb7\x89\
\xba\xae\xd3\xc1jD\xa7\xdcK\xa6U\x8d\xdb\xa0\xb7\x85\
W\xe4\xbbO\x04\x07U\x14\xa6\xfb4\xe4\xe5ea\xce\
\x9c9\x12\x1a\x1f<x\x08\xf7=\xf4\x17t\xf7v\x0b\
\x1d8//O\x18\xa8\xcc6\xf9#>!\xef\x8c\x19\
3\x9e:_\xa8onF\xf9\xa8\x02\xa1\x16K\xd9\xba\
\x94\xf2\x1eV\x07z\xbb\xc3\xe8\xfa\xd4\xd7;\x80;\xef\
\xfc\xad\x14\x85\xf1\xe3\xae\xba\xe2*|\xf9\xbfo\x1f\xee\
\xa1 \xb5\x19\xa9L\xc7\x89\x86\x02\xe6\x97^zI\x0a\
q\xd8\xf3\xce\xd8\xc1\x0d\xf1H\x16%\x10\xd0\xe3\x83.\
\x16\xe9\x8b\x94snkk\xd5\xdf\x9c\xd26\xe3\xcda\
%\xdf\x9dw\xfe\x0es\xe7\xce\x92\xdf\xf9\x87\xe8\x0aR\
\xc15\x15'\x9f\x04W]\x0an\xa4\xd43)\x05/\
\x07\x0e4`\xef\xbe:)\xbb]\xb5v\x95\x1c\xdf\xb4\
i\xd3E\x94\x83\x96\x91t`\xf6zw\xd93D\x7f\
\xad\xb0\xa0\x18\xb3f\xcdH\xb9\x7f\x86Z\xcc\x88\xd4\xcb\
\xf0\x855D/5\xacY\xbb\x1e\x13\xc6\xd7\x22\xe0\xf3\
a\xef\xee\xbd\x82\xd8FC\x11\x8c\xab\xae\xc6\xc4\xda\xd1\
@2\x9cJ\xf7\xbd\x91\x98\xa4\x9f\x99\x11\xa7i\xe21\
PN\x8c\x02\xa1\x0d\xcd\x1d\xd8\xb2m\x17\xd2\xb2\xddh\
m\xed\x90\x09US3\x06in\xa7\x88Q\xd4\xd77\
!\x14\xf6a\xc0\xdb\x0b\x7f(&\xf5\x104\x04\xe9\x1e\
\x97P\x8c\xd7\xac\xdd\x86\x084\x01\xc7\xb2\xb3\xb3a2\
i\xc8\xc8tK\x81\xcd\xde\xbd\x0704\xe8\xc7\x9a\xd5\
\x9b0u\xe6DA\xdc\xf5|1\xef!\x85<\xf3\xd0\
\xd2\xcc\x0e\xbfL\xc9Z\xa4\x92\x90U\x92\xacD\x8cF\
\xd8G\xe0\xcd\xef\x83.\x05FV`\x0c/\xbd\xf2\x0a\
6oZ/@,\xb31\xd1hB\xb8\x13L\xc1.\
Y\xb2\x04i\x19\xe9\x87\xb3\x02)\x83\xcb\xdf\xf1Q\xce\
\x96\xe2\xa9\xd1\xdd\xd1)\x1bL[[\x9bh\x05\x0e\xf9\
\x86\xe4\x1e\xd0\x18\x8bAP-\xf0\x87\x02\xd8\xb2}3\
\x02a\x1f&\x8f\x1f\x8f\xa9\x93\xc6`\xd7\xee:!\x1a\
\x11X\x95\x1e,P\xa5r\x92+!\xe0\x8b \x89~\
\x98\xad\xe4\x92\xf8\x10\x0c\x86\xe1\xf6\xd8E\xa8U\xd4y\
\xc3d\x9d\x1aw\xfe\x18sP\xd1\x7f\x97\xd2\x8d\x11#\
@`q\xe6\xcc\xe9R\x90\xf3\xcc3O\xa1\xdf\xdf\x83\
\xbd{\xf7 7?\x0f\xaa\xc5,\xdc\x13\xce\x1f\xb7\xcb\
\x01\x93\x16\x81\xc9\xd7\x8d\x81\xdd}h\xb6\xaaH+\xc8\
\x87+'K\xbc#\xd5\xa5\x22\x16&f\x91\x80\xaa)\
\x88\xa5\xb2^'c\x0e\x0c\xaf\x8eiA\x86\xc7\x5c\x17\
v\xab\x13O\xff\xeb_\x982u*\xbe\xf7\xbd\xefa\
\xe9\xd9g##\xc5[\x90s\xa1k5Rc\xe08\
\x06\xc8L\x84\xf3\xe9\xa7\x9f\xc6\xc7?\xfeqa\x14\xe9\
\x9avz\xcb'\xdeH\xba\xc7\x1c\xa4K\x1a\xe0\x9e\x0e\
fq\xe7\xb7\xc8\xa2\xf9\xc8G>\x82O\x7f\xe6\x16\xe1\
\x8f\x93\xe6\xa8\xef\x1a\xf4\x85\x0c\xed\xe9\x93q\x87\x18C\
\x91\x12\x058T\x0b\xba[{\xb0y\xfd&\xb8\x9c\x1e\
\xb466\x22\x12\x1d\x94\xba\xf4\xdc\x9c\x5c\xb9\xa1\xa4\x94\
\xb6\xb5\xb7\xcaW\x9c\xb1\xe8\x0c\x01\xfeX\x10d\xd0\x88\
G\xde\xf2#\xc1\x16Z\xc9\xc3\xa1MWg\x0f|\x83\
\xeb\x84\xd4#.\xb6\xc5\x8c1\xe3Fc\xea\xa4\x1ah\
\xc9\x10\x9d0=\xd5\x97:\xc6c\xdc&\x1d<\xb4\xea\
\xb1\xf0\xa07 y\xda\xde\xbe\x0e\xf4\x0ft\xa2\xe1\xde\
\xbd\x92Nd[\xf3\xbd\xfbv\xebi\xbc\xd4\xb6\xc44\
\xa4\x7fh\x00\x0f>\xd2\x83\xcc\x8c4\x8c\xaa*GI\
q1\xca\xcbK\xe0\xf3\x85\xb0\xef@\xbd\x14\x02q\xd1\
\xd0\xba\x07\x83\x01\xcc\x9e5]\x00Nj\x02Pt\xc3\
\xfb\x8a\x17\x0b\x16\xcdA~~\xa60\x06\xe9\x0d\xf0\xfd\
{v\x1dD8\x1c\x17\x8d\x02$U\xac_\xbf\x01g\
\xd8\x17\x8al\x15\xcbn\x8f\xa7>d\xec\xfcT\xfe}\
\xe1\x85\x17\xd1\xd1\xd1&\xc6\x89\xdd\x80(p\xc2\xdd\x9e\
\xae>{\x1ar\xb0\xd7\xa0\xc8\xa5K\xf9\xb2\xfe\x99\x87\
k\xf2\x0f\x17T\xe5\x15\x16\xc8\x83\x1e\x05\x9b\x8d2S\
\xc4\xda\x10\xa3\xf2\x8d\xcc<\x16\xd70L\xda\xb1{\x17\
\xf6\x1d\xa8\xc3\xc2\xd9\xf31k\xc6l1\x10\x9d\xedm\
\xc2\xd0\xdb\xbdg?\xfa\xfa(QN\xf78)\xee/\
\xcb\xa3\x07\x87|\xe2yx2\xec\xc3\xf7\x8a\x00\xae\xb1\
\x88\xde|\xe6A\xf7\xefR\xe05\xe9\xe8\x1f\xbe\xf2\x22\
\xacX\xf9:~\x7f\xf7o\xd0\xdc\xda\x82\xa1\x01\xaf\xa8\
%\xf5\x0e\xf4!?;\x1fcr\xb3\xe0}\xe9e\xc4\
\xbd]\x08(\x09\xbc\xb2\xec\x15\x98\xed\x0e8rs`\
\xce\xccDiU5F/X\x00We)\x22A\x0d\
\xf6\x04\x10g\xd2\xe8\xa4\x1c\x02nR\xec\x17\xe1\xc6\xef\
~\xf7[\xfc\xe5\x9e?\xe3\xa1\x7f\xfc]\xbc\xea}\xfb\
\xf7\xe3\xaa\xab\xaf\x14\x22\xdc\xd9K\xcf\xc6\xf8\xdaZ\x9c\
\xb5x\xb1t{\xd6\xb1\xae7?i%\x16\x8bi\x06\
\xe7\xf9\xab_\xfd*\xee\xb8\xe3\x0e\xd9ai\x18\x18\xeb\
\x90r\xcb\x0bj\xf0\x949\xd2<\x19\x98?\x7f\x01>\
\xf7\xb9\xcfc\xe1\xc2E\xf0\xa4\xd9\x11\x8d\xe8\x1ceq\
\xf5\x8f\xce_\x9ed\xdc\xc9]\x9d;\x16u\xda^|\
\xe9U\x84\xbc>dx\xd2\xf0\xe7\xbf\xde\x85\xa7\x9f{\
L@\xa3\xa5g_ \x1a|[\xb7n\xc1\xc6-\xab\
\xe0\xb4\xa7\xe1\x1f\x0f?\x8a\xf3\xce;G\xdf\xddF\x96\
\xc7\x1e\xe3\xfbe\xe7\x8f'\xf1\xd2K\xafJ\x87\x1a\xba\
\xd3\xccG\x8b\xcb\x06\x0d\x0b\xe6\xcfAYI.\x92Q\
\xbfp\xcf\x8c6\xf0\xc7\xbao\x92\x97%\xa1\xc3lF\
\xfd\xa1z\xf4\xf4\xf6a\xf3\xce]\x229\x95$\xd4\x9f\
\x8c\xa5p\x80\xc3\x0f}\x91\xe8\x9e\x89,6.\x1e2\
\xe7cz\xf7b\x1a`\xca^\x8f\x1d;\x11\xf1\x98\x22\
\xd5d,\x04`\x06\x80\xc7\xb7d\xf1\x02\xa4\xa7\xb9\xf0\
\xfa\xeb+18\xc8\xef1A\xb5\x9a0c\xc64T\
V\x16\xcb\x8e\xc7\xceC\x9b7\xed\xc5\xee]u\xf2y\
TVb\x1cK\xc0q\xc9\x923\xa4\xecX\xf7\x18\x8e\
b\xdc\x09\xd6C@/\x8a{\xef\xfd\x1bzz\xba\xa5\
\x8d7\xb1\x16VZ2s\x94W\x90{x\xa79\x8c\
\xa5\xbd\xf5H\xa1\xf7\xe2\xa2\x8e0>\x02jn\xda\x84\
\xf5\xeb7\x8a\xe1\xe0\xbc\xe3\xe4\x8dkIaT\x8e\x1f\
=\x0eW_y\x15L,\xd6\xd0t\xde\x0a\xb1\x0dv\
Oj\xeb\xe8\xc1\xc1\x03\xcdRg\xd1\xdb\xdf\x8b9\xf3\
g`\xec\xf8\x0a\xd4\xef\xef\xc0k\xcbV\xa0\xac\xa2\x14\
g\x9e1/Uo\xf0\xe6\xbc\x0cE\x8e\xf1p\xea\xda\
\xe14a\xcf\xae\xfd\x983o6|\xe1AL\x9b0\
\x0d\xb3\xe7\xcd\xc1\xda\xd7^\xc2\x05\xa3j1!\xbf\x00\
\x81\xfe\x0e8\x093\xc4\xf5l\x83I\x8b#N`\x11\
&\x84\xa3qd\x8e\x1a\x8b%\xb7\xde\x86\xf4\xaaQ\xd0\
b)]\xe8\xb7\x11\x12p\xe7w\xbauI\xb4\xaf\xfd\
\xcf7q\xc7\x1d?\x17\xd5e\xb6~\xe3\x06e\x0c\xd2\
\x96/\xba\xf0\x22\xdc\xf7\xf7\xfbD\xd7@\xff:\xe5\xf8\
z\x00#\x89\x22D\xf3\xf52]\xdd\x03`\xcd>E\
\x07i\x00\xa8=6zt5\xc6\x8f\x9b\x88\xca\xca\xd1\
\xb09\x14\x84\x83:QF\x17\x7f0\xf8\x9aG\xf9\x96\
'h\x00tb\x07\xb9\xfc*\x22^?6\xbc\xfa\x0a\
\x9a\xf6\xec\x15\x91\x88\x82\x82\x12<\xf8\xe4\xa3x\xf8\xf5\
\xe7P;q\x1af\xce\x98'V\xfa\xf5e\xaf\xa0\xbe\
q/>\xf1\xd1O\xe2/\xf7\xdc-\xcd\x18\xf4~}\
o\xfe\xfd\x02\x0e\xa9&,[\xb6\x06\x1d\xed\x1dz\xd7\
\xdfhL\xea\x02f\xcd\x9c\x82Q\x15y\x88\xc7\x02r\
iy\x81\x93\x8aNQ=\xfa2J\x86\x84\x93\xd9j\
\x91\xc6\x97+V\xafE\x92\x1a\xf6v\x0b\xe2R\xf7\x1f\
\x87\xdbI@+)7\x86\x99\x11\xee\x84\xf4\xa8t\x09\
+\x1d\x8b i\x88\x14f\xf1\x22X\x7f\xcf]0\x11\
\x97\xef++\x1a%h\xb3\xcd\xe6\x86\xd5\xecF8\x1c\
@EY>\xce8c\x1e\xfaz{\xb1b\xc5\x1a\x04\
\xa3I1\x02<\x94\xaa\xaa\x0a\x91\xd2\xa6\xe4\x141\x83\
\xe7\x9e{\x15\x01\x7fhXc\x91.<\xc3\x93Eg\
\xcc\x11\xd6\xe2\xd1\xe9A=\xeb\x93\xc4?\xff\xf9O4\
6\xd6\xcb\xe2'Qf\xfe\xfcy8\xf3\xacE\xb0S\
\x02m\x84\xf2\xed\xf0\xfbN\xe0>\x8f|\xc9\xb0\x02\x0e\
?'E\x99\xac\xdb\xbb\x0f\xcb\x97-\x97\xb8_p\x02\
\x1a=%\x89H(\x8c\xf1\xa3kp\xc1y\xe7HX\
\xa8\xb1Y+K\x0eU\x93`MAj\xfe\xb5uc\
\xf9\xda\xcd\xa2#x\xc6\xe2\x19h8\xd8\x89W__\
&\xad\xcd\xce8\x01\x03\xa0q\xf1\x92\xee\x9c\xaa5\xe0\
 >dw\xab\xb8\xf1\xe37\xe3o\x0f\xfe\x099\xe9\
\x058\xf7\xc2sQ\xa3Z0a(\x8cxd\x10I\
+\x10Ihp\xb8\xd2\x00\x8b\x15\xa1\xa0\x0f\xc9 C\
F\xaa\xf6\xd2\xb0+\x089\xed\x98|\xc1\x871\xed\x8a\
k\x10d=\xc7\xdbj\xfdD\x8c\x8e\xb4s\x0d\xae4\
\x1b\x9e\xf8\xe7\xd3\xf8\xd5o~\x85\x86\xfa\x06\xe9\xdc\xac\
\x97$k\x88\xc6Y[\xa3\x09H\x5c3\xb6\xe6M\x15\
\x88\x05\x1e\x15q\x87\x14\x98\xc7\x9e\xe8\x14C`;c\
\x96O\x12\xc5'\x90s\xff\xfd\x7f\x17.\xbf\xe4\xe6\x13\
:\xed\xd1?\xa4\x13\x80\x98\x8b4\xae\xa0\xeclG]\
`\xfeN\x90o\x96V\xaaG\xf7\xba\xa3\xcbOD\x5c\
\xd7X\xb7hI\xb4nX\x8f\xb5O\xfc\x13\x83{\xf7\
\xc2\xc3\x98PS\xd0Y\xb7\x1d\x8bs\xd2Ps\xf69\
hu\xb8\x10K\xc6\xa4\x9e\xdf\xe7\xed\x97\x93>\xff\xfc\
\x0b\xa5R.\x18\x08\xcb\xc9\xb2\xc2\xec\xcd\x80\x1f\x1e\x03\
\xaf\x09s\xc5mlE\xe6\xb2\xa1\xa40\x17\x95\xe5\xe5\
(-\xc9C26(\x13AGTS5\x09G\x9d\
\x95\x10\xa0\xacVY\xccO=\xfd\x94\x10t@\xd2\x0f\
s\xc0\xb1\x18\x9c\xae4\x8c\x1aU\x8b3\xceX$7\
\x8e8\x0a+\xbb\xf4\x86\x1dza\x87\x91b\xed\xe9\xed\
\x11O\xcb;\xe0\x15\xa0\xac\xa5\xb9\x09C\xbe0\x9c6\
;\x9a\xdb\x1a\xa5\xfe\x80b\xa5Y\xe9\xb9p\xda\x9cR\
yV\x7f\xe0\x10\xaa\xaa+\xb0`\xc1,\xec\xd8Y\x87\
\xce\xde\x01\x98\x92f\xec\xdfK\x80\xac\x15\xe9\x19\xe9\x12\
\xa2M\x998\x09\x1b6l\x16\xca\xb1np\xd8\xaa\xbb\
\x1f+V\xac\xc5\x19\x8b\xe6\xc9n\xcb4\xa9p\x0c\x92\
I\xb8<&\x11<\xdd\xb7\xafN*.\x19r,X\
0\x1f\xe7\x9e\xb7T\xa7\xe0\x8ehmu8z>A\
Pq\xe4\xcb\x8c\xd5(|\x0f\xfdf\x8d\x1d7\x06\xa3\
\xabG\xe3\xa9'\x9e\xc2\xf6\xed;d\xee0}\xc9\x1a\
\x8bm{v\xc3l3\xe3\xe2\x0b\xcf\xe7\xae\xa3\xcbn\
\x89\x07\xa2\xc0\xe3q!\x9c\xe1\x12\x9e\x01\xbb+s\x0d\
P\xcf\x91j\xcd4.\xc3\x0b\xff\x0d\x87\xa9\x19SW\
\x16+7\x156\x87\xd1\xf5\x00\x0c\x03\xcf\xda\x95+\xf1\
\xb7\x07\xeeF \x18\x84\x13\x0ar)~\x12\x1e\x80\xdf\
\xa5@\x8d\x99aJ\xcf\xc4y\xdf\xfc\x0a\x1c.\x17\xfc\
\xec\xa0\xd4\xd9\x89\x03\xab\xd7\xc1\xe7\xeb\x83\xb7\xb5\x11\xae\
\x88\x17\x9b\x1e\xba\x07\xce\x8cl\xd4~\xe8\x5c\xf8\x83I\
\xf1\xf4h\x10\xa5\xd9\xdc\x09m\x92:M\x98\x9e\xc0P\
\x7f\x10\x97]q12\xb3\xb2p\xfb\xed\xb7\xc1\xe7\xd7\
C\x1f\xbd\xf3\xb0\x864w\x1a\xd2\xd2u\x5c\xe6\xcd\x00\
\xc8\xe1\xfc\x88\x8e\x86'\xc5\xed\xa7\x07@L`\xd9\xb2\
e\xb2\xc0\xb9\x13\xd0 \xfc\xf8\xc7?\x16\xc2\x10\xef\x95\
Q\xa1d\xb0\x00\x8f(K\x1d\x81\xb2\x09\x85\x92\x9f+\
]u\xb8@u\xb2\xcb\xf0)1m\xc1\xbe\xed\x16\x05\
\x96d\x18{_}\x05k\xee\xba\x1b\x0e%\x0a\x97Y\
A$\x19\x83\x93\xacA-,\xf9\xe6Q\x1e;\xd2T\
3\xf6\xc5\x82H/*B\xbf\xd7\x0b\x87\xcd%Y\x0a\
\x16\xcf\xec\xde\xbdW\x5c\xfa\xa5K\xcf|\xebI\xa9Q\
\xea\xda.\xa4\x1ev\xefYt\xc6\x5c\xf6\xff\x82\x16\x0d\
\xea\xe0\xe5\x08\xd5\xc7\xa3?I\x1a\xc6ZmR\xf2\xfa\
\xe4\xbf\xfe\x85\x03Ml\x14b\x85\xd3nCYi\x19\
*\xaaFc\xcc\xd8\xb1\xf0\xb0\x17\xf5\x08W\xd7\x88\x87\
\x0d\xd7\xcc\xf8]Iq\x09P|\xf8\xf3\xfb\xfbz%\
\xb5JQ\x14\x8a\x8f\xaa\x16\x0d\xb1d\x08]\xbd-\xc8\
\xc9\xc8\x83\xc3f\x17f`UU\x19r3<8c\
\xd1,\x1c\xaao\xc6\xb6m{aQT\xc4#\x09t\
w\xf4\xe2\xf5\xceU\x92.\xe5\xf7\x05B\x01\x1d\xf3H\
\xea\x92R\xbd=\xf4\x1e\xd6b\xfe\xfc9\xb2\xd0\x99\x1d\
\xb0\xd9M\xd8\xb2i7^|\xf1E\xd1\x04d7a\
\xb6S\x9f\xb7\x80\x1e\x17\xd3[\xa9\x02\x97\x91\x17\xf1\x88\
\x7f\xdf\xc6H\xc9\x88\xc9u\x8d3\x9eW\xf1\xe1\xcb/\
\x93\xac\x13[\x89756\x09^@\x02\xd1\xc6\xad\x9b\
QR\x90\x87\x993g!\x11\xf4\x0f\x1b\x22r3<\
N\x97t&\x0e\x87\x82\xa9.\xcf:\x0aO\x09s!\
v\x1d\xf7\x00\xb4T\x1a0\x8a\x8d\x1b\xb7\x08\xeeQ]\
S\x8d\xe9S&\x0a\xde\x15\x0f\x01\xd3\xa6NCi~\
\x19Z\xbaZ\xe0ooEZ^\x1e|\xc98f]\
~=\x0a\xaaG\xc3lq\xc0\xdb\xdb\x07_g7\x8a\
gL\x84g\xd2\x18\x94\xcd\x9b%\x05P\xaf\xdcs/\
Z\xd6\xac\x80GMb\xeb\xbf\x1eA\x11\xcb\xd6\xcb\xca\
$\x04%0xr\xc5\x9c\xfa:\xd3R\xfc\x95\x07\x1f\
x\x00[\xb6m\x82\xcb\x91&\xd9\x89p4 \x9c\x8c\
\x9f\xfd\xfcg\x22\xd7\xceu\xfaf\x19\x81#\x12\xa4\x86\
'\xc0\x16MO=\xf5\x14\xbe\xf6\xb5\xafI\xca\x8f\xbc\
~\x12sn\xbe\xf9f\xec\xdf\x7f\x10\xd7|\xe4Z\x8c\
\x1dW=\xfc>\x1a\xe2PHW\xe0\xd1\x0d\x99\xfeD\
\x1ahX\x14\x98,&47v\x8bx\xc2\xfcy3\
\x87\xe9\xb8\x1c\xf1\x94\xc2N\xb8\xa3\x15O\xff\xee7\x08\
\xec\xdd\x0b\xa7UC8\x9a\x80\xdd\x9c\x0e\xb7#\x1d&\
\xbbE$\xbc\xb5P\x08N-\x8atk\x12\xa5f3\
\xae\xbd\xe5&\xc9\xc3\x8e\x193\x1a\x15U%\x08\xfa\x12\
\x18d\xea\xa9\x7f\x00\xa1PT\xe8\xa9\x9c\x04\xc7\xc9\xda\
\xcb\x22\x96\xaa1\x9b\x0d\x03}\xbd\x18\xec\xefC\x9a\xc7\
\xfe\x96\xd6X\xa7\xfcZ\xe1\x0b\x04\xf0\xcc\xf3\xcf\xa3\xa1\
\xa5\x15f\x9bEv\x9a\xab>\xf2\x11\x94\x94\x96\x1f~\
-\x09H,\x849\x82\x11v\xd8\x10\x18\x1e\x80A\xb0\
J\xbd\x08Y\xd998\xef\xfc\x0b0\xbev<\xda\xda\
;\xa5\xbc\xb9\xb1\xa9\x11.\x87\x1b\xfd\x83]pX\x9c\
\xa8\xa9\xe4\xf7\xd0\xb3\x8a\x8a\x8d\x19SS\xa6\xd7\xbbo\
\xdb\x8b\x81A\xaa\x1e[\xc4\xe3jji\x920\xe5h\
\xc1Pz\x02,\xcd^\xb6l\xa5dM\x08 \xc6\xe2\
\x1aV\xadZ\x89X<,@/K\xac\xe7\xce\x9d\xab\
+\xd3\xbe\xc5nr*\x86\x1cc*\x06\x9f8y\x82\
<\xd8\x81h\xd9\xeb\xcb\xd0\xd0\xd0 \xd9\x8f\xe5\xab\xd7\
\xa0\xbc\xb4\x14y\xb9\xb9RW`\xdc`r*\xe8\xf9\
y\xbb\x18N\x85\xf4\xcaQM7\x00)\x8e\xd7q\x16\
\x9bI8\x12\xecw\xd8\xd0\xd0(!\xd9\x81\xfd\x070\
\xba\xb2R6\x86H$\x81\xfc\xd2,\x5cr\xc9\xa5\xb8\
\xf3O\xbfF\xa8\xbd\x15\x8a\xc7\x83\x9a\x85\x8b0\xf1\xc2\
\x0f\x03&*\xc7\x9a\xb0\xf6\xab?DK\xddn\x94\xcd\
\x9d\x8d\xb3?\xf1QhinQ|:\xe7S\x9f\xc6\
\xbe\xaa*l\xf9\xfb\x03\x88\xb65\xe3\xa5{\xff\x8a+\
\xbf\xf6\xbf\x08I6\x83'{\x92:~dYR\xca\
,\x94\x90\x8c\x07G 4$\xffVU\x8e\xc6/\xef\
\xb8\x03\x17_z\x91\xae\xd9\xf8\x16\xbd\x07\xde\xc0\x900\
<\x01\xa6x\xd8\xa6\x9bL:\x12\x84\xa4R/\x14\xc2\
w\xbf\xfbm\xfc\xeaW\xbf\xc2\xc5\x17]\x8a\xb1c\xc7\
!/?\x1f\xe7,=\x07\xe5\x15\xba\x1c\xf1\xc8\x11\xf4\
'\xb0o\xcfA\xbc\xfc\xf2\xf3\xf8\xd3\x9f\xfe*\x1c\x82\
-\x9b\xb7`\xe2\xc41\x12\xab\xebZs&\x98\xa2\x01\
\xbc\xf8\x87?\xc0\xb7u;\xb2lV\x0c\xc45T\xcc\
[\x80i\xe7_\x00GF\xb6\x18\x92\xee\xaeN\xf8\x9a\
[\xb0\xeb\xf9\x17\x10\xec\xee@\x96w\x10\xe1\xa6\x06\xfc\
\xe3\x9f\xf7!\x11\x05\xc2!]\x9b\x9d\xe4\x10\xdd\x90Q\
\x91\xd7&\xe1\xcaq\xae\xa2x2Y\xd9\x99p\xbb\xd2\
\x10\x18\xf2J\x05\x9f\x92\xc64\x0bi\xbe\xc7\xbfh4\
)\xe1H\x18\xcf<\xfb,\xf677\xc1Du[\xb3\
\x8a\xab\xae\xbeZ\x16\x7f\x22N\xf8G'K\x0d/\x98\
\xe3|\xdep\x1b\xa9\xa3\xe3i\x1e\xb8\x06\x942$)\
/\xc7\xf8\x09\xe3%\xed\xd3\xc0\xe6\x14f\x0b\x06\x86\xfa\
\x10W\x22r\x07\xb5Tec<\x14FQ~:r\
\x97\xccAcc;\x9a\x9a\xdb\xd1\xdb?(]j\x89\
cHm\xf2\x11\x87\xc2\xf4\x9bUZh\xbd\xbel9\
\xa6M\x9d\x82\x9e\xde.\x0c\x0dya\xb7Y\x10\x08F\
1\x7f\xc1\xfcT\x17\xe4\xa40$\xff-#\xf55\x04\
\x18\xe9\x92WVU ?\xff*<\xf5\xe4\xd3B\xce\
\x0aDB\xd8\xbek\x17\x96\x9e}\x8e\xd4\xef\xd3#\xa1\
[l2+p\xb9\x1d\x88\xb7\x11 \xf4I+s.\
l\x97\xc3q\xc4y\x1fQ\xf3\x91\xd4\xc5g\x0f\x1dj\
\x91\xc5\xcff&\x1c\xe4Y\x04\xfcAdf\xb8\x87\xdf\
A\xaf\x84\x06\xc0ew\xc0\x9a\x88#\xa2\xc4\xa0)I\
$\x82Q\xd1\x804YT84\x0d\x0d\xebVa\x93\
\xcb\x89\xb97\x5c\x87\x18gK\xd2\x84\xb1\xe7-E\xd3\
\xae\x1d\xe8X\xbd\x06\xf1\xd6C\x88\x0e\xf4\xc3\x92\x93-\
\xa0.w\xf3\xb7B\xeb\xdfp\x89\x14\x15\x0e\xa7\x8a\xeb\
\xaf\xbf^\x17C\x8dGe=~\xfa\xd37\xa3jt\
\x85\xde\xbe\xfe\x04Z\xcc\x1d\x93\x22eP~\xf9\xa0\x04\
\xd1\xa5\x97^\x8ao~\xf3\x9b\xc2\xf5\xe7`\xd7\xd5\xbf\
?\xf0\xb7\xe1\xd7\x17\x17\x95\xe3\x9ak\xae\x95\xb4\x1a\xe3\
/.\xae\x9a\xeaj<\xf8\xe0C\x22w48\xa4g\
\x10\xc8^joo\xc5\xe4\xa9ct\xe4\x9b\x0c\xd1H\
\x10\xcf\xfd\xe6W\xf0\xef\xd8.aB\x97\xd3\x8a\xc9\x17\
_\x809\x97^\x0a\x98\x88\xccS\xad6\x81\xa2\xdcl\
`b-\x02\x9d\x1d\xd8\xfeR7\x1c\x09\x0d\xbb\x9f{\
\x11\x15\xb3\xe6#*8\x84.\xdf\x14\xa7p%[\xf1\
\xbdEkg\x9d\x96\xca\xee5\x16d\xe7da\xa0\xb7\
\x07=}\x03\xc8+\xa0L\xf3\xd1\xa5\xa8:8)X\
\x06C\x1e\x97\x07+\x9e{\x1e\xfb\xea\xeb\xa1:lR\
\x90\xb4d\xc9bTTT\x09\xadWB\xa2wXi\
-\xd9\x81T\xbc\xcdk\xe5v\xb9q\xdd\xb5\xd7\xe0\xa5\
\x17_\xc1\x9aU\xab\xa5\x01\xe9\x8e\xbd\xdb1s\xda$\
!\x9eH\xd92\xef\x1b\x8bAL&T\x8f.\xc5\xe8\
\xaa\x1245\xb5K\xdb2_ \x0co\x80u\xea\xcc\
5\x90\x1c\xc5\xd8\x96\x14^\x0b\xac\xaa]\xca\xac\xd7o\
\xd8\x88\x8e\x8e\x16\xf1\x1a(\xa4IJx\xed\xf8q2\
I\x8f\xee\xd2t\xd2\xe3\x84\xdfz\xf8\xda\x8b \xaa(\
 \xc5\xe1t9q\xde\xf9\xe7\xe2\xcf\x7f\xfa\xb34\xfd\
hm\xeb\x10\xbe\xc5a\xa7F\xd4S\xe1v9%4\
\xa5\x07D\xc1\x0f\xa6s\x89e\x1d\xef\xfb\x95\x14\x0fD\
g\xbd\x1a<\xf1\xd4\xf7\xa7B\x1d\x86\x83\xc9\x080\xba\
j4\x9cv7B\xa4\xdc\x9a\x14t\xb54\x22A\xc1\
N\xa6\x93U+J\xe6NC\xcb\xd6\xad\xc8\xb1\x99\xb1\
\xf7\xe5\x97\xe1)-\xc0\x84\x0f]\x80D \x0cM1\
c\xc2\xd2\xf3\xd0\xb5\xa7\x0e\xe1\xeeV\xecZ\xfe\x22\xa6\
_}\x9d\xd4!P\xe4\x96F\xe0\xcd\xae\x89Q\xfem\
\x14a\x89FAX\x13]\xc0\xf3.\x5c\x82\x96\xa6\x0e\
|\xf7{\xdf\xc6\xb3\xcf>\x87\xcf\xdfz\xcb\x08lf\
\xc4\xf59\xc68.G\xd2p\x17\xf9\x85\x95\x95\x95R\
\xe4C\x10\x90\xb5\xfd\x87\x0e\xd5\x8b{\xa8_\x1c\x8b\x14\
\x7f\xfc\xfc\x17?:\xf6\x05\x86\x19\x9f\xbc\xe9\xbfp\xc5\
\x87\xaf\x90\xb2]\xc6\xba\xe1\x10\x8b\x99M\xb0\xb3'\xde\
\x8a\xb5\xe8X\xbf\x0e.%\x0aw\xd5(,\xbd\xe1\x06\
\xe4\x8c\xaeB2\x16\x17p\x90\xbb\x17_K\x8e\xfc\xf2\
\xdf\xfd\x05\xadk\xd6\xc2n\xb5H\xca\xac\xa7\xe1\x00\xba\
\x0f\x1dB\xc1\x84Z\x11\xdb\x14u]\x9b\x15}\x01\xbf\
\xd0O\x99\xe62@\xa2\xe3\xba\xf2\xaa\x82\x8c\xac4$\
MIt\xf6\xf6\xa169J\xd2eG\xbc\x8e\x12\xd0\
\xfc\x14j\x17Xl\x18\xe8\xeaFCs3k)\x91\
\x93\x9b+\xaaF.\xb7Gv\xfe\xe12Y\xbc\xb3a\
\x04.:\x8fJ\xdf\xe1\xb8[-Yr&\x9c\x0e\x1b\
^_\xf6\xba\x84:\x83\xde!)\x86\xd1X\x96*\xaf\
\xd5\x8d\x81\x16\xd7wF6\xf3\xa8(+\x92,Bw\
/\xfb#*\xf0\x0eQ\xbe\xcc,\xa1]cc\x8bh\
%\x92-\x18N\x04\xc4%US\x8b\xa2\xac\xac4E\
\xca\xd2\x11\xff\xb7J\xf3\x1d+r:,\xe4\x9az\x8d\
\xf1\xbf\xe3] \xb9\xf6F\xa1\x8f\x9e!\x10Y\xf7h\
\x14\xe9ii\xc8\xce\xc9\xc6\xd0!\x16\x1b\xe9\xf4g\xdd\
\xcd'\xa7B\xffP\x8b4\xecT\xa5\x87_$B.\
\x86^\x15x\x5c\x0e\x80\xa2\x93t\xd8`\xd6(Pc\
\xd8\xc80\x80\xbc\x07!\x92\x99L\xd2\xa9\xbatT1\
\xce9{)\xda\xd7\xaf\x02jF\xc3\xa9q\x07\xa3^\
\x90\x02\x04\xc2\x98\xb0x!L~?6<\xf1$\x1c\
\xd68\xd6<\xfa\x10\x5c\xf9\x85\xa8\x9c>\x15\x89P\x00\
\xc5S\xa7c\xf4\xc2\x05\xd8\xfe\xd8?P\xb7n%j\
\xcf\xbb\x14\x8a\xcb)\xd9\x1e\xea@\x1e\xf7\xba\x8a\xb2p\
H\xe8\xea\xbap\x8dQ>\xaf\xa7\xde-v\x15\x8f?\
\xf68\xfe\xfc\x97?\x89\xc6\xe5\xc4\x89\x13p\xe6\xe2E\
:=\xd8\xe8\xaeet\xa7=j\xbc\xe56e\x14\xcb\
\xf0\xc1\x94 e\xbd\x08\x0e~\xff\xfb?\xc0\xd5W_\
\x8b\x8c\xcctA&\xa9\xdck\xb5\xba\xe4=\xaa\x89$\
\x0c\x15\xa3\xaajD\x91\xf7\xcfw\xff\x09\xe7\x9d\x7f\x0e\
\xc6O\x18#}\xe3\x09~\xd8m&l\x7f\xe69,\
\xbf\xfb.dX\x80\x90\xc7\x89\xd9\x1f\xbd\x069\x13j\
\x85$\xc2\x8bN\xe6\x9d.?\x1d\xc3\xda\xbf<\x80\xa6\
e\xab`\xe5td\x0a\xd9\x0e\x84\xa2~\x04\x06\xfad\
\x17\xd0EBU\xa1\xa5\xb2\x00&\x1c\x8e\x9e\x10\xb6\xc2\
\x89A.7\x8bK\xbc\xdeA\x11\xa7`\xb9\xf2\x113\
T\xb6bA\xee\xa4,\xf8\xaf\x7f\xbf\x0f^?I+\
V\x9cw\xce9\xc3\x8b\xff\xed\xb4g>\xd1a\x84\x07\
t\xebHSMOK\x97\x90'\xf5\xd7c\xbc^g\
\x9bhq\xbd\xe3\x11k\xdaKJsQYU\x80\xa9\
\x93Fc\xea\xc4QX0g2\xe6\xce\x9a\x80\xca\xf2\
\x02@\x89#\xe4\x1f\x82\xc6fvr\xee\xac\xf98\xb6\
 \xeb[\x0d\xf1\x97R\x00\xb0\xae\xe8\xa4/f}\xb1\
J)\xdf\x91\xa4\x88\x91\x8fD\xea\xc1s#.\x92H\
 \x19\xd7\xbd\xaa!\xef\x00\x06\xfb\xfbaQ\x15\xd8X\
\xf1'.\xbc\xa1\x8b@\xac\x85m\xc63$mI\x86\
!\xab\x00\xb3\xb2r\x84\x12Mj\xee\xb1\xdark\xa9\
~\x8cT86J\xb6#\xe10JKK\xa5\xc6\x80\
\xbd!\x98v3R\xb6\x9f\xb8\xe1&\xf4\xb3\xd0J3\
!10\x84`o'@\xed\x82\x14\x8d\xbe\x96\x82\x9f\
W]\x89\x90\x92\x80y`\x00m[\xb7\x93\x18 b\
\x93Z2\x8e\xd1\xf3\x16\xc0\x96\x9b\x8d@[\x0b\xbc\xcd\
\xf5\xa2{\xc0\x0c\xd8\x9b^O\x0dX\xb3f\x1d\x9e{\
\xeeE\xec\xd8\xbeKHd\x86E\xd3\xeb;L\x92]\
\xe2\xa0\xe0\xc8%\x97^\x8c\x97^xE*+\xc5X\
\xbc\xc9\xe7\x9f\x90\x010\x8a\x81x\x82L\x8f,\x5c\xb8\
\x00\xdf\xf8\xc6\xd7\xf1\xf0\xc3\x0f\xe0\xe7?\xffi\xaa\xe8\
\x22\x81h4 \xa5\x94\xe4K\x13H|\xee\xb9\xe7p\
\xc6\x99\x0b\xe0\x1b\x0a#\x18\x88!\x18\x88K\x99$]\
T\x0c\xf8\xb0\xf5\xc5g`\xf3\x0f\xc0\x17\x0db\xc9\x8d\
7 o\xc2$D}Aq\xfd\xc9\xf1\x97)\xa3\x02\
\xaf\xde}7\xf6?\xff\x12\xec.+\xbc&\x0d\xe3/\
:\x17\xee\xc2|\xc4\x83\x01\xd9\xe9y\x16\xe2 I:\
\x9e\xfc\x05\x0d^\xaf\x0e\x8a\xbc\xe9\xb6E\x1c \x01\xe9\
\x1els:\xe0\x0f\x06\xd1\xdd\xd3/\x0c\x9a\x91\x13_\
w\xbetZ\xf1\x9a\x0d\xeb\xe1\x8fE\x10\x8c\x861c\
\xfatTV\x8dF\x9cE+\xa9\x02\xa9ws\xc8.\
,\xdar)\xcd\xfdD\x5c\x98yz\x96\xe1\xd8\x0bU\
\xd7c\xe0\x82\x8a\xca\xe2\xd6\xa2a\xd1\xf1\xd3\xa2\x01h\
Q?FU\x16c\xd1\xfc\xe98s\xe1t\x14\xe4f\
\xcb\x82\x93\xbc\xbcI\x11\x86\xde\xf1\x84:\xdfl\xe1\xbf\
\xa1mV\xaa(^\x98\x8fq\xe3\x918\xf6\x83!O\
<\xa1s.8yI\xcc\xa2\x11Q\x15\xb465!\
\x1c\x08\xc0\xac(H\xf3\xb8\x85\x03\xa0{\x01\x06\x81\x87\
\xa9W;,V\xbd\xc6\x83y\x7f\xd6&8\x9d\xa9\x85\
p\x9c\xf30\x99\x14T\x8d\xaa\x1a.\xe0\xabe\xeat\
\x0a\x1bl\xe2\x08\xa06\xe2Ob\xe9\x92s\x91QZ\
\x8a\xfd\xde~\xc4\x07\xfd\xd8\xf7\xfaJ\xc1\x1e\xe2\x0a3\
U&$B\x11L\xfc\xd0\xb9\x18\x7f\xc9\xe5\xf0)\x1e\
\xa4\xe7\x17\x8c(\x11\x89 ot\x15\xf2j\xc6A\xf1\
\x0e\xe2\xd0\xba\x95P\x05\xa4~\x0b\xb6^\xaa}<A\
\xbd\x9d;wc\xe7N\x96\xcb\xeb\xd9\x1c\x86\xddd\x18\
^z\xe9%\xb8\xf9\xa6\xcf\x8b\xa1\x1b\xf2\xf9p\xc3\x8d\
7\xa2\xa1^\x07\x7f\x8f\xa7E!\xe7~b\xb7\xf6\xb0\
!0\x0a\x86(\xd0A\xf7c\xed\xda5\xf2w\x92K\
n\xbd\xf56<\xfe\xf8#\xb8\xe9\xa6\x9b\xf0\x97?\xff\
\x0d5cF\xc17\x14\x91\x94\x13;\xf0\xf0\xc1\x09\xcc\
\xcc\xc0\x81u\xeb\x11mi\x85=3\x0d\x93?|\x15\
\xaaf-@\x22\xaa\xc1\xc2N:F\xde\x9d\x85<\xe1\
0\x06\x9b\x1aa\xb2\xc4\xe0G\x02K\xbe\xf0_\xa8=\
{\xb1p\xf6]6\x07\xd2ssS\x9d\x84\xf4\xbb\xcb\
\x85\xc1\x1b\xda\xdd\xdd\x95\xaa\x03x\x93sJi\xcb\xa5\
\xa5\xbb\xa43\x0b=\x13\xba\x8e\x9a\x003\xc6\xa5\xa1\x85\
V\xa0P\xde\xac\xbd\x0d\x07\xea\x0f\x09\xd1g\xec\xb8q\
8k\xc9\xd9\xbaD\xd9\x11\xec\xc7\x13\xa5\xc4\xbd\xfdA\
N\x05y\x044J\xb2\xab\x0d\xdf\xe0\xa3n\xf4a\x0e\
t\xealyei\xa8R\x18\x05\x0dJ,\x82D\xc4\
/\x19\x80\xa5K\xce\x80\x8b$\x9fX\x5c\xaa\x09\xd9\xae\
\xbdn\xcf>\xc1\x04\xe8mH\xc1\xe1\x91\xd0\xc8\x91\x0f\
\xa3V\xc2X\xbc\xa9\x9d^2\x08\xa9\x9f\xb9\x0br\xb3\
\xd0Y\x97\xfa\x03\xc6\x83e\xd9I\x82\xc3\x10\xf6\x1f\x85\
a\xf8\x9eP \x88\xf0\xe0 6\xac['k^A\
\x02y99\xa2\x1b\xa9_\xf7T\xcaVQ\xe0\x1f\x1a\
\x14\xda4\xb3/\x0e\xbbMt\xf8b)=\x90\xe3-\
\x03M\x83t\x98b\xf1PfV&f\xce\x982\xac\
G1\xfc>\x86\x0a\xa9\xda\x14\x93\xc3\x89\x8d\x0d\xf5\xb0\
\xdb]hZ\xbf\x09\x09\x96H;lr,L\xeb\x91\
\x9f0\xeb\x92\xcbp\xf5\xff}\x1bc\xcf\x98\x0f-\xca\
9b\xd1\xbd\x1a\x9b\x15\x15\x93\xa7\xc8\x9d\xeb9X\x87\
\x04\xbb]\x0d\x0b\xe3\x1c\x8d=\xa5\xb25f\x93\x88\xde\
\xd0\x881c\xc5\x8e\xcc\x1d\x1d\xbd\xbaj\x924V\xd1\
\x84\xb9\xfb\xc7?\xfd\x06s\xe7P\x18$\x89\xf6\x8e\x16\
|\xf3\x1b\xdfLu\xa7:\xfe\x5c:i\x9f\xd5@\xab\
)\xf1\xb5e\xcb\x16\xdc}7\x95w\x81\x9bo\xfe\x0c\
~\xf5\xab;\x84\x03O\x0e\xc1\xa2E\x8b\xe0\xf7Qm\
\x872Hz3\x07N\x04\x02V\xf1!?\xb6\xbe\xf8\
4\xe0\xf3\xa3t\xfa|\xcc\xbc\xfe\xbf\x90dg\xd6T\
\x01\x83\xc8>\xd2\xedJ\xc4av:\x91VY\x89\x90\
\xc5\x8a%\x9f\xbd\x19\xa3\xceX\x88@\xef \xc2}\xfd\
px\xdcH\xe3\x85\x118B\xdf\xa1IUu\xd8\xad\
b\x00(1N>\xfe\x9b\xc5\x7fz\xa5\x22PZ\x5c\
,;k_?SH\x11\xa9\xee\xd273\x91\xee\x10\
\xd6\xd0\x9e\xfdu\x88\xc4\xa2\xc8HO\xc3E\x1f\xfa\x90\
\x14\x9bH\x1b,q\xb1R\x8f\xd4s\xa3,\xf3\xf0\x03\
\xef\xe8ax\xcf\xbc\xa1\xd4\x18`E]Vz\x06r\
\xb3\xb3EJ\xd6\x90\xbc\xd2\xe3g\x9e3c\xf6\xd4\x8a\
M\xa9\x16\xc9.D\xd2U*\x1f\xa6\x97\xad\xa7$\xb2\
B!\xa4\xa7\xb91~l\x8d(\xfe\xd2K\xa3\xa1x\
\xf4\xd1G\xd1p\xa8Qj\x09\xe8n\xd2\xc5\xd4o\xcf\
\x91\xb2U\x12\x83'd\x95\xe8a<\x17\xb3,h}\
\x11\xcb\xaeOw\x9e\xb4\xe8\x11\x0f\x8d]\x98\x99G\x8e\
\xc7\x90\x8cG\xc4\x8b\xab?p\x00\xf7\xff\xf5\xafx\xe1\
\xd9g\xb1f\xc5*<x\xdf\xfdx\xee\xa9\x7f\xc1?\
8(\xba\x0ciN;F\x97\x97K\x06@\x98\xc1\xd2\
hU\x17\xcd\x14]~i\x9f\x1d\x97n<\x85EY\
\x88\x0e#\xed\xfc\xd3\xc8c\x86\xec\xa4=\xdd\xfd\xb2[\
r\x83c/\x06\xee\x98\xa4\xc6\x1b~\x95\xfer\x1d8\
Um\xc0\xa4)\xd3\xb1\xa5\xb5\x0dA\xb6\x0f\xeb\xe8\xc0\
\xfa\x7f>\x8e(\xe5\xc7-\x9c'\x1aT\xc1\x0d4\x14\
L\x1b\x03\x0b\x15\x92e\xab6\xebX\x01\xf5\x0b\xca\xcb\
\xa1\xb0\x09N{\x1b\xbc\x9d]z\x93[\xc1\xd4\x8em\
\x04h;\xf3\xf2suV\xa1d\xaf\x12\xd8C\x86\xec\
\xf0\xad\xa5Fc\x02\xb1h\x12\x7f\xfd\xeb=(*\xd0\
\xb1\x9bg\x9f{\x16\xadM\xad0\xbd\x89,\xdc\xdb\x0a\
Z\x8d\x0f#w\x9b_D\x99\xa4o\xff\xdfw\xa4\x9e\
\x9a\x8b\x88\xca\xa9\xdc\xa1\xf4\x9d\xf1\xc8\xf7\xb1\xe0\xb0m\
\xe7n\x04\xea\xeb`\xcfNG\xd1\x94i\xd0\x22d\x07\
\xf1\x22\x1d\xa3lR\x03\xe6]|\x19\x96|\xfes\xa8\
\x989\x17ZTA\xc3\xb6\x1dB\x0c\xb1\xa6g\xc2\xe6\
\xf2\xe8\xf1]\xca\x9d\xa7%$\xdd\x96b\x18\xec\xfe\xaa\
\xd3\x93\xdf\xc4\x04JM\x80\x86\xe2\xe2Bd\xe7\xe6\xc2\
\x1f\x0c\xc1\xebc\xfaH\xef\x08\xca{\xa7Z-hk\
j\xc4\x16j\x0e\xa8&,\x5c\xb0\x10\x9e\xb4\x0c\x9d\xaa\
\xfbN\xd1\xf1\x13\x1c:\xe1JAkK\x1b\x1ey\xe4\
\x11\xd9\xe5\xb8\xf8mn\xa7\xec\xaa\x87+\xda8\xd9\xa9\
\x1ccT\xfb%\x90LD\x90\x8c\x87\x86\xf9\x02\x8aY\
e]\xd0\x11\x83\x9f\xcd\x10a\xd6\xcc\xe9\x22\x9b\x1d\x8b\
\x86u\x9d\x01\x00\xcf\xfc\xeb_x\xe1\xf9\x17u\xcd=\
\x8bI\xdcq\x83\xb6\xad7\xc2 \x98j\x10\xfbx\xcd\
\xb8\xa3'ab\xa6!\xe5\xd2\xd3\x98\xb3@A9\xca\
\xe5\xe7\xcfG\xfc.\x91@\xd3\xc1\x83\xf0y\xbdh<\
p\x00;\xb7nE,\x18DkS#\x98\xd4\xb2$\
5\xcc\x992\x0d\x99n\x8fn\x004\xc6\xd6L\xdb&\
\x91\x88&\xd0\xd2\xc2\xb2p\x05\x16\xbb\x15%e\xa5\xb2\
\xfb\x1f+\xf6\xd7\xc9?\x10\xafo\xcf\x9e:\x01\xd8X\
\x88TYY5\x8c\xb2\xcb\xf4\x18\xf9\x96\x94E`\x1d\
J{2\x81u-\xf5\xc8ty\xb0\xf3\xe1\xc7\xb1\xfe\
\xf1\xc7`\xa2B\xb4\xd0\xe0\xf5\x92q-\x14\xd5W\xaf\
\xf1v\xf1\xe5\xe3\x12\x168r\xb2\xe1\xef\x1f@_S\
\xf3\xb0`\xe9\xb1\x86!\x81\x9e\x99\x919\xdc\xc0\x94\xa9\
[vDbO\x0bc\x83\x13^@8\x89\xea\xb1\x95\
\xf8\xd5\x1d\xbf\x11v\xee\xe0\xd0\x00~q\xc7/\xdft\
^\x9d\xb4\x010@\x13\xba\xff\xdc\x1d\xf8\xf3\x85\x17^\
\x84\xbc\xfc\x1cQ\x8ca\x85\xa0tz\x11\xd4\xf1(\xee\
\xa5\xc8\xfaj\xd8\xbfv%\xe2>?J\xa6OB\xd9\
\x9c\xe9\x02\xa0\xe9\x5cp\x9d\xb8q\xc4\x05#K\xaf\xb8\
\x00\xa3\xe7\xceF\x8cZ\xea\xc9\x04\xdaw\xef!f\x05\
wN.\xec\xe9na\x00\x1a\xd6\x95\xa9D\x82>\xbc\
\x81d\xca\x05\x83D\xe6\x8f\x7f\x9a:!\x88\xa4%\x05\
V\x9b]6\xaaC\x0d\xcd\xd0\xb8B\x88C\x08\x80j\
\x912^\xaf\x7f\x08\x99\xb99\x984i\x92\x9ew>\
\x91\x12\xb37\xb9\x8e'\xf20\x86\xec\xd2\xb1\x04^~\
\xe9e\xa1\x0bs\x87\x1e?v\xcc\xf05\xd3a0\xdd\
\xd30\xc5c\x88\x0e\x0e\xc2\xdf\xd6\x89\x81\x86&\x0c\x1c\
\xaa\xc7@\xfdAx\x1b\x0eb\xb0\xb1\x01\xc1\xce\x0e(\
,\x5c\x91\xb9\xaa\xbb\x18r*\xf1\x98T#\x9e{\xce\
\xd90+\x9a\x80h,\x11'\xb9j\xcd\xea5\xb8\xef\
\xbe\xfb\xb0b\xd9J\xf4\xf5\xf4\x8b\x11`\x06\x85\xbb\x0b\
\xdfL\x01\x96X\x82\xc2*Q\xd9\xf1\x18\xc2Q\xd7\x80\
^\x80\x90\xbfY\x9d\xc4\xc5N\x1aq\xe2(\x03\xc0:\
v\xaeTy\xc4\x90\xeet\xc2FM?\x93\x09V\x93\
\x06\x9b\xaa\xc0m\xb3 \x1e\x0a`|\xd5hL\x9f<\
\x05\xc9PD\xde\xcf:\x11\xb6Yg\x97\xa7\xf6\xb6\x01\
\xb4\xb62\xe5\xac ;7K\x9az\xd2\xb8\x1f\x0b\x9a\
\xd1\xfb<(\xd8\xbe}\xb7H\x891<\x1d;v,\
\xb2\x98\x11\x92\x14\xe9\x1b\xe7\x8ch7F\x81\x993f\
\xc0\xed\xce\xc2\xa3[7\xe3P\xc0\x87\x9c\xf4,t\xec\
\xde\x87\xe8\xd0\x10\x14\xd2]\x0d\xfax\x8auy\x98\xe0\
\xa5C\xf7V\xa7\x0b\xaa\xcb\x093\xe5\xc4\xc3\xa17\x08\
\xc6\x1c=\xa5\xc8\xe6\xa3\xe6 \xa5\xf5\x0c\xca>7\x04\
\xaaU\x8dl\x0fA#\xe0\xf7\xc6p\xe55\x97J\xd7\
k\x8e\xbb\xff\xfcg\xe9\x8bh\xbc\xe7\x1d7\x061\x0a\
\x0b\xc8\x09X\xbe|\xb9\x84\x02\xb7|\xe6\x96Te\x1b\
\xddD\xee\x98\xfa\xc7\x8a(\xc2\xf0wj\xec\x82\x87d\
(\x84@7\x85\x1clH\xaf\xa8\x94\x14\x1fHd\xd1\
\x89\xd7o\xfcBQv\xa1{\x18\x83\xc5\xe6D\xf7\xc1\
\xbd\xf0\xb5\xeaB\x10\xb9U\xa3\xa4\xb7z\x92\xcd<\xa5\
\xb7\x1cw>\x13**\xca\x85\xb9HT\x7f\xff\xfe\x03\
\x982u\xbc\xe0\x0b\xc7\x03\xe9t\xd7\x9a\x05G\xf9\xe8\
l\xefDk[\x17ZZ;PV^\x08DB\xe2\
\x9ev\xf7\xf6H\xbd\xd5\x84\x09\x13\xe58\xa8(\xac#\
\xed\x87?\xe3\xcd=\x81\xa3\xe3\xf3cQ?\x8e\xcc\xdb\
\x1a\x0cA\x0e\x1a\xdc\xa7\x9fx\x1am--P\x98\x9a\
\xad(\xc3\xb8qc\xa1\xb1\x13\x0fw\xdd\x14\x10\x1a\xe9\
'2\xdd'\xd8\x09C*^\x15\xd6W@I \xa1\
\x90\x1e\x1bB\xc0;\x88x(\x844\xa6\xf9F\xe4\xe4\
8\xe7\x13\xd1\x08\xc6\xd4T\xe3\xca\x0f_\x86\x17^[\
&\x0dN\x98y \x0f!\xe0\xf7\xe3\xa5\x17_\xc2\xe6\
M\x9bPT\x5c,\x93\x8au\xf3\x03\xfd\xfd\xc2\xff`\
\xba\x8d\xf7\xdfa\xb1\xc8\xee\xcf\xc5\xcf~\x0fS'O\
\x91TrRJ\xcbS\xdfe\x9c\xee\x08\x9cB\x9c\xf4\
H\x14\xe3j\xc6 /;\x1b\x9b7lDw_\xb7\
\xd4\xf9\xc7\xa31\x14d\xe7b:\x8do8\xa23,\
\xa5m\x5c\x12\xaa\xdd\x8a\xe6\xd6Nl\xde\xba\x9f\xe57\
\xb09\xcd\xa2\xcf/\xd7\xef\x184nCXs\xcb\x96\
\xdd8p\xe0\x80|FaQ\x91t,>\x5c\x18\xf5\
\xc6\xfb\xc3\xdf\x87\xc2q\x94\x96\xe5c\xc9\xe2%x\xea\
\xe9G\xb1;\x19C\x97w\x10\xe5ii\x08\xb3\x0fD\
\xa6c\xf8\xde\x8a\x19\xb0\xb3\xc7E\x02\xf1\x88\xde<\x86\
\x80\xacjw =3\x1b\xfd\x89:D\xd8Qj\x84\
\xfa\xb1\xfe\xdd\xe4~\xa4\xea\x17R)`\x1e/U\x8a\
\xd8l\xd6\xd0\x06\xe0\xf3`\x902`\xa9\xd2\xf7T\xa8\
\xc7\x9e\x0c\xd7_w=\xfe\xf0\x87\xdfa\xc8?\x80\x8d\
\x1b6IA\xd4\xb12:o\xab3\x10\xbf\xe8\xe5\x97\
_\x96\xe7W^q%f\xce\x9a&m\x96(\xe6\xc0\
\xef\xd8\xbe}/\x02\x81\x10&N\xac\x85\x8bE9\x8c\
\x0diq\xcd\xc0`{7\x06Z\x9b\x91\x91\x9f\x8b1\
\xd3fA#c\x897\xc98\xb6c\xacQ\xe1K\xab\
\xdc\x01\xfcXq\xcfC\x08v\xf7\xc23\xaa\x12\xb5\xe7\
\x5c(b\x0b\xfa\xe6\xaf#~,\x0f-*\xce\x97\x9a\
ur\xbaY\xa03\xbaz\x94\xd4\x90\xbf\x19\x16\x10\x89\
i\xa8\xac,GkS\x8b4'\xd9\xba\xa3\x0eY9\
\x19p9,\xc2-\xef\xf5\x0e\x08Kl\xec\x98\xb1\x87\
'\x92\x01x\xc9\xd4M!\xd7\xc3\xc0Qj\x02\x19\x94\
_\xe6\xb3\x8d\xaf\xd3S\xd7\x87cL\x1dj|\xc35\
f\xbeS\xee\xa9Y\xc5\xb2\x17^\xc4\xee={`\xb6\
\x980\xaa\xbc\x0c\x17_p\xa1\x0e\xcarge\xa3\x92\
D\x02C\xdd\x1d\x88\xf7\x0c\xc0\x1cgy1W\x99\x01\
c\xf3\x9b\xcc0KY\xb3\x09f\xa6V|aq\xcb\
\x95\xa3\xfcO\x1a\xd2D(\x8c\xaa\xca\x0a|\xfc\xda\x8f\
\xa0\xbe\xa1Q*\xeaX CZ\xa9\xdb\xe9D8\x18\
\x12y.}\xd2\x92\xbb\xaf\xc0\xaa\xaa\xf0\xb3L\x97\xc7\
\x93H\x8a|\x99\xc3j\x97k\xe7q\xd8QYY\xc6\
\xadZ\x9f\xe4\x06\x02ad\x08\x86o\x83\x8e\xfa\xdb-\
*J\xaa*\xc5\x18\xbd\xfc\xda\xab\xc2\xd1\x1fW]\x83\
\xb9\xb3f\xc3\xc4nD\x91\x90\x18_*4(\x16\xea\
A\xb6c\xeb\xae\x03l\x17\x83\xa8\x16\xc6\xe4I\xb3\x90\
\x97\x93\x8e\x88\x94\x85\xbf\xb1\xd4\xd9nW\xd0\xd0\xd0!\
u#\xfc3%\xc4'O\xaeM\xed\xa6#\xe4\xd6\x95\
cu\xb6NH\xd9\xf7\xd9K\xce\xc2\xd3O?\x0aK\
e\x05\xac\x8a\x0a\x7f\x5cA\x1a\x85O\xb8\xebE\xf4\x02\
$z(\x0d\x87\x0e\xc2f\xb5\xa0hl-\x19t\x88\
\x87\x820;\xac\xc8-(\xc6\xa1x\x1c\x092\x19\x05\
\x1f\x13H\x7f\xc4\x22\xe5vc\xd4\xd8\xe8\x97\x8a\xc6\xd6\
P\xcb\xe6n\x1f \xb9\xcb;\x88\xb2\xaa\x1c\x90\x8fD\
\xca\xb2\xa8\x22\x05\xe2\x980y\x0c\xfe\xfb\xcb_\xc1\xff\
~\xfbkhoo\x1b>\xfewd\x00\xa4\x84\xd6l\
\x96R\xcde\xcb\x96K\xa3\x84\xcf}\xee\x0b:\xe0$\
\x1a\xe3\x0a\xda\xda\xba\xb1c\xc7N\x09\x03xagL\
\x9f\x80\x08KG\xc5l\x01\xfd-\xed\x88\xf4\x0d \x7f\
\xfa$\xb8\xf3\xf3\x84\xb9\xf6Vq\x08%;\xb9\x0bu\
7\xb7\xc0\xdb\xd2\x02\x10\x889\xef\x22\xb8JH*J\
\x80\x0cUN\x06\xe3\x18\x99\x1aa\x9f\xc0\xbe\xbe>\x11\
\x99\xd8\xbf\xef \xa6M\x9f \x15\x8c\xc7\xf4\x028\x17\
\x05aU1~\xfc8\xac\xf1\xae\x87w(\x88]\xbb\
\xf7c\xce\xdc)\x88\x05\xd8\xf2**\x1a\x82n\x8f\xe7\
\xa8\x1c\xb7\xb1\x8b\xa5\x9a4\xa6~w\xf8R\x1b;^\
\x8a\xd83\xcco\xd1\x81)\xf9]\x0a\xc03\x0c\x82\x11\
\x96\xa8\x16\xca\x9b'\xb0\xea\x95\xe5\xd8\xb6\xe3\xff\xb5\xf7\
\x15\xf0qU\xf9\xf7g\xdc\xe2\x8d7\xa9\xa5\xa9\xbbR\
\xea\xde\x22\xc5\x0aE\x17)\xcb\xe2\xae\x8b\xc3\xe2\x14w\
wh)\xeeP\x17\xea\xee\x9a6\xb5\xb8g2\xfe\xfe\
\x9f\xf3\xbd\xefM&\xa5\xc5~ew\xf9/wwH\
\x9adf\xde\xdcw\xef\xf7~\xe5|\xcfY\x0b\x9b\xd3\
\x0a\x97\xd9\x8cq\xc3\x86!>\xce#\x1b\x84\xa0\x1dQ\
\x9e\xa9\xf6\xc2[T\x06'\x13\x8e\xfa\xeb)\xfc>;\
-\xf5R\x96tjk\x08!\x8c\xb8\xa4$\x85\x13\xff\
\xc9\xa2P^\x14\x13\x81\x5c\xb8\xe4\xb5o\x9e\x9d\x85M\
\x9b\xb6`\xd3\xd6\xed\x92\x07\xe0\x5cX\xa9l,9\x1b\
M\x95\xb2\x18\xf7\x87\x22\xc8\xcbi\x81\xd4\x94f\xa2\x10\
T^U)\x1e\x00;\xf4\x8c\xfa\xbe\xde\xca\xf2\x93\xf7\
\x8d\x02\x7f\xf4\xaf\x91\x9a:\xd1\xe3k\x99\x93+(\xbd\
D\x97\x07\xb6\x88\x09\xbe\x88\x0f6\x22\xef\xc8\x22D&\
\xe0\x03\x15X\xbbj=\xec\x8e8\xf85\xa0YZ*\
Z\xb6\xca\x15Z9qG\xb4\x83\xa9\xb5\xcc\xd8\xb3\xa7\
DZ\xdb\xadV\x8bp\x16\xe6\xe7wFjj\xa20\
\x01I(t\x98\xb5\xaf\xe6P\xfd\x01\xb9\x1a\xf8w\x14\
?yv\xda\x87(\xda\xb8\x0d7^w\x13\xcaK\xcb\
\xb1\x7f\xef\x1e\x91&\xe3\xda[\xb6|9:\xb4\xcdC\
\x97\x1e\xddq\xc2\xf0Q8\xfe\xe4\x93\xd4\xeb\x90\xa7\xd0\
d\x92\xa6.\xbd\xc7\xaa\x89\x94X\x93\xe5\xa9S\xd8\x11\
\x04$\xf4i\xbaAgN\x87\xef\xb1r\xd9\x01\x11_\
i\x95\x97-\xfd0\xf4\x84\xf9\x8a\x0c\x198\xfc\x94L\
:\xcc\xf8M\x06\xc0\x10\xfd 3\x10i\xc1\x06\x1c5\
X\x98a|\x0d\xe4\x03 V\x00B#\xc6\xe5\xce\x13\
\x97\xd6Iy\xb0\x0aM\xc6\xb9\xab\xad\xae\x92\xc4M\x5c\
r\x0aA\xd8\x12\xcb\xfd2~\x86\x998\xa0\xac\xe4\x00\
\x22\xbez\xb8\xdcNI\xf4\x09fE\x5c\xa4\xc6\x1a\xaf\
\x22\xfa \xaf[\x9aPh\x91v\x8aa\x00I*\xc9\
I/=\xe1\x07\xd3\x15\xe8\xee6\x8dwZz\x0a\xe2\
\x12\x5c\xa8\xaa\x0a\xa3`\xf7>\xe44\xcfD\xf3\xdct\
4KI\xc1\xfa\x1d\xdb\xc4e\xec\xdd\xab\xaf\x8aa\xf5\
m\xabN}&\xbe\x1a\xddM\xa3\xe11\xd6\xea\x0a\x9c\
8\xa6\xb4d\xb0\xe7(\xe2$\xbd/^*f\x11X\
\xecN\xa9\xfd~\xf1\xd9\xa7X\xb7v\x1d\xecn\xa7\xbc\
\xe71\xe3\xc7\x88\x0aOX\xc4H\xadQCD~\xfe\
\xc4\xf4\x0c9AC~?\x82~\x9fT\x5ch8-\
\xcc\xbc2\x87`\xb3\x088\xc4e\xb7\xc2\xeeQ\xa0-\
\xb9\x96(\xdf\xbe\x1e\x0b1' \xa0\x92\x10\x02\xa1 \
R\x12\xe21p\xc0Q\xe8\xdd\xad;\xea\xea\xbdX\xb9\
\x92l\xc9\xbb\x11\x0a\x13l\xa5!\x12\x08H\xe3L\xeb\
\xdcVh\x9e\x99\x0dwB\x02\x16\xcf\x9b\x87\xe2\x03E\
\xc8\xc8\xca@\xb7.]U\xa8\x12\xdb\x98u\xb0\xfb\xaf\
o\xfc(\xeaP\x17\xdaH\x8eODVj\x06\xf6\xee\
\xd9\x8b\xdc\x8c,\xa4d\xa6\x8bq\xaa\xad\x0f\xa0\xa8\xa2\
\x1c\xdbw\xed\x91\x83\x88D\xac\x16\xa7\x03\xbd\x07\xf4\x15\
D\xa8\xe2\xe8\xd7\x0d\xae\xa0gy\xf2\x9b\xb1o_9\
\x16,X(k9$\x95\x82N\xe8\xd0!_\xe7I\
\xd4O\xe0C\x9c\x114\x16\x8am\x99\xc0$ )Q\
\xd1oUWV\xa3x\xcf\x01\x9cp\xde9X\xbal\
\xc9O\x9e\xc7\x97Z\xb2v\xbd<6.\x5c\x82\xe1C\
\x86 .+\x0dE\xcc;\xd8\xacp'\xc5K)Z\
u\xce6\x92\xb3\x1c\xea\xa0b\x89[T\xaeC\xec\xda\
ub\xcb\xd6\x8dx\xed\xcdg\xb1s\xe76A\xfcM\
\x99\xf28N8\xe1\x04x\xbd\xf4\xb4\x1434G\xe1\
\xee\xdd\x87\xddY\xbf\xd9\x03\xe0 \xf3*/p\xe8\xd0\
a\x82\xe7\x0f{\x99\x84\xb1\xc9f'\xfeZ\xdd@\xd5\
\xf3n0\xb4\x1a\xfb\x80\x0b\x99\xa7\x10\x137\xea\xc6\xfc\
\xf2\xfbR#\x8e\x9e\x02\x89.5\xa7\x15f\xab\x13\x1f\
\xbe\xfa\x0aN\xcdj\x8d\xcc\xbc\xd6\xf0\x07X\xb2\x89M\
6*\xb2\x0f&\xebx\xb3\xd9\xcf\xbee\xcb6\xa4\xa7\
\xf7\xd7O\x99\xc3\xa8\xd0\x82u^+\xda\xb5o\x8b%\
\xcbV \xac\x99\xb0t\xf9Z\x1c\x979\x0a\xcdsr\
\xb0a\xfb6\xcc\x9d3\x07n\x9b\x13\x1d;wV\xa5\
-Q\x98`\xc6\xdb\xc8\x80\xeb\xb5o\xfd\xb40N6\
\xa9\x045\xc9\x19\xf2g\x0a\xbfn\xb2\xd9\xc4\x18D\xd8\
\xc8D^<\x97\x1b\xfbw\xef\x960\x8b\xd9^\xca\x8e\
\x13\x1d9z\xc8Pt\xc8o\x8bH\xd0\xa7k\xe0\xe9\
\x13H\x9e\x05\xbb\x1d\xae\xec,\xe5E\x04C\x08\xd3:\
2\x16g|\xa8\x97:\x09\xcb6\xe6G5\x1b1'\
\x10\x81\xd9\xcd\x06\x18\x134\xbf_\xcaQ\x82M\xe7\xbc\
S\xa1\x99Uwn\xdeH\x10N\xab\x09\xce\x94x\x8c\
\x191\x0cA\xbf\x1f\xf5\x0d\xb5r\xfa\xb3\x09)\x81\x8b\
\x93\xb9\x91@\x08u\x95\x15\xe2v\xf2\xb9=\xbavG\
\x22K\xb555\x9244\x0c\x96\xdc\x03\x96\x05\xa1\xf2\
7\xd1[\xa7\xbbOF\xe20).\x01\x85\xd8\x83}\
e\xe5\xf0l\xdf\x81\xec\xda\x80\x08\xc0\x94\xd4\xd6\xa1!\
H\xd82d]\xe4\xe6\xb5@\xf3\xf6\xf9\xb0p\xaet\
a\x19\x83p\x848\x06z\x0c\x9b7\xef\xc6\xbau\xeb\
\xa2\xe8\xd6\x84\x84\x04\xb4o\x9f\xaf\xab\x00\x1f:>T\
]\x93$\xa5\xdd$\xeb\x99\xb9\x0c\x9b\x8d\xe2-\xd9\xb0\
\x9am\xd2\x8d\xf7\xfe\xbb\xef\xc9\xe6g\xaf\x8b?\xd0\xd0\
t\xedR0\x87\xf7W\x03\xd6\xef\xd8\x8e\xbbn\xbe\x15\
7\xff\xf3f\xf8*\xabD?\x80soDB\xb1k\
C\xcd\x85\xfa\xde\xa8\x04\xf0:\xf9 \x97$\xb5\x0ew\
\xec\xdc\x8a\xf9\x0bgH?\x07{F&\x9ev\x22\xfe\
u\xf7C\xb8\xf5\x8e\x1b\xe5\xf9\xb9\xb99\xf2\xd5\xa0\xf5\
;\xd4\xf8]9\x00B`91\x86\x8b\x11-\xa9\x84\
\xd9\x95G\x8a\x22U\x8f\x15\x82H\xfd^\xeb\xa5a\xa4\
fd\x89^\x5c\x83\x9fe).\x11\xbd\x98y\x98\xc9\
\xa7\x0bL\xef\xd1\x11\x9f\x84\xb5\xbb\xf7\xe2\xf1\x05\x0b\x90\
\x91\x90\x80\x82\x8a*\xa4\x0d\x1d\x8d\xb3;\xb7\x86\x97a\
\x80\xa51\xdec\xea\x8bV5#3Y\xf0\xec[\xb6\
l\x95L/e\xa9\xf3\xf2\xb2\xd0\xd0`\xb0\x0475\
\x1a\xfc\x19k\xc6\xad\xf3Z\x89\x18H\xe1\xae]\xf0\x05\
\x81\xb5\xeb\xb6 5-\x07)\x09\xc9\xf0\xd5\xd6\xe3\x8b\
O\xbf\xc4\xb6-[1j\xe4H\x84\x83\x01q\x95U\
\xb9G\x93J\x02{\x04dM3\xe3-G=\xf5\xaa\
\xf4\xda8\x8f\x0f\x9e\xf2\xdc\x84\x92\xdcq`\xfb\xc6M\
\xc2A?h\xd8p\xd4\xd7\xd6a\xf5\xfc\x85\xd8\xb4q\
\x1d**\xcba'\xea\xcfn\xc7\x88\x91#\xd0.\xbf\
\xad\xb8\xfdR} 0\x074|\x14\xde\xd4\xb1\x0e\xf2\
\x9a|;\x8b\x9cX\xdc\x5c\xdc\xe0V\xa7[VW\xb0\
\xa1\x0e\x16M'j\x15\xaai\x13,q.,\x9b9\
\x03qq\xf1h\xdf\xa3\xa7\x8aC\x03AXl\x0e\xf8\
j\xeb\x10\xf4y\x11\xcfF,\x8b\x1d\x81z2\x17\x87\
`\x0b\x13\xfdj\x11!S\xe9\x05\xb7\xbbH\xdf\x8cp\
}\x1d,\x0e;\xaa*\xcbP][%\x9eZrB\
\x22%\x98TY\x8c\xe8^\xf6\x1ahT\x17\x0e\xc0K\
8\xb5\xcb\xa1$\xb5u\xb4M\xac\x97\xe4\xad\xaaAJ\
r2\xbc\x960\xca#\x11\x14\xd6\x06Q\xe6+\x95r\
\xaf\xdfi\x86\x1b\x11\xb8M\x16\xa4\xe74G\xdb\xae]\
\x11\xd2\x11sJ\xe8Eq\x1a\xf2{\xe2:\xb6l\xd9\
\x81\xf5\xeb7\x0a\xc0\x87q<i\xc4{\xf4\xe8.\xa5\
\xb5\xa84\xf9!\x0670\xfbL\xb6o\xdb\x89\x8a\x8a\
\x0a1\xda]\xbbuAv6\x9b\xad\xdaI_\xc5.\
rRJ\x08\xec@\xbb\xce\x9d\xd1\xbf_?t\xee\xdc\
I\xb4\x05_z\xe5E\x01\x18YLvh6+\xde\
\x9c>\x1dYq\x09h\xe36\xc1\x9a\x99\x09Or\xa6\
\x94/\xd5\x1eP\x860zhD=\x02\xbd)Io\
\xe96\x92\x85\xd2I+\xeesX87\xb8\x9b\xd8\x10\
D\x0f\xed\xfd\x0f\xde\x11\xad\x0c\x0eC\xcd\xe9P\x9f\xf1\
w\x19\x00\x83z\x99\xf1S\xcc\x0e\x92\xf2\x09\x7ff\xc4\
,|c%Ie\xc0D\xb98\xad\x88\x98-p\x0a\
\xa8\xe1\xf0J)Bd`\xb7\xc3\x9a\x98\x08k8\x8c\
\x1f\xe7\xcf\xc5\xcd\x0f=\x8cm\xe5\x95\xd8ZU-Y\
\xe0%\xab\xd7\xe0lz\xe2\xdc\x0c1$\x15\x06\xb4\x92\
\xa5\xe7\xd6\xad[I\x0cI\x97\x8f\xb8\x85\xfa\xfa\x0e\x02\
\x10\xe1\x9c\x18@\x8a\xa6\xef\xad\xde\x9f\xaa\xb3>\xafW\
\x1an\xa8X\x93\x90\x18\x8f\x9c\xe6y((\xd8*\xc9\
\xb5\x8d\x1b6\xa0x\xff~\x04\x1b\x1a\x04\x18\xc4k\xe0\
\xa9B\xa3H\xe2\x0ab\x0a\x92\x13\x93`%\xfdW}\
=\xf6\xec.\x14\x9a\xb5\x01\x03\x07*\x97\x97\xb5z\xb9\
\xd6\x10\xd6\xafZ\x81\xdd\x85\x85\xf08\x1c\xd8\xb4q\x93\
d\xd4\x13\x13\xe2\xe11Y\x11\xef\x8e\xc31\xe3\x8fE\
jF\x9a$\x90H *'({%\x9c\x1e\xd9\xac\
\xaa\x7f^}r\xc3\xa6\xf1D D\x95\xa7x\xe1\x1a\
\xe2\xd1\x81\x16\xbd\xbb\x01\xa4\x0e\xf3\xf2\xbe\x99a\xf1\xc4\
\xc1W\xbe\x1f\x9f=\xf6\x08\xea\x8a\xf7\xa3M\xdf~\xb8\
\xf8\xdeG\xa0%$A\xf3\xd5\xe1\xad\xbbo\x83)\x1c\
Dbn\x0b\x8c\x9dt:\x12\x9b\xb7\x12o+\xc2\x5c\
{8$\x0a\xb8\xb2\x1b\x85\xb0Ew\xef5\x8a\x9d\x94\
\xc9\xa2o\x99\xd5\x5c6\xb0@{\x15p\x1ff-,\
,\xc3\x0c\x05y\x10\x10\xd9\x16;\x8c\xcd\xcf\x8c:\xd7\
\x92\x9dtjA~@\x0b\x22\x84y;m\x82\xd4\xb4\
\xb1e\xdd\xe5B~~k\xb4\xee\xd4\x01abp\xf8\
\xd0U\x81\xc8\x0bY^Y%\xb2p\xa4\x19\xab\xad\xab\
\x93\xf9't\xbaU\xab\x16\x18<\xf8h\xb5F\x0e\x12\
\xeb<\xc4j\x94MFC\xc1\xb6t\xaa\xf2\xd0\xb0\xb0\
\xbc\xcc7*).A~\x9bv\xe8\xdb\xf3(\x9c>\
\xe9l4\xcf\xc9\x95\xb6\xdc\xf6\x1d\xf2e?\x8c\x19}\
\x1c>\xfax\x1a\xbe\xfa\xf63TUUH\x95\xe2\xce\
\xb7_E\xb7\x9cl\xb4\xce\xca\xc11\xbc\x0f$/\xd1\
\xbb\xfcT\x92OO\x1c\xc7&Hu\x89\xbdXj/\
Cl\xf7\xccs\xceB~~;<\xf2\xc8\xe3\xa8\xae\
\xae\xc5\xc7\x9fM\xc3\x9dw\xb6\xc3\xda\xb5\xab\xe5\x9ed\
7\xcf\xfe\xc9\xeb\xfd\x9f\x0c\x00\x19\x5c9\xa8\x8c\x12{\
\x81\x04S\x18\xee\x06/\x96tL\xc4\xab\xd3\xea\x1a1\
\x1fa\xb4\x84\xd5V\xee\xdb\x8f\x06\x96\x8eR\x12\xd4N\
\xd5\xef\x81\xd49y\x82\xa5\xa5\xc2WY\x8dO\xdf~\
O\xd4~g\xcc\x9e\x09o(,V\x96\xe5D\xbf\xc9\
'2U\x8d!^S\x8c*\xdf\x9f\xe4\x16T\x89\xed\
\xd4\xa93\xd6\xae]+\x06\x894S\xbc\xc6\x8e\x1d\xdb\
\xcb))It=3gh\x06rQ\xf0\xf4\xea\xd7\
\xbf\x1ff~?\x0b\xc1\x10\xfb\x18\x82\xb0\x98\x5cHK\
\xcdFUu)\xec63\xeaH\xc1\x14\x01*\x8aJ\
\x04\x88\xc2\xe7\xb3YEYn\x08\xd1(\x93tD\xaa\
\xf1=SR\x92\xd1\xafW/q\x09\x05\xc3N\xc3\xc8\
Z\xb9\xcf\x0b\xa7\x05X<\x7f\x0el\x16\x1b\xf2ss\
D\x184=1\x09\xa3\xc7\x8c\x11\xcd\xc4p}\xbd\x82\
\xc1\xb2\xb9\x87\xb4j\xf5^l]\xb6\x0c9\xf9\xed\xe1\
Il\xa62\xc9f\x1d;\xc0\x93\xc2\xed\x16\x97~\xea\
\xa3\x0fc\xc9\x17\xd3\xe1q\xd9\xd1w\xdc\x09\xc8\xed\xdc\
Mx\x16\xf8\xfc\x9a\xe2\xdd\xf8\xe6\x8d\x97P\xbbw\x17\
R<N\xecX0\x07\x1f=\xfe\x08\xcex\xfc1l\
\xfd\xe1G\xac\x9a\xf9\x1d\xda\xb5\xcc\xc1\xee\x15\xcb\xb1\xe5\
\x9b\x1f\xd0}\xdc1\x98p\xcd\xd5\x80F\xb1\x14f\xe2\
\x15<X\xe1\xf0\x99\x08\xd4cYi\xe2\x89H\xf7\x9e\
\xc5\xedD\xa8\xaeN\xe1\x13\xc4\xad\xa7\xecu\xb5\xb8\xad\
\x94\xfe2z\x07\x1a\xd7\x91I\xbc\x03\x1a\x106v-\
_\xb3\x06\xc1\x9a:\xa4Q\xe5'D%eM\x10\xc0\
\xf1a3\x12\x9c\x1e\xc4\xa56C\x95\xb7A\x12\xcd\xe4\
t\xa4\xacX\x9d\xb7^\xbe\x97\xf5)\xe54\x9e\x9a\xaa\
E\xbcw\xef\x9e\x22\x1f\xa62\xfa\x88\x1eV\x87\x1b\xdc\
\xc46\xbbE\x88Q\x98\x00]\xbdj5\xf2\xf3\xf3\x10\
\x1f\xaft\x08\xa8\x17\xd0\xb6M{\xdct\xfd\xad\xb2n\
\x02\x0dAlX\xbf\x01I\x09\x89\x22\xca2t\xf0\x08\
\x8c\x1a6\x0e+V\xcf\xc1=7M\xc6\x8aM\x85\xa8\
\x09kX\xb4k\x0f\x8a\x03&\xd8\xd9\xd4EQ]\xbd\
\xa1\x89\xc6\xc5X\xc3\x06\xf8K!\x1c\x15\x04?\x96i\
Y\xfa`@\xf0[2\xfey\xeb\x1d\xe8\xd6\xb5\x07&\
\x9dq\x06\xfc>?\xa6LyHJ\xf4|\xd5\xfc\xfc\
F\xf2\x9e#b\x00H\x8b\xcc\xc1D\x9f\xbaT]Y\
%\x10\x10.<e\xc5x\xafC\xd2\x99g\xc8\x15\xb1\
\xc6\x1a\x9f\x9c\x8c\xe4\xf4L\x94\xed\xde\x8d\xca\xa2\x03\xc8\
\xce )\x82z\x8e0\xe2\xa6\xa4\xa0\xae\xf8\x00\xbe\xfe\
\xf2K\xbc\xf7\xee\x07\xf8\xec\xfb\xef\xe4\xb9\xc4C\xabx\
\xcf&'lq\xd1\x01\xb4\xef\xd0^\xbc\xeb\xc3\xd5\xdf\
9w\xacFP\x0e\x9c\x96\x7f\xf3\xe6-r\x0a\xd0\x15\
d\x0d\xb5o\xdf>HJJ\xd0\x85\x14\xc8\x82\xdb\x88\
\xa9\xe7\x86MHPTc[\xb7l\x15q\x0b\x96^\
\xe2\xe3\x9a\xc9B\xf2\xd6U\x22,x|\x15\xf3\xb3C\
K\xfa\xc6\xb9\xb1\xa5\xad\x94Yo\xde0H\x89\x8c;\
 )\xce\x0d\x8b\x16B\xc4\xafp\xfc\x92\xfc\x13\xbex\
\x02Z\xfc\x88\xf7\xc4I\x98\x11g\xb7!\xb5E.Z\
\xb7\xcd\x13\x89\xeb\x88\xd7+\xa79W>y\xfd\xcc\xae\
8|\xf1\xf2\x0b\x98\xf5\xd9\xc7\xb8\xed\x85\x97\x10\x97\x91\
\x8d`}@\x12\x81\x92]\xd64lZ8\x17\xdf\xbd\
\xf9,v\xaf^\x0f\x0f\x0d[\xb0\x013^}\x02\x9e\
\xf4\xe6\xd81\x7f&J\x8bJ\xb0gO\x01\x1a\xaa\xca\
\x91\xc8r]@C\xa23\x0e\xcb\xbe\xf8\x08I\xb9)\
pF\x5c \xd0\x99\xf1ob\xbc\x03\x15Ue\x98\xf3\
\xfe\x1b0\xdbL\x18}\xe6y\x82\x9ac\x9e!\xb6\xdb\
O\xa5V(\xd4\xe1\x92\x0d^Z\x5c\x8c\x03\xbbvJ\
\x8d\x9d\xe5^\xce\x07{8h\x08<\x1eU/\x8f\x92\
\x7f\x18\xfd\x0a\x91\x08\x02\xc4\xc7k\x9aP\x98o\xdf\xb5\
\x1bn\xea\x1a\xd8\xacHMr\xa3\xac\xde\x8fP\xc4\x8c\
$W\x82p\xfe\xcd[\xb8\x18!\x0aq\x88\x00'\xbd\
0\x9e\xa6\xaa\x1c\xc6\x0d\xa8\x86I\xb2\xe4]\xbat@\
\x9b6YR\x1eTIX\xc4\xf4I\xfc\xcc\xd0\x80\x9a\
\x9aj\xe1t|\xed\xb5\xd7\x85jk\xd2\xe9\xc7\xc3\xc6\
\xdc\x81\x16\xc0\x9a\xd5\xeb\xd06/_\xba\x08\x89\xc0\xe3\
\x9a\xe0\xdaw:m\xa8\xa9\xaa\x82\xc9\xe2D\xfb6Y\
x\xff\xf9\xb3q\xc7\xc3\xd3\xf1\xd2\xc7\x1ba\xb7:P\
^W\x87\x95\xabVa\xe0\xe0\xc1\xc2\xe9\xc7}\xa2z\
4\xe8u\x18\x9eIcR\x90\x06@ \xca\xfa\xfeb\
R\xd0\xd8\x8f\xfc\xddq\x13&`\xfe\xbcy\x187n\
\x1c\xca\xca\xcb\x11\xf1\x85\xe1t\xb8\xd0\xa7w\x1f\xb5\x1f\
\x0e\x91m\xffM\x06\xc0p\x95\x8c\xe4\x02[c\xc5\x85\
\x92&\x13\xa3N*\xe9#EX\x10\xf0\x0b?\x1fo\
61\xe4\x81H\x08\xf1\xcd\x92\x90\xd5\xbe+\x8a7n\
A\xcd\xde\xdd\xc8\xee\xd9Sr\x01\x1a\x93%\x19\x19\xf8\
b\xea4\xbc\xfc\xda+\xf8\xe2{\x853`#\x11\xd9\
N\x82!RE{p\xf3M\xb7\xe1\xc3\xe9SQ\x5c\
T\x84\xbe\xfd\xfb\x89\x07\x1a\xedB\x8b\x0e\x96\xe4t.\
4\xb5\xa6D\xb3=11\x01\xabV\xad\x11\x10EU\
e-\xe6\xcf\xffQ\xb8\xd6Y\xae$\x93nff\xba\
dz%q\x16Q\xea.-Ze\x09I\xc8\xbc\x05\
\x0bQZ\x5c\x02\xbb\xd5\x0e\x8f3\x05N\xbbGn\xb8\
-\x12D\xaa\xc7\x81\x8c\xd4Td4k\x86=\x85\x85\
\xa8\xac\xa9\x94\xa6\x12a\x1a\xf6\xfb\x85\xc6\x8a\x8d\x1b\xfc\
Y]E\xb9\xb0\x03K\xd2\x8f\xd8r\xb3\x19\xdd\xdaw\
F]e5R\xe2\x13\xd1*'\x07i)\xcd\xd0\xac\
y\x96\x00i\xc8{'1;\xd9q\xe8Q8\xdcX\
\xfe\xf1\xc7X\xf9\xd5g\x88\x8f\xf8\xf1\xf5;/\xe3\xa4\
\xabnB|v[T\xee*\xc4\x81\x1d\x9b\xb1f\xd6\
wX1\xe7\x07\x98\x1aj\x10O!\x8907\x06\xeb\
\xc8IRC_\xf8\xe5g0\x99\xad\xb2\xb9\x1d\x02\xa1\
\xb7\xa2[\xfb\xf6\xd8\xb6c+\xdc\x9a\x86Y/\xbc\x86\
\xb8\xf8\x04x\x5c\x0e8\xad\x0e\x94\xd5\x96\xc9\xa9\x9e\x1a\
\xef\xc6\x9cw^G\xe1\xdau\xb8\xf0\x9e\xfbaNp\
C\xf3\x05%I\xab\x99\xc3\x88\x98\x88\xfa\x0bI\xb8\xc4\
\xd6\xec\xea\xea\x0a\xcc\x9b3S\xa0\xd3)I\xc9B\xa2\
\xc1$\x19\xc9*\x99\xc1\x10\xfc\xbb\xc9\xaa\x13\x7fXU\
\xa5\xa2\x9e\xb2\xe8URm\xa1\x0e\x02W\x17=\xa0^\
\xdd\xbb\x8b\xd8JiE5J\x0eT\xa0\xde\xefC\xbd\
/\x00?E\x85\x98\x81\x95\xde\x07\xa2\xef\xecp\x9b\xe8\
)Xa\x8aX\x85\xb9\xbaE^Kt\xed\xd2Q\xd6\
\x81\xd7{\x10\xb3\x91I\xad\x97C\x8d\xa8\xd4\xbd\xd7\x8b\
\xda\xfaZ\x14\x97\x1c\xc0\x8fKfa\xe0\xe0~\x18?\
~4\x8a\x8aJ`59E(\x84\xc6O4%\xc3\
A\xb8\xadn\xc5%\xc8\xcd\xca[g\x0a\xa2\xd6[\x06\
[u\x01\xae\x98\xdc\x0b\xebv7`\xf1\xca\xbd\x08\xd4\
T\xe0\xaak\xaf\xc6\xf7?\xcc\x84\xc3\xea\x90\xc3\xcal\
7\xd2\xd9\xc6\xc9\xdf\xa8\xd6M\xafH\xa8\xf7u\x84a\
\x1d;g\xa1\xda\xd9U\xfd\xdf\x8b^\xbd{\xe3\x81\xfb\
\xee\xc7\xc5\x97]*\xef\x7f\xea\x89\xc7\xa1c\xe7\x0eQ\
\xee\xce#b\x00\xf2\xf2\xf2d\x13}\xfa\xe9t|\xf7\
\xedd\x8c\x1b?\x1a>o\xe3\xe9\xa9&TQbS\
\xf2\xca\xee \xe1\xa2\xfa]\xc4b\x86+\xab\x05\xcc\x96\
0v\xae\x5c\x82\x0ec\x8e\x87\xc9\xe9\x82\xb7\xae\x0a\xff\
\xba\xf6^<\xf1\xec\x0b\xb2H\x8c\x9a87\x7f\xdf>\
\x83\xd0\xa7O_\xd1f\xef\xde\xad\x0f6o\xde$\xb1\
\xf2K/\xbd\x841cFG\xcbF\x8dH*\xfdJ\
\x0c\x10\x8e\x02\xc9\xa2}\xfb6HHL\xc0\xe2E+\
\x84=8\xe0\x0f\xa1\xcc[)\xe5,\x82\x86\xc8\x0f\xc8\
Vf\xea\xca\xf3\x94\x8f\x8fO@jr\x8ah\x14\x0c\
\x1d6\x04\x9b7\xb0;n\x134\xb3\x15\x11\x9b\x07.\
\xcd\x82D\x840\xbc_\x1f8\x5c\xaa\xa6\x9e\x1a\xef\x12\
H,O\x8bF8\xa9\xca\x90R\xc4\xc4\xca\x04\x9a8\
\x07\x8ax\x83\xf1s\xab\x96\xad\x04\xe3N|\x7ffN\
6\x9cq\x1e\xc9\xac\x8bgB\xe3\xcaL\xbbT6,\
X;\xeb{|\xfe\xca\x8b\xf00\x9cr\xba\xb1i\xe1\
\x8f8Pp%\x06\x8f\x1e\x8f\xc5?|\x8b\xc2\xed[\
a3E\xe0\xb6\xdb\x11\xb68\x11\xf4\x051r\xd8p\
\xf1L6m\xde\x88\x92\xd228\xa8j\x03\x02\x82\x00\
\xb7\xd3\x83\xa3\xfa\xf4G\xe7\x8e\x9d$DY\xf0\xe3\x02\
\x01\xf0\x10\xb5G\x0f*5\xb9\x99\x94\xe2\x8aJKQ\
\x5cV\x8c$\x8f\x0b\x85kVa\xf6\xc7\xefc\xec\xe4\
\x0b\x95Jo\xb4a\x9a*Ba\x01a\xf1\x90\xa0\xa8\
&\x0d\xc1\xac\x19?\x88\x01h\x9f\x9f/<~6&\
\xfd\x18\xcf\x08\xf4\x90a\x04\x19\xa6kPRT,_\
\x89\xdf(**R1\xbb\xcf\x87\x8e\xed\xdb##+\
\x1b\x11\xbf\x0fYiI\x88\xa7wQY\x07\x9b\xd7\x8a\
\xe2\xba\x06\xe1\x95\xe4\xe7\xb3ST\xc4\x14Fzb\x02\
\xf6\x94yQ\x17\xd2p\xd4\xd1\x03\x90\x96A\x8e\x08]\
\x9e\xfb0B(?7\xf8\xbc\xd2\x92\x12<\xff\xc23\
\x08\x86\x1a0o\xde\x1c\x09#\x8a\xca\xf6 -1\x0b\
\xc9\x14\x8c\xa5\x17\xc7\xa4\xa4\xdb)k\x88\xe1e0\xa8\
`\xbb\xcc\x9aX\xed\x09\x08\xc1\x85VIe\xb8\xf2\xcc\
\x01X\xba\xea}h\x16'\xb6\xef,\xc0\x8e\x1d[\xd1\
\xa7w?\x04\x03\xcc\x99)*\xf1\xa6\xef\xaf\x18\x81X\
\xf3\xe7\xa6f/\x00\x09L\x0a\xf7\x14\xc8\xef\x1dN\xe5\
\x09\xd0\x83\xe0F?\xfd\xcc3q\xcf\xbf\xee\x16.\xc9\
\xe3\x8f?^~w\x04\x0d\x80&<\x81l\x9a\xd8\xbe\
}\xab\xc8%\x1ds\xech\x95\x10\x92L\xa8\x19\x01\xa1\
\xb1b\xd3\x82\x05\x0f=\xf4\x10\xae\xb8\xe22t\xed\xd6\
\x11\xf5\xb5>B\xbd\x91\x9a\xdf\x0e\xd6f)(Z\xb7\
\x01\xdf<\xf7$\xc6_\xfewl\xdb\xb9\x13\x0f=\xfe\
8\x92lf\x8c\x1a\xd4\x05%U\xb5\xb09[`\xd4\
\xd8\xf1\xc8m\xd1\x0aII)\xe2Q\xb0\x14\x93\x90\x90\
\x22\xfa\x80?\xcc\x98!5\xfe\xce\x1d;\x0b5\xf7\xc1\
\xdc\xe7\x8d\xc0\x0a\x99\x02P\xa2>+3\x15\x83\x07\x0f\
\xc0\xd2\xa5\xcbQQQ%\xde\x0b\xbb\xfa\xf8{&P\
\x18{s1\xf1\xae[\xadv\xa4$%Ik,s\
\x8d\xe2\x9a\x12\x84B`\x12cz\x87\x15\xad\x9b\xa51\
\x0f\x0f-\xe0\x97M\xdbP_\x07Ob\x9c\xd4\xec9\
'\x8aV\x9a\x0aF5\x12B\x90\xa0R\xe8\xd1\xe5\xc2\
Tg\x9d\x94\xd1\xdcq0\xc7\x99\xd4{\x05\xc8gh\
\xa0\xe5t\xb4\x9d\xcb\x83=\xeb\xd6\xe2\xb3\x17\x9eA\x0a\
\xe1\xcf\x11\x0b\x02\x08#\xd9\xe1\x82\x7fo!\xbe~\xfe\
i\xd1\xd9K!e:\x93\xaf\xc1\x08Z\xb7h\x816\
\xadZ\xa3en\x0b\xd8\xecv\xb4m\x9d\x87M\x9b6\
\xa3\xa2\xbc\x5c6jVF\xba\xfc\x9en\x22\x93n\x1d\
\xf2\xf3\xe1q\xbb0{\x0e\x91\x7fup\xba\x1c\xc8o\
\xd3V\x8c \xe3\xcd\x1d{vc\xfd\x86u\xb0\x85\xeb\
\xb0\xf8\xcb\xcf\xd0\xb9_?\xe4t\xe8\xae\xb0\x1c\xd2\x09\
\xa9r1\x9c\xee\xde\xbdz\xc2\xefk\x10O\x8d` \
\x22\x16\xf7\xef\xdb\x87]\x05\xbb\x84|%.!A\xee\
\x0b=D\x1a\xbe\xda\xea\x1ay~\xb3f)\xc2T\xa4\
\x1a\xc7l\xe8\xd6\xad+Z\xe4\xe6\x22\xec\xf3\x0a\x97~\
\x80Rb\x910Z\xb7\xceF+\xb3\x19u\xb5u\xf2\
Y\x98\x05\x8f\x8fOD\xd8\xa4\x09cRU\xdd\x16\xd4\
T+\x9e\x06\xc39T\xf2\xdd\xbf\xadw\xc3n7a\
\xfd\xfa\x1d\xb8\xf3\xae;PT\xb4\x176\xab\x0b+V\
,EUu\xa5\xfc\xbeS\xa7\x8eHOK\xc5\xf3\xcf\
=\x8f\x1d\xbbv\xa2{\xb7\x9e8\xff\xbc\xf3E\xa6\x8d\
\xeb\x8b0v\xcd\x14\x84-h\x83\xd5\xde\x16\xd5u\x15\
\xe8\xd9\xb3+\xb2\xb3\x16`\xcf\xbe\xbd\xc2\xe0K\x08u\
UU\xa5\xac\xe5^=\xfb\xc8\x81$\x1eQt\xdf\xa9\
\xaf\xc4\xd8\x18`\xbc\xea\xeaJ\x94\x96\x1e\x10\xc3\xdb\xb5\
Kw\xf5w\xfa\xfa\xa7n\x03\xdb\x87\xa9K\xd9\xaaU\
\xab\x9f\x97\x06\xfb-\x93!\x09\x9aPPN\xc6\xe1\xc3\
\x87c\xc7\x8emR\xab\xbe\xec\xf2K\xc5j\x91\x7f\x8d\
Y\xd805\xee\xe2\x9c(-\xad\xc0\x9bo?\x8f\xdc\
\x169\xe8\xdd\xb73j\xaby\xca\x05\x91\xde\xaa\x15\xe2\
[u\x00\x08\xac\x99;\x03\x9e\xd48\xec19\xd0\xa7\
S.\x1e\xbc~ \xda\xb6\xb1#l\xeb\x86\xe4\xac\xf3\
P\x03\x0bf\xcd\xfa^2\xe9r\xd6\x90o\xb0m{\
d\xa4\xb5Bqi\xa1\x88I\xf6\xec\xde\x15uu\xca\
]\x8b\xdd\xf8\xb1\xd7mds}\xfe\x08\x92\x93\x130\
r\xd4\x10\x14\xee\xde'\xc4!\xd4x/\xaf(\x8b\xa2\
\xf0\xb8QU\xb9\xc5\x84\xf2\xb2*\xf9J\x9f\xc6\x22\xa7\
0\x1b\x94\x02h\x99\xe2A\xaf\x8e\xf9\xd2\xac\x22|\x17\
\xa1\x08\x1a\xbc\x0dp\xb9=\xb0Z\x1d\x0a\xf9\xc6\xde\x08\
\x8b\x09\xf5\x0d^\xe9\xa7\xe7\xbc\x09\xfa\xcf0Lzb\
\x94uv\xd2o'\xa6$\xab\x12\x96\xd1\x10bt\x92\
\xd1\xc3\xf17`\xc5\xf7\xdf\xc0\xe1\xf7J\xa9\xb1^\xcf\
\xbe1\xc7\xc2\xbf%\x0b\x8eH\xa0\x87C\xc8n\x96\x86\
\xfc\xb6mE\xd2\x9a!F(\x18@\xd8\xcf\x8e)\x13\
\xbav\xec\xaa\x92q\xaa\xc9YN_\x1a\x0bn.&\
\xa3\xf2\xd8z\xed\xf5b\xd3\x96-\xd2\x1c\xe3vy\xe0\
'K\x92fB\xe7\xbc\x8eHm\x96*'z\xa0\xaa\
\x16k\xe6-@N\xe7\x9e1\x9bJR\xd5\xd2'A\
\x0fh\xe8\x90\xc1X8\x7f>\xaa**\x05\xb9Hq\
\x0ff\xe6%\xa1\xa5\xed\x89\x86\xdf\xf4\x84h$23\
2\xa4\xc2\xc4\x93\x8e^&A:\x09qqRj\x95\
\xd2'\x0b\x9f\xc4\x83\xb8\x09\xebf+\xb1\x09\xf1\xcc%\
\xe8\xb1\xb2x\x81\x84E\xf3\xb4\x93N\xbf\x80\x08\x836\
Kg\xb9\xb2\xb1\x9b\xef\x97\x87&\xf7\x9c\xc9\xeb\xad[\
\x0b\xf0\xf1\xc7\x9f`\x7fQ\x01\x9ag\xb6\x90\x9c\xd3\xfe\
\x03{\xa5\x0aDt\x1a\xb90W\xadZ\x8e\xafg~\
\x06+\x9c\xd8\xb2c\x1dV\xac\xf8\x11\xf7\xde{\x1f\xfa\
\xf7;Z\xbc\x9d\xb0/\x80`\xed\x22\x04#\x85H\xcd\
\x1a\x8f\xef\xe6\xefEqi\x99T\x88X\x16v{<\
\xf8\xf6\x9b\xafq\xc3M7`\xdd\x9a\x8d\xe2\xa5\x92_\
Cr\x02\xfag\xe3\xc1WQQ)\xf1?\x0dcA\
\xc1vT\xd5\x94KH\x9a\x9d\xdd\xbc\xb1\xa3So\xd6\
\xa3\xb0\xef\x8b/\xbe\x88v\xed\xdb\x1f6\xfe\x97\x9f\xff\
\x16\x03\x10\xbd\xc9\x80\x08E\xf0\xcd\xbe\xfb\xfe+|\xfc\
\xd1\xa7p\xba\xccR&Q\xae/\x95a\xc94;S\
\xdex\xf5\xea\xe5\xf05\x04\xc4\xeb\x0b\x86\x03\xb0\xb9\xdd\
hy\xd40L\xdd\xbc\x0d\x1f\xae\xdf\x84so\xb9\x0d\
\xe7]|9zv\x8c\xc7Q\xdd\xe2\x10\xf2\xee\x02L\
>\xf8#\x1a\xfc\xe1Z\xc4\xc5%\xc8\x0da\xc7\x16\xb5\
\xf5Z\xb6j\x8d\xfe\xfd\x15\xf1\xc1K/\xbd\x82\xca\xca\
\x9a(YI\x13zm\xe3vF\x7f\xce\xcc\xbb&\xd5\
\x09^\x17\x15x\xfb\xf4\xe9\x8a\xa1\xc3\x8f\xc6\x80\x01}\
$N\xe4\x09\x94\x94\x98('\x99\xe0\xbe\xb9\x10(\xa6\
A\xd6\x1fS\x04\x1e\x93\x86\x1e\xad\xb3\xd1\xa3Ck\xd8\
\x08\xabe\x0f\xbb\x16@C}\xb54(\x89\xc0\xaa\x80\
\x04\x15\x95T\x84\x02\x12\xdez!\xda`\xa2\xd0D\xa0\
\x8dD\xc0\xbc\x1eu\xc3\x88\x89\xb0\xbb\xec\x82`\xa3\xec\
U\xb4/\x80\xd8zf\xd7\x9dn\xecZ\xb5\x14[\x96\
.\x12\xee{\xb5y5\xd9\x18Iqq\xe8\x9c\xdf\x1e\
-\xb3\x9b\xa3o\xaf\xde\x187z\x1c\xc6\x8f\x19\x87N\
\xed;\x0b\xd8\x8a8z\x86\x11\xe4, \xef\x1c\xc9M\
X\xff'N(\xe8\xe7\xe6\xd77\x8f\xa0G\xcdh\xa8\
\xf7\xa1}^;\x9cp\xcc\xf1\xe8\xd4\xa1\x83\xde\xe7\xc0\
ebA}]\xbdt\xbe\x91\x1c\x93vp\xd7\xca\x15\
B\x89E\x9eD\xc5\xc9\xa7\xca|d\xec1\x85\x22R\
\xd1\x18:t8\x8e>z\x10\xd2\xd32d\xf1\x1a5\
i\xa2\x14\xf9\xaaL{1G\xc1\x92 \x8d\x10\x13\xa1\
\xfd\xfb\xf6\x93\x07\xbf\x17\xdc\x83q\xf8H\xfc\xcb9v\
\xc2\xc4\xec\xbet\x91(oSX\xa9\x04C@\xf6 \
\xa8\x1e\x94\x88\x86\xba\x06o\x13\xa4\xe9/\x916it\
\xe55\xb6\x06\x9b\xb1y\xf3V\xac[\xbb\x01\xbbw\x17\
\xc8\xfb\xa74K\x91\xd3V\xe5\x06\xcc\xc8L\xcbB\xdb\
vyx\xe3\xad\xd7\xe5\xb3\x86\xe0\x93\xf9\xdaU\xb8\x13\
g\x9e;\x09g\x9f;\x09\x9b7o\x16\xa6b\xcd\xb7\
\x13ZC\x11\xac\xf66X\xb7\xae\x0a\x81\x00=V\x07\
\x82\xe1z\x09\x0d7o\xdd\x88\xea\xdaR\xdcx\xf3u\
\x88\x84\x03r\x98*ua\xc5\xd7@Tmu5\xf3\
Av\xc9w\x90\x9a\x8f\xa5\x1f\x0a\xa9\x90\x94\xd6\x08\x7f\
\x8dC\xf0\xd8\xe3\x8e\xc7\xe7_|\x89\xd4\xd4\xf4#\xe7\
\x01p\x18\x1b\xed\xa4\x93N\xc4\x94)=\xb0n\xddj\
|\xfa\xe9'8\xf3\xacSeR\xb8\x81h\xc1_|\
\xf1%\xcc\x99\xf7%\xccf;f\xce\x9a\x89\x9d;v\
\x8b\xbbY\xef\xf7\xa3\xd2[\x87\xde\xe3F#\xeb\xbb!\
\xf8\xf4\xb5\x17\x05\x1b@A\x87~=\xfbI\x98`6\
\xe5\xc2\xe9\xea\x83\xa0\xa6\xc1es\x22)1\x19u\xb5\
\xf5Qw\x8eqR\xf7\xee\xdd\xf0\xd5\xd7\x9f`\xc5\xca\
\xc5\xc2;H\x08$\xddw\xe3\xfa\x0e'\x85dL\x06\
_\x871\x9a\xfaLf\xb4j\xddB6A\xd7\xae\x1d\
\xb1y\xf3N\xacX\xbe\x02\xa9\x89\x09\xf0X\xccHv\
3\xd1c\x86\xdb\xedAzB\x1c\xe2\x84\x89\x85\x90P\
\xa5\xc9\xce\x8dH\xcf\xc8\xedV\xaa?:\xa5\x9e\x0c\x7f\
\x03\xcbe&\xbd\xde}\x90g\xc2zw\x03\x05O\xc2\
\x88OP\x1b\xfbP\xd7\xcaL\xe7\xd6U\xaba\x09\x86\
\x84\x0f\xd10`];vA\x97\x8e\x9d%\x81$-\
\xac\xa4%\xe3i\xe1\x0f\xca\xeb2V$\xdd\x99;.\
N\xc1\x8b\x89\xec\x93\x04\x92\xa6\x13Q\xaa~\x01\x82\xad\
x\x0d>!\x9e\x0c\x8a\x97F\xcf\x80!\x0f/I6\
\xb4~\xefIK\x95\xdf\xb6\x9d`+Jw\xed\xc6\xd6\
\x95\xab\xd0c\xf4\xf1\x88\xf0o\x0d\xfeI\x1d^m\x94\
\xb1\x98\xadN\x8cO@\xcbV\xad\xb0m\xfbvQ\xf8\
\xa5\xd4\x18\xcb|\x89\x89I\xf2^|\xed\x8c\xb4t\xa4\
4k&\xd5\x0czE\x8a\xb4U\x85\x16\x22y\x15\x0c\
HiK\x91@6\xe2=\x8cy2\xe8\xcbXj\x96\
\xe4\xb4\xeaT\x8e\xce\xf5/\x0dM\xef#!\xc0f\xdd\
\xba\xcd\x22\xca\xc26\x5c\x86\xb9\xfc\x1dk\xed\xa3G\x8d\
\x15\x05\xe2\xf9\x0b\xe7\xc0\x13\xe7\xc6]\xf7\xdc\x85\x9d\x85\
;\xe4\xf9\xc3\x07\x8d\x10\xb0\xd0\x9a\x8d\xab\xe1\xb2\xd9\xb1\
h\xe9\x8f\xb8\xf1\xe6+\xf1\xe2\xf3/#\xd7\xd3\x1aA\
\xefb\x84\x1b\x8a\xd0\xa9C\x17\xa9\x160a\xe8\xb0y\
\x90J\x8e\xc0\xfazy\x8d\x0f\xa6\xbd%\x82-,}\
\xf3\xfe\xd1\xb0\xd9\xcdN\x94\x14\x17K\x95\xcd\xe3\x8e\x13\
%\xe9\xe5+\x96\xca\x1a>\xff\xbc\xf3D\x02\x8e\x86\xd5\
\xa8\xb6q4\xb2\x07\xff\xfc'\xff]\x8c@\x86n\xc0\
\xed\xb7\xdf./1g\xeell\xde\xb4\x03.\xb7I\
Jn\xc4&/Y:O5,ha\xf8\xfd^\x94\
\x95\x95Hs\x8b`\xe8\xc9o\x063N8\xf5L\x99\
\x00\xd6\x8f\x9fx\xe4I\x9cq\xc1C\xa8s\xf4\x84\xcb\
\x93\x8bH`;B\xde5@0\x01)\xc9\xcdT_\
1\x93Vn\x97\xe0\xdc\xf7\xef\xdb+\xfc\xf8<e)\
KN\xf7\xdb@I\x1d\xdcO\x7f8bKc\xd1(\
c\xc0Z\xbdj)\xa2\xfe:\xe3\xd2\xe6\x19\x19\x186\
\xb0\x17ztn\x81\xae\xed[ \xafy*\xe2\x1d\x9c\
\xd6\xa0\x9c\xce\xa2a\x11\x8e\xc8\xc9\xc8\xc9g\x9c\x1d%\
\x96\x130\x0e?\xbb_@$\x0a$\xd3H~)\xde\
(7\x9d\xd7\xabN?*y\xc6\xd6\xc3\x8d\xc6\x22~\
\xe3\xf7\xa1\xfa\xc0~\xb8mVdgf\xa2\x03\x17\xe2\
\xb0\x91\xe8\xd9\xb9\x07\xac&\xf2/pCk\x08\xfa\x02\
\x08\xf8\x82R\xa2K\xcb\xccBv\xab\x96H\xca\xc8\x80\
=\xce\x03gB<l\x84\xeb\x12\x5cewHO\xba\
#.\x1e\xce\xc4Dx\x92\x9b!>5\x1di\xcd\x9b\
#+\xb7%\xb2[\xb6Bv\xab\xd6H\xcd\xc8\x86'\
.Qz\xdc\xc3z\x8b+\x93\x97\x9e\xb88\xa4\xa5\xa6\
#\xec\xf7\xa1\x888\xf3(5\x8d\xd1\x90%\xff\x15\xb7\
\x9d\xe50\x1a\x196\xee\xb8\x1c\x0et\xeb\xda\x15C\x87\
\x0c\xc1\xa8\x91#0d\xf0`\xf9w\xf7\xee\xdd\x05b\
\xab\x92gV\x95\x80$\xd0\x89\xc6\x9ct\xeff\xea\x03\
\x0a\xca\x07f\xe6k\xa2\xe5C\x9d\x94Dz\xef\xd5\x83\
M\x18< \xea\xeaU\x12\xd5\xcd\xd37\xa6\xd2w\xb8\
\x9a\x7f\x84}\xfavux,\xfaq\x05V\xafZ+\
IH\x96\xb5+\xabT\xbc\xdf\xbaU\x1eZ\xb7\xce\xc3\
SO>\x8b\xbe\xbd\x07HS\xdc\x82\x1f\xe7J\xfas\
\xf0\x80!x\xfd\xf57\xf0\xf6[\xef\xe1\xd8\xb1\x13\xd0\
\xc0\xe61\x9b\x1dk7\xac\xc2Y\x7f;\x15\xfb\xaa\xcd\
\xb0\xb9\x9a\xa1\xb4\xa2\x08\xa3\xc6\x8cB\x97\x8e\xdd\x10\xd6\
\x02\x02W\xef\xd8)\x1f\xe7\xfc\xed,$&$\xc1\x0c\
\x1bf\xcc\xfe\x1aw\xdf}\x97\x12\xb6a+q((\
\x90p~^\x96\x16\x17\xfe8\x1f\xe5U\xc5HMI\
\xc5\xc9'\x9f\xa2\xa0\xd3\x07\xb9\xf8\x0a5\xf8\xcbf\xef\
w1\x02\x19\x1bm\xd0\xa0A\x02!---\xc2Y\
g\x9f\x89}\xfb\x8a\x91\x90\xe4\xc4\xaa\xd5+\xd1\xe0\xab\
\x91\xbe\xfc\x96-[HL\xf8\xf1'\x1f\x0b\xf3\x09O\
\x1b\x96\xfc\xaakk1d\xe0\xd18\xe7\xac\xbfI\x06\
\x95\x99\xdaP8\x11\x11G*\xea|[\x10,\xff\x16\
\x96\xea\xad\x88D\xca\xa5\x1e\x9f\xdf6_8\xde\x96.\
^\x82\xebn\xb8\x06o\xbc\xf1\x1a\xfc\x81z\x984+\
\xe6.\x98\x81\xaf\xbf\xf9F\xb2\xf8\xb4\x84\x87\x22\xd4\xf8\
\xa5\x115\x06\x04V$&\x08\xe1FiY\x99\x02\x9e\
\x10\xbd\x16\x0c\x08\x0f\xbd\x8a3\xf9\x0c\x85n\x0b\x06\xfc\
\xb2\xe0\xa8]\xa7\xb2\xfe\xfaF0\x91\xa6\xc9\xa7b6\
\x1a\x86C\x5c\x0b\x7f\xaf\xa4\xab\xdc\x87\xbc&\xbe7\xd1\
\x90\xdb\xd7\xaf\xc3\x81=\xbb\xa5\x1d\x94@\x96\x9e]\xba\
\x22->\x99\xb2J\x12n\xc8\x060Y\xe0\xf6\xc4#\
\xb3ysd\xb7\xc8E|\xb3d\x98\x04\x08\xa2\xd3u\
\x85\x88!P\xa4!\x12`\xd0\x0b\x906T\xd5\x09I\
\x0fB\xa8\xa9MVX\xc9\xf0\xec\xf4 !%\x13\x19\
\xb9\xad\x91\x91\xd3\x12i\xcds\x10\x97\x90\xa8(\xb5H\
\xb8\x91\x9a&pf\xc56}xf\x03\xba\xf5\xc4\x05\
\xf04\xa3AT\xd4\xe9\x90\xd3\x93!\x99\x9a_\xa5\xde\
\xa3\x9ex\x88\x16^N\xa7\xc5\x0c\xa7\xcb-F\xc0h\
X\x8a\xaa\xb5\xca\xc6\xd7\xcb\x80\x16\xb3\x10\xd3\x90\xdd\xd9\
\xee\xb4\x0bE\xdc\xcfiDF\xf4<\x8b\xd3\xc9.\xd7\
2\xfc\xf0\xfdLl\xdb\xb6C\xca\xcf\x9c\xd3\xba\xdaZ\
\xa1_\xb3\x9a\x99X\xcb\x900\xa9G\x8fN\xb8\xf2\x8a\
\xab$Y\xc7\xcfGj\xb6\xa7\x9e|Zr?\x14\x99\
y\xe5\xc57p\xcb\xf5\xb7\x8a\x11\xe0\xd8\xb9\xab\x00\xd7\
\xdc\xfe$`\x1b\x8ef\xb9G\xa3\xce\xd7\x00o\x83:\
\xf1\xcf:\xf3L\xf9\xbc\x03\x07\x0d\xc0\x87\xd3\xa6\x0b\x87\
!\xb7%)\xbe\xd9\xb1\xc8\xb5O\x86c\x91<\x8f\xf7\
`\xcb\xd6\xcd\x98\xf6\xe1\xfb\x12n\x0d\x1d6\x14-Z\
\xb5\x90\xfc\xd2\xefe\xa4\xfe]\xcf2\xbc\x00\xd6\xcd/\
\xba\xe8\x22\xf9\xd9\xca\x95K\xc5\xed\xe7\xd8\xb7\x8f\x08A\
\x13n\xba\xe9:\x9cw\xde\xb9\xf23\x82p\xd4\xce!\
3\x89\x8aG\xeb\xea|\xb8\xe2\xca\xeb\xe0\xb0\xbb\xf1\xd9\
g_\xc1\x1doG8\xa4\xb0\xe8L\xf0h\x91$\xc9\
\x92\xc6%\xc4\xa1\xbc\xb2\x04\xcf\xbe\xf08\x1e\x7f\xea\x01\
18a4\xa0k\xa7\xeeh\x91\xdbRNbz!\
F90\xda!\xf83\xa7\xff\xa1?\x98z\x10\x86\xcb\
\xd2\x9f\xd7\xdb\x80\x80P\x943\x19cV\x1c\x94\x12g\
2\x967\xd3\x09\x90\xc4\x96\xd3\xee\x90\x05\xae`q\x8a\
|\x83q\x1c\xe5\xb4\x99\x9cS\x0bV\xf7G\xf5\x07\xff\
L\x12=.;\xcc$P98q)'\xae\x92\xd0\
\xde\xb6\x9ae\xcbZ8=.XaC$@\xce;\
\x05x\xa1\x8b\xcc\xba{V\x8b\x5c\xa4\xe7f\xc3\x95\x10\
\xaf\xf0\xfc\x12\xd37\x12\x95\xca\xe6\xd0\xf9\x09\x05\xb6M\
\x8e\xc0\x98\x8df \x89\x8d\xceD\xe9\xe5\xd0\x9b\x82\xec\
\xee8x\x92S\x91\x9a\x9d\x83\xd4\xec,8\x8824\
\x13\x10\x1c\x82\x83\xc0#\xe1\x1e\xd0\x09Au\xb2Q\xba\
\xd2\x92\xd0\xa4g\xe4`7\xa2b\xf6\x95$\xa1\x8ej\
S^\x02\x13v\xca]W\xf1\xbc\xc1<j\xf4M\xab\
\xeb\x93\xd9\xd1\xc51T\x89\x84\xc6\x8a=\x17\xa4(\x13\
K#HH\xf6a\x14\x97\xd7\xa26\x18\x82+\x8eb\
\xac$o\x89\x8d\x81\x8d2\xb5\xca\x0bQ\x96\x8ef\x7f\
\xdd\xda\xcd\x98=k!*+\xea\xe0\xb0\xf3 1I\
H\xc7M\xc8\xd8\xbcc\xc7\xaeHO\xcf\x946\xf3Y\
\xb3\x16\xe0\x9a\xeb\xae\x10\xf1\x14\x9b\xdd\x85'\x9fx\x06\
\x19\x19\xd9\x92\xe7b\x8e\xa5\xa6\xb6\x1a\xd7]{=^\
x\xfa%\xf4\xe8\xd2]Z\xa7W\xad\xdc\x82\x0f\xbe\xdf\
\x87\x1b\xefz\x16\xa7N:\x09;\x0bT\xd8\xb0i\xf3\
\x06\xfd0\xf0c\xf4\xd8\x91x\xf9\xe5W\xc5\x18\xfa\x83\
\xf5\xb8\xf6\xdak\xe0\xf5\xd6\x0a\xe0\x88\x87P \xe8\xc5\
\xf4\x8f\xdeG}\x03Aif\x5c{\xed\xb5\xd16\xef\
\xdf;\xfeOD\xf6\x8cO\xee\xbb\xef_\x182d\x98\
X\xa0\xfb\xee\xbf\x1bw\xdf}\xbf\xb8,\x9c`z\x08\
#G\x8e\x92\x9b\xb6`\xc1\x5c<\xfa\xe8\x13\x82\x95\xe7\
I`1Y\xd0 \xc4\x13mp\xf2I\x13\xf1\xce{\
\xef\xe0\xcd\xb7\xdeErZ\x07\xb8r\x8e\x86\xa7\xc58\
$\xb7\xe8\x8d\xf5[\xb6\xe0\x9ak\xaf\xc0i\xa7O\xc4\
\xec\xb9\xdf)\xc6\x13\xcd\x8fV-\xf2$\xcby\xdai\
\x93\xc4\x8a\x13\x17\xc0ND\xb9\xc5\xb2x\x7f[\xb9\x87\
\xc3\xe8\xbarz\xdc\xc2\xb5\xc7\xe4\x5c \xe0S\x1cx\
\xea\x95cW\xa3\xbc\x0f\xe3q\x81\xf6F\x87Z\xb4\xc4\
/\xd0}\xa7\x01\xf8\x89$\xb5TS\xd8\xb1\x17\x12\xcf\
Ae\xa9~\xc2[#\x9b;R_\x8f\xca\xbd{\xe1\
0\x99\x90\x99\x99)\x8bI*\x09\xc4)$&\x22#\
;\x0b)R[g)S\xaf0\x88;l0\x10\x1c\
\xfas\xfe\x16\x0as\x95+P\xea5q$\x22m\xd1\
B\xde\x9b\xe5\xb7\x0ai\xff6NanF\xbd\xbe\xaf\
oT\xe5\x9a+C&\x86/\xe6\xd1\xf4\x9at\xdb!\
\xcfQ\xaf\xc3\x87\xb8\xb2\xfa\xf7\xfc\xccd\x802N|\
nv\xba\x95\xc4e\x90\x94\x90\xb9$\x1a\xcd\x03\xe5U\
\x08h\x11\xc1s8\xec\x94\xba;8$T\xa8\x05\x87\
\xdd\x82\xa2\xa2R\xcc\x981\x1b\xabV\xad\x95kb\x12\
\xd7(AVT\x94\xe1\xc7\xc5\xf3\x15\xefe\xb3fR\
\xf2cr\xfb\xd4I\x13\x05i\xc7q\xcdU\xd7\xe2\xd8\
c\x8e\x93\xbc\x09\x9fC\xb7\x9b\x87\xc7\xea5kD\xab\
\xf0\xf4\xd3\xce\x80\xc7\xe5FC\xb0\x015\xf5~L\xff\
\xf8cl\xd9\xb6I\xaae\x1c\x06\xb4\xd7f\xb7\x09\x05\
\xdb\xd8q#q\xf9e\xe4\xd8\x00\x16/[ \xd5\x84\
\xf4\xac$9l\x1f{\xec\x11\xacX\xb5L\xfe\xfe\xc6\
\x1bn\xc0\xd1\x03\x8f\x16\xf9\xb4\xd8n\xca\xdf:~\x17\
\x14\x18FB\x88\xae\xaf\xc3\x8e\xa7\x9ezRd\xa4h\
Y\x9fx\xe2q\x89\xd39\x96,Y&\x1e\x00%\xb3\
v\xed\xda\x81)\x8f=\x82\x13&\x9c\x84\xb4\xb4L\xc5\
g\xcf$\x99\xbf\x01g\x9dy6\xa6}\xf8!.\xbb\
\xe6R|\xfd\xedp\xf4\x1b\xd0\x13\xb5U\xbb\xb0m\xc7\
=\x98\xfb\xe3|\x94\x94\xec\x81\xc5Bxi\x9c\xc4\x88\
\xbdz\x0e\xc0c\x8f>\x8e\xbc\xb6y\x98<9\x0d_\
}\xf5\x05V\xae^!`\x1efD\xb90%>\xd7\
\x93K\xbfe0\xc6e\x09\xb3Yj*v\xb1\xf1h\
{\x01\xfatk\x0f\x93\xc9\xe8\xd82\x1a\xd7T\x99\xcf\
\xeetH\xc6\xf6\xe0\xc1\xf2\x1c\xbd\x02\xf5\xfe?\xad?\
\x11\xaf\xcd\x85\xae\xaa\x06|\xed\x83*\x17\x12jY\xe0\
\xab\xad\x85\xb7\xba\x0aN\x9bM\xc4@\xe8.\x93\x9e\x9a\
\xa5\xc0\xe4\xb4t\x9d\xd1\xe7 D\xeb\xef\xe4)\xfc\xe5\
a\xf4\xe9\x9b\xd0\x9c\xd8\x02\xb2\xd2\xd4)WV6\xb4\
\xbe\xc9U\xa7\xa2~)\xfc\x91\xb8N\xaa\xdb2\xba\xed\
\x0f\x12I5^_N\xf2\xd8y0HS\xf4\xff\xf2\
\x95\x95\xf4\x9a\xee\xf6\x1b\x05M\xf16l\xa8\xaa\xf1\xa1\
\xb4\xa6\x01!\x8b\x05\x99\xd9\xe9\x12nD\xbba\xf59\
b\xac\xdf\xe0\x0db\xdd\xda-\xd8\xbce\x9b\xacc\xe6\
i\x94\x88\x86zw\xde\x97W_{\x13\x9b\xb7\xae\x91\
\x7f\xf7\xe9\xd3\x0b\x9d:u\xc0\x981cQQY\x22\
/6d\xd0H\x5c{\xed\x0d\xa8\x95\x045[\x8aC\
\x88\x8bs\xe3\xd9g\x9f\xc6\xbd\x0f\xdc%MSfX\
\xd1\xb9CGL8\xe1xI\xaa\xd2Kai\xd5\xeb\
\xf3\xe2\xfcs/\xc0\x94\xc7\x1e\x95\x83\x80\xfd/\xaaS\
1\x82[o\xbb\x19\xdf\x7f\xff-\xd6\xac[\x8d\x17^\
|\x01\xfd\xfa\xf5\xc3\xb7\xdf~\x8bUk\x97\xcb\xfb\x9e\
|\xe2\xc9\xb8\xff\xc1\x07%\xbf\xc2d\xe2\xff\xc5\x05\xf8\
?y\x00\xca\x08D$#\xff\xf0\xc3\x0f\xcb\x82\xaf\xaf\
\xaf\x15Jn^\xd53O?'\x7fs\xce9g\xcb\
\xdf\xb3qb\xf2\x85\x93\xf5\x13@\xb9\xa0L\xde\xf5\xee\
\xd5\x1f\xbd{\xf7C \x5c\x8bO\xbe\xfe\x02\xb7\xdc~\
7\xee\x9f\xf2\x08>\xfc\xf4=\x94\x97\xb0\xf1\x86\xed\xac\
\x11\x04\x82u\xb8\xf3\xce\xbb\xf1\xde{S\x91\x9a\x96.\
\x1a\xf7\x84\x87\xde\xfa\xcf\xdbPW_%4\xe5L\xdc\
\x1c\x8e\x02\xf9p\xa31t\xd0'\xc5\x04\xe1\x9d\xa7\x02\
p\xe1\x81JT\xd6\x04\x84XC\xb9\xc9F\xb6\x99\xa4\
\x98fI\x88\x91\xb2\xab\xc9\x10.w]\x93.&9\
\x16;\x88\x92$\xc5\xd8\xa1\xc8'\x8dk\x120\x12\x89\
.\xdcL\xc2\x85\xa3\xcd6|=\xc2zy\xe2\x19\x0d\
VR\x85\xfb\x83\x87\xa2\xd6V\xb4\xe7\x8a^\x9b\xa5D\
V\x0aH\xd8\xa2Ny\xe9\xca\xd4Ok\x15\x16\xe8\x13\
j\x18\x08\xf1\x06\x1a\xc3\xa1\xe8\x89\xaf{\x0b\x9a\xa5\xe9\
#z\xda\x8b\xe0\xa3Y`\xda\xfc*\xef#\x5c\x88\xfc\
\xb7\x15\x11\xc6\x01V;J\xab\xeaP\xed\x0f\xc2\x11\xef\
A\x06;(\xa5\xd9K7\x5c,!Z\xcd\xd8\xbb\xa7\
\x083g\xce\xc1z\x92\xcb2\xed\xa6WQ\xe43\x8a\
Z\xb5]p!\xcbV,\x96\x9f\xb5k\xdbI\xaaL\
\xf7\xfe\xebn,^F\x1d\x0cbQ:\xe0\xd9g\x9e\
\x93R\xa4\xea9\xd0\xe0r\xb9EL\xe5\xa1)\xf7c\
\xd0\xc0AX\xbeh%&\x9f\x7f\xa1$\x95)P\xf2\
\xf8SO\x88\xe1\xf7\xf2\xf0\xd34!Ua\xe7'7\
?\xc39#!\x9d\x98\x94\x88O>\xf9\x18\xe9\xa9\x19\
\xf0\xf9\xebq\xde\x05\xe7\xe2\x8d\xb7_\x11\xd2\x1d*k\
]q\xc5\xe5z2\xf9\x97\xcb\x9a\xbf4\xfe\xcfZV\
tyhAo\xb8\xe1z\x1cw\xdc\xb1\x08\x06\xfdb\
=\xd9\xe3\xbdz\xcd\x0a\xd9\xb0w\xdc~\x1b\x06\x1e=\
\x18\x9a\x16\xc2\x82E31\xe5\xb1\x87ERL2\x9c\
\x11Z?\x0d\x17]x>\xacf;\x1c6\x17l\x16\
;l\x16\x95\x14\xa2\x15%\xdf\xde\xd3O>\x8d\xb1\xa3\
\x8f\xc3\xca\xe5\xcb\x14\xda0\xa0\xde\xa7\xa6\xa6\x0e\xc3\x86\
\x8fD\xdf^Gc\xfaG\x1f\xc1\xe5R.\xf7Os\
\x00z\xd7W4.n\x5c\x18\xb4\xdc\x0e\xc6\x82\xba\xaf\
\xce\xe6\xc4\xcc\xf44A\xe55\x844\xac\xde\xb4U\xf8\
\x05\x14\x83\x0f\xa5\xc9\x0c\x97V\xb9\xac\xfa7zw\x89\
z8\x5c\x1eQ\x0dV\xe3 \x83D~D\xa7\x1d\x0e\
'3\xff\xd2\xcf\xac\xd3\xaa\xb1\xba\xaf^G\xd3\xc5\x22\
\xac.7\x5c\xf1\x89\x08\x90\xacC\xdf`.O\x1c\x9c\
lA\x96ME\xb2\x0b\xe2\xf0T\x02\x8f@\x18M\xb1\
,\xe2\x88\x0fC\xf8\x84I\xdc\xeaj\xe9\xed\xb0H|\
oi\x8c\xc9\x8d\x10C\xdf\xb4\xd2\xb9\xa8oR\xf5\xb0\
\xa9\xaf\xf4\x5cx<\xf3!\x9bZ\xfd\x8e\x897\xf5P\
]|\xc24e\xc4\xfar\x7f$\xe0\x8fV\x07\xe8%\
\x199\x08:\xb4\x15\x95\xf5\x02\xc5\xce\xccLE\x5c|\
\x9c\xf4\x900\xa7\xc1X\x9fe\xb4\xa5\xcb\xd6`\xfe\x82\
E\xc2tl'\xaf\x05\x89R\x15pC\xd7\x80\xb0\x88\
\x0b\xff\xf57\x9f\xa1\xce[\x09\x8f;\x01\xaf\xbd\xf6*\
\x9ex\xf2q<2\xe5~\xa1\xe1n\xdd2\x0fS?\
\xf8\x08\xcd\x9b\xe7\x0a|WI\xa8\x99\xc4\xe0\xbf\xfe\xc6\
k\x92\xdb\xb9\xf7\xae\xfb\xe4\xef\xae\xba\xe2Z\xa1\xe4\xba\
\xe2\xda+a\xb3;\x10\x8c\x84\x90\x9b\x93\x8bo\xbe\xfe\
V\xf6\xcd\xfc\xf9\x0bt\xc5']kA\x0fW\x08\xa3\
\xae\xac\xaa\x10P\x9a\x5c\x95\xd9*\xdd\x95\xb3f\xce\xc2\
\xb0\x11\xc3\xe5\x90\x13\xcf\xf3P\xd1\xe3\xbf\xd3\x00H\xa2\
G\x97\x0d{\xfe\xf9\xe7p\xc3\x0d7\x8a\x5c\xb1\x8a\xa7\
\x1c\xb8\xf7\xde{\xb0v\xdd:|\xf8\xe141\x02\x5c\
\x18\x0f>\xfc/|\xf2\xc9t\x91\xe6&\x8d4ci\
R|1\x9b\xc9\x98Z\xb4$\xc2!\x8c\x1du\x9c\xa0\
\xc3.8\xefB\x9cw\xdey8\xe7\xecs\xf0\xd5\xd7\
_\x8b\xe5\xa4\x81\x11\x04\x1e[w].\x5c{\xedu\
\x98=\xfb\x07|\xf5\xd5\xb7\x92[P\x07\xe5\xe1gG\
a\x05L\xa8\xa8(\xc7\xf7\xdf\xff\x80\x15+\xd6\xeb`\
%\xc6\xe7a$&\xc5\x0b\x82\x91.wIe-V\
o\xdc\x05\x93#\x1e&+O*=\x1c\xd0\x9b\x8d\xa2\
\x194#A\xc5\x85\xff\x0b\x22A\x82\xdf\x96M\xde4\
Ahx\x17\x86{K\x22\x0e\xb7\x93\xdav\x11\x14\xec\
\xde%\x9b\x8d:\x05\xd1S5J\xb1i\x10J\x1c\x9c\
p8\xc2C\xd7\x03\x90\xba4\xf9\x0f\xa8\xd0\xe3p(\
%%\x9e\x84\x16\xbb\x92v3\xdb\x95\xc6\xa2<\xf4\x9f\
s\xf3s\xe3\xb3\xd9J\x8c\x83E\x7f\xf0g\xfa\xefd\
C\xf3am\xf2\xa0A\xe4C\xb0\x0e\xec\xf4\xb3X\xe5\
\xab\xbc\x0e\xcfa\xba\xff\xd55\xd8W\x5c\x0c\x87\xd3!\
\xac\xc9R\xa4`\x98e5a\xf7\xae}\x98\xf1\xc3,\
l\xdd\xb2M\x0c&\xf1\x1b\x9a\x80)\x1b\xc3\x12VC\
(.\xbbt\xd9\x22|\xf7\xc3Wb\x12&_0Y\
$\xee\xd8\xd3\xcfC\x89\xc0\xaf\x07\x1fxP\x08o\x99\
\xb8c,\xaf\xf8\x02\x5c\xc2\x83\xf0\xe9g\x9fa\xc21\
'\xa3w\xef>\x22\x19WUU\x06_\xc0'\x92u\
\x0d~\xaf$\xad\xbf\xfa\xea+Q:\xe6^\xc8\xc8\xc8\
\x90\xf7\x16(\xb5\xbe.\xb9\x06\xe6\xcf\x9b/\x153\xbe\
6\x9f\xc7\xde\x82\xb7\xdf~\x1b\xfd\x8e\xea'\xae\xbf\xf0\
9\x1e\x81\xdb|D\xd4,\x0d#\x90\x91\x91\x89\x87\x1f\
~\x08\xe3\xc6\x1d\x03\x9f\xcf+\x13\xca5\xbax\xf1b\
deg\xe2\x96\x9bo\xd1\x89*\x81\x8b.\x9e\x8c\xe9\
\xd3\xa7J\xbb+A\x10\x04\xe3\xf0D\x97.>\x9e\x1a\
\xa6\x08rs\x9b\xa3s\xa7\xae\x98p\xfc\x04\xec\xdf\xb7\
\x1f=z\xf4\x14T\xe0\x0f?\xcc\x94\xf2\xa3h\xab\xeb\
\x07<\xbb\xc7\xea\xbc\xd5\xb8\xfd\x8e\xdb\xb1p\xc1B\xac\
]\xb3N\xea\xfad*6\xdc\xbb\x83'\x8c\xd7VW\
W/e\x9eu\xeb\xd6\xebB'*\xb4\xe1\xc9\xc1.\
*f\xd8)\xde\xb8s_9Vm\xdc\x81\x80\xc9\x0e\
\x93\xc3\x85\x88\x89n\xa7\xee\x8a\xea\xee\xa9r{\x8d}\
\xd8\xb8\x11\x95\xb7lj\xf2P'\xa6\xca\xceG\xeb\xd8\
ty\x8d$\x9ad\xb5y\xa8\xd9\x91\xda\xbc%\xfc\xb0\
`\xd7\xee=\xd8\xba}\xbb\xf4\x1a\x18\xfd\x0a\xb1H\xc7\
?~\xa8N:\xf2\xfa\x13\x87\x116Y\x90\x90\x9e\xa9\
\xb4\x14e\x1e\xb8!m\xd0\xe4\x94\xe7\x86\xe6\xa6\xb7\x0b\
\x05<\x0d\x82\x18\x83\x98S_\xb0\xeb\xb2\xa1\xf5Mn\
6\x0c\x84U\xda\x9a\xf9\xd0\x88\x1d\x91\xefm\xf20~\
\xaf\xe9\x0f\xbe\x8e\x18\x03\xbb\x0b{\x8aKQ\xe3\xf7I\
\xf7`vz\x86\x88\x886\xd4\xd7c\xe1\x82\xe5X0\
\x7f\x91t\xcfq#6z\x81f\xc5\x17 lE\x0a\
\xe6]^^\x8c\xe7_TM?\xbd{\xf6\x91u}\
\xff\x83\xf7\x0a\xe6\x84\x9e\xc1?o\xba\x03\xe3\xc7\x1f\x83\
\xaa\xca:\xa9P\x19\x098\x86\x0dU\xd5U(\xaf.\
\x12\x02\x8e\x9d\xbb\xb6\xe3\xce;o\xc3\x99g\x9f&\xe0\
 \x82\x98\x86\x0e\x1e\x8ao\xbe\xfeZ\x18\x85H\x1eJ\
\xc0\x0f\x0d\x00Y\x8cx\xf0\xe9\xa4H2h\xc4xO\
\xb9\xb7\xce;\xf7|9\xa4\x8e=\xfe\x18Q\xfc\xfd\xad\
y\xad\x9f\x1bGL\xce\xd6(\x0d\xf2\xa4\x222\xf0\xf9\
\xe7_\x90\x13\x9e?k\xd7\xae\x9d,\xd2q\xc7\x8c\xc5\
C\x0f<\x82P\xd8\x0f\x9f\xaf\x01\xff\xb8d2\xdez\
\xeb\x0d\x85e'8\xc5\xee\x88\x0a\x180\xb6z\xe5\xf5\
\x97\xb1s\xe7\x0ei\x04r{\xe2\xc4\xe5bW\xe0w\
\xdf~\x1f\x95\xc922\xcaB:\xa2\x1b\x82\xe2\xe2R\
\x1c8P\x8c9\xb3\xe7\xa2\xbc\xacR7,M\x89'\
8h\x18\xa8&K\x94\x1e\xdd\xb7}\xfb\xf6\xe3\xc7\x1f\
\x97\xa1AO\xd0\xc5'\xb8\xd1\xb3wO\x95EF\x04\
\x1bw\xec\xc6\x9c%\xebQ\xb8\x8fq\x1by\xfcx*\
)\x22\x8eh\xac\x1a-\xf5\xc5\x1c\xc6\xd1\x9cG\xec#\
\xe6gr\xe2\x19^@#\xb1\x8f\x842\x11\x0d\xed\x8f\
\x1e\x00GJ\x92\x9c8K\x96/\xc3\xf6\x9d\xdba\x8e\
s\x8b\xe7\xc0\x8a\x8a\x9c\x88\x1e\xcfa\xf3\x09Gl\xb0\
\xba\x11\x0eaOA\x81\x90\xc2\xd8]\x1e\xe4\xb6\xceS\
\x98\x02\xb67[4hl1dj\xc2\xaa\xa9\x18\x9e\
\xa7=\xe5\xdd\xc5\xb8\xc5\x84\x02\x9c;1\x9a\xba\x97@\
P\x97\xbe\xb9e\x83\x93b\x9es\x1c\xf5\x1a\x8c\xb0\x81\
\xbfS\x1b_}o\x11\xc3\xe0\xf7\x05\xb0\xb7\xb8\x14A\
3\xd0&\xaf5\xec6\x0d\x1b\xd6n\xc2\x0f\xdf\xcd\xc2\
\xae\x1d\x05\xb0\x99\xed\xf2\xa0|\x19\x93\x92|\x98\xf9\xa0\
\x95\x0d\xab~\x84f\xc9\xc9X\xbe|\x09j\xeaJ`\
\xb5\xd8$\x97Eekn\x93`\xc8/9\xad\xfb\x1e\
\xbc[\xa4\xd6y\xcf\x8c\xfb\xc85\xcb6\xdd\xe6\xcd\x9b\
c\xf8\xa01x\xe9\xb5\xe70h\xd0\x00\xbc\xf0\xea\x0b\
\xd8\xbf\xbfX\x1c\xbc\xf3\xfev>\xe6\xcc\x9b\x83N]\
:\x89\xb7\xbct\xd9r\xc1\x81\x10\xa7P^V.\xcd\
l\x02\xdb\xd6%\xca'\x9e2\x11g\x9eq\x16\xbe\xfb\
\xfe;\x09+\x86\x0c\x1d,\xc20\x0c7\x8e\xa4\x87g\
\xd2~O\xbd\xecgF,\xb51q\xd0$a<\xe1\
\xc4\x13TG\x98@-\xcd8\xf9\xc4S\xf0\xc9g\x1f\
\xc3nsJ\xbc\xf4\xe0\xfd\x8f\xc8\x06\xbc\xfa\xda+\xd0\
\xacY\x1a\x1e\x9b2\x05\xd7^w\x1d\xca\xca\x99L4\
\xa3s\xc7.8\xe5\x94\x89\x18<h\x08f\xcd\x9a\x85\
\xe7_x\x11\x0b\xe6-BbB\xb2\xc0)I\x0aI\
\xa4!%\xc8\x8bJ\xf6`\xd0\x00\x96R\xae\x12\xdet\
\xc2:\xfb\xf5\xef\x8b\x96\x94\x89\x12\xbe8\x22\xccTV\
\x9e\x97\xca>\xfd\x9d;\xf7`\xd1\xa2%bD\xe8\xfe\
3\x1c\xe9\xd4\xb9=23\xd2\xe1\xf18p`_)\
\x16\xce_('n$\x18\x86U\x0b\xe1\xa8\x1e\x9d\x90\
\xda,\x01n\xc2\x82\x05\xf0\xa1[\xe5\xa8\xa2\xa4\xa1\xf5\
\xa6\xbe\x1c<\xc9MILc\x0cG,'\xbdT2\
L0{\xdc\xf8\xf1\xc3\xa9\xf8\xea\xe5\x17\x91h\x89\xc0\
\xe1qa\xd4q\x13\x84\x89\xc6\x91\x94\x8c\xda\x03ER\
\xaf\xee\xdd\xaf\x9fH\x96)\xad\x80\xff\xbbH\xa9\xd1;\
G\xf7^H)\x9d.|\xf3\xc5\x87X\xbap\xb6d\
\xe3m-[\xe3\xc6g^\x825.E:\x1fUh\
\xd4\x88\xcf\x89\xae\xacX\xbd\x04!\xfd\x8cU\xbfQU\
\x92(\xa3\x99\x08\x0b\x1e4OF\xa6+Z\xe90\xf0\
\xbdzU\xc0\xea\xc0\xc6\xb5[\xb1r\xd3\x0e\x98\x5cn\
\xb4\xcd\xcfGIQ\x91@\x8e\xb9\xee\x9a\xc8\x9c\x13\x0b\
\x11sA\x910\xd1u\x0e\x94\x96\x17\xe3\xd3\xcf\xa7c\
\xe9\x92E\xa8\xf3\xb2K\x94\x89N\x82\xd6L\xc8L\xcf\
\xc2\xe3\x8f=\x8e\x13O8I\xda\x93\xc9_a\xc4w\
\x82*\x08\x93a8(\x00\xb2m\xdb\xb7a\xfcq#\
\xb0o\xff^8\xed.xu\x92\xd0\xd1#G\xe3\xb4\
\xd3N\xc3\xd81c\x91\xdb*\x17\x13O\x9c(9\x89\
\xa7\x9ezJ\xb8\x06\xd8g@\x92R\xf6\xd2\x18%B\
c\x10~\xad\xa2K\xbd\xfa\x113\x05\xffu\x06\x80\xc3\
\xa0/2\xb0\xc9\xc2^+b\x8c\xea\xadh\xed&N\
<\x15\xdf}\xff\xadd`\x99\xfc\xa3%,+/\x13\
\x00\xc4\xe7\x9f~!\x13}\xd9e\x97\xa2\xa6\xba\x0e\x81\
\x90\x9aD\xa2\xb1\x98\x10LLH\xc1\xec\x99\x0b\xd0\xac\
Y\xba\xe4\x0a\xd8rI\xf1\xc4\xbb\xee\xba\x1d\x8f>~\
\xbf\xfc\xed9g\x5c\x88\x09\x13&J\x7f\x00\x0fF\xb6\
\x95RI\xc7H\x10F\x09D%\xebK)\xec\x02,\
_\xbeJB\x06\xbe\x1ek\xf8\xcc3\xb4k\x97/\x14\
\xe3k\xd7mD\xf1\xbe\x03p\x12\xd5\xc7^~\xcaP\
X\x81Ny\xad\x90\x97\xd3\x5c\xa4\xa9\x15\xdbm,\x90\
\xe5\xf0\xa5\xb9\x98\xfe95\xa2X\x00\x1d\xc8D\xbeD\
=\x8b. \x1e\xbb\x1d\x9f<\xf74\x96|:\x0d\x89\
N\x1b\x1a|\x01dg\xe7`\xe0\x90\xa1X2\x7f\xa1\
\x840\xff\xb8\xe42t\xee\xd9\x13a\xafO!\xc3~\
Aw\xfe\x17G\xb4z\xa9\x13uZ\xacx\xe1\x85'\
\xb1o\xf7\x0e\xd4\xfa\x83\x18{\xf9\xa5\x18\x7f\xc9U\x08\
\xd6\x11\x86\xad4\x02X\x8d\xb0\xc4l|\x83\xe4\xd3`\
\x0d\xd0\x8f\x87\x98\xf907\x99\x08\xd5\xa9\x18{\x0d\x07\
\xadt#\xdc\xd1O^\xbe*)\xbd\x7f\x98\xbd\x04\xd5\
~\xd5\x12\xcb\xa6!\x1a\x06\xb2\x12\x89\x09\x8b\xe5\xd6\x8b\
b\x8b\x98\xbcV\xfd\xfb\xde\x86Z<2\xe5A\xac\xdb\
\xbc\x1c6\xd5\xdc\xad\xa3B5\x04\xb5\x10\xbe\xfc\xe4+\
\x1c{\xe21\xa8-\xafUl\xcca\xbd\x9fRO\xf4\
\xf0\xf4\xa7\x11\xa9\xae\xaa\xc2\xb5\xd7_\x8d\xe9\x9f~ \
\x9c\x0b\xdc\xfc7\x5cs=\x0a\x0b\x0b1\xf5\xa3i\xf2\
\xae\xa4\xb3\xeb\xda\xb5\x1bV\xad[\x8d\x17\x9fy\x01\xbd\
{\xf7F\xbd\xdf+\xea\xd4\xa4\xb1\xa7\x110\xba\x00\x85\
]*F\xa7\xf0\x8f\x18\x7f\xc8++\xc6RU\xd3\xe4\
\x09\x1d=\xd4\x98\xd8\x8a\x00n\x97\x1b/<\xff\x02N\
\x9dH\x10\x0f\xcb{~\x14\x15\x1d\x88N<\xdd\xf8\xd3\
&M\xc4\x9dw\xdc-\x9b\xdf\xe5\x88\x13h&y\xd9\
&_p!\x9ex\xfc\x09\x11$U:i|/\xaa\
\xf7\xf81y\xf2\x85h\x96\x9c)\x13\xf6\xfe\xb4\xb7\xb1\
f\xcdrE\xf9e\x82p\x02\x92bJ\xe9\xdd5\x96\
\xfd\x14\x95\x99\x86v\xedZ\xa3[\xb7.\xe2\x1d(\x1c\
\xb5U\xf4\xee\xd6\xacY\x87\x1f~\x98-%G+I\
6\x84\x93\xce\x8c\x80\xc9\x86\xda\x90\x09+6\xed\xc2\x82\
\x15\x1b\x11`\xed\x9b\x0b\x8en\xad^\xaaR\xe5*\xf3\
A\x09/\xf5\x88\xc6\xbe\xfaC\xfd\x0dK_*\xfe\x8f\
\x88\xebl\x15jo\x96\x19i\x04N\xbc\xe8R\xe4\x1f\
5\x14\x155\x0dB3\xb6w\x7f!\xde}\xebu\xec\
\xdeS\x80\xb8x\x8f.\xf4q\xe4\xee\xa3Q\xf2\xe3\x22\
\x0ci\x11\x04\xedf$\xb7m\x8b\x92\x90\x05\xb9\xbd\xfa\
a\xf0\x84\x93D\xd9W\xe6KO\xa75\xd9\xae:E\
\x98b\xe95\xb2\xfa\x8a\xa2\xbb\x11\x10\xa4\xfa\x1d\x8c\x08\
\xaa\x897\x14e\xcam|\x90\x1f\xd4\xec\x89\x83\x99\xba\
\x09$\x9cu\xb8\xb1g_9\xca\xab\xfd\xa8\xab\x0bH\
<\xcd\xb5\xc76Ye\x8b\x0f6(\x86\x1ba\x16\xa6\
\xa6\xbd\xfbva\xca\x13\xf7\xcb\xe6wY\x99\x98U9\
 \xd5T\x14\xc1\xed7\xdf\x86c\x8f;\x06\xb5\x15u\
\xaa\x14,\x15\x0e]s\xc0\xc4\x83.\x88\xc4D\x0f*\
+\xcb\x05\xcf?\xf5\xe3w\x05\xe4\xc6\xcd\xff\xdc\x93\xcf\
\xe2\xe1\xc7\x1e\xc1\xad\xb7\xde&\xd73z\xd8(<6\
\xe5qa\x86\xba\xe9\xda\x1bEA[\xb9\xfe~\x81\xfb\
\xf2{\x1a\x13\x03\xcen\xb4\xa5\xff\x91\xe3\x0f}u\xd5\
\xd0\xa1O\x9a\xee\x922\xc9G\x12\x08n\xfc\xdbn\xbd\
\x1d\x13&\x9c(M\x11a(>A#L\xe0\xe6f\
\xb3\x05\x87\x90\x8d\x86\xc2R\x9b\xdd\xb0a=\xbat\xe9\
\xa2\xeb\xa1\xa9\x9bi\x88\x95\xb6j\xd5\x1aw\xddy\x8f\
\xbc6\xe3\xf6W^{\x1e\xfb\x0f\xec\x16`\x12\xaf\xa3\
\xa0\xa0\x003g\xce\x92\x9e\x05\x1a\x81h\xb9\x90\x04\xa2\
A\x0d\x9d;\xb7\xc3\xd0\xa1\x83\x14\xf42l\x928\xd0\
j!\x98\x87\x84\x16T\xb9%!\xb0YZ\x84\xe9|\
\xf2\x06Y\xacN\x94\x94U\xa1\x9e\xb8\x7f\xba\x04\x5c<\
\x8c\xe3$\xab\xad\x97\xbc\x0e\xf1\x90\xcdo\xfc\x8d<\x1a\
\x8d\x86\x91\xd8\x92\xb9c\xacI(2c}\x9b\x1d\x7f\
\xfb\xe7\x9d\xe8>\xf6\x18\xd4\x11<$\xf2\xd6\xec\x18\x8b\
\xc8b\xa6\xc49\x0b\xdfGf\xd1\xe8\x9b\x99\xbdH\xb0\
\xa2\xc1\x93\x80H\xeb6\x98p\xc3M\xb8\xee\xb9\x17p\
\xd9\x94G\x11\x97\x99\x0dS\x80\xf3`T\x5cX\xb22\
\xcax\xaa\x5c\xa7\xe3t\x9bH\xa7+\xc9+\x15C+\
\x0f?\x86\xc5IJ\xa0\x8d\x0fC\xda\xdc8\xb1m)\
)\xd8\xb4n=\xf6\xed\xdf\x07kR\x12J\x0eTb\
\xd9\xea-\xa8\xa8l\x80\xc6\xcd/:\x0d:I\xa9Q\
\xf6\x8d\x19\xd2\x12\x0ev(\xba\xb1t\xc5\x02\xdcq\xcf\
\x8dX\xb3a%\x1c\x16\x1b\x82!zN\x80/\xec\x97\
\x0c\xfc\xd4w?\xc0=\x0f\xdc\x0bo}C\x93\xc4\x9b\
\x948\xa5t\xab!9\xc3\x83/\xbe\xf8\x02\xc3F\x0e\
\x16\xd4 \xaf\x93\x09\xbc\xfb\xee\xfa\x17.\xb9\xf2R\x04\
\x1a\x02\xe8\xda\xb3+n\xb9\xf1f\xfc0g\x86$\xfd\
f\xce\x99\x85{\xef\xbdW\xdc}i\x9f7\x99Dw\
\x91F\xc0\xc0!\xfc\x01\x8e\xf9\xbf/\x048\xd40\xa0\
\x98LtTVU\x09j\x8f\x0c'\x8co\x0av\xee\
\xc2\xa7\x9f~\x8a\x0d\x1b6H\xb2\xa5c\x87\x8e\x98\xb7\
`\x1e\x86\x0f\x1b\x85\xe5\xcb\x97\xc9iL\xb4T\xbd4\
P\x841x\xe0p\xbc\xfb\xceTQ\x84\x15\xd6V\x81\
`*\x83\xe3v\xdb0\xf1\xd4I\xf8\xfa\xbb\x8f\xe5f\
th\xdf\x117^\x7f\x9b\x886\xb0\xccH\x0c=\xbd\
\x86\xf6\xed\xdb\x09\xb2\x8b\x7f\xef\xa7$T4\x1c0c\
\xde\xbc\xa5\xd8\xbd{\xbfd\x8c\x95P\x06\xc9\x15\xed\xb2\
\xbc\x03\xbe@#\xa3/C\x9d@\x08n\xa7\x1d\xa3\x86\
\xf5\x14CC\xf5[5\x1acYI\x14\x1a\x98\xedX\
Hz\xac{\xab\xc7\xa4*\xe6\xd5\xab\x06\xb1X}q\
\x09\x15_!%j\x0b7\xac\xc2\x17\xaf\xbd\x8a\xf2}\
\xc5B\x16\xca\x84Q\xebl2\xe7\xf8%\xfb-\xae\xae\
T\x19\xf4vZ\xe3ubC\xe9\xa6t\xbc\x8d\x17\xa6\
C\xa9\x99\xe5\x0f\xba\x5c0\xa7\xa5\xc0\x91\x91\x0eS|\
\xbc\x9e\xc1\xb7\x12\x01$\x09HU\xbe\xd2\xc3\x96\x98\xf7\
8\xc4\x02h\xfa\xcf\xe8\x7f\xd5s\xa3\xb4\xe6\xec\xb1\xd0\
/\xb2\xd1U\xa7\xe55\xc3\x92\xda\x0c\x1f\xbd\xf5&&\
_|\x09\xfeq\xfed\xfc\xe3\xd2k\xf0\xda\x8b\xef#\
-\x9d2]f\xa4\xa4x\x048\xd5\x18f\xa8\xee\xc0\
X\x9amnd^\xe9\xbb\xef\xbd\x89\xefg}&\x0d\
=\xecT\xa4q\xa1\xc1\xf7\x85\x03h\x9f\xdf\x1ew\xdf\
y7&\x9d1\x09\x0du\xaa\xa1K\xe5\x8c\xd4\xebp\
\xcd\x12\xba\xcbHd\xea\x07\xd3p\xe5\xd5\x97\xa3\xb6\xa1\
Z\xb0\x18\xac\x00Ly\xf8\x11\x9cv\xe6$\x84|D\
\xea\x99\x15\xff\xa1I\xc3\xa9'O\xc4\xa7_~\x86!\
\x03\x06\x8b\xc4;\xd7aii\x19*\xaa\xab\xa4_\x82\
\xd2\xf6\xc4W8\x1dN\x09Yc\xc1\x9d\x7fTe\xf7\
\xdfj\x00\x88~#\xf2\x8f\x9co\x94\xee&o\x007\
o\xab\x16\xad%\x09\xc8\x98k\xe5\x8a\x15\x98p\xe2\x04\
\xdcx\xfdMx\xfc\xf1'p\xc9\xc5\x97b\xea\xb4\xa9\
\x186l\x18\x16.\x5c(\xa1B(\x12\xc09g^\
\x80\x17^x\x05\xfe\x86 |\xe4\x1d\xb4\xb3aB\xe9\
\x11\x12\xaf}\xd2\xc9'b\xd9\x0a\xa2\xb6\xcc\xe8\xd2\xb1\
;n\xbe\xf96I\xf8\x18\xf8\x00&\x1f\x99w\xa0\x16\
`\x8b\x169b@\xe8\x05\xd8l\x1a\x96\xaf\xd8\x80\x8d\
\x1b\xb7\xc3C\xde}\x0a\x93\x84\xfch\x9e\x9d.\xccC\
\xfe\x86z\xc1.\x08\xfb\xab\x16\x91\xeb\xe1{w\xc8\xa7\
\xf8eDG\xebqfu\xfafCk.v\xe3\x1f\
\xf2N\xc4B^\x7f\x1a\xfb\x1a\x98\x06E\xa4i\x82\xc9\
cCCM9B\xd5\x94\x976!1-\x15\xfe\xd2\
\x0a\x04\xcb*a\xa9\xa9\x87\x99\xfd\xf9\xec\xb9P\xb0\x99\
\xc3lJ\xfd\xe2DPD\xcdM\xd0fA\x88`*\
\x8f\x13V\xea\x1a\xa4\xa6\xc0\xe4f\x0f\xb4%\xfa\xd9\xa4\
K\xf10\x08\xc7\xff\xdbP\x06\x80C\xe9\xa8\x90\x06\xde\
\x02\x13AO\xe1\x10^}\xf9%\x5cu\xddu\xa8\x0f\
\x041\xac\xdfpL<\xf1\x1cx\xeb#p\xba<\x92\
\x08\x8eK\xa2\x0b\x1f+\xa6\xc1\x07\xdb%\x95\xb6\xa4\xca\
\xd6\x07\xf0\xde\xd4\xb7\xf0\xf5\x0f\x1f\x09\x94\x99\x9e\x1c\x0f\
\x11\xd2\xbf\xf9B\x014\xcf\xcc\xc1\xac\x19\xb3\xd0\xaes\
>\xbc\xd5~\xd9\xc0\x06\xe3\x91\xe2\xa2`\xff\x069\x15\
5\xdcy\xfb\xddxp\xca}pX\xb8v#HK\
O\xc7\x8f\x0b~D\x8b6\xb9\x08P\x96^\xaf\xec\xb0\
\x8f\x82\xa5m\x9f\xdf\x8f\xfb\xef\xbb\x0f-Z\xb4\xc0E\
\x97\xfe\x03\x08j\xc2}\xb8e\xdbV\xa1\xb7#\xc7\xc2\
\xf7\xdf\x7f/\xeb\x998\x80\x9e\xbd{\x88&\x82\x92`\
?\xc2S\xfd\x9f0\x00\xccz\x92\x1b\xaf\xb8\xa4X\xdc\
{\xde`j\xaceR\xf3-%\x05\x9ex\xd5\x16{\
\xee9\xe7\xe2\xadw\xde\xc2\xc0\x01\x83\xf1\xd1G\xd3\xd1\
\xb1cg\x9c{\xee\xb9\xb8\xf2\xca+\xd0\xb3W/\xd4\
\xd6\xd5H&\x96\xf4\xc7\xb7\xdfz7\xfa\xf6\xed\x81\x8a\
\x8a\x9ah#\x07\xf1\xd8\xdb\xb7o\x93\xbe\xeb\xa2b*\
\xa3j\x182p$\xae\xb8\xfc*!\x8a\x10\x00\x87\xde\
\xcb \xdcxY\xec\xf2j'\xcd6.\x97\x09\xbbv\
\x95\xe0\xe3\xe9_\xc0as\xc3\xe3\x8a\x13\xce\xb6H$\
\x80v\xf9-\xd0\xa7Og\x12\x00*\xdd{E\x08 \
7\x98\x04\x1b\x12\x07K\xcf\xadj\x93\xfd=I\xf8&\
M2\xc6\xfe\x94\x7f\x18IB\xbd\x93\x8dx\x09\xab\x81\
\xc23\x0b\xd3\x92\xd4\xe8Y\x01\xf0\x07\x11\xf1\xfa\x10\xae\
\xa9E\xa8\xb6\x06\xa8\xaf\x83\x89%&\xd2\x945\xbe\x11\
B4b\x02\xaa!\xc4\xd6\x8aH\xa2\x07\xb6\xa4D\x98\
=\xf10\x13\xc6\xacs\xe8\xb1\x9d\x98aO\x8c\x12\xea\
\x1f4T\xeb\xb2$\xbf\xb8a\x93\x13\xe1--\xc5\x8c\
\xb9s\xf1\xe5g_\xe2\xe5w\xde\x92\xbf\xca\xcf\xed\x80\
I\xa7\x5c\x80\x8c\xd4\x16\xd2\x17a\xb6\x99\x05\xb8e\xe1\
F1P}:\x97\x22\x8d3e\xb4\xd8{\xb2u\xeb\
\x16\xbc\xfe\xf6+8P\xb4W\xe7\x14\x09\xe9IA\x13\
\x82ZD\x04>\xa6}\xf0!z\xf4\xec\x86\xfaZ\xae\
\x11\xa3\xc7\xc3 \x9c\x05\x9c\x096\xec+<\x80\xbf\xff\
\xfd\xef\xf8\xe6\xfb\xaf\xe0\xb2\xb9\xc5(\x10\xf43\xa0\xdf\
\x00<\xf0\xd0\x03\xc2\x97\x99\xd3R1g\x1fjT\x97\
U\xe1\xdb\xef\xbe\x95M\xbev\xddZ\x14\x15\x17c\xdb\
\xcem\xf2;\x8b\xc9\x8a\xb0\x16\xc2\xbbo\xbf\x873\xcf\
>C\x95\xfe\xe8\xf5\xfd\xd9\x0d\x007&\xeb\x9e\x04E\
\xd0\xeaUVVJ\xacC\x12\x08b\x9eI0B\x8b\
Ik\xc7\x0d\xbax\xd1bta\xdf{F3\xf4\xee\
\xd9O\xfa\xa1\xb7\xed\xd8,u]6V\x90h\x83\x15\
\x81\xd6\xad\xf2\xf1\xf4\x93\xcf`\xf8\xf0\x11\xf2<i\xdb\
\xa5(E\x92\x07\x8b\x17/\xc1\xc9\xa7\x9c(\xd5\x05\xba\
g\x03\x07\x0d\xc4\xb8\xb1\x13\xd0.\xbf\xbd\xe4!\xc4\x1d\
\x14^=\xa5K\x90\x9a\x9a\x8a\xe6\xcd\xb3\x91\xdb<\x0b\
\x9b6\xec\xc0\xb2%k\x85\xa0\x81\x86\xc5\xe9\xb2\xc3\xe9\
\xd0\xd0\xaem\x0e\xbauo\x0fJ\x22\x04\xfd\xec\x07W\
\x9f\x8f.\x1e\xbdM9\x80\xa4\x93\xc7\x10\xfd\xfcU\x0e\
\xf2O\x0eS%V\xd2\xe4'1\x06@\xdeQ\xa7\xe1\
2\xf8\x00\xf4\x9f\x89\x9dP'\x0fO7\xe6\x0e\xc8\xd6\
\xc3\xd0\x80D,\xc6\xed\x16\xfe8\x86N6u2r\
\xc3E\xa8\xdf\xce\xe7\xd1P\x18\xe5\xb2h\xf5L\xff\xf7\
\x1f4\x0c5(\xe1S\xf4xDfl\xea\x17\x9f\xe0\
\xb57\xde\xc4\xcc9$\x97Q\xa3\x7f\xcf\xa1\x98t\xf2\
y\xb0[\x13\x85\xfc\xc4\xe62!!\xd9%\x80A^\
6k\xfb\x0ca\xb8i\xc8\x1fQUS\x81U\xab\x96\
\xe1\xc3O\xa6\xa1\xae\xa6\x1au~\xba\xea\xdc\xd8\xd4o\
\xa0\xc1Q$0#\x86\x8f\xc2\x8b\xcf\xbf\x84\xd6m[\
\xa1\xa1\x8e\x89M\xe6\x98\xd4\xfc\xb2\xc4\xe7pX\xe5\xc0\
x\xf2\xa9\xa7\xf0\xd6[oa\xe3\xb6\xb5\xb0\x99\x1c:\
\xf9-sF\x11\x04\x22\xaa\xff?-%\x0d\x13'N\
ThChh\x96B\x91\xdab\xe9\x84m\xf05`\
\xea\xd4\xa9(*S\xe2:\xc6\xb0\x9b\x14[\x932\xec\
\x16\xc9U\x1d=p\x80pM\xfe\xa9=\x00\xe3\xe5i\
\x00\x88\xf8c\xdc\xcf\xc9\xe0\xf7\xe4\xe4gf\x9f\x8c?\
J\xf9\xd4\xe8\xf2R\xcf\xa5\xcb\xce\xb5\xfc\xc2s/b\
\xce\x9c9x\x7f\xea{2I3\x7f\x98\x85\xbf\x9d\xfb\
7Q\x81a\x05\x817\xf4\x93\x8f?\xc5\xb1\xc7\x1e#\
:p\x86\x1cvR\x8a\x13\xb3f,\xc4\x09'\x1d+\
\xc0#\xc6{Y\x19\xb9\xb8\xe4\xe2\xcb\xd1\xa1}g\xc9\
\xb6\xb2*\xc0$\x1f\xdf\x96\x19d\x11\xf2\xb0Y\xe5\xa6\
UUxQRT)j\xc3\x5c\xfc\x8c\xad\xcd\xe6\x10\
Z\xb5\xccD\x9b6\x99\xe8\xd0!O\x94\x8e\x99\x9f0\
Q\x9bP\x84L\x1b\x1bv\x8c\x13\xbcI,\xf7+\xc7\
Ob\xf4\xe8O\x1bkl\x8d\x0d@z\xcc\x1f\xfb\x14\
\x12\x99\x9aU\xc2K%\xdb\x8cE\x14\xdb\xd2\xac\x7f\x13\
\x8dZt\xe3\x125>\xa6&\xef%&\xe8\x17\xdd\x9a\
\x98k6\xfe\xd6\xf0d\x0ej\x8a\x14B\x10\xc1\xbe\x13\
c\xe0\xa4p\x01\x1a\xf6\x17a\xed\x96-\x02+\x7f\xf3\
\xc3\x0f\xe5\xefD\x80#\x04\x1c3\xeaD\x1c3\xf6T\
\x04\x03L\xda\xaa\xbcL\x1c7\xbf\x8d9\x19\xba\xd9\x16\
9A\xf9\xf3\xd2\xb2b\xcc\x9f?\x17s\xe6\xce\xc0\x9e\
\x03\xd4\xc8c\xe9Vq\x140&\xe7a\x13\x0c\xfb\xe1\
r\xb8\xf0\xc2\xb3/\xe0o\x7f;Gz@\x82\x94\x90\
\xd7\x93\xa8b\x94B!x\x92m\x12\x0e\x9cu\xf69\
\xf8\xf4\xab\x0fa\x85Co\xfb\xb5\xe2\xe4\x93N\x11.\
\x8c\xf5[6\x09\xbf!?$\xbd\x92\x9f\xdbT\x9c\x06\
\x9b\xd9\xa6\xc8q\xf4\xbf\xb4\x13*m\x02|!?F\
\x0d\x1f%\xdd\xb1\x04\xa8\x89\xf8G\x0c\xb5\xd9\x9f\xd2\x03\
\xe0[\xf0\x94%\x0f\x1cO\x7f\xe6\x00\x94TV\x8a\x18\
\x00ZFz\x03\x8d\xac<\xaa\xff\xdc@ZE\xd9q\
\xa5}\xd8\x0f\x87\xcb\x89\x0f\xde\x9b\x8a3\xce:\x1dv\
\x8bK\xd6\x19O\xf3s\xcf9\x0f\x8f=\xf6\xb8\xb8n\
$\xf3\xe0\xfb\xa6\xa4\xb9\xf1\xdaKo\xe1\xc2\x7f\x5c \
SM\xab\xcc'\x8c\x181\x0a'\x9ep\x0a2\xd2\xb3\
\x85\xe3\x8d+S\x0c\x01e\xaf$_\x11\x84\xd5\xe2D\
8lBUy5\xc2>\xd5wM\xc5\x16\xe6\x04\xc2\
\xe1\x06\x0c\x1c\xd8\x03\xbd\xfbt\x85\xdd\xe5@\xd8W\xc7\
t\x95\x10\x5c(7\xf4\xc8\xc15\x8f\xc88\xd4mn\
\x92\x95\xfc#\xdeS\xff\x12\x8bI\x12\xf6!\xe5&\xc9\
\xa6\xe7\x02\xa7J\xce\xee\xdd\x98\xfe\xc9\xc7x\xe7\x9dw\
\xb0x\xc5J\x90:\x948\x0cR\x9c[L6\x9cv\
\xf2y\x182`,\xeak\x89\x091\x09Gc\xb3\xb4\
$\xb8\xe2\xec\xd2PF\xc5\xdc\x9a\x9aJ\xd4\xd5\xd7I\
\xa5h\xde\x82\xd9\xd8\xb5k\x93^\x99P\xebH\x95\xd6\
\x08\xe3P\x04\xa2\xcd\xb3[\xe2\xfcs.\xc0\xf8q\xe3\
\xd0\xb3g\xaf(2\x93Ct\x1b,f8\xe2\x81\xd9\
\xdf\xcf\xc5M\xb7\xdc\x82e+\x17\xc1av\xc2\x1f\xf1\
!\xce\x15\x8f\x0b\xce\xbb@\xda\xe0\xd7\xaf_\x83\xe5+\
VH' \xb3\xf9L6\xfbD\xdb\xa2\x11\xb8c\x90\
\x97\xc9\xb5\x0b\x15\xbdUZ\xd7\x99\xf0k\x96\xdaL\xe8\
\xd3\xb7\x17l\x97\xdbAv!V\xc7\xc8pE\xcfX\
\xf8\x10\xfe\xa0z\xdd\xef\xe6\x03\xf8\xbdF\xc0P7\xe1\
\x86\xa5\x85\xe3\x83u\xdb\xd8\xd2\x95\xca\x84\xeb\xfc~\xac\
\xaf\xeb\x8bF\xc85]N,Y\xb4D0\xffL\xc4\
\xd1e\xe2f\x8d\x84mx\xf1\x95gPS[\x8b\xc7\
\xa6<\x8a\xcc\xe6\xa9\xa8\xab\x0e\xa0\xb2\xac\x1e\x17\x5c\xf8\
7\x99\xd8\x7f\xddw\x0f\x0av\xef\x80\xc3\x16\x87\xefg\
|)e\xc1\xb3\xcf<W\xa0\xca\xbc\x06J=+\xd2\
,\xbdYD\x0bJ\xc2;\xb9\x99\x1b\x15\xc5\xf5J\xe8\
T\xb3\xc0bqJ\x8b\xf2\xa2\x1f7\xa0\xb4\xa4Z\x04\
G\xf2\xf3r\x05\xee\x1e\x09(yt\x03\xd3\xf0_3\
\xfe\xcd\xd7\xa2\x90\xd7\xfa}\xd3\x89=\x89\xa1 y\x8a\
5\x8e\xacEV\x94\xed*\xc0g_\xbc\x85\x9d\x05\xbb\
\xb0q\xe3F|\xfa\x9d\x92\x81S|\xc1J\x09'.\
\xae\x99\x80\xba\xbau8\x0au\xd5A\xa5\xc6\xae\x85\x14\
\xd0\xc6[\x81Y\xf3\x17\xa1`\xd7\x0e\xec\xdd\xbb\x07\xe5\
\x15\xe5\xa8\xad\xadF0D\x83\xceC\x81l\xc5\x8d\xd9\
{\xae9\xeaI\xc4y\xe2\xd0\xaf\xcf\x00\x1c\x7f\xdc)\
h\xd9\xa2\x85H\xc7\xe7\xe4\xb4D\xf3\xe6\x19\x92\x08f\
u\xc3\x9ddEui\x03\x9e}\xfe\x15\xdc\xf7\xaf{\
QQ[*lL\x14=\xc9\xcb\xcfC\xbf>\xfd\xd0\
\xa6M\x1b\x09M\xdb\xb6\xcdG\xfb\xf6\x1dPZZ*\
y.z\xb9\xdf|\xf7\x8dTH\x94V&Ia\x9d\
\x92\xe8\xf6\x07\xfdHIJ\x91\x92577\xfb\x0b\x98\
\xf9_\xbfn\x83x\x0e\xdd;vA\xe7N\x9dQ^\
^&\x5c\x1b|\xbe\x83\x9f\xe3\x08\xb4\xfe\xfeG=\x00\
\xc6\xff\x8c\xfb\x99\xfd\x97R\x87\xd3)5Q>\x94\xfb\
\xdfxb\x0a\x80(\x14\x8a\x82\x22(\xb2\xe9\xf2\xb8\x85\
>\xfa\xb1\xc7\x1e\xc3\x13O>\x89\xbd\xfb\x94$s\x9f\
^\xfd\xe5\xf5W\xad^\x01\x9bUQ)\xf5\xe8\xd6\x17\
\x8f<\xf2\x10zt\xef)X\x7f\xd2)''\xc7\xa1\
`W!.\xb8`2\xe6\xce\x9f!\xa7\x0a\xb3\xe7\xcc\
\x0d\x90Zy\xd8\xd0\x11\x18=j\x9c\xf0\xafS_\x9e\
\xc9A\x96\x0c\x05\xd4d\xb1!\xe0\x0d\xa1\xb2\xa2^\xc2\
\x0d\xa9%k&\x01|\xb0\x22\x10\x89\xf8\x91\xdb\x22\x0b\
G\x0f\xea\x8d\xe6\xd9\xc90Q\xfeG\xf3!\xc2<\x85\
\x8ek\xf8\xaf2\x06Gx4mFRp &\x15\
\xe5\xb8u;)#\xad\x04`=\x1e\xf8k\xab\xf1\xe2\
\x0b\xaf\xa0\xb4\xb4\x1c3g\xcc\xc4\xa25\xab\xf5g)\
1U\x7f(\x08\x97#\x1e99\xad\xe5\xa7\xc7\x1d3\
\x11y\xad:\xa1\xa1&$lH\x11\xf8\xa5\x8d:\x14\
\xf1\xe2\x8dw\x9e\xc7\xea\x0d\xec\xd97\xe6V\x1d\x22l\
\x1f6\xe4\xe2\xa4\x95\x98\x1a\x01\x11n\xc4\x08:w\xea\
\x81\xb3\xce8W\xca\xc3^\xaf_\xa8\xd3\x09f\xea\xdd\
\xa7\x17:vl\x03\x9f\x8f.\xbf\x1d\xb3\xbe\x9d\x8b\xfb\
\x1f\xba\x1f3\xe7|/\xb1~H\x0b\x223=\x13\x97\
_r\xb9$\x8b\xa9\x12\xdc\xa8\x84\xad\xde\x8b\x87\x08\xbd\
\x06\xee(\xeaX\x10\xcd\xcaJ\x17\x01>\xcc)\xd0\xa0\
\xf1\xdf<\x5c\xc8\x13\xc9\xb5M\xfa/V\x00v\xed\xd9\
!\xde\xc7\xc3\x0f<\x84\x01\x8c\xfd5\x0d999\x02\
x\xa3@\x0b\xb5!\x0f\x82Y\xfdy\x0c\x00\x17\x07\x05\
\x1f\x0c\x03@c\xc0\x93\x9f\xd6\x94\x897a\xcd\x8d!\
\xe5P\xf0^\x83\xb2\xdb*t\xd5\xd3\xa6}\x88\xf7\xdf\
{\x0fs\xe6)\x16V\x96]\xb23sp\xc9%\x97\
\x894\xd3\x92\xc5K\xf0\xf6\xbbo\xe9\x5c\xf1|\x9d\x10\
\x06\xf4\x1f\x8c\x97^|\x11]\xbaw\x84\xdf\xab\xb2\xb8\
l\xa5\xbc\xe1\xc6\xeb\xf1\xde\x07\xef\xa0\xaa\xba\x82\xb6\x19\
\x1a\x17\x95\xcd\x83\xa3\xfa\x1f\x0d\x97\xd3\x83\x11#G!\
\xb5Y\x1a\xe2\xe3\x93%\xd1\xc6\xf6b\xde\xd5\x86z\xca\
Z\x93\xe3\xdf\xad\x0cH\x98\xe1\x80B#\xb2\xfc\xeft\
\x9a\x91\xdb2\x03YY\xc9HM\xd1\x90\xdd\xba\xa5\x02\
\xfe\x90n\xdb\xaf\x94\x5c\x0dc\xd0X\xf4\xd3Ym\x7f\
\x125\xfe{\x80 ??b\x11\x03\xaa\x0a \x1e\x99\
\x0e\xa5VpX\x0dV;]y\x12v\xeaH\xc4p\
\x08\x81\xea*\x11T]\xb9v\x8d \xf2\xa6<\xfe\x18\
rrs\xb1m\xe7v,^\xa16\xbd4;\x12\xc4\
\xa5w\xc2\x11X\xc5\xca\xcf\xf1\xc7\x9f\x84\xcc\xf4\x5c\x04\
\x02\x11Ai\xd6\xd54\xc0\x14\xb1)\xc1\x0f\xab\x86\xb2\
\x8aR\xbc\xfe\xd6s8P\xa62\xe7\xea\x1a-\xb2\xb1\
\x08\xffe\x19MA\x80U\xa6\x9f#!>\x19\xe3\xc6\
\x1e\x83\xe3\x8f;\x19v\xab[6\xa5\x89\x14\xe0f\x13\
\x82\x81\x06t\xeb\xde\x15\xbd\xfau\x92\xe8\xed\xfe\xfb\x1f\
\xc0\xa3\x8fMAeM9\x5c6\x0f|A/\xc6\x8c\
\x1c\x831\xa3\xc6\x08\xc8\x87\x87\xc4\xa1\x8c\xfa\xc1[\x89\
\xeb\x9c\xef\xc3p\x94\xe5bz\x064\x12n7\xb5\x13\
\xedr\xf0Q\xa9\x89\xc4#\xfep\x03F\x0d%Rp\
\x8a$\x08\xed\xfa\xfe`\x88L\xed\xbfC\xb1N\xfd\xe9\
\x0c\x00K\x7f\x9c\x04\xe6\x00\xd89\xc5\x18\x88\xf8\xe7C\
\x8d\xca\xca\x0a\xa9\xfb\xb36JB\xd1\xe7\x9f\x7f^~\
\xce\x9bL<A~\xdb\xf68\xff\xbc\x0b\x10\xe7\x89\x97\
D \x8d\xc8\xd2%\xcb\xf0\xed\xf7\xdf\xa0\xa4\xf4\x00\xac\
f\x07B\x11?\x12\xe2R\xa4\x09\xe3\x92K.A\xaf\
>\xdd\xd0PG\xfa'\x0bV\xacX\x8d[\xfey\xb3\
T\x0a\xd8\xfc\xc1\x9e\x04\xf2\xf8q\xc9\xc4\xbbS\x90\x9e\
\x91\x81\xe1CG\xca\xcd\xea\xd3\xb7\xbf\xc8g\xd1B\x97\
\x15\x97a\xf6\xac9\xe2\xbe%%$ 9!\x05\x01\
\x7f\x18\xc5\x15\x07\x10\x0c\xf8P\x5c\xbc\x0f\xfb\xf6\x17\xa2\
\xb2z\x0fz\xf7\xee\x85\xd3O\x9d\x84\x91#\x86#\xa5\
y\x96\xf2\x8b\xeb\xea\x10!\xe9\xa9\xe1\x19\xe8\xd4\xcd\xd1\
\xad\x16\xcd\xbf\xfd\xd1%\xb7_3\xd4U)1\x11\x81\
\xd7\x09\xb58\xfb\xff\xe1m\x00\x9cv\xc0\xe1F\xc5\xee\
\xddX\xbba#\x96/_!\x9f\x87\x8c7\x8c\xe7\xbd\
\x0d\x0d\xa2\xee\xebq\xb8P\xefW\xfd\x1c\x07\x0f\x8a\xac\
v\xe9\xd2Y\xb8\x11\xd9.\xdb\xa3{_i\x80\x92d\
\x9c\x9c\xe4\x0a\xbcE\xdavM3\xa3\xa6\xa6\x02\x1f}\
\xfc\x11\x12\x12]\xa8\xab-\x97f\xc2\xca\x8aJi\xeb\
\xe6\xbabC\x12\x13\xbe\x14T\xa1A\xa12q^\xeb\
|\x8c\x1f\x7f\x1c\xda\xb4n+\x8a\xc2,\x05\x1bY~\
\x93\xe0\x9eB\x18=z\xb8\x94\x07\xaf\xbb\xf1\x1a,\x98\
O\x1e@u\xbbH\x162\xe1\xd8\xe3\xa4\x05\x98'>\
\x0f&\x85r\x8c\x99\xa5\x18]\xcaX\x88\xb9\xe1\xc1R\
\xe4t\xc7\x8e\x1dQ\x89r6\xc1\xb1\xad\x9dr`s\
\xe7\xcdEMC\x05\xfa\xf5\xea\x83\x97_~EHh\
\xf6\x1e\xd8+\xd619Y\xe5\xc8\x98+S`7\xf3\
\x9f\xd7\x00\x18\xae\x10I\x0d\x9ex\xe2\x09\xf4\xed\xdbW\
&\x94\xf2\xdb\xf4\x02\x18?\xf1J\xe8\x19\xec\xda\xb5\x0b\
\xeb\xd7\xaf\x93\xb8\xd0\x10L \xe4\x95 \x0ez\x04=\
\xba\xf5\xc0\xa9\x13O\x15\x05[\x22\x0b\x05lA\x10\x90\
\xc3%\xc4\xa0o\xbd\xf3&\xb6n\xdd,\xae\xbb,\x9e\
H\x834\x10\xdd~\xdb\xed\xb8\xe2\xf2+U\xf9\x87%\
'\x9b\x05\x1b7n\x92\xc4\xd3C\x8f\xde\x1fM\x8b\xd8\
t##ML\x88`\xf8\xd0q\x22\x86\xc1f\x0f\x92\
?\xae^\xb5\x12;\xf7n\x81\x056dg\xb4\xc4y\
\xe7L\xc6\x17\xdf~\x8c\xd5\xeb\x15a\xe3\xc1#\xafe\
+\x9ct\xe2\xf1\xe8\xde\xb93\x8e\x1f;\x1e\x89i\xe9\
\x00\x99t\xbc\x0d\x12&\x88j\x91\xbehH3-\xfc\
yr\xaf\xff\xd3\x06@/1\xd2\x8b\x89\x8b\x93\x13~\
\xc7\xca\x95(-/\xc7\x1bo\xbc)%D\xbb\xcb\x89\
y\x0b\x16`\xd5z\xc5n{\xf0\x10\xba\xab(:R\
}\x9e\xfc\xbc\xf6\x22\xd7\xedv\xc5\xe3\xd8cN\x90\x83\
\x80.1\xe3u\x96r\xa5G\x9f\xccF2)\x94\x05\
\xd3\xa1L\xaclD\x88\xd6\xb4\x89\x01\xae\xaa\xaa\xc0\x96\
\xed\xab1k\xd6\x0f\xd8\xbau\xbbx\x98<\xc2\xb9O\
\x02\xa1\xa0 F/\xbf\xec\xea(\xb8\x88t\xe1\xc60\
^\xc7j\xb6I\x180c\xd6\xb7\xf8\xf0\x93wQ]\
[\x09\xbb\xd9\x81@\xc4\x8f\xd6-\xda\xe0\xa4\x13NB\
~~\xbelf#\x0f\xd5d~tt\xa1\x81A\xe1\
\x09\xcf\xbf\xe5\xda\xe6\x86e\xb8\xcbS\x9e\x09p\xfe\x8c\
\xc3\xe9t\xc3[\xef\xc5\xfc\x85sU\xa5\x01A|\xfb\
\xc5\xd7\x189~4\xb6o\xda\x86\xe2\xb2\x12x\xfd^\
\xc9U0\xdc\xa0'pp\x98\xfc\xa72\x00\xb4\x9aL\
\x96\xd0\x0b\xb8\xf0\xc2\x0b\xf1\xcd7\xdf\xfc\xcag\xc6\xd6\
\xbe\xcd\xa2w7j\xe4(t\xed\xdaE\xdc0i\x0a\
\x8b\x91\xa3\xa1K\xae\x92\x8bv|\xf3\xed7\xf8\xfc\xcb\
OD\xbe\x99}\x03\xbe O\xa0\x08\xc6\x8d9\x0e\xcf\
=\xfb\x0cZ\xb7m\x89\xda\xaa\x06\xc4\xc5\xf1d\x07^\
~\xf9u\xec.\xdc\x85w\xdey[\x9ak\xd40K\
\xa21\xac\xd7w\x8dA\xb5\x22J\x9b\xf0}\x03\x810\
\xf2\xdbt\xc4\xdf\xff~\x11\xf6\xed\xdb\x8be\xcb\x97\xa2\
\xb0p7\xf6\xee\xdf}\xc8O\x94\xdf\xb25zt\xeb\
\x8e\x9c\xe6Y\xb8\xe8\xc2\xbf\xa3C\x87\x8e\x5c\x11\xea3\
R\x0d\x87\xaa\xc0\x82\x1e\xe3\xe7\x0b\xc50\xe8\xc6\xc2\x82\
\x8d\xb99\xf4h\xbc\xa5zp\xa1\x8bz\xc4\xfe.\xf6\
\xb4:\xdc\xc2\x12\xdc\x90Y\xb17\xbf\xf3\xf6\xdb\xd8\xb9\
w\x8f@\xb6\x0b\xf6\xee\xd5\x1d\xeb\x98;\xc5L5O\
\xcc\x83\x88I\x1c\xf6x\xf1\x9c\x86\x0c\x1a\xaa\xd8oL\
\x11\x8c\x1c1F\x14n\xe8\xb6S\xde\x9d\xf1\xb4t\x8a\
\xea\xdc*Q:%\xf1>Tc\x0ck\xed<\x1d\x99\
\x11\xdf\xb1c\x0b>\x9c\xfe\x01\x0a\x0av\xa3\xb4b\xbf\
\xd2h`nF\xde1\x04\xb3\xc9\x81\x01\xfd\x07\xe1\xf4\
IgK{9\x95\x92\x94\xcb.\x82j2\xd7.\x97\
S<\x86/\xbf\xf8\x14\x1b6\xadEA\xe1\x0e\xc9\xd9\
\xf3\xc4O\x8eO\xc1\xd9g\x9d\x8dO?\xfb\x14g\x9c\
~\x86$\xfbX.6\xe64v\x9ey`UUV\
a\xcf\xde=R\xc9\xda\xb0i\x03zu\xef\x85\xfcv\
\xf9\xb2\xe6Y\x19`G+Ib\xeb\xeb\x95\x90)\xf1\
\xff\x8b\x97,Fee\x99T\x14N;\xe9TL\xfd\
x\x1a\xea*k\xe5\xc0\xdb\xb3\x7f/\xaaj\xe9\x95\xda\
\x04'C#\xc0\x92\xb9\x10\xc8\xfeY\x0d\x00-!\xad\
\xe0\xcd7\xdf,\xb2G\x9c8\xd5\xb4\xc3\xda;\x17\xaa\
\x02A4F\xc3\xca\x05\x8e\x8bK\x940a\xf0\xe0!\
\xe8\xd3\xab\xb7,\x04&S\xd4\xa6P\xd9\xe5\x98fs\
\xc5\xecb\xb3\x88\xfb9s\xc6\x0c,[\xb6\x1cU\xb5\
e\xb0Y\x14\xd9\x88?\xd8\x80\xac\xcc\xe6\x98\xf2\xe8\x14\
\x9cq\xd6$\x89\xf9\xea\xeb\xfd\xf0$P\xba\x0b\xd8\xb2\
q\x9b\xdc\xf8\xb5k6`\xc1\xc2\xf9rc5*\x01\
\xa9\xe9\x92f\x93\x90\xf4\xfas\xa56&\xbeR\x9be\
 11\x01C\x87\x0c\xc3\xd1G\x1f\x8d\xfd{\x0a\xb1\
`\xd1B\xacX\xb9B\x9a\x98\x84\xf4\x89,B\xa2\xa2\
\xac\x9e\x97\x96\x9c\x8a\xde\xdd{\xa0O\xcf^\xc8\xceN\
G\xaf\x9e\xdd\x85J\xca[W\x8f\x84\xa4\x04\x15W\x93\
b=\xa0h\xd6\x85=\x98\x83\xf3f\x88\x9f\x18\xad\xba\
\xfaP\xa0\x1e=\x16\x17\xcc~\x80\x9c\xd3*!\xa7\x08\
\x10T\xdb\x1d_\x93?\xa7\xf7Q\xab\xca\xa0\xc6g1\
N9f\xed-\xc9\xc9\x98\xfd\xd5W\x181\xe1\x84\x83\
\xee\xaa\x0dV\x87\x9el\x13\x1a\xb70\xdcN\x17\xb22\
2\x11\x17\x9f\x84\xfc\xb6\x1d%\xee\xcek\xd3V\xe4\xc6\
srr\x85\x83OJd\x04&\xb1\xa2\xa2R\xfaM\
\xb8\x10\xb8A\x0dw\xda\x90T#.\xa3\xa4\xb4\x18\xdb\
)&\xbb\x9d\xb0\xd9o$lS\x09GKc\x9c\x1f\
\xd7\x0c}z\xf7\x17\xea\xb9.\x9d{ \x14R|\x8f\
\x06\x96_\xf1\xe8\x99\x05\xd43\x7f\xfe\x1c\xc9\x03\x95U\
\xec\x93R\x98\x94\x1d-N\x0c\x1e:\x18w\xdc~\xbb\
\xb0M\x0d\x1b=\x14\x1d\xdbv\xc2\xd5W_#aE\
,.\xc2h\xdaY\xb3z\x0d>\xfa\xec#\x09C\xa8\
\x0f\xe8\x0b7\x88\xd0\xcb\xe4s'\x8bg\xcb\xceV\xf6\
\xac\xd0+\xa0\x5c\x1b\xf3\x13\xfc\xd9\xde}\x85\xf0\x85\xbd\
8\xaaO?\xbc\xfb\xfe{h\xd5\xba\x0dB\x81\xa0\xa8\
\x1d\x17\x95\x16\xa1\xb8\xb4X<'\xae}\xa3T\xce\xb9\
8\xd2\xc9\xe4\x7f\x8b\x01\xe0M`\x08\xc0\xf8\x9f\xc4\x15\
\x84Q2\x1c\xe0\x84\x12\xb6K)+\xb3\xd9\x01\x8f'\
\x0e\x0d\xdez9\xc1\xb9\xc0\x99\xd0\x19<x0r\x9a\
\xb7\x90>i&\xa0T\xaft#\xa1\xc4\xa1&\xc4X\
@\x09\xf1\xf1X\xb1r\x15\xbe\xf8\xea\x13\xd9\xc8\x06\x17\
\x1c\x95xy\x13\xcf\x98t&\xae\xbb\xe1z\x91\xb2\x0e\
4D\x04\xa5E\xebls\x12{@M\xf8*!m\
|\xed\xf5W\xc4\xb0l\xd9\xb2\x19\xa5\xe5\xa5\xd2\xbe\x99\
\x91\xd9\x1c\x1e\x8fG\xe8\xc4\xf6\x1f\xd8'\x18\x00\x152\
\x00\xbd{\xf6\x95f\x0e\xaa\xbcfefI(\xb3z\
\xf5:\xec\xdb\xbbO$\x9d\xd4Ph\xb4\xd8\xa6!\x97\
\xdd*\xb0g\x1a\xcb.\xed;\x88a\x189r$r\
srd\x83%\xb3\xb5\x99s\xe6v\xab\xcd-\xd8T\
\xa7t\x00\xca\xbf9\xbc^\xa1\xc1\xe2\xef\xca*\xca\xc5\
\xbd>p`?*+\xaa\xe0\xf0\xb8\xa57\x9d\x8b\xb5\
}\xfb\xf6X\xbel\x19\xe2\xe3\xe2p\xea\x19g*C\
A(#'6D\xbd\xc0\x08\xea\x19\xa2\xd8l\xf8\xec\
\x93\xcfp\xde%J\x00\x86#'\xa7\x950\xf0\x10l\
\x13\xcb\x19@\x96\xe3\x8e\x1d\xdb\xa3U\xcb68\xf5\x94\
\xb3\x91\x14\x9f*\xa2\x96\x0ckB\x81@4\xd4Q\xa7\
\xb1^\x9ec\xf3\x8f\x9e\x08e\xb8@\xa1\x11\x1ap\xb6\
\xd92s\xcf\xd3y\xe3\xa6\xf5X\xb2d1\xf6\xe8^\
\x95:\xed\xd5\xdc\xb1\xc9\xab{\xb7\xde\xc8o\xdbA\xbe\
\xb6i\x93'Id\xf2;\xc66\xbb\xd2\xddg\xcf~\
Mm\x05^y\xf5\x05,\xf8q\xbe\x18\x0e\x95N\x8e\
\xa0_\xaf~x\xf6\xb9\xe7$\xbc\xb4\xba,\xf8q\xce\
\x22\x0c\x1f5\x5c~{\xd6\xe9g\x8bQ\xe7\xe9l\xa8\
b\xf14fN\xeb\x91G\x1f\x817P/\xf8\x80\xa0\
T\x1aT\x035{\x0f\x8e>\xeah\x99go\xbdO\
*K\xbc\xae\xf5\xeb\xd7c\xf3\xb6\x0drh\xb5\xcfo\
\x87\x193g\x22+'\x0b\xe1\xa0:\xf0\xb8/\xb8\xc6\
\xb8\xa6\xd87\xc3uO\x03@C\xc00\xe0H\xe7\x01\
\xfe\xad\x06\x80\xc9\x10~\xff\xea\xab\xaf\xe2\x99g\x9eQ\
\xfc\xf2\xcd\x9bc\xec\xd8\xf1\xa2Rk\xd5\xe3|\xde|\
\xba\x9d\xb4\xbaL\x84\xb4\xc8\xcd\x13\x0bHEY\xd5\xab\
\xad\xe2<N\x18\xbd\x8b\xc3\xd5H\x95\xf2\x8b\x1d>\x7f\
\x03\xde\xff\xe0]\xac\x5c\xb5R_\xad\x16\xe1s\xa3\xd2\
\x0a\x9b@&\x9e|*\xee\xfb\xd7}h\x93\xdfR~\
][MkO\xa2G\x07l\xbaw\xceL6\xe5\xce\
\xbf\xfc\xf2K\x94\x95W )1]\x8c\x05\xb9\xde\x1e\
}\xf4al\xda\xb2\xc2\x98\xd2&nbfFst\
\xef\xd6\x0d\x03\x06\x0cDrR\xb2tAn\xda\xb4\x09\
k\xd7\xad\xc1.]TR\x0d\xe3\xc66u\xa1IU\
\x95\x9c\x9c\x0c\x97\xdd\x8e\x04f\x83\xcdfY\x14\x14\xdb\
\xe4\x5cP*\xac\xa0`\x17z\xf4\xec)'\xcb\xfa\x8d\
\x1bQR\x5c\x22y\x8e\xe2\xd2R\x11\xb3\xd8\xb1}\x07\
jkk`\xb1\xdaQC\xa0\x0a\x80\x94\x84\x04T\xd4\
\xd4 \xd1\xe9\xc6\x8f\x0b\x17\xc1\xe3v\xcb=\xa2\x08+\
\xb3\xd6ty\xeb\xbd\x14=\x0d\xc3\x17\xf0\xe3\xadw\xde\
\xc1\xfe\xe2\xfd\xe8\xd3\xb7\x0f\x8e?v\x02v\xed\xde\x8d\
\xc7\x9f|\x08\xc5%\x07$FWwC%\xd48\xda\
\xe6u\xc2\xdf/\xb8B\x12p\x94\x1b\x976]\xc2\xa5\
\xc9\xd3\xcf\xca\x8903Y\xa3 \x17\xf2!2\x91W\
\xb8{7\x96-gi/\x84\xad\xdb6cW\xe1.\
\xa1\xc6>x^\xc9\xc9\xdf\xb3go\xf1\xbc\xda\xe6\xb5\
\x13C\x10\xf0\x87\xe0\x0f\x92\x10VQl3\x07\xa4D\
Y\x81\xcd[6\x897\xb6c\xc7F\xac\xdd\xb0\x1c\x16\
\x93C\xa8\xd6s\xb3rq\xf5UW\xe2\xf4\xd3\xcf@\
v\xcb\x0c4\xd4(\xa97w\xbc\x0b\xa7\x9c8\x11\x9f\
~\xfd12\x923q\xddu\xd7\xc9\x06T\xebMS\
n\xfc\xa2\xc5x\xfd\xdd\xd7\xe0\xb4\xb8\xe0\x0f\xfb\x11\xef\
\x8c\x97{\xc5$\x1e\x13\x90\xc4\xf4\x8f\x18:\x12yy\
*\x87\xb0g\xcf\x1e]\xc1\x0a\xf0\x87}x\xee\xc9g\
p\xc9\x95\x97!\xe8'\xdeD1f1\xa7U^U\
\x8e\xfd\xfb\xf7\xc9A\xc0\xf74\xc2\x00a\x0b:\xc2y\
\x80\x7f\xab\x0100\x00<5/\xbd\xf4RI\xf6\xf1\
F\x0d\x19<B,8\xb9\xd6\xb8H\xb8\xf9\x99/P\
\x18}\x93d\xfc\xa9\xcc[/\xae\xaa*\x0d\xb2\xfb+\
>\xde\x85\x84\x848\xc9\xe8\x1ae\xc3\x83\x87$i\xa8\
&\x83\x88l\x94\x15+\x96c\xfb\xf6\x9d8P\xccS\
\xdb`,\x0a\xa1YJ\x1a\xc6\x8e\x1d+\xd0\xceSN\
=Q~\x1e\xf4)\xc9&\x0eZ^\x8f\x87\xba\xec\x07\
\xb0p\xe1\x22\xd8,TdU8pz6\xab\xd6,\
EA\xc1\x0e\xac[\xbf\x06%e\xfbb\xf2\x07\xbc\xae\
\xb00\xca\xf2t\xcf\xc9i\x8e\x1e\xdd{\x08\xa9\xe9\xea\
5\xab\xe1\x0f\x04Q\x5cR\x22sQVZ\x8aP\xb8\
>\xe6\xee\xd0m\xffc\xc9>s3sq\xf7\x9d\xf7\
\xc2b\xb6\x89#!\xc89\x22\xe2x\xfd:g\x02?\
\xa3\xd3\xe5\x14\x8c:\x91\x9cs\xe6\xce\xc2\x82\x85\x0b\xb0\
\xbfh\xb7\x92\xf3\x12\xa0\x16\x9fl\x96r\x954\xd7\x04\
\xfdH\x8c'\xa3\xf3d\xf4\xeb\xd3\x07a\x8a\x84j\x11\
\xd4zk\x91\x9e\x96\x89` ,e\xc2\xba\xfa\x1aT\
VWb\xe3\xe6\xf5\xd8\xbcy\x13v\xef\xda%X\x8e\
\xc6\xc1\x05\xaf\xe6 \xa7yk\xf1\x18\xbbt\xea\x8e\x13\
O\x98(%[\xc6\xd6\xcc\x07\xa9ULK\xc2*\x8f\
]\xca\x8b\xcc\xb2\xafX\xb9\x0c\xab\xd7\xac\x94\xb9\xf6\xfa\
\x98$T\xe1@RB:\xce=\xe7\xef\x18?v\x0c\
\xc6\x1e?\x18\xc1z\x02\xd5\xa8\xff@\x09\xf3\x08<I\
\x0e\xbc\xf9\xf2\xbb8\xef\xa2\xb3\xe5\xf3\x1c7\xfex\x1c\
w\xecq\xba\xe7J\x91Z\xb7\xe8P\xbc\xf4\xdaK\x02\
\xf8y\xf8\xc1\x87q\xec\x84c\xa4||\xcc\xb8c\xb0\
t\xd5\x128\xadlA\x0f\xa3{\xd7\x1eh\xd9\xb2%\
\xbe\x9f\xf1\xbd\x1eJDp\xfdu\xd7\xe3\xa2\x8b.\x14\
5m\x97\x87\x8dLJ\xe3\x81k\xbe\xba\xa6\x0a\x07\x8a\
\x0eH\x8e\x82\x1e\xaf\x81\x98\xa5\xe1W\xfd+\xff\xc5\x9c\
\x80?g\x00\xd8\x03\xc0\xcd\xc2S\x99\x1f\x94F\x80L\
=\xcc\x06O8\xee$x<\x09\x92)e\xe7\x16\xb9\
\xd4\x051h\xb6\xc0\xe5vK\xdd\x94I\x11\x86\x07<\
)\xc8\xf5g\xb3[\x90\x94\x14/\xe2 t\xc7\x0d@\
\xcaO2\xb5z\x07\x9dA\xb4\xc0\x13\xf2\x83\xa9S\xe5\
uJKK\x04J\xaa\x067\xab\x09\xe3\xc7\x1d\x83s\
\xcf9_\x18[\xb2r\xd2\xa2\xc6\x80Yd\xc6\xa3\x0b\
\xe6/A\xe1\xee}\x82\xeeR\x90Q\x8b4\x0b\xd1e\
%\xcd\xf8\xc7\x9fL\xc7\xe6-\x1bd\xb3\xf8\x83\x94+\
c\xbd\x99\xe0\x15\x1a\x135\xdd\xa9\xc9\x99\xf2\xb9Z\xe7\
\xe5\x89\x07\xe4\xf3\xfaDht\xff\xfe=\xb2\x89\x96.\
]\x82=\xfb\x0a\x85Z\x90J\xc5\xe1p@\x98\x92\x15\
\xa5\x9e\xc2\xb2\xeb<\xb2\xaamVZ[u\xc0\xbe\xde\
\xda\x1b\xa6\x8b\xecp =-\x1dII\xc9H\xf4\xa4\
H\xcf9=\x11RP\x11?\xe1q\xc7K\xcc*\x0a\
\xcc\x86x\x87\x0e\xe6Q9\x1a\xba\xaeA\x09\x17\x0a\x0a\
w\x09'cem1\xcc\xb0#\x22\xb9\x11MDI\
\xc7\x8c\x1e\x83\xef\xbe\xfb\x1e\x0d\x0d\xcaH\xdb,n\x04\
\xc3>9\x85[\xb7l\xa5\xf3\xddG$\xb6\xed\xda\xa5\
\x07\xea\xea\xbc(\xe0f\x0fx\x11\x08\x11#\xa1'$\
\x05S\x11C\xe1\xc5JKvs\xe4\xe7w\xc09g\
\xff\x0dn\x87[HZ\xbc\xde\x80$\x10\x8d\x8a\x1c\x0d\
4{\x06\xe8a\xec\xdd\xb7\x07\x0b\x16\xce\xc3\xa2\xc5?\
\xa2\xa8\xa4PO\x12*g\x9f#=5\x13\x97]|\
\x03RSs\x90\x9d\x9d\x86qc\x87H\x1eJqE\
\x1a\xad\x1c\x1a\x82\x91\x00N\x9b8\x09\xdf\xcc\xf8\x12\xed\
\xdbt\xc0\x15W\x5c)\x8dAF\xf2\x8f\xe1\x14=\xd9\
:\x7f-\xbe\xf9\xe2\x1b\x8c;n\x9cdN\xf7\xef?\
\x80'\x9fx\x0a\x0f?\xf6\x90\x18\x01\xae\x7f\x1a\x0c9\
\xd4\xb4\x00&\x9f{>\xae\xbd\xf6jy\x9f\xec\xecL\
\xe1q\xb4\x08[\xb1\xba\x97\xf5\xde:\xe9\x98\xe5~\x91\
\x8e\xd9\xa4$1\x00\xf4.\x18z\xfc)\x0d\x00\x13\x80\
\x86\x01\xe0\xc6\xee\xdc\xb93>\xf9\xe4\x13\xa9\xcf\xf3\xe6\
\x10\x93?v\xd41\x92\xc8\xabk\xa8\x81\xcfG\xf73\
$7\x9bn\x90\xcb\xed\x90\x18\xbd\xe8\xc0\x01l\xda\xbc\
^6\x1d\xcb$\xb4\x8e\x1d:t\x88\xc6I\xbc1\xaa\
V{\xf8\xdc\x80b^U\xe1\x03\xe9\xc6\xa7N\xff@\
H\x1c\x99P\xe2\x08\xcbF\x85\x5c\xd3\xc9'N\xc4\xe8\
\xd1#1p\xe0 \xa4g\xa5\xc0W\xaf\xa1\xbe\xb6\x1e\
3g\xcd\x15\x05Zv\xaf\x89\xca\xae\x16\x94\xcd'\xf5\
Z*\x03\xfb}X\xbbv\x8d\xc8H\x11\x9b\xbel\xe5\
\xc2hK\xaf\xce\xf4\x175L.\x87GHO\xc8=\
\xc8d\x19ct\x1a%\xbf_q\xfb\x91))@\x9d\
B\x7f\x83x\x1d4\x1c\x94\x15gL\xca\x93\x8e\xc9&\
\x9e\x16B\xaf&\x1e\x07\x13Z\xca \x11'A9\xb6\
!C\x86\x22%9\x15u\xf5\xf5\x92\x8c\xda\xb3\xa7\x10\
\x9b6o\x94p\x84\xf2\xd7\xa7\x9c|\x8a\xb4\xa5z\xe2\
<\xc2\x96\xc3\x90\xe1@Q\x89\xb4o\xd3k\xdb\xbec\
;\xc2Z\x03\xec \xbd\xb7\x19\x81\x88\x0f\x99\xe99\xa2\
\xfd\x98\x9b\xd3\x02\xfd\xfa\x1d\x85m\xdb\xb6\x8b\xdb>c\
\xc6\xf7\xd8\xbdg\x07\xecV\xf2\xe8\xd3\x0c\x19\x19\xf4\xa6\
I;nnU\xf5\xa4[\xdd\xe8\xe9\xa47\xe3bO\
C\xa7N\x9d\xd0\xa2EK\xe1\xd0\xb3\xdb\x9d\x92\xcd'\
\x1e\x80\xc91\x03\x88\xc3y\x13\xf4\x1d\xb8\xc6j\xb1|\
\xe5bQ\xcf\x0d\x88\x17a\x15{\xc6\xc4\xab\xdd\xe2@\
\xf7\x1e=\x91\x96\xd6\x0c\xe3\xc6\x9e\x80\xc4\xf8\xe6(\xdc\
\xb5\x17I)\xf18\xeb\xec\x89p\xb2\x13R\xaa.*\
\xb7\xc2\x8d\x1e\x97b\xc3\xf7_\xce\xc4q'\x1e#\x94\
t7\xddp\x93\x94\xe4x\x8a\xf30\xe1\x01\xf2\xdcs\
\xcf\xa2\xf0\xc0n<\xfe\xf0\x14\x5cu\xfd5\xf0{\xfd\
pz(3\x16\xc1\xe8\x91c0k\xceL\x09\x11\xe4\
\xdeh~\xb4i\x91\x87g\x9f}\x12\xf1\xf1\x14.M\
\x90\xfb\x9d\x90\xa4za\x8c\x03\x8ck\x87\xda\x83\xf4\x98\
i4X\xf2d\x08\xc0\xfb\xcc\xbf;\x92y\x80\x7fK\
7\xa0a\x00\x0c \x90P)%'\x8b[t\xdcq\
\xc7a\xee\xdc\xb9rJ\xf6\xefu\x14z\xf7\xea\x83\xd2\
\xb2R9m\xf9<\x8a\x8b0\xb9\xc4\xd3\xfe\x87\x1f\xbe\
Cq\xd9~\xf1\x0a\x8cr\x13\xb7QzZ\x06Z\xe4\
\xb6@\xef^\xbd%\xa7@\x8bi\xc4j\x873\x04\xc6\
W\x1a\x90\xef\xbe\xfb\x0eS\xa7\xbf\x83\xcc\x8c\x1cah\
!^\x9c\xeaDT\x981N\xa6n]z\xe1\x89\xc7\
\x1e\xc7\xe0!C\xd8\xbb\x82\xb2\xe2:\xcc\x9c1[\x85\
-R\x8dPYkC\x83\x80.\xb5\xcdNy0\x07\
**\xcb\xa4+m\xef\xdeB\x14\x14\xec\x14\x90Se\
Ml2\xd0\xb8\x05F/\xb11\xb8\xc8\x15\x19\x88|\
5ZyY[\xa7\xbf\xce.:\x1b\x15c\x12\xc5m\
\xf4\x05\x83h\xd7&_\xe2\xc9\x8d[7*#@\xce\
\x03\x84\xd1,\xb1\x99\xa8\xdb\xd2\xfba\x15\xa5\xce_\x13\
}\x17\xb5)\x9b\xd6\xea\x0f\x1efAL\x12\x1b\x11F\
\x9c#\x01\xdd\xba\xf5\xc0Yg\x9f\x8f\xe6\xcd[\x88J\
\x13\xc36\x96[\x13\x13\xe3\xb1e\xeb&\xdcq\xd7\xad\
\xa8\xf7RV\xdb\xa5\xa0\xd3\xdcT1\x1eP\xec\xb0Z\
\x5c\xe2\xa50\x13\xde\xbdKoi\xb0\xa1gB\xf1\x14\
\xba\xe5\xdc\x04L\x88\xc9g\x097\xf2\xe2\x13\xb3\xcf\x12\
\x22\xbb<?\xfbl:6m^\xa7$\xd7\x05\xc0\xa3\
\x9a\xb2\x084\xe2\xe69\xee\xd8\xe3\xe5\x9a\x157\xa1\x13\
\x0d\xde\x08j\xaa\xea\xc4\x039\xe9\xe4c\x85\x132\x14\
\xf0)\xa2\x17\xe6%\xa4\xab8\x02\xab\xc3,\xde\xcd\x9c\
\x85\xb30d\xc00L\x9a4)\x0aS'\x1c}\xc6\
\x0f3\xb0~\xcbZ\xb4\xcfk\x87\xe5+\x96#.!\
^\x0c\x15\xef=\xd7\xfa\x03\xf7?\x88g\x9f~V\xf2\
\x01\x89\x09Ix\xff\xdd\xf7\x91\x9e\x91\x8c\xea\xea*$\
&%#;+[t\x0c\x88\xfc\x93\xcf\x14\x89\xc8g\
\xaa\xa8\xaa\x92\xc3\x8e\x9e\xb3\x91\x07\xe0\x83\x80\xb7#\x99\
\x07\xf8\xc3\x9b\x81\x8c\x0dx0t\x92\x1f\x94\xa7\xf5M\
7\xdf\x82\x05\x0b\x16\xca\xc4S\x0c\x91\x89\xae\x8c\xf4,\
\xf8\x1b\x02Q\x14\x00O\xd5\xdd\xbbw\xa2Xbkf\
\xa8\x9b\xc6\xfbee\xa5\xeaQ^*\xdcx}\xfb\xf4\
C\xd7\xae]\xe5yF\x1e\xe1\xe0k2\x00\x1c\xe4'\
\xf8\xf1\xc7\x1fe\xd1\x8c\x195\x16\x7f;\xf7l\xbc\xf4\
\xd2\xcb\xe2\xc6K\x87\xa0\xc9&\xbd\xe5k\xd7\xaf\xc4\xc8\
1\xa30|\xd8H\x9c\x7f\xde\xf9\xe8\xda\xad\x132\xb2\
R\xb1g\xf7~x<.\xf1X\x988#tX\x12\
\xe9&\xca9\x9b\xd4)m\xb5\xe3\xb8cO\x94L>\
O\x0f\xc2B\x17-^(\x9c\x04\x9b7mBEe\
\x05\x22Z\x10\x81\x90R7n\x1cD\xbf\x19tb\xaa\
\x86\xcd\xde\x05v\xb3\xf1\x13\xb1!\x86\x0b\xba\xb8\xbcT\
\xfe}\xe2q'\xe3\xe4\x13NC\x9d\xb7\x0e/\xbd\xf4\
\x1c\xd6lX-g\xae\xdddGeu\x05\xca\xab\xcb\
\x19\x8c\xc8+3k-h52 K\xfd[\xa1\x06\
\xa4[2:G\x8d(7\xe6\x01\xb23Z\xa0K\x97\
n\x18:x\x04Z\xe4\xb6\x96\x9cAUy\x9d\xa2c\
3Y@{YZV\x89\xac\xcc\x1c|\xfc\xe1g\xb8\
\xfc\xcaK\xb1m\xc7&)\xc1\xb2a\xab}~'\x8c\
\x18>\x02\xbbv\xed\x96<\x0e\x8d/\xdf\x95\xad\xd9i\
i\x19B\xc7N\xaf\x80\x06\x8aU\x08nz!\xee\xd0\
B\xa8\xa9\xad\x14\xc3\xd9\xd0P\x87\x82]\x05\xc2\xf1P\
_\xe7Eyy)\xfc\x01\x1f*\xaa\x94`'\x07=\
\x8f\xd6\xad\xdb\xa3m^\xbeTPR\xd32D\xb9\xe7\
\xc0\xfe\x129\xe1\x89\xfa\xa4\xe7\xe0\xf3\xfbD\xb7\x8f\x15\
\xa2\xec\xecT\x84Dn\xce.\xf7\x9b\xc6\x8c\x9e\x83+\
)\x1e\xc7\x1e{\xac\x18\x80\x85\x8b\x16\xa2[\xb7n\xe8\
\xdc\xa9\x0b6S..\x14D\x8b\x16\xad\xb0m\xc7V\
l\xd9\xb1\x157]\x7f3\x9e~\xfeiy>1)\
i\xe9ix\xec\x89)X\xb3j\x0d\xe6-\x98+\x86\
\x80,\xc0\xdb\xb6m\xd0Y\x9b\x95O\x14{\x06\x1b\x1e\
*\xc3\x19\x83\x1d\x98k\xd8@\x15\xfeiq\x00L\x9e\
\xd0\x030\x98\x80x\xf3\xe9\xd2\xd0\xaa=\xf4\xe0#\xb8\
\xf9\x96\x1ba\xa5\xea\x0e\x80\x01\xfd\x06\x2233Kj\
\xa2v\x87\x0b\xf1IIX\xb2\xf4Gl\xdd\xb1\x01y\
m\xda\x08\xb7:\xc1\x19\x8b\x16\xfd\x88\xbd{\xf7b\xc9\
\xb2%\xb03\xe1\x12\x0e#\xac\x05\x11\xefI\x948\x9e\
 \x9b\x8c\x8c\xf4\x18\xdc\x00\x9a\x18 ZV\x96e^\
x\xe99$%&\xe2\x9d\xb7\xde\xc3\xf8\xe3\xc7\x80\x98\
\xa1\xef\xbe\xff\x1e\xff\xba\xef^\xac\xdf\xb0\x0e\xf5\xdej\
\xd5\xc4i\xb6\xea\xa7\x18c\x5c\x97\x5c?EK\x8e\xea\
?\x10m\xf3\xf2$\x17A\xa6\x22\xba\xabd\x8eU\x09\
\x1bU\x937\xea\xde\xcc]H\xfe\xc2\xe6\x10CF\x10\
\x09\x01#\x147\xdd\xb6}\xb3$*\xc9P\xe4\xb0\xd9\
QT\xb4\x1f{\xf6\xeeE]m\xadl`\x97\xc7\x85\
\xba\x9aZy\x1es\x00\xac\x100\xfb\x9c\x10\x97\x84\x8b\
/\xba\x04}\xfb\x1c\x8d\x80Og\xda\xb5\x84\xb0v\xdd\
J\xbc\xfa\xfa+(+/\x91\xd2\x14)\xae\xe5\xdaM\
\xcc8\xab\x96\xe5\xd4f\xa9r\xc2\xf2d\xa1\xe8GE\
uE\x93J\x84\x01\xa9\x1e=r<.\x9a|\x09\xa0\
\xd9\xe43\xfa}\xaa\xe4e\x10\x91H\x17\xa5\xc5\x02\x7f\
0\x80\xcc\xcc4\x8c?f\x10\x16\xfd\xb8\x0a\xa3\xc6\x0e\
\x93\x8dB\xae\xc7\xe1CF\xe1\xa2\x8b\xfe!\xf7\x82%\
_zO\xf4\xe6H6@\xd7^Z\x7f\xad$y%\
)\x8cO<\xc1m[7c\xd3\xe6\x0d\xd8\xb1c\xbb\
h\xe5\x89G U\x81\xa6\x83\xbd\x1c\xd9Y9R1\
`\xc8\xd0\xa5sw\x81\x0e3\x89\xca\x92\xb2\x01\x12\xa3\
\xe1a\xdb7\xe7/\x10\x08\xa1\xb2\xb2\x1a\xfd\x8f\xea\x83\
>\xbd\xbb\x09\xab\x93\xcb\xe9\x82C\xc8_\x1c\x92\x10\xa4\
P\xe7\xe6M\x9b1l\xc40\xd46\xd4\xa0{\xc7\x1e\
8f\xfcq\xb2\xee\xb8A\xc9\x0d8w\xde,l\xdd\
\xb1U\xbc\xa8\x19\xdf\xcc\xc4\xc8q#\x10\x0a0\x0cU\
\xc40%\xfb\x8b\xb1c\xfbN\x1c=p\xa0T9J\
\xcb\xf6KxG\x81WB\x95\x13\xd8\x0e\xcf\x1a\xbf\xfe\
Y8\x0f\xb5u*i\xce\xd0\x8e[\x94k\xcdH\x04\
\x1at\xfb\x7f\x0a\x0f \x16y\x16\xeb\x05\x18.<\x93\
~\x97_q\x99H\x84\xddt\xe3M\xa8\xab\xaf\xc5\xe2\
\x15\x8b\xa5t\xd6<3\x1b\x94\xc1\xf3\xf9\x18>\x14I\
\xef4\x89?\xbav\xef\xac\xbf\xfa\xb5(/\xad\xc0\xdd\
w\xdf\x85\xe7\x9f\x7fI\xd8\x859\xb8\xa0?\xfd\xec\x13\
\xd8\xbf\xfd\x0a'\x9dp\x0a\x06\x0d\x1a\x18\xcd\xde\x1a\xd7\
\xc4\xc5\xc0E\xf6\xe5\x97_\xc9\xc9:q\xe2$\xd9\xfc\
\xe5%\xb5\x92P$\xf3\xf0%\x17_&*C\xeb\xd6\
\xaf\xc5W_}\x8e\xcaj\x9e2$\x9dPujV\
\x12\x0e\x14\xef\xc5\xa6-\xeb$\x8e\xe7\x89\xc3M\xce\xb2\
\x0f\xf5\x04\xb2\xb2\xb2\x11\xe7a|\xc7\xb6g\x9b\xe0\x1a\
\x84xDB\xa2Z)\xd5y\xe2\xdcB\xe9m\xb1d\
\xa3s\xe7.z\x8f\x80:\x05\xc8V\xc3\xf9\xa1\xe7\xd0\
\xe0\xab\xc7\xf4\x8f\xa6\xe1\xfb\x19\xdf\xc0jq \x10\xf6\
\x81\xec\xf7))\xa9x\xfe\xa9\x97qT\xff\x01\xf8\xee\
\xdb\x1f\xe0q'I\x16\x9b-\xa4Y\x99-\x04\xb3\xc0\
r\x17E.;\xb4l\x89\x9a\x9az\xd1\xf5\xa3\x88j\
em\xb5\x84\x10\xf6\x88\x0d\x97]v\x99\xc4\xa3\xbbw\
\x15J\xf7$)\xd0\x16-Y\x82\xe5\xab\x96I\xb5d\
\xc3z2\xefV\xc3\xedN\x14\xc6d\xa1\x1f\x8biW\
\xe0\xe7&\x1f?\x8d*O\xc9\xe2\xe2\x06\xf4\xed\xdb\x13\
\x97\x5c|\x15\xa6<~/\xecV\x0ff\xcd\x9d)\x98\
\x08z~\xad[\xb7\xc6\x81\x03E27\xdc\x00T\xcf\
%\x922)9I\xbc\x1a\xb6\xf7\xb22RSO\xc0\
\x8f\xe2\xf9\xa3\xf7C\xa4\x1e\x8d=\xe3b\x89\xab\x03d\
\x93\xf6K(9d\xf0`\xa5\xda\x03\xb3\xf0\x02(\xf8\
mH\xc22\xcey\x80\xfd\x04\x11\x85\x08\xa4!\x08\x12\
\x9d\xe7\xad\xc6\xbe}\x85HKO\x12O\x83\xd7\xc6\x8a\
\x93\xe4\x9d\x5c.\xf9\xccyym0\xf9\xfc\xc9x\xe2\
\xd9\xc7\xc4\x10\xed\xd8\xb9M\xf2M*D\xb5\xa0c\x87\
\xf6\x82\xb5\xa8m\xa8\xc5]w\xdf\x8d\xc1\xc3\x07\xabj\
\x88N\x06\x99\x95\x9b%\x8f\xda\xea:\x98\xd8\xd5\xc7\xf2\
'\xbd7\x03\xcb\x11\x05>6\x12\xa8(Fm=\xd4\
\x91Dl8\x1a\xd6\x1e\xc9\xf1o\x09\x01\x8c\x87\xe2\xdb\
W@\x0a#\xc3l\xd4\xea\xffq\xf1E(\xda\x7f\x00\
w\xdd{\x970d\xafZ\xb9\x12\x072\xf6\xa3S\x87\
NHHNFUm%Z\xe6\xb4@\xdb\xfc<\xf5\
<\x9d\xdf\xaeYj\x0a\x9ez\xe6)\x1c}\xf4@\xac\
^\xb3\x06\x8b\x16.\xc6\xbc\x85\xb3\x81\x88Y\x00?\xac\
\xff\x13\x80A \x87\xe1B\xf1\xfdy\xe21\xa3\xbdg\
\x1fKY\x9a\xc0\x8be\xf3\x111\x07\x88{\xce\xb8\x96\
\xf9\x85\xd1#\xc6\xa2C\xbb.X\xbat1v\x16l\
\xc7\xde}\xbbQUS\xde\xc8h\x0b\xb6zz\xb1n\
#q\x06\x90:3\xdd\xde\xf8\xf8D8\x1dni\xfc\
\xe0B\xef\xde\xbd\x87\x8e\xedNGVf\xa6\x94\xafx\
\x1d\xfc\x1d\x17#\xef\xad\xc2\x90S\xab@\xc5\xbetE\
\x99\xac\xab\xac,\x95x\x90\x8b7\x10n@zj6\
&\x9dz\x06z\xf4\xe8-\xa1\x0b]t60UW\
R\x98\x958\x07\x9b0*W\xd6V \xc1\x93\x80\x8b\
/\xba\x14\xfd\xfb\x0d\x92:\xff\xf6\x1d[\xf1\xc1\x07\xef\
\xa0\xa2\xb6\x0a\xc5E\xc5\x08\x22\x80\x8f?\xf9\x187\x5c\
w#\xbau\xed\x15\xcd=\x0c\x1a:\x02/\xbc\xf0,\
f\xcf\x9d\x81\xa2\xe2\x22I\xe2vh\x9f\x06_C\xac\
+\xaa\xba,i\x10\x89\xe7'.\x81\x1b\x87y\x81\xf2\
\xf2Z\xdcr\xd3\xcd(\xd8\xb9\x03\x1f\x7f\xf6\x9e\xf00\
\x14\x95\x12\xba\x0b\xec\xde\xbb\xe3 4\xe5OV\x8e\xb4\
^\x13]\xa7r1L&R\xde\xdb\x811\xa3\xc7G\
{IXn\xe4}c>\x89\x9b\xce\xed&\xb7\x84\x05\
\xe9d1\x16\xf7Ym\x1c\x85\xe5\x0fK\x98\xc6S\x9f\
X|MS\x08F\x03\xa5*d\xaf\x16\x8b\xdc{\xae\
I\x91\x8cs\xd8\xe1\xf7y1|\xf8p\xbc\xfc\xea\xcb\
\xa8\xf7\xd5\x8b\xfa\x0f\xff\x9ea\x08{C\xea\xea\xaa\x91\
\x10\x9f %\xe3\x05\x8b\xe7\xe1\xcb\xcf\xbf\xc4\xc9\xa7\x9e\
\xa4KyQHDoM\xd6q,\x06\xa4\x97_\x15\
\xae\xe5\xa7!\xaa\xc2I(]\x00\xae[\x01Q\x19\xe8\
\xcf\xc3\xe4\xb6\xfek\x09A\x0e6\x02Fb\xd0\xb0h\
\x8c=\xf9\xef\xbf\xff\xe3\xef\xf8\xf8\xd3O\x04$\xe3\xb0\
:\x05xRYQ\x81\xbcv\xed\xc55#\xe1\x03]\
\xe6\xac\xe6\x99RV\x12^;\xa9A\x87q\xfa\x99\x93\
\xe4A\x84\x1a\xbb\xff\xe6\xce\x9d#\xc8Y\xb6\x12\xbf7\
\xf5mI\xc8L\x980A\xcf\x09\x10\x09\xeb\xc7\xca\x95\
+\x00S\x08\x83\x06\x0c\xc1\x99g\x9e\x81\xfa\x1aEu\
MA\x90\xfa\xfa\x06\xd4\xd75\x08\xc5\x18C\x08f\xb3\
\xf3\xf2\xda\x89>!\x17\xed\x81\xa2=\x02\xea\xe1)\xce\
S\xa1\xbc\xa2\xa41\xa5F\x9e\x80p\x10\x15U\xa5\xca\
\x9c\x17+\x1c\xc2\xfaM\xcb\xe5\xdfN{\x9cd\xfc\xfd\
>\x9f0\xc92\x1c\xaa\xa9\xae\x95\x06\x19\x96\x96X^\
d|\xca\xfc\x04\xdd\xd0\xb2r\xe6>\x1ak\xe24F\
W\x5c~\xad\x94\xee\x18\x0a1\x9e\xa5\x8e\x00\xbd\xa6\xf9\
\xf3\x16G\xd9\x7fX2\xe5\xdb\xb7k\xdb\x11\x03\x8f\x1e\
\x82\xeaJ\x1f<\xeeD$&&\xa3\xa0\xb0@Tp\
xO\x9c&\x17V\xaf_%\x9a\x8e\xe7\x9c=\x19\xe5\
\xe5\xd5\xaa\xbc\x17\xe7\xc6\xa9\xa7N\xc2\xfc\x05\xf3%d\
!\xb7\x82\xe0-b\xd6\x9e\xb8\xd2A?\x5c.\x07z\
\xf6\xee\x85\x94\xe4$\x04\xa4\xd6\xadIHA\x80\xe1\x13\
\x8f=\x81\xaa\x0a\x92w|\x0b\xbb\xcd\xa5\xb7P\x93\x92\
K\xb5H7\x1d\x86QP\x08=f\xfc\xb33)\x12\
\xdbM \xdcq\xf1\xf1h\x96\x92\x02\xb7;\x01\x09\xf1\
\xd4e \xb4\x97jN\x14\xf7T\x02\x9e\xdc\xbct\x93\
\x8d\x87\xb1\x91\x14\xef \x13x\xca\xb3\xf2z}(/\
\xaf\x90<\x03\x0dq(D\xde?\xe2\x0a\x02\xb2\xb1\xe9\
5\xf2\xf3U\x94\x95K<OI\xbb\xb7\xa7\xbe\x81m\
\xdb\xb6b\xe3\xc6\x0d\x12~\xa9\x9a\x8e\x06\xab\x89%j\
\xa7\xc0y7m&\x13\xd1IM\xbc_%\x96\xa3H\
pX\x12\x14\xa2\x0f\x86\x19\x07\xd5\xf5\xa3\x95*\x12\xb5\
\xea\x07f\xac\x8a\xd5\x91\x1e\xff6\x03p\xf0\x87Q.\
\x8d\xa1\x80\xa2N\x1cr\xaa\xcf\x9e=K\xb0\xd8\xcf>\
\xff\x9cR\xa4\x09\x87\xb0q\xe3z\x01J\xf0\x94\xa5 \
\x04\x0d\x80\xcaZ\xab\xc9\x13\x86_1(\xaa\xd6?m\
\xdaT\x94\x96\x95\xe1\xc4\x09'a\xe5\xaa\xe5\x92\x14\xfa\
~\xe67\x92o8\xea\xa8\xa3d\x91,[\xbe\x0c\x05\
\xbbw\xca^a\x83\x12K_\xc5E\xcc\x90+\x82\xd0\
\xd2\x922T\xd7T\x8b\xfe{D\x0b\xc3a\xb7I\xe3\
\x10y\x03Y\xfe\xc9\xcej\x89\xf4\xb4\xe6\xb2X;u\
\xec\x8c\xd2\xb2\x12TV\x94KC\x11E%i}\xe8\
z\xab\xc5\xac\xca\x8ej\x98%\xf3\x5c\xb8w\xa7\x18\x03\
\x95\xd8<\xe4\xac\xe9_coz\x18\x99i9\xb8\xfa\
\xaak\x91\x96\x96\x89\xe6\xd99\x025\xe5\xdf\xb0T\x98\
\x99\x99!\xff^\xbbn=\xe2\xe0\x92\xe6\x1b\xb3f\xc5\
\xda\x0dk\xb0`\xc1\x8f\xe8\xdd\xf3(\xd9\x10D\x0c\x86\
\xb4\x80$\x02\x8d~\x02\xe2\x14\xbe\x9f\xf5\x9dx\x14]\
\xbb\xf4\x14\x8f\x84}\xfa3f\xcc\x94\x8d\xda<;W\
P\x99\x0a[\xcf\xe4\x14\xc3\xeb0\xfc\xc1 \xd2\xd2S\
\xc5\x83\xa2.\x02\xa1\xdc\xf2;]_@)1\xd9\xf0\
\xd4\x13\xcf\xe0o\x17\x9c\x85\x95k\xdc<\xcb \x00\x00\
DKIDAT\x96\x08(\x8a\x7f1b\xe8h\xc9\
\x05p>\x89\x99`\xe8\xe5m\xe0{\xa9J\x0ea\xcc\
\x22\xcf\x96\xdfQ\x90~\x04M\x95\x95\x91Q\xba\x18\xe5\
\xe5J\xf4\x95\x14\xdd\x94\xf7\xe2\xdf\xf3\xb3q]\x19\xa7\
\xa5\xe2\x1bTm\xd7\x86!\x88\x8a\xc1\x88\xde\x80\x86\x8c\
\x8c4I\xfc\xf1\xday\xef\xe9Q0>7\x98\xab\x18\
\xd6\xf8\x02AY\x0f={\xf4\xc6{\x1f\xbc'\xa1\xa3\
\xc1\xfad\x10}\x05\xb4\x80\xd2\x8c\x00\xd0\xbd{\xf7\xe8\
\xba\x8f\x1d\xbc\x06\x1a\x1a\x86/\x9cG\xe9s8LY\
\xcfP\xd7\xe2\xc3\xe8\x224>\xd7\x91\xc4\x01\xfc[\x0c\
\x80q\xd1*\x09\xa3Jx\x9c\x00\xa9\x11\xeb}\xe6\x12\
C\x86\xc2\x92t\xb9\xf5\xb6\x7f\xca\xa2\x9a\xfe\xe1GX\
\xbfq\x83\x94\xe4\xa4\xb0\xa3\xb1\xab\xb0\xb6\x89x\xa6\xf1\
\x0f&\xe8\x98\xc0\xe6\x89A\xd2\x86\x04\xca>\xed\xdd\xa3\
Z\x7f\x05\xd9\xa1\x89e\xce\xcbk+\xd0\xe0\xe9\xd3\xa7\
K\xc2\x90\x99\xe9\xde\xbd\xfbb\xfb6\xc2ek\x15\xdb\
\xb0\x06\x14\x97\xec\x93n-\xb7;N\xefW\xb0J\xdf\
\x7fJ\xb3D\xc9S\x10\xf0c|\x1e.\xdc\xae]\xba\
\x09\x5c\x99\xa7\x0b\xbd\x0eV\x03\xc9\x0fG\xb4\x1bs\x17\
L\xc8\xb1\xa1\xa5\xbe\xbe\x16\xa5\xe5E\xc6\xcc\xfc\xdc\xac\
E;\xe2Z\xe4\xb4\x94:tum\x0d\x1e{\xecI\
\xf4\xeb;@6\x06\x13BjC\xaa\x05\xe1\xf5\xfb\xd1\
\xaeS[IV\xed-\xdc\x8b\xdc\x9c6H\x8ao\x86\
\x8a\xdab|\xf2\xe9t\x0c\x1a4\x18\xc5\xc5\x070o\
\xc1,]\x9e+\x82\x10u\x0f(|bq\xa3\xba\xb6\
\x1a\xcf\xbd\xf0\x0c&\x9f\x7f\xa1$\xd0f\xcc\xfe\x01\x8b\
\x96*F^b\xec\x9d\xce8\xc9\xbc3Vfb\xcd\
\xe3t\xa0M\x87<a\xae\xa17F\xe1\x16\x91-\x8f\
\x01\x11q\x1e|\xf5^8=\x1e<\xf7\xec+\x98t\
\xc6\xc9\xd8\xbdg\x9bj\xf4q:1y\xf2?\xc4\xc8\
\x8ap+\x11\x9d\x11\xb51T\x15\x82\xafaR\xf5\x7f\
?\xb1\x10\x8a\x81\xc7\x00}\xf1^\xf1\x94\xae\xae2\x89\
\x0at|B\x9c4d\xb1s\x8e\x1b\x8d\x06\x82\x09W\
\xbe\x9e\xfa\xde*1\xbbd\xfa\x99\x0c43\xb1k\x93\
\x90%--U\x12\x95*\xe3\x1e\x90M.\x0f\x96 \
\xeb\xbd\xf2=\x0d\xec\xd0AC1{\xe1\x0c\xc4;\xe3\
\xd0\xa1e;\xd9\xbcl\x17\xe6u4KME\xaf\x9e\
=q\xcc1\xe3\xa1\x05IB\xda\xb4YMy\x1a\x94\
K\x8f\x8f\x1a&\x9bC\x19\x00\xe3\x1e\xc6\x9e\xf6\x8d\x0c\
\xce\x8d\x06\xe2O\x97\x03\x88u\x81\xb8Y\x8c\xd2\x86\x11\
\x97\x19\x16[%=\xccb}y\xe3\xc9\xd2\xda\xbd[\
\x0f\xbc\xf1\xe6\x9b\xf8\xf2\x8b/\x10\x0cG\xd02\xb7\x95\
$\xe7\x8c\xc9;\xe4{\xe9a\x01k\xe5\xbc\xb1\xaaG\
[\xdd\x08)'\xee\xda\x85\xcf\xbe\xf8T\xb4\xdc9\xd8\
\x98\xc4\x9bL\xf4\x96\xd1\xc7m\xa0\xdf\xe8\xa6;]\x8a\
\xf7\x9d\x8b\x83'\x90&\x9c\x80*I\xc7MH\x0bN\
X\xafS\xf4\x0b\xddHJ\xe4\xe2s\xabL\xbf \xd3\
\xd4\xcdeS\x8fBD\xd6`\xf7\xee]R\xb2$\xe2\
QAY\xc9#W\x82\xda\xbaj\xd9h\x5c\x80\x09\xf1\
)h\xd9\xa2\x95l(\x9e(\xef\xbc\xf3\x96\x9c\xeeg\
\x9cy2\xcaJ\xbc*\x17\x10\xa5\xa4j\x8c\xa3iO\
YG\xa7!,/-A\xcf\x1e=1k\xc1w\xb2\
\xf1\x9f{\xfeIQ_\xda[\xbc\x1bN\xea)\x86\x02\
\x18>x\x98l\xbe\x05\x8b\xe7\xc3nv\x0aN\xe0_\
\x0f\xde\x1bm\xade.!\x10\x0c\xe3\xe8\x01\x83$\xae\
gh\xe3vQ\xaa=\x079\xd9\xc4\xa7\xd3uf\x09\
4$l\xbb\x91\x83\xf2;\xc6\x83qvBB\xbcP\
\xb8_|\xe9dI\xa0~\xf3\xdd\x17\xd25H\xc3\xa4\
r\x1f\x94\x0d\xd7\xa2\x1c\x10\x1cB\xda\xc1l\x80\xd5\xaa\
\x90\x97\x11\x8f|v\x86$\xec\xc3\xe0\x09m\xb8\xed\xd5\
U5\xc2\x09\xc0|\x08\xf3*\xeco\xa0\x87@,\x06\
\xddn\x95o\xb1\x8b\x01\xe1=\xb2\x98\x15\xf8\xc6\xe9T\
B\xb0\xecVT\xd0f\xb56%\xc1\xe8\x0f\x08\xe8\x8a\
\xb2]\x9c\x94\xd3&\x9d\x86\xb9\x0bf\xa2\xa6\xa1\x16\xa7\
\x9cr\x8a\xa0Ei\xf8\x85 &)I\xde\xa3\xae\xba\
V\xbe2'a\xd6\x1a9\xfd\x8dS\x9d\xde\xac2\x94\
8d\x08`<\x0eN\xfc\xfd\x11\x84 \xffV\x0f \
6\x1e\xe3\xa20\x0c\xc0\xc15P\xfe\xdd\x81\xfd\x07\xa4\
\xf4q\xcf\xddwc\xdc\xb81x\xf3\xcd\xb7\xf0\xf7\xc9\
\x17!=#U\x9es80\x84\x02\xe3D$\xb3\xfe\
\xf2+/\xe3\x1f\xff\xb8\x18\xbbv\xb1\xbf\x9f\x89\x15\x93\
\x081T\xca\xe6\x0fa\xe0\x80!\xe8\xd0\xb1\x03\xb6\xef\
\xd8!'\x8cqS$.v\xd2\xadL\x90|\x00\x17\
\x84\x80n\xac6\xd4T\xd7\x0b\xe9\x083\xc5t_i\
dx\x12\xf3{>\x08WfR\x90e?n\x0cc\
\xa8{gFbb*\xfa\xf4\xc9\xd6\x8db\xe3\xfc\x88\
\xd4\x1f\x99jtjt\x1aC>?!1\x1e\xef\xbe\
\xfb\x0e\xbe\xfb~\x06\x1e|\xf0\x11TU4\x92\xaa\x1e\
z(\x09\xf4\x1e=\xbaaoa\xa10\x1f/\x5c\xb4\
\x00\x0d\x81z|7\x8bD\x95&]\x07/\x84n\x9d\
\xba\xe3\xd4SN\x17@J\xa7\x8e]\xf1\xc1\x07\xef\xa1\
\xc1\xefe\xa3\xafx ~\xb2\xed\x06\x83\x18=b\x82\
\x94\xd68'm\xf2\xda 5%M@:\xe1\xa0:\
\x81\x15\xf7\x16\xf3\xf3\xaa\x8b\xd00\xea\xd1\x1c\x8f\xfe\xa0\
\x11 y\xe6\x15\x97]\x87[n\xbfV\x92\x95\x9f|\
\xfa\x11z\xf5\xea%s+\xde\xa0f\x91\x04X\xe3\x0d\
\xd5\xff#:\x886\xb846\xc4\xd0\x95V\xb9\x04\xb2\
8)\x81\x17&\x04\x03\xb2i\x05\xa8\x13\x08\xa2\xbc\xa1\
R\xbcF^\x9f\x91UW]\x81N\x81\x9f'%\xa5\
\x08 \x8d\xf7\xa2\xb2\xb2Jr&\xe4\x1bT\x12sJ\
\xb7\x8f\x87\x09;\x19\xb9\xb9i\x98\xf87\x97_r\x19\
~\x5c\xbcHz\xfdIh\xc3\xd26\x0d\x00\xd7\x02\xbf\
\xf25eM\xb8ih\x9c*\xf3\xaf3?\xc9f'\
\x8b5\xc1W\x07\xb9\xf3\xb1\x1b\x9f\xde\x8d\xd1\x0f\x13\xcb\
+i`X\xfetI@#\x07`0\x00\x1bI\xc0\
\xd8\x98\x8d\x83\x9bTn\x94\xc3\x8e\xda\xdaz\xa9\x91\x9f\
p\xc2\x04!f\xe0\x06\xe3\x0d\xf9%$\x94\x18\x98P\
\x04\xa3F\x8f\xc4\x07\xefO\xc5\xa0\xc1\x03e\xc1\xafY\
\xb3V\xaf\x04\x84\x90\x95\xd1\x1cg\x9f}6jk\xe8\
\xf6+\xa6!\xa7\x95M$VXl\x14\x1b\xe5\xa9\xa6\
6\x1b\xa7\x89\x9b\xba\xba\xae\x06\x07\x0e\x94\xc2bv\xc8\
)\x98\x92L\xa6\x16'<\x1e7\xec\x0e\x22\xff\x88\xf9\
\xd7\xa7\xf4\x90\xc2\x1e\xa4\xcb\x8b\xc0\x1b\xf4\x1fr\x8e\xe4\
o\x02*\xa6$\x0a\x8d\xa7\x17{%\xde\x9b\xfa:\xce\
?\xf7\x22tl\x9f\x8f\xd2\xb2\xaa\xa8\x07\xa5\x1a\x03\xf4\
2R,\x07\xb7`\xdfMh\xd1\x22\x1799\xa7c\
\xff\x81=x`\xca=\xf2k\x9e\xd2\x94\x9b'\xf1\xe6\
E\x17^\x86f)\xe9\x82\xcb?v\xdc\x89\x02\x0f&\
\xee\x9d%D&\xd6zw\xed\x87\xd3Ne+\xec\x10\
1\x86<Ii\xc4\x18\xaaI\xac/\xefgp:0\
K\xaf\x0c\x00\x13\xa9\xf2\xd5@k\xea^\x01\xbf\xb2\xac\
:f\xccx\xec\xd8\xb9\x1d\xaf\xbc\xfe,\xf6\xec\xdb!\
\xeaO\xe7\x9c}.\xbc\x0d~\xd5\x8ap\x985\xc4O\
\xc8\x93_:\xe7\x98\xfc\x15F\xe8\x80\xfa\x1adH\xc9\
\xcd\xaf\x003F\x88\x19\x0c\xfa\x94\xa7\xa0\xff\x8c\x0a\xc2\
55u\xd0\x22\xe5\xf0\xfb\xb7\xc9\xc9\xdf\xaf__\xf1\
\x5c\x1cv\xc2\xce\xed\xd2\xd7\xc1\xcd\xcf\x10\xc5\xce\xb0\xc1\
\xe5\x92f(\x82\xcc\x82\xa9)\x98x\xdai\xc8\xcfo\
'\xb5zVrh\x98h\x1c\xb8a\x8d\xaf|\xd03\
`K8\xb1\x02|\x18\xde\xaf\xf1yb\xdd\xfd\xd8\xdc\
\x18\xd7\x1d_\x87\x0f\x86\x1eF\x9e\xc08<\xfft9\
\x00c\x18!\x00\x1fFi\xc3\xf8j\x0c\x8a2P\x0d\
\xd7l\xb1\x09$\x93\x8b\xaa\xb4\xac\x02\xcd\x9b\xbbT\xba\
\xc5\x10\xda\xfc\x99IPu\xdf0\xea\xaa\xaaE\x00\xf4\
\xa2\xbf\xff\x03\xcf<\xf7\xa4 \xc6(\xe1D\x90\xc8\xe4\
\x0b&\x8b\xa5\xe6{\xd3j\x93m\xc6h\x1d\x15\xd9q\
1D\x0a4\xc2\xc5^UU'eAb\xebmV\
\x17\x92HT\x92\xdcL\x9a\x83\xb8\xf9%,\x10\xf5w\
}#\x0b\x08E\x01d\xd4\x01f\xdc\xf8\xd8\xaa\x8f\xd1\
\xe2\x1a\x93\xf03\xfay$\x13\xac\xe1\x8d7_\x95\xf8\
\x9aB(\xd5u^\xa1\x8e\x8eR\x8aJ\x0f\x82\xdah\
\x86\x01\x89\x8d\x11\x09)\xe5\x9c_s\xdd\x8d\x88OL\
\xc6\xc6\x8dk\x04X\xb3d\xe5b\xb4k\xd7\x1em\xdb\
\xb6\xd3\x19j\xd4\xe9u\xc1\xf9\x17a\xc5\xca\xe5(\xad\
(\xc2\xe9'\x9e\x8eG\xa7<-\xc4\x9c\xaa\x01\x86%\
\xca\xc6\x90-\x16N\x1d9h\xd3\xc7nx#\x04\x88\
\xfd\x9e\xf3x\xea\xc43\xb0d\xc9\x12\xa9\x8c\xcc\x9e\xf3\
\xbd ,\xb3\xb3\x89[0r\x1a?m\x8f\x96O(\
\x16\xc2\x02\x8d@+4RqEl\xca\x10\xb1\xff\xc1\
 \x95U\x9e\x81B\xd1)\xb6\xe7\xa0x4t\xe8|\
\x0dA\x04\x1a\xaaPSU-\x06\x81\xd5\x00\x02\xa8h\
\xf8h\x04\x18&\xd0\x08\xd0\xb8\x13\x14\xc4\x03\xc9b\xb7\
\xc0a\x8dC\xf3\xac\xe6\xd8\xb9\xa3@\xda\xd7\x89^\xe4\
\xfdan\x8ak\x99\xa5\xc0@\xa8\x1c\x0d\x01?\xbc~\
\x1f\x1a\x02>\xb8\xe3\xe2\x10'a\x07\xc3\x02%d{\
8\x88\xba2\x00\xcaH\xd1\xd3$\xe3\x94\xc3\xc1\x90G\
\x19\x90#\x1d\x06\xfc\xdb\x0c\x80\x91\x03\xa05\xe3\x87Q\
\xa55\x15\xbb\x1d\xdc\xcak\xd4J\xf9U\xe20\xbd&\
.\xbch1V\xf4p\xda\x03A\xbf\xba\x11\x14\x09%\
|\xf4\xf4\xd3'\xe1\xb3\xcf?\xc7\x81\x03\xfbp\xec\xb8\
\xe31~\xfc8\xb4j\xddJ^\x9f7\x99\xf1\xa2*\
\xdd\x85\xc4\xa5UX\xef\x90\x9e\x9d.FCC@\x9a\
\x92\xd8\x08\xd2\xe0\xa5P\x85C\xe8\x9c\x99\x99v\xbb\x95\
J\x0c\xf7\x83\x0am\xd4i(0b\xab\x05&\x12^\
\xc8)}\xa8zw#uW#\x1a\xc4\xa0\x9a\xb2c\
\xd7\xee\x1d\xd8\xb4u5F\x0d?\x06\x9d:u\x96E\
\xc6\xf7\x8a\xce)a\xc7\x06\xf7\xbe\xee\x1a\xc6vC\xd2\
8p\xee8\xd7g\x9f}\x0e\xd2\x9a]\x89\xfb\xee\xbf\
[\x0c\xc0\xd0\xa1Cq\xd4Q\xfd\xa55\x9b\x86\x8e9\
\x03\xb7\xa7+\x06\x0f\x1a\x82\x8f>\x9f&\x9dz\xacu\
\x93:;J\xa7\x15\xb3\x89\xd5=S]\x87\x87\xdb\xec\
\xb1_c\xe3XnDzZg\x9c~6\xee\xbew\
\x03\xea\xbc5X\xb2t\x11N?-_6\xa6\xd1\x95\
\xf7K\xeb\xc9\xf8j\xac-\xa2\x14#P(GC\x22\
\x9es\xa0J\x7f\x8d4\xf3d\x0a\xf2Z\x1b\x10\xf6\xb3\
\x14\xe7\x942,\xabH\xbc.V\x9a\xbc\xf5&I\x08\
K\xa8\xe0\xa6[\x1f\x17u\xf1i\x0c\x12\xf5\x0a\x05\x91\
z\xfc\x5c\x99\x99\xd9RE2h\xef|AE\x81\xcf\
\x13\xbc\x9a\x9c\x0bI\x89r\xd8\xf05hX\xa8(d\
t\xf5\xc5\xba\xf5\xc6|\xf1\x9e)OB5\x83\x19\x0a\
A\x7f\x041\xe8\xbf\xbd\x0a`X2c\xb3\x1a\x86\x80\
\x1f\xdcH\x88\x18\x86B@\x14z\xb6\xd7\x88\x87\x0eE\
\x8bdL\x1e\x7f\xcf\x0d\x5c_\xeb\x95\x1bh\xdc\x84\x15\
+VJ\x0d{\xe4\xf0\x11\xe8\xd5K\xb1\xc6\x187\x83\
\x15\x03\xee?\xbf\xcf/\xdd\x86t\xb9\xf8\x1c\x03\xab\xd0\
\xe0\xf5#99Un\xb0\xc4\xfbq&\xf8\x1a\xd8~\
kE(h0\xd7*\xad=\x05\x861\x09\x8f;\xf3\
\x06\xb5\xb5L\xd6\x11v\xca\xbc\x80\xe1\xaa\xffr&W\
\xfa$\xec\x0el\xd9B\xa2\xcd0N\x980A\x12d\
\xcaSR\x1bQ\xe7\xe4n\xb2\xb9b7\x9cQ\xa6\xe2\
\xe0f\xe5\xfcEB\x01,ZD\xb2\x0d\xa0G\xf7^\
\xf0\xb3\xc30\xc0\x0dnTc\x80\xb3\xcf:\x07_|\
\xfd\xa9@W+**\xe1\xa1\xdb+\x0dO|\xdd\xc6\
\xcdo\xbc\x97\xfe\x89t\xe5\xdcF\xef\xc0(/\x0a\xd7\
\xdfA\x0dX\x1c\xbcWT\xc9\xcd\xcfo\x8f\xf5\x1bW\
\xa3\xb8\xa4H<\x88\xdf\xea\xdd6\x99K\xe9f\xe6\x06\
Q\x0aN\xb1\x7f\xe3\xb0\xb3\x91\x88\x1a\x00\x11i\xb16\
\x85\xaa\x11\xf0\x04\x10\x9f\xe8A\x8b\xdc\xe6\xf06\xd4!\
\x14\x0c\xa8do\xb0\xd1\x05\xaf\xa9\xb1\xc9A\xc2\xf5B\
\x97\x9e'9\xb1\x0e)\xcd\x9a\x09\x91-\x0f\x1a\xe6\x07\
Xy\x10\xe4`E\x05\x82UAy\xae\xac\xc5\xfaz\
\x09\x15\xf8\x95\x86\x86\x08Bz\x15.\x97\xa1#\xa0\xd6\
|\xec\x9a6\xe6\x97{\x85\x0f\x03\x99\xf8G\x90\x82\xfe\
\xdbC\x00\xc3\x030\x9a\x1c\xb8\xe1\x0c/\xc0\xb0n\xb1\
\x7f\xc7ax\x004\x04Fy'6\x19bT\x148\
\xc9\xbc\x01\xcc\x06W\x94W\xc8\xdfsA.Z\xb4\x08\
\xc3\x87\x0d\x17\xa8+[\x87Y\xb62^\x9f\xcf\xe5I\
G\xe8(OC6\xa0\xb0\x15\x97\xbf\xcf\xcdm)'\
>y\x09\xe9)H\xf8bq\xa1\xb6\xda\x07_=k\
\xc5,M\x85d\xc3\xb3_\xdf\xe5\xb6c\xe8\x88\xfeH\
\xcdL\x96\xeb\xde\xb7\xfb\x00\x16-\x5c\x01\xbf\x8fe3\
\xa5\x19\xc7\xd0\xc2\x88\xe3\x0eg\x08\xe43E\xc2X\xbf\
~\xad$\x15\xd9@BCD\xc7B\x16\xb0$\xddT\
\xe2\xad\xa9\x01P\xa7\xbeQ\xe7\x8e\xd2n\xc9/\xf9\xba\
\x96(A&\x93T\x92\xd5\x0f\x91u\x97\xafi\x12!\
\x8bV\xad\xda \xa3Y\x16\xf6\x15\xef\xc7\xbe\xfd\xfb\xd1\
\xae]\x07\xc9\x87\xd0\x03\x88M\xeaq\x18q\xb5q\xf2\
\xc7\x02\xbd\x0c\x89\xad\x837\xbe\xf1\xf9\x98\xbf`Ng\
\xd0\xc0\xa1b\x00H\xa6b\x08h\xc4\x96G\x0f\x05\x82\
\xf99`\x8c\x90\xc4\xc6\xa0j\x95\x0a\x99\xba\x1e\xe6\x0e\
\xa4\xd7)b\x86\xd7\x1e\x10\x0f\xae]~>\xf2Z\xb7\
\x92nJ?\x0f\x80@\x03\xea\xbc\x8dq\xbc\xf2@\x15\
A\x0d\xd7\x09)\xd4\x08\xaff\x09\x91\xafg$\xa4%\
AI\x0f\xc1\xa9BIz\x03\xea\xf3\x98\xe1\xf5\xa9\xb5\
+\xde\x81\xcf\x87\x94\x94$1&\xea\xefUw_c\
\x92\x8fZ\x8869\x9c8\xf8Z\xf4@T\x1e\xe0\xc8\
\x92\x81\xfc\xdb\x0d\xc0\xc1\xa7\xbb\xe1\xde\x1b\x06\xc0H\x92\
\x08\xc1\x86\xb8_n\xd9\xd4F\xfb\xa5\x91\xe15<\x08\
#f\x12\xd9\xf1\x1aU\x02\xa2\x01\xa8\xaa\xa8\x14\x97\x8f\
.TQQ\x09\xfa\xf7;JNp\xb6\x0a\xb3\x94f\
\xc4R\x86\x07\xc2\xec4\x9f\xc7\x1b\xa6N\x0b\x87\xf4&\
\xa4\xa6f\x8a\x01\xf0\xd6\xab\xc5\x227\xc0lB|\x82\
\x0b~\x9e\xa8\x11Zk\x9d\x918\x12\xc1\x80\x81\xbdd\
\xf3\xff\xeb\x9e\xfb\x90\x9b\xd3\x1c\xe7^p\x1e\x8e6\xf7\
\xc1\x0f\xdf.T\x89B;A\x1dA\x81\xa1F\xa4*\
\xa2\x92j$\x1dU\xa2\x9b*\x94`\x09\x91\x0br\xe3\
\xa6\x8d\xd2\x0fO\xf2\x0e.Nz\x15\x8d\xa7lcy\
H}U\xee\xae\xc1\xff+\x085\x8a\x83\x8a2\x0e7\
o\x04V\x8bY<\xa0\xf9Kf\xcb\xe2m\xa0\x01\x13\
\xe1S=\x04\xd3\xc2\xb2(32\xb2\xb1\xaf\xb8\x08\x1e\
\x97G\xb8\x03T\xe2T\x95\x1b\x8d\x0eAe\x0c\xd8\x8b\
\x90\x80\xa4\xe4D\xb9\xe6\xb2\xb2\x0a\x14\x17\x11\x1f\xc1\xfb\
ct\x13F\xef~\x93kU\xbc\xfc\x10XtlG\
gvv\x96\xe0\xf7i(\xf9{\xdeG\x86Tl\xae\
\x125v\xc9{\xa8D\xb0\xa1\xbe+\x9d\x92\x02?P\
\x1b\x88kH\xe5+\xe8U\xb2}Z\xa9\x93\xcak\x86\
H\xf9F\xeaq'\x92\x92S\xd0\xb3ww$''\
\xc0\xe9b.!(\x08\xcc\xdaz\x15\x7f\x93\xc5\xd78\
\xc9\xb9V\xb8\xc6X2&A\x0bO|c=\xd2S\
\xe2\x86\xa67 ]\xa1\xbe@\xf4\xb3\xf3\x1a\x10\x08\x89\
W\xca*\x0f\xc9F\xb9\xe6\x18\xe7'&&Q\x0fU\
\x9a\x8f\xc8\xeb\xc0\xfc\x17Y\x97\x5cn\x97x\xacDW\
*\xe4\xa0KBB\xab\xcel\x15\x1b.\xfei\xaa\x00\
\xc6W\x91\xda\xd6\xeb\xb1\x9c\x08#F5\xf2\x00\x86\x01\
\xe0\x07\xe7\xa4\x1a\x19\xd1\x83\xdd\x1f\xc3E\xa7E\xe5\x8d\
\xe1\x06&\x91\x06\xd1{\xc4`s\x82\xb7n\xdd\x06\x97\
\xcb#1[B|\xa2\xe0\xc7y\xe3\xa4\xe7Z\x7f]\
\xf1\x18\xaa\xab\xe5u\x14\xed\x97G\xb1\xe6$'#=\
=C6\xff\xc6\x0d\xdb\xa4,\xa7\xde\x98d\xba\x16\xc4\
'x\x04.\xcc\x04 k\xc7q\xf1.d\xb7L\xc7\
\x17\x9f\x7f\x8e\xdb\xef\xbcM\xfe\x94\xa2\x15g\x9fs\x1e\
:u\xcbC\xef\x9e\xdda\xb6\xaby(-*\xc7\xa6\
\x8d[\xb1k\x17i\xc9\x18\xd7\x19jF\xea\x0dh\xa0\
\xf6\x1f(G\x9d\xb7\x12\xdd3:J]\x9b\x90d\x86\
\x1827N\xc6\x90NUZ\xe4\x9c\xb2\xf4(\x97\xa7\
\xa0\xb3dDf\xfd\x9a\xb1\xae\x81k`u\x80\xb5\xec\
c\x8e9V\x12\x9bt\xbfy\xfd\xb2@\xf5EE\x89\
,\x96\xd7\x86\x8f\x18\x8d~\xfd\x8fFzF\xa6\x9cz\
\x8d1\xaa\x8a\xfb9\xb7\x14\xae\xcco\xdf\x1a\x89\xc9n\
i\xdd\xa6\x97\x90\x96\x9e'^\x059\x15Xc\x97\x18\
\xdc\xe0x\x96P\x80\xf7V}^\xb3\xc9\x8ep\xc8\x8b\
\x8c\xf4L\xb8\x090j\xa8\x91\x18\xdc\xe8- \xde\x80\
\xa7l\xf3\x9c4\xe4\xe5\xb5DjZ3\x99k\xaf\xb7\
^\xc8Uw\xee\xdc\x83\x8a\xf2jYO\xfc[u:\
\x9a\xc5s\xe2ZJMMF\x9b\xb6\xad\x90\x93\xc3n\
;\xb7j\xc2\x0ah\xd8S\xb8\x17K\x16\xae\xc5\xa6\x8d\
;\xd1\xbbO7\xb4\xcd\xcf\x86\xb7!\x087\xa5\xe7\x88\
\xf8\xe4\xa9,q\x7f\x82\x1e\x06\xa8\xa6\x22>\xf8o2\
Uq\xcdp\xfd\x18`!\x8a\xd7\xe4\xe6\xe6JH\xc0\
\xf5WO\xd5!\x13K\x89\x9e\xa6n>\xbd,\xde\x9b\
\x10\x81F\xf40|r\xadq\xe18\xd9\xe4*<\xa6\
\x0c\x1e\x95\x87mQFc\x82\x97\xf8\xef#}\xfa\xff\
G=\x00C\x0d86\x0c0\xe2{\xc3Pp\xb3\x8a\
6\xa0\xee\xae\x1bF\xc0\x88?9\x99\xdc\xbc\x9cx\xb6\
M2\xeeg\x22\xcf\xe3\x8a\x97\xc5\xcdf\x1c\xca|\xf3\
&\xb0^\xcb\xf8\x8b\xefc\x18\x0d>\xc7H\xdc\xf0\xb5\
\x8d8\x8f\x7fg\xa0\xc9Z\xb6\xcc\xc5\xce\x9d\xbbT-\
VNU\x15[S\x95\x96\x0a\xb5\x84\xd4\x0a{kr\
\x9a,\xf6\xef\x7f\xf8>\x9a\xbbX\xb7n\xbd|\xa5\x82\
\xf0\xbe\xbd\x85x\xe9\xc5\x97\xd1\xb7o\x1f\x8c?f<\
\x86\x8c\x18\x80\x16;\xf6`\xf9\xd25\xa8\xaf\xa7W\xc3\
\xe4Uc\xd9\x8c'*\xbb\xf0x\x1a\x86B~\xb8=\
v4KM\x83;NU*b\x071\x0c2\xbff\
\x12\xab6\xbd\xa5\x01_\x08%\xc5e2OD!\xa6\
\xa66\xc3E\x17]\xa46\xbf\xb4\x07\x93{_/'\
\xc2\x84\xca\xeaZ\x9c<\xf1T9]\x99t4B\x0a\
U\x86Se5\x86\x0f]\xbbu\x80\xddi\xc1k\xaf\
\xbe\x82\x87\x1ez\x04)\xc9\xc9X\xb4d1z\xf6\xe9\
Bb\x1d\xddK\xa1q\xe2\xa2\x0f\xc8\x89J\xf8n\xd1\
\x812\xb9\x07\x94\xe7\xa2\xeczZZ\x16\xce8\xfd\x5c\
\xe1\xd7KMM\x11\x03\xc2\xdf'\xa7$\xe3\xe8\xa3\xfb\
#\xb3\xb9\x0a\xa76\xae\xdf(\xc4*\xad\xdb\xb4D\xd7\
\x1e\x9d\xe4\xb1b\xe9:\xac]\xbb\x0e\xed\xdb\xb7C\xf7\
\x9e]\xe1\xa4\xaa\xce\xde\xfd\xb2i;um'\xcf\xdb\
U\xb0\x03\xf3\xe6\xaf\x97\xb5A\xef\xafW\xef\xbeh\xdd\
6\x17\xcb\x16\xad\x13#F\xec\x02\x09IUe\xc5\x22\
F\x9b\x99z\x02\x85\xb8\x81i\x08\xbc^z\x04\xb52\
\x87\xe2\x05x\x152\x90\x9e\x01\x0d\x03\xbb\x16yxH\
\xf7a0\x18m$\xe2W\xc9\xfc\x13\xf8\xa3\x1f:|\
\x1e\xabQ\xd5\xd5\xaaLI\x03\x90\x1cHB89I\
O\x10\xdaU\xabw\xcc\x1e\x11\xa6\xb6\xc3\xd5G\xffl\
\x06\x80\x13eL\x0c7\x0a\x0d\x80\x11\x1b\x19\x89\x0e\xa3\
\xe6\xa9\xc08\x0a]\xc5\xe7\x1a\xf5\xd0X\xd7\x9d\x9b\x9f\
\x0f\xba\xff\xfc9\xff\x96\xa7X\x5c\x5cD\xa8\xa1\xb9\xb1\
\xc8\x8c\xcb\xb8\xdf\xf08\xf8<6\x071\xe6\xe7\xbfy\
\x83\xb8\xa8\xb9\xf1\x19o%$$\xabF\x1ahHM\
K\x16\xbc\xf8\xbe}\x07`&z\xce\xa7\x14\x84]\x1e\
\x1b\x92R\x12\xa5>nw\x10\xe0\x13'\xde\x01\xe3f\
\xc3\x9b\xd9\xb1C\x91\x9e\xb2O\xfe\xb5W\xde\xc0\xbf\x1e\
\xb8O~\xde\xa5cg\xdcq\xc7\x9d8\xf5\xf4S\x85\
Ag\xf6\x0f\x0bQWOB\xca\xc6\x9c\x07\xb3\xcc\xdd\
\xbb\xf6\xc2\xca\x95\xab\xa4\xd6\xcdEK\xd7\xf2\x83\xf7>\
\xc0\xec9\xb3Q\xb0\xb3@61\xddc~~5\xc1\
\x90\xf9j\xdf\xae\xbd\x9c\x96\x83\x06\x0e\xc2\xf0\x11#\xd0\
&\xaf5r\x90\x89\xfa\xaa\x06\xe12d\xc9KT\x93\
\xf4\x90C%\x15M\xc29(\x83%??\xf1\xee*\
\xach\xf4\xb8|H\xcfh\x86\xae\xd4Z\xf4\xfb\x84@\
\xf5\x93O?3\xee\xae|\xc6\xd6mZKcSV\
VF4)\xcb\x86%\xf22\xa4g\xe5\xa1m~+\
\xac[\xb3\x05\xa5%\xaa\x1d\x9a\x0d9\xa3F\x8e\x15q\
V\xba\xea\x14ZMi\xe6\xc1\xc8Q\x03\x91\x90\x14\x8f\
\x17\x9f\x7f\x09/\xbd\xfc\x126lX+\xaf\xc7\xb2\xdb\
\xe8Q\xa3q\xe7]w\xa3w\xbf\xaeh\xd6,\x099\
-\x9a\xa3\xb0p\x17v\x15\x14`\xf8\xf0\x11\xb2\xa1)\
\x13\xf7\xaf\x7f\xdd\x83Y\xb3gG\x91\x85t\xb3\x89\xdc\
\xbb\xf5\xb6\xdb1b\xc4p\xf9YC=\x93\xa0F\xc8\
\xa26\x99\xf0\x05X\x98\x80\xe3Fv\x8a+\xcep\x94\
Tln\x97K\x1a\xd4x0\xb1\x19l\xe9\xd2\xa5\x18\
1b\x84tJr}r\x0d\xb3\x89*1!A\xfe\
\x9e\xeb\xd1\x00\xbeq\xfd\xd1\x80TUW\x0a\x11\x09Q\
\xa1\xe2\xc52\x19\x1b\x0cH\x92P\x0e\x1e\x87\x12\xb3\xa1\
!0B\xaf?lO\xfe;\x08Ab\x07\xdfN\xb8\
\xcfKK\xa5\x8cB\xab\xc9I2$\x90h\x05\x0d\x97\
\xc9\xc0\x09\x18\x1b\xcaH\x94p\x13r\x13\x13\x81\xc5\x89\
g\x0cF*k\xfe..>\x0e\x99\xe9\x19\xd2\xdcB\
\x8e\xba\xd6\xad\xdb\xa0W\xef\xde\x02\x16Q\x0a\xc5\x15\xd2\
\xd8QUQ%ur\xde4BT\x15qf\x92\xb8\
\x824 Ff\x9bI\x9d\x82\x82=\x98=k\x9e\xb8\
i\xe9\xe9\xcd\x90\x97\xdf\x06\xadZ\xe7\xe8l\xc3\x88\x02\
|\xd8\x99v\xee\xdf\xce\xc3[o\xbf)\xd9\xe8\xb4\xd4\
t\x01\xf2\xa4g\xa6a\xc7\xe6\xed\x18p\xf4Q\x22_\
.\x9f\x09\x11\x5c}\xf9Ux\xfc\xa9'P]Q\x83\
\x99?\xcc\x17\x81\x12V\x0c\xb8\x19\x1dn\x9b\xb0\x10m\
\xdc\xb8\x16o\xbf\xf7\x066n\xd8\x88\xc9\x93'c\xf5\
\x9aU\xbfi\xbe\x89F\xeb\xd9\xab\xa7\xa8\x22\x9f}\xd6\
Y\x02H)\xddW\x8e\xc2\xc2\xfd\xa8oP\xf2U\x22\
\xf8\xa9j\x19M\xef\x95Z~\x8a\xf1\xd7\x14A\xabV\
9h\x95\x97\x8b}{\xf7\xe3\xfc\xf3\xcf\xc3\x0f3~\
\x80\xdd\xaa\xbb\xfa\xcc\x0b\xe8\x84#\x07\x0f\x97\xc3-.\
\xfc)\xa7L\x14y\xb6\x94\xd4d\xac\x5c\xba\x09\xdb\xb7\
\xef\xd2\xf3?~I\xa0\x0e\x19:\x10\x99\xd9\x8a\x84\x95\
\xd7t\xc1\xf9\x17\xe0\x8d\xb7\xde<\xe4k\x92^\xeb\x85\
\xe7_\x90\x0eP^\xfbU\x97_\x85\xa7\x9f}Z\xb8\
\xf8\xfb\xf4\xed\x8b\x97_zYP\x8d\x8db,M\x07\
u%\x1f\x7f\xfc1\xe9.$y\x07q\x1b\x91\xc8\xc1\
\xd8\x03\xb5\xf9\x18z\xf1\x9e\x19acyY\xb9\xb8\xf0\
\xf3\xe6\xce\xc5\xed\xf7\xdc\x8a^\xdd\xfa\xc8\xb5*\x82\x98\
$\xa4\xa46C\xb34J\x9f\xa9\xc41\x13\xc0\x9c\x1f\
\x1et\xf4$\xaa*\xca\xa4\x97\x84\xc9F\x86F\x0e\x17\
K\x8b\x09HKM\x93\x07[\x8b\x89\xb4$\xad\x98A\
\xba >\xca\x1f\x10\x02\xfcG\x0c\x00'\xd2P\x0a\xe6\
I\xcc\x0f\xc6\xd3\x97F\x80\x13\x18[\x024\x9e\x13\x9b\
\xf03N~\x831\x85\xa7\x08O\x07\x03\xc2I\xebK\
\xd7?\x18\x8a\xa0EN\xaeh\x08\xb25\x95\xcc:4\
\x1a\xcc\x15\xd0\xd5\xe4\xcd!C.\xa9\x99Y\xab\xa5\xf5\
\xa5\xc57\xe2}\x11s4+\xad76\x16\xb5n\xdd\
\x12N\x0f=\x03`\xe5\x8a\x95\xf8\xe6\x9boE\x19f\
\xfb\xf6\xedb\xc1iD\x0a\x0a\x0a\xb0\xbbp\xb7l\x0c\
\x7f\xc8\x87\xe9\xd3>\xc2)\xa7\x9e,\xcfy\xe3\xe5\xd7\
q\xfeE\x17\xc0f\xb2\x0a\x8e\xa0\xa6\xa1\x0eW^r\
\x15\x9e|\xee\x09\x14l+\xc4\xfcy\x0bE8\x92\x95\
\x85\x88),\xd4\xe7\x14\x18m\xdf\xa9\x0dN?\xed\x0c\
L\xfd\xf0\x03x\x5cq\x0a\x1e*\x0e9}\xed\x83n\
\xa8\x0e\x9d5\xe2\xf6X\x8cE\xcf\x1e=p\xef\xbd\xff\
\xc2\xb1\xc7\x1d\x8b\x86Z?6m\xda\x8e\xea\x9aZA\
9\x1a\xea9\xc6|7\x02\xb4T\x22\xadS\xe7\xf6\xc8\
\xcaI\xc7\xa2\x1f\x17\xe3\xbc\xf3\xce\xc3\xd6m[`\xb7\
:\xa2\x1c\x0b\x06\xd2S]\x03\xf3\x09a\x15Z\x88\xc2\
\x90\xca\x1dpt\xef\xd6\x0b_~\xf5923\xb2\xf0\
\xed\xd7\xb3\xc5\x98\xd8\xecf\x8c\x1b7\x12\xd9\xb9\x99\x98\
\xfa\xc1\x07\xd2u\xc8\x5c\xca3\xcf=+n=u\x09\
:\xb6\xef\x80[n\xb9\x05m\xf2\xf2D\xbd\xf7\xebo\
\xbe\x92\xe4\x1f\xff\xfe\xd4I\xa7b\xda\x07\x1fb\xd2\x19\
\xa75\xce\x03aY$\xfd\x08\x070\xe1\xb8\x13\xd0\xff\
\xa8\xfex\xe5\x95W\x04\xedH\xcc\x87?\xe4\xc7\x88a\
#\xf1\xcdw$X\xb1\x0aM9\xe9\xdc\x94\xa2p\xd3\
I\xe5\xe1AC \xc8\xc2@@\xcazl\x10Z\xbe\
t\x19&_4Y>\xd9\x94\x87\xa7H^\x85\xb9\xa3\
\x8c\xecL9\xcd\x0d\xa2Ov\x90\x8a\xd7\xca\xb0\xa1\xae\
\x1e\xd5l&\xabR9+)9\x9b\xb4(\x84X\xb8\
\xff\xd2\xd2\xc5\xd3a\x9f\x05\x81f:{\xd8O\xca\x85\
\x7fZ\x03\xc0ECW\x88\xa77\x1f\xb4\x8c<\xf9\xd9\
\xbejx\x01\x8d\xf1O#\xc0\xc5\xb0\xa0\xdc\xfc\xdc\xc8\
\xdc\xfc\xaaJ\x10Ca\xc5\xa6\x11\x91^vK\x7f}\
Jr\x8a\x90\x8a\xb2\x06L\x9e\xf8\xca\xaaj\xf8\x1a\xbc\
\xb0Y-2\xc9\xec\xf0\x12\xe1\x0d\x97\xb3I\x0e\xa2Q\
\x7fO\xef\xcd\xb6\x00;\xb6m\xc7\x17_~\x89iS\
\xa7I\xbc{\xe8n>\xc5\x07 U\x8e\x90\x1f\x93N\
=\x1d\xefO}\x0f\xe1@\x18V\x87\x15\xef\xbe\xf9\x0e\
\xae\xbf\xe9\x06!\xd8 \xe4\x96d\x17\xdf|\xf9\x0dF\
\x8f\x1f-\xa5K\xe6:\x04\xf0c2K8\xc2\x13\x9b\
0\xd4\x8f\xa6\x7f\x8c\x89\xa7\x9d\x22\x0b\x9bU\x0av\xcd\
\xf1\x11#\x03\xf8S`a\xb4\x1a\xa0>\x93\xb1Y\xaf\
\xbd\xe6:<\xf8\xe0\x03\xe2\xe6\xae_\xbbY2\xf7\xb2\
\xd7I;N\xfat\x07\xd9\x842D\x17\x80 \x9a\xc4\
\x84xd6O\xc7\xcb/\xbe\x82\xcb.\xbf\x14\xc1P\
\xb0\xc9\xe6\xe7`'\xc0\xc1\xc3\x22\x02\x9f:&\xc1\x04\
\x11c!\x9d\xd7\xa4S'\xe1\x83i\x1f`w\xc1^\
\x14\x1d ;\x91\x03\xddzv\xc1\x9b\xaf\xbf\x85\xf3.\
87\xfa|\xbb\x95=\x0bA\x8c\x181\x0a\x1f|\xf0\
>R\xd3R\xe5\xe7\x13O\x9e\x88O>\xfdD>\x1d\
\xeb\xf2\xc4y\xb4h\xd9\x02\xfd\xfa\xf6\xc3\xba\x0dk\xd5\
\xb5\x85Yz\x8d\xe0\xca\xcb\xaf\xc4\xe3O>&\x90\xef\
.]\xba\x0a\xff\x9fq\x7f\xfcA\x1fN\x9cp2\xa6\
N{_\x0c\xbd\xd2\x9alZ\x9e\xd5\x81\xd9\xd1\xc9e\
\xd2TJz\xf5\xf5\x08\xf8|\xb8\xf8\xe2\x8bQ\x5cR\
\x8a;\xee\xb8C69\x13\xce\xa9\xe9iQ\x03 k\
\xddK@\x95\x17\xbe\xbaz\xf8\xbc\x0d\x08J\x15@\x19\
\x03\x8a\xa6\xf0o\x18\xfe\xb9<nY\x8b\xc9i4\x04\
iHNJ\x11\x0dE\xa2\x10\xa5\x9f@\xdf\x0b\x7f*\
V\xe0C\x0d\x03\x98\xc2\x0d\xcc>pz\x03\xbc\x0c~\
x\xc6\xbe\xf4\x02h\x04\x8c\x0f\xca\xdf\x19\xa5\xbe\xc6\xe7\
\x90\x1f.\xa4\x9f<\x96\xa88\x88\xc0?yB\x865\
\xd8H7\x15\x9f \x1e\x00O!\x96\xb4\xf8\x1c\x8bY\
CJr\xa2\x809x\xfa\xb3\x9b\x8f\x96\x96e\x98&\
\x83e\x1c\x01\x18\x05p\xfb\xed\xb7\xe3\xe9\xa7\x9f\x96\xb0\
\x81\xc3j\xd2\xbb\xbat0\x0c3\xd6J\x80\x94u\x5c\
\xbbd\xe3\xe9\x12g\xa6g\x09-8\xb5\xfe\xe8j:\
\xdd\x0e\xc9b\xdfu\xc7]\xf8\xf4\x93OQVU\x86\
\xd7^z\x1d\xe7\xff\xfd<\x83\x90\xfe'\xd7@w\x98\
\xb0\xe8'\x1f\x7f\x0aw\xdcy\x07jjI\xd8\xf1\xeb\
Gcm\x9e\xa7\x09\x0dA@\xa4\xb8\xa7}8M\xca\
pe%\xe5\xa2vD#\xc8S\x87\xc6\x93\x00\x99\xd8\
\xb1\xb7p\x1f:v\xe8\x88\xba\x86Zi\xcf\x8e\x0d\xcb\
\x08\xaf\xbe\xfc\xb2+\xa5\xa5v\xce\x9c9\xe2\x851\xb4\
\x9bO\x99m\xba\xbf\xba\xa1\x94j\x87)\x8cv\xf9m\
\xb1n\xedzX\x0eJX\xde\xf6\xcf[\xf1\xc0C\x0f\
\xca\xc6gE\x80\x1e\x04\xe3\xf3\xc5\x8b\x96\xa0w\xdf\x9e\
R\xd98\xfb\xec\xbf\xe1\xc3\xe9S%\xc4\x13\xca\xf4\x90\
\x1fw\xdcv\x07\xee\xbe\xf7n\x5c~\xd9\x15x\xf6\xb9\
g\xe0\xb4\xbb\xa4\x9e?\xe8\xe8\xc1\x98\xbfp\x1e*\xca\
+1n\xec8,[\xb1\xb4\xc9\xb5[\x98\x83\x0a\x07\
\xf0\xc6\xebo\xe2\xdc\xf3\xfe&\xfd#\xbffs\xc9!\
\xc6\x16\xe6@\x00{\xf7\xec\xc5\xbe\xfd\x07d\x1dp}\
J\x02P\x9a\x82h\xbc\x95\xfe\x85\xb7\xb6Z6?\x9b\
0\x5c\xe4\x1e`n\x81t`\xc4t\x10K\x11\x0e!\
\xa4E\xd0\xe0\xf7\xc9\xd7\xb8\x94$\xd8\xd9\x5c\x96\x90\x80\
\xf8\xa4d\xb8\xe3=B5N\x03\xca\xfb\xf7K\xe2\xb0\
\xbfim\x1c\x91W\xf9\xado\xaa'\x02\x15\xd6Z\x9d\
\xf6\x86Q`\x9cnt@\x19\xad\xae\x5c\x0c\xfc\x9d*\
\xf7U\xa2\xb6\xa6^x\xe9\xe2\xe3\x92\x90\x91\x96\x8d\xdc\
\xe6-\xd1\x22\xb7\x95|\xcd\xcc\xc8F\xb3\xe44\xc9\xe2\
r\x13\xf29\x84\x00\x97\x97R\xd3\xafA6?\x051\
\xd22\xd2$\xd3L\x1e|j\xd1\x89x\xa6\x01\xd4\xd7\
\xa1\xe8\xec\x95g\x5c\xff\xc0\x03\x0f\xe2\xd1)\x8f\xca\xfe\
$\xb9\x08\xe9\xbe\x14w\xbcr\x93\xb9\x88\xb8\xf9\xdb\xb4\
j\x83G\x1f\x9e\x22q7\x0d\x0e\x17[Q\xc9\x01\xcc\
\x9a\xc5\xba\xbbU6?\xf7Bfz&^|\xe9E\
\xe1'X\xb6h\x19&\x9er\x8a\xa2\x8db,\xcd&\
\x17\xd6\xd8\x05\xb1\xa6\x8a\xc9\xc2\x95\x10\x08\xe3\xaak\xae\
\x14\x12\xd3\xdbo\xbdC\x98\x8f\x93\x12\x93\xc4\xd80\xa1\
\xa78\x11\x948\x08\xc3\x1fR\x99Q7A\x8cQ\x14\
\x96\xab\xe0\xae\x9c\xef\xb9\xf3\xe7\xe2\xb8\xe3&H7]\
ZF\x0a:v\xceG\xab6\xb9\x92\xaf\xe0\xe6\x97\xe7\
\x84#\xb2)8\x8f\x9c'\xb2\xe2\xc4n\x10\x05X\x0a\
\xc1\xed\xf2\xe0\x96\x9bo\xc6\x1dw\xde\x8eY\xb3g\xe2\
\xcb\xaf\xbe@\xaf\x9e\xbd\xa4\x13O3K\x93\xb0\xfc\x8f\
\xb5|\xdeg\x8awr\xf3s\x13\xf1\xf5\x0d\x22\x0d\xe6\
\x09\x1a\x81F\xaa:\xd1<+\x07\xf9m\xf3\xe5\xf7\x0f\
?\xf8\x88\xda\xfc$\xfe\xe0kK\xc9\xd0$\xc4\xa9\x9c\
\xd7\x8e\x1d;\xc9\xdf\xc9\xda\x81bd~\xf6\xd9\xe70\
p\xe0@\xd9\xfc\xa2~\x14\x09K\xc1\xc3\x10 6\x9b\
\xcdx\xeb\xcd\xb7\xf4\x0f\xa4\x9f\xf8\x8d\xe2\xc4\x87|\x08\
X\x87\x1c\x8f\x0e\x1b\xb2s\xb2\x90\xdf>O\x12\xc2\xbc\
\xbf4Hu\xdeZaj&\xfbs\xe9\xfe\x03\xa8+\
)C\xbc\x09h\x99\x9c\x84\xdc\xc4D\xa4\xc7\xbb\x90\xe8\
\xb2\x22\xc1mEB\x9c\x03\xc9\x1e\x17\xd2<nd\xc6\
y\x90b\xb5 \xc5bC\x8a\xd5\x06{ \x88\x00\xa5\
\xda\xaak\xe1\xab\xa9G\xd0\xe7\xd3\xa5\xd6\xff\xa4\xcd@\
\xc60\x80\x1c\x12\xaf'&F\xb5\xd4\x0d\xe4\x9f\xe1\xf2\
\x1b'\xbaQ\xee+))\x15\xb1I\xc6T\xf1\x9e\x04\
\xa1\xc4\x12\xf7\xdd\xad\xaa\x07\x06.\xc0\xa8\xef\xf3\xc1\x90\
\x81\x0d\x22L\xe0\xd9\xed\x1e!\x8c`\x98\xc1.-&\
\x80\x0c|u\xd3\xd8J\xff^/\xbdP\xce\x8bCN\
\x0e=kn\xb8\xbc<\x89Z\xe6\xb4\x14V\xa1\x7f\xde\
\xfaO\x09\x17^{\xed5T\xd5T\xea\xa1\x84Y<\
\x87\x95\xcb\x97\xa3pw\xa1\xb8\xfe\x85\x85{dst\
\xe9\xd6\x15\x97^|)\xe2S\xe2\x11\x09F\x14`E\
'\xd8<\xf8&[\xed\x16\xec\xdc^\x80\x9c\xdc\x1c\xdc\
\xf3\xaf\xbbq\xd7]w\x8a\x90\x07\x85;\x0c\xa0\x14s\
\x17\x9cK\xf6\xea3\x8bL\x11\x10~\xfe\x0d\xeb\xd7\xe3\
\xc1\x87\x1e\x12\xaa5\x05\x92Q,=\xcb\x96/\xc1\xfd\
\xf7?\x88\xbb\xee\xba\x03!\x7fH\xba \xa3\x1f]P\
7j\xb1\xf3\xf5i4o\xbb\xfd6L\xbe\xf0\x02\x98\
L\x8d\xa7?C\x84c\xc6\x1f#\x1b\x81\x8bs\xde\xbc\
y\xb8\xe5\x96\x7fb\xf1\x92E\xba4\x9a.\x02B\x83\
\x19\x0e\x89Z\xf0\xcd\xb7\xdc\x12E~\xc6\x92_v\xeb\
\xdaU\xcdm\x14\xcd\xa8\xba*7n\xda d\xa2<\
\xe5\x0dB\x19CX\x85\x7fWt\xa0H\xae{\xe8\xd0\
!\x88s\xc7\x8b\xb2\x0e\xdf\x9br`\x97_~\x99\xbc\
\x0c\xc3\x9d\x83\xa5\xcb\xb5\x98\xfe\x11\xf97\xd9\x94\x8d\x03\
\xe0g\x17\xb0\xfa\x8f\xd5a\x87\xd3lB\x5cD\xe9\x15\
pM\x94\x95\x95\xa3>\xe0\x83\xbf\xce\x8bP\x9d\x17\x89\
V\x07Zfg\x22!\xce\x09\x9b\x99\xde!%\xce\xd5\
<\x1b\xeaKb\xec\xc9\x10\x14v !)N\xb4\x13\
M\x01?LT\xcd6\xfb\xc4\xfd\x8fX-\xd0\xec6\
hV34\x96-c[\xa6\xffl\x06\xc0\x88\xb3\x15\
\x99\x86\x02\xe6pA\x1a\xf8g\x83\xf6\xd8\xe0\x0c \x83\
\xae\xda\xcc5\xb2xY5\xe0\xe9\xcd8\x8b\x06\xc4(\
\x0f\x1aT\xdf\x86\xf48\xe3.\x83HSp\x05\xf1\x09\
B\x83M#\xc0\xa4KlC\xc6\xa1\x06\xcbF\x5c\xa8\
\x7f\xbf\xe8\xefB\xa6y\xdb\x1d\xb7\x09\x10\x85\xb7\xae]\
~{\xb9\x81[\xb6m\x96\xce\xba\xb3\xcf9\x07/\xbe\
\xf0\x92l\x00Z~\xea\xc5q\xe30\x96''<\x1f\
\x07\x8f\x1d\xbbv\xe2\xb3\xcf?\xc3m7\xdf\x81{\x1f\
\xb8[q\xe5\x89pES\x5c87\xe6;o\xbf+\
\xf17i\xc0\xee\xb9\xe7\x1eL<\xf5\x14A\xcde7\
\xcf:\xec<\xa7Ae\xd4\xbbu\xef\x8a\x1f~\xf8A\
\x0c\x80\xda\xb4\xec\x92\xa3\xc0\x86\x15\xf7\xdf\x7f\x1f\x86\x0f\
\x1d\x86\xa1\xc3\x87\xa8\xf7\x12(\xeeA\xf3\xc0\x137\x14\
\xc1\x05\x93\xcf\x97\x0c\xf8\x1dw\xdd.\xfd\x01\xea\xa45\
K)\xac_\x9f\xfe\xf2\xda\x9b6nBM}\xb5x\
?\xdc\x14F\xe9W\xeeg8\x82+.\xbf\x02ym\
\xdb\xa8\xcf\xc6\xbed\xbd\x8f\x82a\xce\xc0A\x83\xd0\xad\
KW\xac]\xbfN\xc2\x00z\x07\x94\xf9\x1a=v\xb4\
\xac\x01c\xed\x1c\xbc\x96\x98\xc0\xe5\xb5\xe4\xe5\xe5I\x08\
I\x9e~\xa3/\x80\x0c\xbcM\xfb\x16\x9a>W\xd34\
\xe1\x90\x8c\x82\x95~\x05\xdc^\xaf\x16\xaa\x86/\x9bU\
\xbc\xd8Fx2\x10\xa9\xaa@CE\x15\xaa\xf6\xeeE\
\xb7\xbe\xfd\x91\x96\x18\x0f\x9b\xc3,\x06\xc3\xe1\x8e\x13\x90\
\x94\xa1\x0e%2\xef\xcc\xe7\xe8m\xcc\xe1P\x00Vb\
?\xa8\x8c\x15 \xfc;(\x8aE\x11\xb3\x09\x11\x1b7\
\xbf\x06\x8d\x07\x93\xad\x91F\xfcO\x97\x03\x88\xcd\xee\x1b\
@ >\x1a{\xb2]Q~7\xba\xf0\xe4\x80c\xd2\
\xaf\xba\xbaF&89\x89\x15\x83,\xc9\xe0\xb3\xd4b\
\x9c\x22\xc6\x8d\xa6\x07\xc0<\x01\xeb\xb4\xf4\x1c\x98\xdc\x22\
\xb4\x92\x8bCN\xff\xa4\x04\xa9\xf3K\xe3\x88\x0e\x1d=\
\xdc\x104\x16O\x10\xab\x15%E\x14\x1f)CiI\
\x89l\x9e;\xef\xb8\x03\xb3\xe7\xcdi\x92TR\x83\xdb\
\xa2\xd1BG\xd9\x90\xf5\x0e=Uv'\x0f\x9f\x92\xb5\
j\xf0y\xf1\xee[\xef\xe1\xccs\xce\x10W\x9f\xa7\xb7\
1\x84-\xc9j\xc6\xa8\x11\xa31s\xf6\x0c\xf9\x19\xb3\
\xd6\x9f|\xf2)\x8e;\xfe\xd8\x9f\x9dgnZ*2\
\xbf\xf1\xc6\x1b\xb2\xd1Y\xa9\x88\x9d\x7f\x0a\x960\x1fp\
\xf5\x95\xd7H\xa2\xcc\x80Y7\xbe\xf9A\xf7L\xbc\x81\
0:u\xec\x84\x1d\x05\xdb%\xc9'}\x001\x09@\
#I\xa9\xa4\xc05\x091\x1a\xe7\xc1\x22\xbfco\xc3\
\xa3\x8f>\x22\x99y\xc5\x9c\xab\xba(I\x93=g\xf6\
\x1c\xa9R\xd0x+\x94_H6\xa6A\xedf\xb4B\
\xab\xebW\x15\x9a\xa9\xefO\xc3i\xa7\x9f*\xef\xf9\xd0\
\x03\x0f\xe3\x9f\xb7\xdd\x02\x87\x8dIJ\xc5Qp\xa8\xa1\
\x9e\xebG\xcf\x1e\xbdD\x18\x86\xeb\xc1\x08)~)\xd3\
\xfe\x93-\xc3\xf6s\x1eT\xf5\xf5\x92\xcf*..B\
\xb0\xb2\x06\xf1\x16\x0b\xd2S\x92aq:\xe0\x89wK\
n\xc0bw\xa9\x96w\x83\x1e\x9f\xeb!\xa2S\x7f3\
\xef\xc1VfztD\x09z\x09\x90#\x024\x02;\
\xf1-I\xf1p&\xc6\xc3\xe2q\xc3\xe282J\xc1\
\xff1\x0f\xc0\x18\xc6)\xccS\x9c\x83\xee\x91\xd1z\xca\
\xc6\x15\x96\xa9*\xab\xabQ\x5cZ&\xc6\x801>\xb3\
\xfcf\x96\xb8\x82!\x84\xad!D$~W\xaf\xc7\x8e\
2&\xea\xb8\xd89\xb9\xcc\xa0:\x9d6A\x99\xa9\x93\
?N\x8c\x8c\xdc\xe8\x9fAW\x19\xcd-\xc6\x86\xa8\xaa\
\xa8\xc6\xb6\xad[1k\xf6,\x91\x08\xdf\xb0i\xa3 \
\xcehD\xe8\xce3,\xa1{\xa7\xae\x81];\x8d\x8b\
Dn\xae.\x8f\xa5\x9a\x81\x14\x00'@\x83\xa1\xbcO\
l\xda\xbc\xf9\xa7\x8b\x8b\xf8u\xd2\xa45\xf8%{-\
<z,\x8b\xf9}\xb8\xf2\xca+\x05\xb3@\x8f\x86\x0b\
\x81\xc9QaN./\x939X\xb6d)\xbe\xfb\xe1\
{\xa9\x5c\x94VP9\x88\x06\xa8\xe9\xc25$\xbb\xa8\
\x0dx\xf0}\x91\xdf\x1fLjb\x82\xe8\x22\xf2z$\
\x8c\xb3*\xd0\x16\x98\x5c\xe4<\xb0\x955\xe4\x97\x04\x9c\
1\x9cv'\x06\x0e\x1a\x88\x1d;vb\xd7\xee\x02I\
\xe4-X8\x1f\xc3\x86\x0f\xc7\x0b\xcf\xbd\x80s\xcf\xff\
\x9bx\x02\x22\xf7\x16\x0aa\xd8\xf0a\xf8\xe2\xb3\xcfq\
\xf1\xc5\xff\xc0\xb6\x1d;\x1a\x0d\xa8\xc0|\x19N\xe8\xd2\
k:\x88\xac_\xdf\xfe8\xfe\x84\xe3\x05\x87O\xcc\xc6\
M\xb7\xdc(\xe5\xe1\xa7\x9f}J\xc23\x91\xe9n\xd2\
n\xaer*\xdc\xfc\x1e\xb7GJ\x83\xd2\xccE\xef\xcb\
\x80{\xff\xc2\xf8\xc9<\x99\x19\xa2\xd9\xe0\x8eP\x0d8\
\x82P\x83\x0fv\x97[\xc4\xd4\x98\xbcu\xc6\xbb\xe0\x88\
\xf3\xc0bw\xc2bu\x08\xd7\x83\xf1\x12\x16z\x0cL\
v\xd2\xf9\xd0t}\xc0p\x08v\xa7\x0b\x11\xa7\x0a%\
\x1a\xea\xeb\x10&{\x96\xcf\x0f\xcd\xe5\x04\x9c\x0cE\x95\
\xb0Kt\xa1\xfcN\x7f\xe0?b\x00\x8c\x11\x0b\xfb5\
\xac\x99\xb8\xa8\x11*\xf1\xfaP\xa5g\xfd\xab+\xab\xb0\
i\xfd\x06TTV\xa1*\xa7\x0a\x0d-[\x8a\xeb\xc5\
\x89\xa4\x12\x0d\xb1\xf0Q\x94`(\xa4c\xb6\xfd2\xb1\
,\xa1\xa5$'H\xb8\xc0\x06\x1f.\x92X\xb7\xf4P\
\xc3(\xb5pAO\xfbp:\xde~\xebmlX\xb7\
\x1e\xbb\x0a\x0b~r\xfd\x06\x8d\x18\xb3\xd5<\xad\xa2\xbf\
;\xc4\xeb2\x09\x17\xeb\x88\x92P\xa4w\x9f>\x183\
f\x0c\xce\xfd\x9b\xcaB\xc7\x9e\xfeLt\xd1\x93\xd8\xb0\
q#\x0av\xed\x94\xf7\xe3\xe7\xe2W\xcac\x8d\x1c9\
BNq\x05\xa9fu\xa2\xb1\x058v\xd0\x1d\x17\xc2\
\x8e\x9f\xcc\xbfJ\xb8)f\xe1_p\x81Ij\x12\x8e\
 \xa9Y\x22\x1ex\xe8\x01\x5c{\xdd5()5\xa8\
\xd0\x1b\x07\x85B\x8f=\xe6X4\xcf\xc9\x16\x0f\xec\xfc\
\xf3'\xa3o\xbf\xdeB\xb9Ez\xf0{\xfeu\x8fd\
\xe9I\xd9\xc5|\x02+\x0f\xac\xe3\x8b\x11`\x1e'\x10\
\xc4\x88Q#\xf1\xe3\x8f\x8b\xf0\xd8\xe3\x8f\xe3\xeb\xaf\xbf\
\xc2\xfau\xeb\xa5CS\xb1G\xeb\xe50\x868\xcdR\
\xf1\xde\xfb\xef\xe3\xc1\x07\x1f\x12V\xa1\xc7\x1f{\x1c\xa3\
\xc7\x8c\xc2\x13O=!9\x1ez=\xe2=\xe8\x1e\x9a\
1?\xbc\xaf\xadZ\xb5\x16 Q\xaf\xde=\x1b\xf9\xfb\
\x7f\x96\xa4\xf5\x17\x06\xd7\x14\xd9\x83\xac\xd4j\x8c\x87\xe6\
\xadc\x8f\xb9\xacSQ\x83\x92D3;\x93\xf4P!\
f^\x8d\xaf\x82\xc7\xe0\xb7V\xb3\x18W&\xa6\x85$\
\x9d\x87\x9a\xcf\x870\x85Q\xd9\xbc\xc5\xcf\xf4\x7f\xb9\xd6\
\xfft\x08p\xc8\xa1\xb7\xb2r\xd0u\xab\xaa\xad\x96r\
YYq\x89h\x06\xae_\xbf1\xda,\xc1S\x90M\
$D\xf9Q}'\xde\xa3\xda%\x89\xe1\x96ra]\
M\xb4\x8b\x909\x026\x86\xa4\xa56\x93\xa4\x1f\xe3z\
\xb1\xf4\x87q\xf3\x8c\x93\x7f\xcb\x96-\xf8\xc7?\xfe!\
1\xbd1\x84yXOB\xa9\x1a|l\x8bjS\xba\
&I\xec(T\x89\xfa\xb7\x09\x92\xef\xc8k\xddF\xa8\
\xc9\x8f\x1ap\x94\x88M\xb4h\x99\xdb\xf8\xde\xe4\x04\xa4\
w\xc0\x93\x83\xed\xc3\xecf\xb3\x99E\xaa\xfc\xadw\xde\
\xd0cq#\xfb\xadH:\x8c\xd8\xd6(\xf5\xc5\x82q\
\x8c95\x009\xaa\x99\xc7\xb8\xdeF#\xf8\xc3w3\
0|\xe40\xb5\x09c\x0c\xd0!\x97\x06#\x01\xb3I\
\x04E\xe6\xcf_ @(\x02`Z\xb7i%\xf7\x84\
\x9c\x81T;j\xa8'\xe7~\xb9\x00\xbd\x18v5\xcf\
\xcd\xc6\xdc\xd9\xf30l\xc4P1H\x92\x8c\x0c\xf91\
\xe0\xa8\xa3\xf1\xe3\xa2\x852_\xc6\xc6f8\xc0\x90K\
\xd6B (\x14\xee\x8f=\xf68\xa6\x7fD\xbd\xc6\xc6\
\xf1\xc2\xf3\xcf\xe3\x1f\x17_\x8c\xf1\xe3\x8f\xc5\xb7\xdf~\
-\x08\xce\xe9\x1fN\xc7\xb1\xc7\x1d#\xbf\xe7\xfb\xdd\xab\
\xc3\x81c\xe1\xb4\x0c\xdf\xfa\xf7\xeb\x8fg\x9f}\x06=\
z\xf6\xd0K\xadt\xb7\x1a\xe7\xe6\xb7\x0cc\x9eh \
\xb9Q\xfd\xb5u\x08\xd5TA\xf37\xc0\xccjW\x9c\
\x0bNO\x1c\xcc6'4\xc9\xb1\xfc\xb4\xd4\xdbH\x0a\
\xa5I\xbc/?$\x81\x09\x19\x86j\xeb\xd1PK\xb5\
\xa6\x08\xdc\xc9\x09p%'J\x18\xc0\xd7\xfb\xe9\x0b\xfc\
Y\x0d\x80\xc4CL\x88\x84Q_[\x87\xa2\xb2\x12\xd4\
\x94\x94\xa3\xbcp?\x16-_,\x1dh\x14\xa0\x94\x93\
Vr\x07L0Y\xe4d\xcf\xccm.\xbai\xcc\x1d\
\x08_]\x80\xf9\x84\x88T\x19\x08.JOk\x86\xa4\
\xa4x\xd5\x0f.J\x96\x8d!\xc3\xc1\xc3\x88\x83o\xba\
\xe9&<\xfc\xf0\xc3B\x97E\x1c\x80\xa2\xb8fW\x1d\
\xff\xcah\xbfmj\x00b7\x98\x94\xe6t\xb6\x1c\xa3\
\xde<a\xc2\x89\xf8\xf4\x93\x8f\x7f\x12z\xb0\x1c\xc68\
\xbfi\xf2Oy\x03\x9b6n\x96.F\xe6\x09b{\
\xf1Ug\x9dJp\xc9\x15\xfd\x8a\xdb\x18{}\x86p\
\xea\x99g\x9e\x89w\xdf}WB\x18\x96<\x0f&\xa9\
<\xe4}\xd2?\x13\x07Kx\x94\x18_\xb7n\x9d\x90\
\x8d\xf0{&^E\xd6\x8bI\xdb\xa0_\x8c\xf4m\xff\
\xbcM6\xf2\x1bo\xbe\x1e\x05\x11q\x1eh\x8cg\xcd\
\x98\x85AC\x06J\xec+\x19\xf2\x98J\x90\x88\x95\xea\
\x97\xf4\xc3\xf7\xdf\xe3\xc3\x0f?\xc4\xea\xd5\xab1~\xdc\
x\xdcz\xdbm\xd2\xfct\xee\xb9\xe7\xe3\xbd\xf7\xde\x91\
\xbf\xef\xd2\xb1\x8b\x88x\xb2li\x5c\xe3\x8a\xa5\xcb\xb0\
j\xf5j9\x14\xe6\xcd\x9f/*H2\x07V\x1b\xae\
\xbf\xfe\x06\xdcy\xd7\x1dQ\xd4\xde\xefA\xdbE\xe7\x89\
\x9d\xbf\x0c?\xeb\xea\x11\xaa\xa9D\x98\x84\xa9\x14\x03\xf1\
8\xe1\xf2\xc4I\xdcN\xba\xbb_\xbaSl\x15\xe70\
\x93\xe7\xc2\xefC\x90\xb4\xe4\xd5lt\x0b\xc3\x9d\x10\x07\
gr\x02L\xcc\x03\xd8\x5c1\xda\x8c\x7fr\x03 \x8b\
\x9bL\xba\xc1 j\xd9,QY\x05\xad\xae\x01\xe5\xfb\
\xf6\x0bP\x857\x9aB\x15\xa4\xe6\xaen\xf0\xa2\x86t\
U\x0d~\xd4\xd55\xa0!\x12\x84\xc5iG^\xdb<\
\xa4\xa4\xa5\xa2\xc1\xef\x97\xd8\x9f\xc0\x14\x8aLdfe\
\x08\xf4\x96\xc9\xa6h\xf9\xe40\xf3ex\x00\x04\xb4\x9c\
|\xf2\xc9\xd20\xc4AL\xb9\x8a\xdd\x8d2\x95~\xf2\
B\xf1\x16\xf2&\xb4\xc8m\x89v\xed\xda\xe1\xac\xb3\xce\
\x12\x97\xf7\xda\xeb\xaeV\xd8~\xc9\x0b(%\xd9\xf5\xeb\
\xd6\x09\x7f=\x07\xdbh)\x13\x9d\x9e\x99\xde$\xd1%\
\xd7\xc1\xd3\xdfj\xc1\x19\x93\xce\xc4\x07\xd3\xde\x97z>\
Qq13&\xffe\x08\xc0\x0c\xba\x18\xcf\x83>\xcb\
!X\xe7t\xc6\x1c\xa5\xb0\xccJ\x06O_\xa2%\x89\
\xe7\x17\xbd\xbf_a\x00\x0c`\xd6}\xf7\xde\x87\xe7_\
x^\x14\x9b\x0e\x1e*\xe7\xd04\xf3.\xea~t\xb5\
c\x04;\x08\x22\xfa\xe2\xf3/%\xa1\xc9\x9c\x0e\xfb\xe1\
\x0fz\xb3F\xb0\x95\xee\x15\xf0\xef\x04G\x10\x0c\xc9\xba\
\xa0\xae\xe3G\x1fM\x13\xda6\xbe\xfe\xf6\xed\xdb\x90\x95\
\x9d\x89\x05\xf3\x16b\xfa\xf4i\xa2\xc0\xdc\xb6m[\xdc\
z\xfb\xed\x22\xe0\xda\xaaU+\xd1hp\xd8\x9c\x92\xb8\
\x9dx\xf2\xa9x\xf7\xfdwe}H\xe5\xe07v\xde\
\xc5\xce\x93\x90\x93\x12\xddG\x82\x11\x96\xa0\x89ht\xda\
\xe0\x8e\x8b\x87\xcd\xe5\x91\x862\xe1\x87<\x88\xcb\xb5\xe9\
]R\xdd\x89&\x86m$\xa7\xad\xaf\x83\xb7\xbaZ\xc2\
8W|<\xecI\xf10G\x0d\x80\x22~\xf9\xd3\x1b\
\x00I\x9a\x85#\x02\x93\xac\xa3\xf5\xac\xa8A\xa8\xb6\x0e\
\xc10%\x9bU\x8fv\xc4\xa2\x92|*9X\x83\xb2\
\xf2*TT\xd6\xa0\xac\xa2\x02e\x15e\xc2s\x9f\xd8\
,\x09\x89\xcdR\x11\x97\x98 JC\xd99\xcd\x91\x9e\
F`\x90\xaa,\xfc\xaaK\xd1u\x0ax\x9a=\xf8\xe0\
\x83\x98={6\xf6\xee\xd9\x17]\xd0ta\xe9Y\x10\
\xedF\x5c8\xe7\xfe\x8dW\xdf\xc0\xd9\xe7\x9e\x155\xc6\
\xd4\x19 \x8f\x1f7\xb8\x10=\x08)G\x10o\xbf\xf9\
\x0e\xc6\x8e\x1f\x83\xa9\x1fL\xc3\xab\xaf\xbe*\x1b}\xd1\
\xe2\x1f\xa5sL%\xa8L\xd1\xf7\xa7\xce\xe1\xa0\xc1\x83\
\x1a\xfb\xf1\xa3\xb5\xf7 \xc6\x8c\x1e+(\xc7\xe9\x1f\x7f\
\x18\xbd&)\x0f\xc5\xa2\x09\xa3`*\x9d\xa2\x8b\xc0\x1e\
\x84\xe5T=u\xe2i\xb8\xef\xfe\xfb\xc4ug\x5c)\
\xed\xa6\xbf\x90\x033z\x0b8\x8f\x1f\xbc7\x15g\x9c\
u\xfa\xcf\xfe=\x01Bd\xd2e7 a\xbc\xcc\x90\
3\x01HD\x1b7\x8aa\x00\xbe\xfd\xfa;\x99\x13\xc6\
\xe2\xf4\x84\x0e~O\x037r\xa8\xc1\xce\xc3\x1e={\
\xa1\xa0`\xbbx\x87\xbc\xb6SO;\x0d[6m\xc2\
\x8a\x15+\x9a\x18!\x96\x87\xa7\xbe?U\xe2\xff\xe3'\
\x1c'\x89U\xe2\x06\x08\xdc\xb9\xe2\xd2+\xf1\xd4\xb3O\
\xca\xfd\xf8\xb5\xc9\xc0CL\x90\xacOf\xf0\xb5\xda\x1a\
x\xab\xabDU\x88^\xbf\xc7\x13/a\x00\xd1\xa9a\
\x1eDD\xaf\xc6<5\x96!\x8a\x06@P\x02\xc4\x16\
\x04B\xf0\xd5\xd7\xc2[S\x09-\x1c\x823!\x11\xf6\
\xc4D\xd8\xe2\xdc0YU\x08`\xa6\x01\xf8\x9d\xb8\x80\
\xff\x1a\x03 \xa7\x18E2\x1a|\xa8\xaf\xaa@\xb8\xa6\
\x1e\x1a\xa9\x97\xac&\xd8\xddNQ\x96\xa1\xf5\xe4f\xe2\
\x041^f\x18 \xe4\x9f\x15\xd5\xa8,/\x17\x05\xe1\
\xe2\xa2\x03\x08Q\xd69=\x15\xa9\xac\x93\xb7l)\x0d\
\x16\x82\x8a\xd3\x81F\xbff\x18\x9b\x90\x83^\x00\x95\x83\
\xb6o\xdb&$!\xa9\xe9\xa9\x92A\x1e7n\x1c\xb6\
\xef\xd8\x06\xb7\xd3\x83\x89\xa7N\x14 \xca9\xe7\x9c\xa3\
D \xadf\x8c\x193\x0e3f|\x07\x8b\xc5@\xe3\
E\x90\x91\x96!\xafI\x84\xa01\xb8\xd1\x8f:\xba\x7f\
\x94^\xca\xf8z\xed\xd5\xd7\xe2\xf1'\x1f\x8fb\xdby\
\xa3\x14\xe0) (\xbe\xcf?\xfb\x14\x8f>\xfa(\x9e\
|\xe2I\xec;p8\x89\xb1\xc6A/\x82\x0dA\x0f\
=\xfc0\x86\x0d\x1f*?#\x81\xaa\xca\x070\x89\xf5\
\xf3\x8b(\xca9\x18\xd1$?\xc3\xf7&\xca\x91\xa6\x89\
y\x19\x82\xb2\xd8z\xcd\x0d\xdf\xb7__)\x17\xb2\xcd\
ZZ\xbcuq\x162\x12\xadZ\xbdRB$\xc6\xfa\
\x84\x1d\xaf[\xbb\x16\xad\xf3ZK\x12\x94\xad\xbc\xb1\xc3\
\xf0H\x98s\xd8\xb3g\x0f\x16.X hH\xfe|\
g\xc1N\xec.,\xc4\x8e\x9d\x05\x0a.\x1dC\x86\xca\
\xc12\xa5\x91T\xe55\x90\x9a\x8b\x15 \x12x\xb0\xec\
<i\xd2\xe9X\xbebY\xf4\xbd\xbe\xf8\xec\x0b\x1c7\
\xe1\xb8\x9f\xd5\x9d\xf8\xa5\xf9Q0\xe1 \x22\xdez\xf8\
\xabkPWS\x03-L\x8f\xd4-^\x00C\x01\x13\
\xd7\xa1\xb0_+X\xa1\x02\x1f),\x84\xbc\x0e\xd7\xb7\
\x91\x03 \x87@]\x1d\xfc\x84\x7f3\xa9\x9d\x94\x04G\
R\x02l\xc4\x1e\xe8U'U\xdf\xf9}\x8dB\xff\xd1\
*\xc0\xc1\x88,Z_i0a\x19@W\xeau\xc4\
\xb9`\xf3\xb8`u\xb8\xa1\x99\xadJZ\x99NT8\
\x0c\x93\xcd\x0c\x1b\xdd+\xb7\x0bI\xc9\xf1\xc8Jo\x86\
`^\x1e\xea\xbd\xb5\xa8\xf5\xfb\xe0\xf3\x07PWY)\
\xa7\x10Kd\x06\xd7\xc0\xaf\x19F\x15\x80\x0f\xf6&\xf4\
\xe9\xdb[\x1e\xc6\xa0\x17\xc2SL}\x1f\x90\x16`>\
X\x9f\x7f\xeb\xed\xb7\xa4\xe20~\xec8\xfc\xf0\xc3w\
B$\xc2\x9e\x02Zuc\xe3\xf3\xc46\xb0\xec,[\
\x1d\xfc\xde\x1c\x9b7oQ\xf3s\x08\x1b\xcd\xf7\xe6\x02\
\xba\xe1\xc6\x1bp\xfe\xf9\x17`\xd6\xcc\x99\xf8q\xd1\x22\
i\x942\x845H_\xd5\xae}{\xb4jEF\x9d\
4\xb4j\xd9\x12\xdd{\xf4\x10W\x9f0cn6\x9b\
\xa3q\x09\x1c\x9c\x04<\xd4\x90\x8da\x81tn^w\
\xddu\x02\x80bXSRZ\x8a8\xb7G\x1aax\
m\x9f~\xf2\x19^y\xe5U\xb9\x0623\xb1,{\
\xf4\xc0\x01x\xf0\x81\x07\xf1\xca+/\xe3\xe3O>\x91\
P\x8a\x9c\x05\xc6\xe6WX\x89\xa69\x0d6\xcb\xdcs\
\xf7=x\xe3\xcd7PQ^.a\xe0\xe1\x86\xc1E\
\xc8\xb0\x88\x1e\xa5$\x1a\xa5s2\x12-\xb7\x92\x17\x92\
\xc6\xa4g\xef\x9e\x987w\x9e\xbc\xee\xbb\xef\xbc#\x12\
t\xe4I\xf8\xbf\x8c(\x11+\x1bw\xecN\xd8\x1cA\
\xd8\xac\xf5\x08\x06\x94W\xe0\xd5\x14>\xc4\xe6t\xc1D\
\xc6h\xce\xb50G\xab3?\x1a\xfe\xc9\x86\x08#L\
\x91R\x92\xe6\x92\xd5I\xbc \x93z\x1e\x8d\x87\xf1\x9e\
?\xf9\xfc\xa6?\x9f\x07 \xc4Qt\xff\xc9\xa9F\xb7\
\xbf\xa6\x1a!\xaf\x0fV\xb3I\xb2\x9eV\x8fG\x5c'\
\xf1QM\x84Q\xeauP\xded&\x04Ca\xd1\x9f\
\xf3\xd7\xd4\xca\xf3E\x92\xd6dB\x03\x09'\xcc\x80+\
9\x09\x19YY\x8a\xd8\xd3b\xd0\x8a\xff\xba\x89\x12\xb7\
WG\xe8\xf1\x14\xe3\xe1\xf2\xcd7_\xe3\xc9'\x9f\x92\
<\x81\xd1\x11G\xd7\xd3n\xb3\x8b;y\xcb\x8d\xb7\xe0\
_\x0f\xfc\x0bu\xd5u\xe8\xd3\xbb\x0f\xb6\x8b{j\x91\
\x05o\xdc:i5\xb6Z\x04(\xf3\xea\xcb\xaf\xe1\x82\
\x0b\xcf\x8f\xc2cy}\xec^\xeb\xd6\xad\xbb\xd4\xce\xd9\
xdt\xec\x1b\x00\x96\x8b\xffq)\x9e{\xfe\x191\
D\x14\x10\xf9\xb5\x83@#\x1a\x00&\x00\x1fz\xf0a\
\xac\xdf\xb0^\xd8\x92&M\x9a\x84\x96\xadZ\x88\x116\
\xba\x07\x7fr\x8f\x22\x9a\xb0\x1f\xb11\x8a\xc9\xb8\xbd\xfb\
\xf66\x81\xfb\xfe\x9a\xc1\xb6\xefiS?\x14x\xf5\x81\
\x03Eh\x91\x9b+\xf0f\xc6\xbc\xc2\xf5\xa8c\x0f8\
\xaf\xf4\xd8\xa6<2\x05\xd7\xdfx}To\x81\x9eU\
\xec\xbd1\xa4\xc88\x8c\xfb*\x10[\xf1\x02\x94jo\
^~[\xf4\xeb\xd7O\x84`\x06\x0d\x1c(Yyq\
\xf5\xcd*\x19\xcc\xc41\x95\xa8r[\xe4\x18g)~\
\xef\x906m\x1a\xa9\x10\x10\xaa\xab\x83\xaf\xb2\x12\xfe\x9a\
J\x85\x9c$\x22\x95\xa4\xb6.\x1a\x07\x07\xacT\x07f\
\x13\x9a\xbe\x1e\xa2\x0c\x0c\x9a\x0e\x0ab\xd7 IjE\
\xaf2\x0c\xab\xd3\x01gr\x0a\x1c\x09\xf1bD\x84\xe1\
\xd40\x1e\xfa\xfb\xffV\x03\xf0_\xe1\x01\x08\xe9\x04\x99\
i\xc9\xa9\xcf\x0fN \x0d\xe5\x93\xc8\x0b`w\x08\xa3\
Nc\xd9.*\xb1\xa1<\x07\xd2\x8cYI\xac\xe8\x04\
\xbdG\x022\x02\xdez1 6\x9e\xden\x8f\x9ct\
a\x7f\x03\xc0f\x1c\x1a\x90\xdfp\x83%\x13\xcd\x04\xa4\
?\x887\xdf~\x0bo\xbd\xf9&\xe6\xcc\x9d#\xbf3\
S\xa0BG\x12rA\xd5\x05ke\x11w\xee\xd2Y\
\x16\xd7\x8cY3Q\xe7\xab\xd7Kt\x8a\xc4\xd38\xbf\
$\x19\xa9\xbb\x7fD\xebq4iC5\xa8\xbf\x0f\xd7\
tl\xf0\xe1\xb3\xc3.\xaco\x82\x9f43\xaa\xd70\
^\x8b\x1b\xd8\xee\xa4\xde\xbd_\x08B\xde{\xff]\xf9\
\xbb\x0f\xa7O\xc3\x94\xc7\xa6\xe0\x96\x9bo\xc1\xd5\xd7\x5c\
\x15M\xd2\xc5&\xc3h\x04\xf9\xd9\xde\x7f\xef}<\xfe\
\xc4\xe3\xfa5P\xcc\x931\xb3M\x00N\xc6u5\xb9\
\x06}\x93r\xb0FNy\xf7\x93N:\x09k\xd6\xac\
\xc1\xd0aC\x9a\xce5\xdb\xbau\xe3\xa3\xd8\x81\x81\xfe\
\xfd\xfb\xc3aw\xea\xbc\x86\x8a+\xf0\xe0\xd7\x8f\xfd\xde\
fQ\x08R\x86hw\xddy'\xc6\x8e\x1b\x8bV-\
[!>1\xbe\xc9=\xe5g\x8b\xb0DJC`\xb5\
\xc8\xe67X\x9b\xff/C\x94\x0cY\x9e\xb5D`e\
\x8by0\x01\x9a\xa8\x17\xd5!\xecgB/\x88\x80\xaf\
V\x0e4\xa2\xfb\xc4[\x91\xdc\x8d\x0e\xcc\x12o\x91\xfc\
\x01\x01\xd9\xf8a\xd2\xb6\xd3\xf3\xb2;a\xa2~\x85\xdd\
\x013]\x7fi\xfcj\xa4?\xfe\xbdW\xfd_a\x00\
\x8c\x04\x95F\x12\x09\x91x\x0a+d\x94\x0e\xa1\xfd\x09\
\x1f\x9a\x91\xf00\xd3\x03Pe\x13&\xdbmzw\x97\
P[qS6\xb0\xa1\x02p\x9alp\x12d\xa1D\
z~\xd3u\xd1\xe5]\xb5j\x15\xfey\xcb\xad\xf8\xf6\
\xbbo\xe4\xe7F\xf7\x1d\xb3\xb2\xaa\xa1\x83\x00\x1f\x13\x8e\
;\xf6xI\x1ar\x81\x9dy\xc6Yx\xff\x83\xf7\xe4\
\xef\x052{\x90\xa3e\xf4\xe7\xf3=(T\x22\x1f'\
\x86.\x9c@\x16B\x97\x09>j\x92 \xd2\xbf\xae[\
\xb7V\xc04\xc2\xa4\xac\xe9\xc2\x18\x07\x1b\x00v\x16\x8a\
\xf2\xb2\xfe{n\xf6\xa9\xd3e\xb3/Y\xba\x18v\xbb\
\x92\x07\xe7 \xdc\xfa\x9ak\xaf\x16\xf1\xd0\x17^|A\
\xad+\xc9'6\xce\x98\xa1\xea#\x8c\xbcf\x1b\x02!\
ER\x1a%o\x89\x11\xb70\xb2\xfc\x02\xd3\xd6\x13\x9b\
\xd4!\xe0`;\xf3\x8a\xe5+\x90\xdb2G\xaeg\xcd\
\xea\xd58\xe1\xc4\x13\x04\x1b\x11\x1b\x8a\xb0\x14:h\xc8\
 \xdcv\xebmQ\xa2\xd5\x9f;\xe1\xc4;\x12\xd1\x11\
E\xa8Y\x5c\x5c\x22\x12^D\xfa\xf9\x1a\x14\x95\xb7\x94\
:ct\xfa,\xc4u0n\xe7\xe6?B}\xf6\xca\
\xb30\xc1d3Ac\xf8\x1a\xf1\xc0\xaeE\x10\xa4\x11\
\xf3\x07\x04\xe9Gj\xf1`\x9d:0T>\xa0\xb1\xf5\
\x9d\x06@A\x83u\x81\x19\xbb\x03V\xa7]\xd0\x816\
\xa1\x0bci\xf4O\xdc\x0e\xdct\xc4\xa8\xc9\x12\xbb\xad\
+\xb4\x88 g\xd4\xba5~X\xf5='X\x09@\
\x90\xaaSJt\xcc\x0d0G@\x1alAu)\x1a\
h\xba\x8e4$\x06Y\xe6\xaf\x8dw\x8cr\xe0\xb2e\
\xcb0x\xf0\x10\xd9\xfcD\xb0\xb1t\xc4\x8d\xc52\x1a\
a\x9e\xb4\xda\x9d:t\x12\x0c\xfb\xb4i\xd3\xf0\xc2\x0b\
/\x08\xd6\x9d\x9b\x9f\x1b\xdf \xc58xH2S\x0b\
\xe3\xb6\x7f\xde.\x94]<\xb5\x8c\x0a\x80\x91\xc4:\x94\
\xce\xbc\xf1Zt\x9f\xc9\x11(\xa5C\xa3\x855\xe6o\
\x84\xb6\x9b\x8bG\xdf\xa0\xec\x8d`\xab2U\x92\xb8\xf9\
\x99\x83hT\xcaac\x10\x01VN\xbc\xf2\xea\xcbx\
\xf4\x91G\xa39\x10c\xd2\x0c\xe0\x10a\xd0BM\xae\
\x1b?V$\xc8\x9b\xcf\xb0\x84\xe1\x0c\x13\x94F,\xca\
\xdf\xc9\xcf\x83\x8a\xd1\x98-\xcaG\x1d5\x00\x8f>2\
\x05\xe3\x8f\x19''%[q\x1f|\xf8A\x0c\x1a4\
\x08\x17N\xbe\x10\xf5\xf5\xde\xe8\xe6\x97\x8aG(\x8c\xdb\
\xee\xb8U\xa4\xe2I\xf8q\xf0|\x18\x83\x7f;u\xea\
T\x116\xa1\x97\xc0k\x7f\xf4\xb1G\x04CA\xee\x01\
\x1a\x01\xf9L\x87\xba\x17\xa6\x9fG\x86\xfe\xe6\xa1S\x90\
G\x18\xb3;\xac\xb0\xc5%\xc2A\x9e\xc9\xf8\x04\xd8\x5c\
n\x81\x03\x0b\x88K\xafz\xb1\xcd\x979\x02\x82~x\
\xeaGH\xf2*\xd5\x08+lN7\xecl\x99\xf7x\
\xc4\xa3 \xda\x90\xa1\xc4\x91\x1a\xffE\x1e\x80&%\x0f\
-\xc8\x16\xe0\x08\xac\x02\x8bT\xae\x91\x11\xb1\xcb\xad\x93\
\x1f\x19a\x80\xfeo\xd6\xe5i<\xc8!\xcf\x1e}\xf2\
\xb5\x13\x0a\xcc\x1a,!\x98\xdc\xfcz\xe6\xf5\xb7\xba\xff\
7\xdcp\xa3`\xfeiJb1\xee\x0c%\xa4\xb4\x87\
 \x06\x1e=P\xdc\xd9k\xaf\xbe\x0e\xcf<\xfb\xb4d\
\xdb\xc9\x19 \xb1\xf1O0\x9f\xfa\xbf\xf4\x9f31\xc7\
\x05O\xb7\x9c*E\x0a\xd6\xcb\x12\x19\x99{\xae\x95\xd6\
b.\xe8\xd8r\x1e\x07\xfb\x22\x84\xf8D(\xa7\x82\xe2\
\xc6F\xd9\x8c\xcc\x8d'\xfe\x96-[\xf1\xd0C\x0f\xe2\
\x8b/\xbe\x10T\x1e\xc1T\x8c\x8b\x05\xb6\x1csI\x0c\
\xbb\x08\xb0b\x89\xee\xe6[nF\xbf\xbe}1l\xc4\
\xb0h\xab6O\x9d\x8f\xa7\x7f\x8c\xd9sfI\xdc\xaf\
\x90\x0fa\x91p\xbf\xf0\xef\x17b\xf5\xaa\xd5\x02\x0df\
Bt\xe6\xccYr\x8fF\x8e\x18\x85\x09\x13\x8e\x97\xfb\
\xd9\xbd[wt\xea\xdcI0\x19\xb1\xe3\xee{\xee\xc6\
\xdcyse\xae_}\xedU,_\xb1B\xf2\x0b\xf9\
\xf9m\xa5\x99I\x8cL(\x82S&\x9e\x8c\x0d\xeb7\
`\xe9\xb2\xa5M\x0c\x80a\xa8\x88F\x9cp\xfc\xf1\x82\
\xdd\xc8m\x9e\x83\x07\x1e~@\x0c\xda\xfa\x0d\xeb0x\
\xd0 <\xfa\xe8\x14\x5cx\xd1dy\x8e\xa0)\xf5\xe6\
&\x13\xe7U\xaf\x82\x1c\xe9!\x9e\x86\xd5\x02+\xa5\xc8\
\x09Gf\xe9\xcf\xeeD\xb0\xc1\x8bP\x80\xd0\xde\x00/\
&z-\xf2y\xf4\x16r+\xfbUl\xca\xe5\xb70\
o@z0\xa7K\x0c\xc0\x11e\x05\xd3\xfe\x1bF(\
\xac\x85\xbc>\xcd\xbb\xbfL+\xd9\xb0M+\x5c\xb1Z\
+\x5c\xb6R+_\xb7Yk(\xdc\xab\x85J\xcb\xb4\
HU\x95\x16\xaa\xae\xd1B\xb5uZ\xa4\xaeV=j\
j\xb4Hu\xb5\x16(+\xd3\x1a\xf6\xef\xd7jv\xee\
\xd0\xca\xd6\xaf\xd7\xf6-^\xa4\x15,\x98\xa7\xed^\xbe\
T+\xdb\xb2E\xab+*\xd6\x02\xf5\xf5Z0\x18\xf8\
\xd5\x97\x14\x89D\xb4p8\xac}\xf2\xd1'\xda\xb8\xb1\
\xe3\xb4\xbc\xd6yZ\x9b\xd6y\xda\x80\xfeGk-[\
\xb4\xe2\x1d\xd3l6\x87\xec\x83SN\x9a\xa8\x85B!\
\xed\xb8c\x8e\xd7L&\x93\xe6vz4\x93\xc9\xf2\x93\
\x87\xc5b\xd7\xacV\xbb\xfa\xded\x95\x87\xd5b\xd5f\
\xfe0S\xde\xb3\xa2\xbcR[\xbbz\x9d|\x1f\xf4\x07\
5-\xa2i\xd7\x5cu\xad\xbc\x87\xdd\xea\xd0\xcc\xb0\xc8\
\xc3j\xb6\xc9\xcf\xee\xba\xfd\xaeC^{yY\x85\xf6\
\xfe\xbb\xefk#\x86\x8f\xd4\xe2\xe3\x12\x0cN+\xcdb\
\xe1u\xe8,\x93\x87x\xf0\xba\xecv\xa7f6\x9b\xb5\
\xdbo\xbd\xbd\xc9k>\xfd\xd43\x9a\xc5l\x95\xf76\
\x1e\xfcwN\xf3\x1c\xed\xc3i\x1f6\xf9\xdb\xeb\xaf\xb9\
^^/;+[\xdb\xbd\xab\xb0\xe9\xeb<\xf1\xb4v\
T\xff\xa3\xb4\xbb\xef\xba[\xab\xaa\xac\x92\x9fMyx\
\x8a\xfc}RB\xb2|\xed\xdb\xbb\x9fVW[\xa7\x05\
\x03A-\x1c\x0ak~_@\xbb\xea\x8a\xab\xe5w\xbc\
6~\x06\xe3a\xb7\xaa\xb9\xb8\xf9\xc6\x9b\xe4\x9e\xf9\x1b\
\xfc\xf2\x9a\xaf\xbd\xf2\xbaf\xb7\xd9\xa3\xf3\xcc\xbf9\xe9\
\xc4\x93\xb5\xd5\xab\xd6\x1cr\xce\x82\xa1\x90\x16\x08\x86\xb4\
p8\xa2\x1d\xc9\xc1k\x92\x07_\xbb\xc1\xaf\xf9\xabj\
\xb5\x86\xe22\xad\xb6p\xafV\xb9m\x9bV\xbdy\x93\
V\xb9i\xa3V\xb9Y=\xaa\xb7l\xd6\xaa\xb7m\xd6\
\xeav\xef\xd4\xbc\xfb\xf7j\xbe\x92R-PY\xa3\x85\
\xeb|\x9a\x16\x08i\x1a\xaf\xef\x08^\xe3\x7f\x85\x01\x88\
\x84#Z\xc8\xe7\xd7|e\xd5Z\xe5\x8eBm\xef\x9a\
u\xda\xee\xc5\xcb\xb5=\x8b\x97ke\xeb7k5\xbb\
vi\xbe\xa2\x22-P^\xa6\x05*+\xb5`U\xa5\
\x16(/\xd7|%%\x9a\xf7\xc0\x01\xad\xae\xa0@\xab\
\xd8\xb0A;\xb0|\x99V\xb8`\xbe\xb6k\xee\x1c\xad\
\xf0\xc7\x85Z\xd1\xda\xb5Zma\xa1\xe6\xaf\xaa\xd6\x82\
\x01\x9f\x16\x8e\x84\x7f\xf3\x8d3\x86\xb7\xbeA\xab\xaf\xaf\
\xd7\xf6\x16\xee\xd5\xda\xe6\xb5\x93\x05e\x18\x80\xfe}\x8f\
\x92\xbf\x99;{\x9e\x16\xe7\x89W\xbf\xb3\xaa\xcdn\xb5\
\xd8\xe5\xef,\x16\xb5P\xd5\x22\xb6\xcaF6\x16fz\
Z\x86\xf6\xea+\xafi\xc3\x86\x0c\xd7\x9cN\xa7\xb6d\
\xf1Ry\xef\x80?(\x9b`\xd4\x88\xd1\xca\x08\xd8\x0c\
#`\xd5\xcc&\xf6\x91A\x1b=j\x8c\xf6\xe2\x0b/\
k\xb7\xfd\xf3v\xed\xb4\x89\x93\xe45\xb2\xb3\x9a\xc7l\
ln\x12G\xf4\xbd~\xee\xc1\xeb\xe25\xf3\xfb\x0f\xa7\
~(\x9bo\xde\xdcy\xdaq\xc7\x1e\xaf\x0c\x88\xd9\xaa\
\xd9,\xfc\xbd2\x22\xca\x10\xa9\xef\xaf\xbc\xfc\xaa&\xf3\
w\xfbmw\x88\xc1\xe9\xd5\xb3\xb7VZZ\xaa}\xf5\
\xe5\xd7\xda%\x97\x5c\xdad\x1e\xfa\xf7?J+.*\
\x96\xbf?\xfe\xd8\x09M\x8c\xc0\x0d\xd7\xdd\x10\xbd\x0f\x7f\
\x9f|QtNc7\xbf\xd9d\x16\x83`1\x9b\xb5\
5\xabVG\x0dg(\x18\x92\xef\xbf\xfc\xfc+->\
N\xdd\x0f\xa7\xdd%_\xdd.\x8f6\xe1\xf8\x13\xb4\xbb\
\xee\xb8[\xfb\xe0\xbd\xa9\xda\xaaU\xab\xb5}\xfb\xf6\x1f\
\x81U\xfc\xeb\xd6T0\x1c\xd2B\xbe\xa0\x16\xac\xf5j\
\xfe\x8a*\xad\xa1\xb4Lk(*\xd5\x02\xc5\xe5Z\xa0\
\xa4\x5c\x0b\x96Vh\xc1\xca\x0a-T[\xa5\x85\xebk\
\xb5\x88\xafA\xd3\xfc\x01M\x0b\x86\xd5\xc6\xe7\xffc\xd6\
\xe5\x9f\xdf\x00\xf0\xc3\xd0\x00\x04\x82Z\xa0\xa6^\xab\xdb\
W\xa2\x95l\xdc\xac\xedY\xbaR+\x98\xb7H\xdb\xf3\
\xe32\xadh\xe5j\xadj\xf3V\xad\xbe`\xb7\xe6-\
\xdc\xab\xd5\xed.\xd4jv\x16hU[\xb7k\xe5\x1b\
6k%+Wj{\x7f\x5c\xa8\x15\xcc\x99\xa5\xed\x9a\
3S+\x5c8_;\xb0j\x95V\xb1s\xa7\xe6\xab\
(\xd7B>\xaf\x16\x0a\x07\xb4\x88\xcc\x1e\xdf\xf3\x97.\
)\x22'z \x10\xd4\x16\xce_\xa8\xadX\xbeR\x0b\
\x87\xd4\x93\xb6l\xda\xcaj.\xa3\xbc\xe8bn\xd3*\
O\xab\xaa\xac\x96\xdf\xcf\x9f\xbb@;\xaa\xff\x80Cn\
0z\x08\xf7\xde}\xaf~\x1a\xdb4\x13\x0d\x81\xf9\xa7\
\x1bs\xe0\x80A\xb2\x88\xb9\x98y\x22\xed\xdd\xb3Ok\
\x91\xd3R~\xe7\xb09\xa3\x9e\xc0\xa1\x9ek<\xb89\
\xb9Y\xb9\xf1\x8d\xbf\xff\xb9\xcd\xcf\xcdj\xb1\xa8\xd7{\
\xe6\xa9g\xb5=\x85{\xb5\xee\xddz4\xfe^\xbc\x15\
\x9b|\xf6f\xc9\xa9Z\xc7\xf6\x9d4\x93\xc9,\xefa\
\xb7\xda5\x8b\xd9\xa2\xbd\xfc\xe2+\xda\xca\x15\xab\xb4G\
\x1e~T<\x97\xdc\x9c\x16\xf2\xdc\xcc\x8c\xec\xa8\xa1\xa0\
\x97A#\xe3t\xba\xe5\xdf\x93N=]\x0b\x06\x83\xda\
\x96M[\xb4\xcc\x8c,\xdd\xb0\xda\xb5\x9c\xe6\xb9Ze\
E\xa5v\xc9?.i\xe2\x01\xc5\x1a\x00\xabU]\xef\
\xd8\xd1c\xb4\x80?\xa0EB\xfa&\x09kZ\xc0\xa7\
\xbc=\x1aS\xe3s8\xec\xae\x9f\x18B\x9b\xcd\xae\xa5\
6K\xd5\xce\xfd\xdb\xb9\xda\xe7\x9f~\xaey\xeb\xbd\xba\
\xf7wd=\x01YW\x1a/-\xa2\x85\xc2aY_\
a\xb9\xc7\x01-\xe4\x0bh\x11\x7fP\x7f\x84\xb4H0\
\xa8EB\x01-\x1c\xd4\x1f!\xae\x83\xf0O\x0e\xa5#\
1\xfe;p\x00\xd2\x04\xa4\xe2\xf8p\x83\x0f\x01\x0a+\
V\xd5HM\x9f}\xd0Df\xb2\xd3\xcf\xca\x92\xa0\xde\
\xf5\xa6\x92\x86\x8a,\x22\x12\xf6)Nz\xbd\xb5\xd8\xe6\
\xf6\xc0\x1e\x17\x0fGB\x02lq\xec\xc2\xb2I\xc2N\
R\x88\x06\x9d\xcb\xcf\xc4Q\x06\x12\xec\xac3\xcf\xc2{\
\xef\xbf'\xb1$EE\x89lc\xd3\xc8[\xef\x90C\
NU'\x98\xdc\x22K\xcf\xa6\x8d\x1b\x11\x17\xef\x91\xeb\
cr\xe7\xbbo\xbf\xc3\x87\xd3>\xc4\xfe\x03\xfb\xa5\xdd\
v\xe4\xc8\x918\xfe\xf8\xe3\xa5$\xf9\xf4\x93O\xe3\xca\
\xab\xaf\x14}y)}EUmU\xe6\x9c\x0d4\x1f\
O\xff\x04'\x9dr\x22|^\xbfp\xcdm\xdd\xb2M\
2\xe5\x9b7o\x12d\xa0$\xe2\xf4$\x9f1\xb8\xc5\
\x8cz\xbd\xba\xadMo-+\x02\x87\x1a\x92t\x932\
\x9f\x0d\xd3?\xfa\x08\xe3F\x8f\xc1Q\x03\x06\x88\x06\x01\
\x93\x9e\x06=[\x94D\xf3\xb57\xd1\xbau+\x0c\x1d\
>T\xe8\xcf\x19\xe3KU#\xc2\x12]\x93\xaa\xb44\
\xdc09(\xf1\xaf^\xa2k\x04\xach\xf2\xf3\xcd\x9b\
6\xa3M\xdb\xd6X\xbdj\x0d\xce=\xf7\x5ca.\xca\
\xcel\x8e/\xbf\xf8RHC\x88\x0d\x10\xceD\xae\x13\
]\xbcDi\x0bF\xe0q\xbb\xb1|\xd9r\xb4\xeb\xd0\
^\x92\xc8F\xf9\x90\xafM|\x08\xb9\xf5\xeb\xeb\xeaq\
\xf5\xd5W\xe3\x95W_\x91\xdf8\x09*3h\xe7B\
\x8a\xca\xcb\x18\xac\xde\xbc\xf3\xee\xdbG\x94}\xb7q6\
\xd4?\xd4ghLp\xcb=\xd3\x81b\xea>*,\
\x82\xfaID\x92~\xc2!\xa0o\xd5#J\x0d\xae\xfd\
\x87\x07\xedYH\x8b\x88{N\x0b\x1ej\xf0i\xbe\xf2\
\x0a\xadz\xd7n\xadx\xf5zm\xcf\xc2%Z\xc1\x9c\
yZ\xc1\xec9\xda\x8e\x99\xb3\xe5\xeb\xaeYs\xb4\x82\
\xd9s\xb5\x9d\xb3\xe7h\x05s\xe7j\x85\xf3\xe6i{\
\x7f\xfcQ\xdb\xbbb\xb9V\xbay\xa3V\xb3\xb7P\xf3\
U\x94i\xc1\xba:\x89\xbd~\xe9\xc4?x\xd0:s\
\x8c\x1f?>\xeaz\x1f\x1c+\xcbI\xc6\x13\xd1d\xd2\
z\xf6\xe8%\xcf\x11\x17\x8f\xd6\xfb0VZbT\xbf\
\x8aQ\xaf\xd3\xe3d\xba\xb5<\x95\xa2\xaf\xa9\xbb\xe0}\
\xfb\xf4\x13/\x80nx\x88\xb1\x9f\xa6i\x85\x85\x85\xda\
\xb0\xa1\xc3\xa2\xee\xb8\x91OP\x0f\xd1\xc3\xfeM\x0fq\
\x9f-\xca3\xe8\xd3\xbb\x8f\xf6\xf9g_\xc8\xfb|\xf3\
\xd57?\xc9;\xd8\xc5\xf5\x87v\xcc\xb8c\xa3\x9f\xe7\
\xd2\x8b/\x8b\xba\xd7\x12\xd2\x98\xd5k1\xaf\xc1\xd3\xd9\
\xc874\x9e\xda\xe6\x98|\x88M\xde\xbfU\x8b\xd6Z\
mM\xad|N\x0e\xbf7\xa0}\xf2\xf1\xa7\xda\xbc\xd9\
\xf3d\xbeN\x9cpR\xf4=\xac&\x9b\xcc\x15\xaf\x8b\
s\xcf\x9f?\xf1\xf8\x13\xf2<c\xde\x0f~\xf0\xe7\xc6\
\xf8\xf8\xe3\x8f\xb5\x1e\xdd{4\xf5\x92lN\xcdns\
j.W\x9cf\xb3\xd9\xb4\xb6m\xdbi>\x9f/z\
\xbf\xfe\x7f\x1f\xffq\x03\xc0!^9oX8\xa2E\
\xe8\x1a\xd5\xd7k\x81\xf2J\xadn\xf7\x1e\xadb\xd3\x16\
\xed\xc0\xca\xe5\xda\xee\x85\x0b\xb4\x9ds\xe7j\x05s\xd4\
\xa6\xdf5\x7f\xbe\xfcl\xef\x92E\xda>n\xfc\x8d\x1b\
\xb5\xaa]\xbb\xb4\x86\xe2b-P]\xa5\x85}^-\
\x12\x0a\xea\x1e\x7f\xe4w\x19\x80\xc5\x8b\x97h\x0e\xbbS\
\x16\x1b\x93c\x12\xd3\xc7l:c\xb3\xde\x7f\xdf\x03\xf2\
\xf7\x81@ \x9a<\xe4\xc2\xe3\xa3\xc9\xf71\xbf\xe3`\
\x1c*\x1b\x11\x16\xcd\xc6\xcd\xa6\x1b\x02#\xb4x\xff\xdd\
\x0f\xe4\xef\xc2\xc1\xb0\xe4\x02\xe4\xfbpD\xbb\xeb\x8e\xbb\
4\x87C\x19%\xfe\xbd<W\xdf|\xbf\xf4\xe0F\xe4\
\xa67\xdcg>\xae\xb9\xe6\x1a\xad\xa1\xa1A^\x9f\xef\
S]U-a\x8d\xb1\xf1\xb8\xe1\xe8\xe6\xf3\x0cj\xcc\
O\x04\xc4]f\xb8\x12\x0dM~\xd1\x08\xd1\x08\xa8\xd0\
\xc5\xc8\x9f|\xf4\xe1\xc7j\xce\x03t\x89\xc3\xd1P\xcb\
\xf8\xac\xc5E%\xdaQ\xfd\x8e:D\xc8b\xd5\x9e{\
\xe6\xf9\x9f\xdd\xfc\xc6\x83sn\xdcS^\xf33O?\
\xabu\xed\xd2\xf5\x90\xd78h\xd0`1\xd2\x7f\x84\xbb\
\xfd\xdf8\xfe+\x0c\xc0!3\xa6\xde\x06-XU\xad\
y\x8b\x8a\xb5\xaa\xdd\x05Z\xc9\x96MZ\xd1\xdauZ\
\xf1\xea5Z\xd1\x9a5Z\xc9\x86\x0dZ\xe9\xe6MZ\
\xf9\xb6\xadZ\xe5\xae]Z}I\x89\xe6g\xa5\xa0\xbe\
A\x0b3\x1e4b\xa6\xdf\xbc\xfd\xd5\xe0\xa2\xe1x\xec\
\xd1\xc7b\xe2E\x95\xcc\x93$\x9e\x99\x9b\xd5,\x09\xbc\
\xa2\xfdE\xf2\xb7\x86\x17\xf0K\x0f1\x02\xcc\xf2k\x9a\
\xf6\xf8\x94'4\xbb\xdd\x11\xf5\x06TL\xcd\x0dm\xd6\
F\x0c\x1f\xa5\xe6%\xa4\x8c\xa3\xc4\x8d\xfaI\xb9j\xc5\
*\xed\xa4\x13N\x92Lw\xec\x89\xce\x8d\xad\xe2yK\
4cnlx\xe3\xb47\x1e\xad[\xb7\xd6\x1e~\xf8\
\xe1\xe8\xdc\x07\xfc\xa1\xa8\xb7\xf1\xc3\xf73\xb4\xcc\x8c\xcc\
&\x7f\x7f\xcbM\xff\x94\xdfIv>\x18\x96k\xaa\xac\
\xa8\xd2\xc6\x8c\x1a\xab\xde_\x8c\xd7\xe1\x0d\x91\xe4\x0cb\
\x12\xa2\xa7O:S\xff\x5c\x8c\xdd%@\x96\xb9\xa1!\
\x8d\xfd\xac\xd5U5\xdaUW^\xad\xb5n\xd5Fk\
\x9e\xd5\x5c;a\xc2\x89\xda\x8f\x0b\x16\xfdd\xce\x9b\xac\
\xa1_\xf0\x06\x02>\xbf6k\xc6L\xed\x86\xebo\xd0\
\xce=\xef<m\xe4\xc8\x91\xda\x05\x17\x5c\xa0m\xda\xb4\
)\xfa\xba\xff\x0b\xe3\xbf\xca\x00D\x07su\xbc\xb1~\
\xbf\x18\x82@m\x8d\xe6--\xd3\xea\xf6\x17i\xf5{\
\xf6k5\xfb\xf6ku\xc5%Z}I\xa9\xd6P^\
\xa1\xf9kj\xb4@C\x83$T\xb8\xa0T\xb6E/\
\x97\xfc\x1f\x8c\xb8,LM\xd3\xbe\xfd\xe6;\xad}\xbb\
\x0e1\x8b\xd9,\x1e\x01\xbf\xef\xd6\xa5\xbb\xba\xe4_\xb1\
\xf1\x9b\x18\x81`X\xb2\xfc\x1c\x8b\x7f\x5c\xac\x8d\x1b3\
\xae\xd15\xd5\x13vt\x7f\xe5:\x82!\xe5\x1d\x1dd\
<8\x96.^\xaa\xfd\xfd\x82\x0b\xb5\xacL\x95@\xfb\
\xa5\x87\xdb\xed\xd6\x8e?\xfex\xed\x8d7\xde\xd0*+\
+\xf5\xcf\x19R\x1bI\xdf\x84F\x16}w\xc1n\xed\
\x96\x9b\xff\xa9\xfd\xedo\xe7j\x1fN\x9b\xae\x92\xa3\xdc\
\xf8<\xa5#\xea\xd4\x96\xf9\xd64\xed\xce;\xee\x8az\
!\xdc\xe8V\xabM\x8c\x0e\xbf\xda\xac\xca\xdd\x8f5\x04\
w\xdey\x97:\x99\x8dS_\x7f\xefC\xcd\x931\xaa\
+\xab\xb5\xb2\xd2\xf2\xe8\xbf\x83\xfa\xfb\xffZ\x03 \x0f\
\x09\xa9\x1a\xe7\xefP\xc3H\xb8\xfd/\x8c\xff\x8a$\xe0\
\xe1Fc\x1f{\x08&&\x9aD8C\xa5l$\xa9\
G \x07\x93\x82\xba6\xbcRM9\xb2\x80\x0e\xa3-\
\xb8\xa2\xacR@9T\xd3\xd9\xb0~#\xbc\xbe:I\
\x8a]s\xd5\xb5x\xe8\x91\x87\xa2\x09\xbc\xdf:b[\
O\xbf\xfa\xfck\xbc\xfd\xee\xdb\x98\xf1\xc3\x0c$7K\
\xc2#\x8f<\x82\x13O<\xb1I\x93P\xecu\xc5\xf6\
\xc9\xb3\xa3p\xc6\x8c\x19\xd8\xb6m\x9b\xd0\x99\xb1\xf7\x9e\
\xed\xb3\xfc\xda\xa9S'ID\xb2!\x86\x22\x19$-\
\x89}\xff&4b\x07}\xee\x9f\x1b\x0a\xfd\xdbx\x1d\
\x8b\x17-\xc6}\xf7\xdf/\x9a\x89L\x8e\x1e<(\xf2\
1v\xdc\x18\x5c\xf4\xf7\x7f\xa0\xff\x80~J\xf8DP\
\xb3\xbf\xcc\xc2\x1b\xcbB\x14K\x83\xf6{\xc7\xc1T\xe1\
f\x1dPt\xc4Q\x81\xff\xe5\xe3\xbf\xda\x00\x18\x83\xac\
\xbb\xd2\x1e,Wj@\xa6\xf4_\xca\xe2\xf9coX\
\xec&e\x86\x7f\xfb\xf6\x1d\x22\xb6Ab\x89\x9e\xbd{\
\x1c\xb6\x83\xee\xd7\x0e\xa3\xd1\xc5 \xa2\xd8\xbf\xef\x80\xa8\
\xc5\x92o\xbe)\xed\xd8O_\xdf\xc8\xaa\x1f\x8a\xec\x84\
=\xef\xe42`\xeb\xee\xa1\x9ec\xa80\xff\xdcu\xc5\
v\xda\x1d\xaeG^\xf4\x1bBA\xe1\x04\xe0X\xb2h\
\x09\x96,]*L<\x9e\xb88\xb4l\xd5R`\xcd\
\x9d;uBJ\xb3\x94(\x0d\x1a\xab\x0f\xbf\x85}\xc7\
\x98\x8b?B%\xf7\x7fu\xfc)\x0c\xc0O\x16\x80\xce\
\xa7\xd4\xa4\xbc\xf2\x07\x0fc3\x90\x87/v\xfd\x19d\
\x96\x06\xdb\xeb\xef\x1d\x06~?v\xa3\x1d\xeet>\xdc\
\xf3c\x9bp8\xa2\x82\x1c\xfa\xb5\x1bP\xe1#}\xc2\
E\x1b\x95t*\xf4\x9fc\xd4Q:\x0b\x8a\x0b\x90\xe3\
\xaf\xcd\xfc\x9f\x1d\x7f\x0e\x03`\x94H\x1bK\xa5\xd1\x1f\
\xf3|\xb2\xfc;.!J\xd7\xa4\xea\xec\x06\xe1Dt\
3\x1d\x01\x03p\xf0\xf7\xb1\x9b\xe3\xf7l\x94\x7f\xfb\x89\
\xa9\x7f\x84X\x83c\x10|\x1c\xce\xf0\xfce\x00\xfe\xb3\
\xe3\xcfa\x00\xfe\x1a\x7f\x8d\xbf\xc6\x1f2\xfew\xb2\x1d\
\x7f\x8d\xbf\xc6_\xe3'\xe3/\x03\xf0\xd7\xf8k\xfc\x0f\
\x8f\xbf\x0c\xc0_\xe3\xaf\xf1?<\xfe2\x00\x7f\x8d\xbf\
\xc6\xff\xf0\xf8\xcb\x00\xfc5\xfe\x1a\xff\xc3\xe3/\x03\xf0\
\xd7\xf8k\xfc\x0f\x8f\xbf\x0c\xc0_\xe3\xaf\xf1?<\xfe\
2\x00\x7f\x8d\xbf\xc6\xff\xf0\xf8\xcb\x00\xfc5\xfe\x1a\xff\
\xc3\xe3/\x03\xf0\xd7\xf8k\xe0\x7fw\xfc?$s\x92\
\xa1|\xb7k\xaa\x00\x00\x00\x00IEND\xaeB`\
\x82\
\x00\x00J\xeb\
\x00\
\x00\xfc2x\xda\xd5\xbd\x0b|T\xd5\xb50\xbeC&\
\xaf\xc9$A@@T< J\x80\x10\x1e\x22bD\
!/ \x10 &\xbc\xa4j8\x999\x999d\xe6\
\x9c\xe99g\x12B.\x16[\xb5>\xb0\xbe\xaaUk\
\xad\xda\xc7E\xc5\xabU\x14|\xfb\xb5\xda^\xad\xb6\xda\
V\xfb\xb0V\xb1\x8a\xf6\xbb\xb5\xdaz\xdb\xfbi\xaf\xb7\
\xdf\xda\x8fs\xf6>\xaf\x99\x09\xda\xef\xf7\xff\xffz\xaf\
\x9b$g\xaf\xfdZ\xef\xbd\xd6\xdaK\x0f&&?\xf7\
\xfe-\xd7\xbf0\xed\xb8'\xb7\xdd\xfe\xf8k\xff\x8a\x10\
*S\xcc\xde\xf6\x9e\x16\x84\xc6_\x0a?\x9c\x81P\xec\
b\xda\xce\xb9\x9e\xb6\x8f\xfd\x08\xdaV\x84\xf6\xb5C\xbb\
\x1e\xa1\x8d\x95\xb4\xfd\xedO\x11\xaa\xb8\x1f\xa1\xd5o!\
t\xea^\x84\xeazh\xab\xfc\x1e\xa1\xf6/\x22t\xc2\
\x93\x08\xad\xfc6B\x95\x9f\xa3m_7B\x1d)\x84\
\xa4!\xe8#\x03\x9c\x9b\x10:\xfbY\x84f\xc1\xdfz\
\xe0\xfb9i\xda\xde\xfd*B\x9b\xfe\x07\xa1-0\xfe\
9O 4o9B\x9f{\x00\xa1\xdd\xbfA\xa8\xf7\
\x07\xd0\xef4\xda\xbe;\x0d\xa1T\x16!\xad\x13!\x15\
\xe0\x9e~\x1fB\xb9;`\xac\xf3Pd\xe9\x22\x98\xb7\
\x89\x22{\xeeE\xe8Y\x19E\xae\xfb>B\xcf/B\
\x91\x1b\x1b\x10\x9a\xdc\x8f\x22\xb7<\x8c\xd0\x05_C\x91\
\xbdW \x14\xad\xa4\xed\x97\x07Q\xe4\xceR\x84\xc6I\
\xb4M\x95\xa3\xc8A\x98\xeb\xe6\x9bP\xe4\xd1\x08B\xf7\
_\x89\x22?\x85\xf6s\x93P\xe4\xc5\x93\x10:\xf9D\
\x14\xf9\xe3|\x84.\xfd\x16\x8a\xfc\x0d\xe0\x8f;\x87\xb6\
\xa9e\xa8,\x02{\xf3\xb96\xdaf\xbeN\xdb\x87\xe6\
\xd2\xf6\x99z\xda\xbe\xf2\x10*\xdb\x04{\xfa\xdb\xf7P\
Y\x02\xd6:\xfe9\xda\xaa\x1f\xd1v\xe7I\xa8\xec\xc6\
g`\xfd&m\x9fX\x89\xca\xee\xde\x86\xd0\xc2Gh\
\xfb\xbd\x09\xb4\xdd?\x0d\x95\x7f\xf9\xeb\xb0\xfe\x8bP\xf9\
\x8bm\x08\x9d\x95F\x15+\xe0\xfb\x15)\x14\xfd\xcbO\
\x10\xbap\x01\xaa^\xf7\x15\x84\xee\xd8\x8a&\xdes%\
B\xc7\x0f\xa0\xc9\xe7\x5c\x88\xd0\xed\xc7\xa3\x93oM \
\xd42\x8c\xe6$\xaeA\xe8\xcag\xd0\x99+\xbf\x83\xd0\
e\x97\xa23?>\x1a\xa1\xea\x11\xd4\x8a\x00Cnx\
\x0f\xb5\xcd\xc4\xf0\xbe\x8aV\xde\xf04B[Kh{\
\xd1\xbdhU\xc3W\x11\xfa\xe1\xcfP\xc7\x07\xcd\x08\xfd\
\xb4\x0f\xad\x9e\x03\xe7\xb7\xf9t\xb4z1\xcc\x7f\xf3v\
\xb4\x1a\xafc\xf9J\xb4z\xf7\xe9\x08\x1d\xf5+\xda&\
\x9f\xa0\xed\x8eN\xb4\xfa\xe1\x03\x00\xef\x00m\xf7\xfe\x96\
\xb6O\x97\xa3\xce\x9b\xfa\xe0\xf7\x7f\xa0mv:m\xef\
\xad\xa4\xedK\xe3\xd1\xba'a\x9e3'\xa3\xf5\xe9\xeb\
`\xdf\xaf\xa5mj\x07\xea\xfe\xe4?\xe1<\x97\xd2\xf6\
\xb2R\xb4!\x0d\xe3\xcf\xbe\x09m\xda\x0d\xe7\xf6\xca\xbb\
h\xd3\x1e\xf8yK?m\xaf\xbc\x81\xb6\xf7\xed\xa4\xed\
\x03\xa7\xa2M\xff\x06\xe7\xd70\x82\xb6\x1c\x00\xfc\xd8y\
\x1e:\xe7]\xa0\x85\x8d\x7fB[/?\x11\xa1\xf3\x8f\
G[\xf7\xc2z\xaf*\xa1\xed}\x87h\xfb\xc0\x9f\xd1\
\xd6\x9f\x02~\xbem\xa1\xad\x7f<\x15\xc6\xd7\xd1\xb9\x04\
\x7f\xff\x13\x9d\xfb\xa5\x07\x01?\xa7\xd0\xf6\xa1?\x22u\
\xe1~\x84\x96\xeeE\xdb\xe7\xc1y\x9dq\x15\x1a\x1c\x5c\
\x87\xd0\xa2r4\x88\xc7_\xf9\x1c\xda9\xe7)\xa0\x91\
\x03h\xe7\x1b\x0a\xd0\xc8\x00\xdauk\x09\xec\xff\x09\xe8\
\xc2z\x15\xa1\x7f9\x1d]|\xda;\x08mx\x10]\
yK-\x9c\xeb\x9d\xe8k7\xc0\xbav<K\xdb\xfb\
\xd7\xa1{/\x05|\x1ds\x12z\xea\xe0E\x08-\xbb\
\x04\xbdp\xf2Q@\xe1\x9f+\x19{\xd7\xf9\x08\x9d\xf7\
\xb3\x92i\xf7$\x112~]2\xfb\xc5\xaf!T\xa3\
\xd2v\xad\xc2\xda\x7f\xa7\xed\x03\xf1\x92\xc53>\x8f\xd0\
\xb7\xcf/Y\xfa:\xac\xe7\x9d\xd2\x92e\x1f\x9d\x05\xe7\
\xfbH\xc9\xf2\xe3W\x02M*%\xad\xdb4\x84\xe6/\
+\xe9,\x83}\xf9A{I\xfc\xae*\x84&\x8e\xa5\
m\xfa[%\x89;t\x84N+)\xb1N\xfc\x04\xf0\
v\x7f\xc9\xee{\xa6\xc3~\x9fE\xdb\xbbO-\xb9\xeb\
w\x00\xefW7\x96\x1c\x1c\x0f\xf8z\xc2\xc6\x92\xff\xf5\
A\x19B\x83\xff(y\xae\xfd*\x84\xaa\xaai{\xe0\
\x86\x92_l\xda\x80\xd0kW\x94\xfcr\xe0.\x84\x0e\
\xddR\xf2\xce_\xe1\xe7K^(\xf9\xfb\xfc_ t\
\xe7#c\xcaW\xc0\xfcV\xcf\x1cS]\x09\xf8}\xfe\
ec\x8e\xf9\x1d\xf0+\xed\x821\x0b\x0e\xc1\xcf\xeb\xef\
\x1a\xb3\xe8\xef\xc0?f\xbe>f\x89\xf93\xa0\x8fW\
\xc7,\xf9\x05\xf0\xa0\x17\x9f\x1fs\xc6\x9b_F\xe8G\
\xfdcZ#\x17\x00\xcf:{L\xfa&\xa0\xf77\xbe\
9\xe6\xf3\x8bs\x08=7c\xcc\xe0AX\xc7\xee\xb5\
c\xee\xc9\xc2\xf7\xf2\xedc~\xbd\xfc#\x98\xc7\xa41\
\xbf\x95\xceF\xe8\xe7\xaf\x8cyG\xfa+\xcc\xf3n\xda\
N\x9bJ\xdb\x83r)\xaa\x9f\x80\xd0[g\x96V\xdd\
q+\x9c\xeboK\x8f\x9e\x0d\xf0Nz\xb9\xf4\xa4\xdf\
\x0d d\x0e\x94\xb6v\x02\xde\x9f\xbc\xb1t\xcd\xfbo\
#\xb4\xea\xae\xd2\xf5\x93\x00\xbf\xd6<Q\xda\xf5\x08|\
\xff\xb9]\xa5=\xf7\xfd\x18\xa1\xb1\xfbK7\xdf7\x09\
\xa1\xefn)\xddr\x14\xf4\xbfd\xb0\xf4\xbc7\xe0\xe7\
Y/\x95&n\x07z\xde\xfcB\xe9\xe0\x1b\x0b\x10\xfa\
Z\xb2\xf4\xcaI\xc0k\xef\x9a_\xfa\x8dO\x80\x8f|\
\xf1\xb7\xa5\xcf\xbc\xbf\x13\xf8\xeb\xafJ\x9f\xff\xf8[\x08\
\x95\x9eY\xfa\x02\xa6\xe7\xe5_(\xfd\xd3\x87\x1f\x03\x1f\
y?2\xa1\x07\xe6yLc\xe4\xd8\x0f\x80\xee\x7fw\
8R\xbf\x11\xe8\xf8\xad_E\xd6\xcc\x81\xf5\xf7]\x12\
\xe9|o-\xd0\xf3\xf9\x91\xc46\xd8\xd7\xf6\xeb\x22\xca\
\xbd\x80w\xe3kh\xab\xdeC\xdb\xe1\xab#\xe9\xdc\xd5\
\x08%\x92\x11c7\x9cC\xe6s\xb4}\xf0@\xc4x\
\x11\xe0\x9c\xbf6\xf2\xe5\xec\xbf\x03\xfe\xbd\x19\xb9\xaa\xe2\
\x1c\x84\xbeP\x17\xb9\xfa2\xe0\xc7\xbb\xe6E\xbe\xba\x17\
\xf0\xf2\xc6\xf6\xc8\x8d\x1d\x8f\x81\x5c\xb8\x9a\xb6\xd5+h\
[\xf3C\xda\x8e]D\xdb\x89\xffB[\xe9\x0e\xda\xae\
\x9bM\xdb\xf5sh\xdb\xf7\x16m\xfb\x9f\xa6\xad>\x95\
\xb6\x07&\xd1\xf6 \xfb\xee'_\x8a\xdc\xa4\x01}\xf5\
\xac\x8a\xdcv\xffl\xe0\x9f+#\xb7w\xc2\xbe/x\
5r\xc7\x8f\x7f\x09|\xec\xed\xc8\xde\x83\xb0Oc\x87\
\x22\xfb\x1a\xa0\xd5\xbfA\xdb\x1dW\xd2\xf6{\xbf\xa4\xed\
\xc1\x87#\xfb\xee>\x0f\xf8\xd84\xda&+h\xbb\xa3\
<\xf2\xfd\xab@\xee\xdc\xf9\xf7\xc8\xd3\xc3 \x17\x1e<\
=\xf2\xd3A\xe0\x0b3.\x8c\xbct\x02\xe0\xcf\xdd{\
\x22/w\x81\x8cki\x8e\xbc\xbc\x15\xf6\xbb\xb5\x22\xf2\
\xb2\x86\xdb\x9d\x917\xae\x02\xf9\xb9\xf1\xc9\xc8\xef\xb7\xfc\
\x0bB/\xaf\x8e\x1c\xfe\xf3\xeb\x08}\x7fL\xe4\xbds\
\xe0\xef\xc7}3\xf2\x9f\x93\x81?\x9cr|\xe4o\xd7\
\x80\x9c|\xd9\x8a|<\x0e\xce\xf57\xfb\xca&\x5c\x09\
x$/+\x9b\xb4\x18\xe4\xcf\xec\x7f/\x9b\xbe\xec\x0f\
\xc0\xef\xfe\xbb\xec\xc4\x01\xe0\xeb\xf7\xbcYV\xbf\xfa\xe7\
 C\xdf/[0\x16\xf0\xbfc^\xd9\xe2\xcb\x87\x81\
~\x8f.[r-\xf0\x97G\xfeR\xb6t\x05\xc8\xde\
\xdf\xec.[~.\xack\xdcOh\x9b\xda_\xd6\xf2\
\xda>\x84\x0e?S\xd6~\xef\xaf\x11\x8a\x1f\xa6\xad\xb2\
\x92\xb6\xa9\x0fi;\xdc]\xb6\xe6\x0d8\xef\xbd\xdf.\
\xeb\x9d\x07\xebky\xb6\xac\x7f;\xc8\x897Q\x99>\
\x0f\xf0\xf1\xf3\xb3\xca\x06gw \xb4\xfd?\xcavo\
\xc6rbA\xd9\x15\xdf\x85s\x9f\xdbY\xb6\x07\xcb\xa5\
\xc4\xdde{\xf6\x01~my\x8a\xb6\xf7\xb1\x9f\x1fx\
\xa2\xec\xba\xe7\x00\xcf\xbf\xf0\xb7\xb2\x9b\xaf\xb6\x80_\xa5\
\xcbn\xd9\xd5\x88\xd0\x93\xff\xbb\xec\xbb\x7f\xdc\x02r\xed\
\x8e\xb2\xbb\xae\x00\xb9\xbf\xf3\xe7e\xfb~\x0btX\xbe\
\xbal\xff\x8d\xbf\x03~}W\xd9\xe3\xff\x05\xbaGs\
\xbc\xec\x87{a\x1d\xdbJ\xca~q\x15|\x7f\xc6G\
e\xaf\x94\xfe\x03\xa1\xb6W\xca^\xfd>\xec\xd7\xd1\xcf\
\xd06\xbd\x85\xb6#\x7f-{\xed#\xe0?3\xdb\xcb\
^\x7f\xe4\x11\xd0{\xf6\x97\xbd\xb1\x06\xf8\xe3\x92\xab\xcb\
\xde\x89\xc1|.[P^\xf5\x02\xc8\x91[\x1f(?\
\xf1)\xd0a:\x0e\x977\xfc\xe4N\xd0S\x9e)o\
\x9c\x06\xf4\xbb\xfa\xe6\xf2\xc6\xaf\xccB\xe8&T~\xf6\
&\xd8\xff\x97o)W\x16\x82<\xee\x18,\xdf}7\
\xacw\xe6\xd5\xe5\x17.\x06\xf8\xaf\xfe\xa9\xfc\xfa\x1d\xc0\
\xef.\xfe}\xf9\x1dS\x00_\xbe\xb7\xa2|\xef\x9d\xc0\
\xcf\x0e_\x5c\xbeos\x1c\xe6}R\xf9\xbf}\x1b\xfe\
\xfe\xe87\xca\xef{\xe2\xdf\x80n/\xa1\xed\xa1-\xe5\
\x0fF\x80_6?T~\xf0\x1aX\xe7\x82\xdd\xe5\x8f\
\x9e\x07z\xd37?.'xv\xe6\xb7\xca\x9f\xfd\xde\
n\x90\xcb\xf3\xcb_|\x04\xf6\xe3\x97s\xcb\x7f?\x08\
\xe7\xb2\xf4\xf7\xe5\xef\xfe\x00\xf8\xf4\xf5\xbd\x15eo\x01\
\x9d\xffB\xab\xa8\xda\x0c\xf8\xd9\xfaAEl\x15\xd0\xe3\
\xd4\x9d\x15G\x9d;\x03\xf0k\x5c\xc5\x09_\x83uM\
\xbf\xacb\xd1\xccq\xb0o\xefW\x9cv\x0a\xe8^?\
\xfbrE\x87\x0e|\xf1\x17\x0fWt=\x00\xf3<\xf9\
\xb9\x8a\xcd\xfd\x15\xa0G]Sq\xfe~8\x97\x97+\
+R\xbb\xa1\xff\xe4\xeb*.\xbe\xee%\xc0\xd7\xe7+\
n\xbe\x01\xf4\xaaU;*\xee|\x0c\xd6=dT\xdc\
]>\x1e\xdag+\xee\xae\xbc\x11\xf8\x9bUq\xf7\x14\
\xc0\x93\xce\x09\x15\xfbO\x05\xb9\xf2\xad\x8e\x8a\x07\xdf\xfc\
;B\xb5g\xd0v\xda\xdd\x15\x076\x82\x0ey\xd5\x8f\
*^\xaf\xfd\x10\xa1c\x0fV\xfc\xfe\x13\x90\x8fF\xa4\
\xe2\xed\x19\xf0\xf3\x8b\xd7W\x96\xbe\x0f\xe3\xc6\xde\xae\xac\
\xfa\x02\xac'vze\xb4\xcf\x00xwTNn\x81\
}\xf8\xadZy\xe6!\x13\xf6wie\xcb\x87\xb0\x0f\
/\x1e[\xd9~&\xc8\xc7\x92Si\xfb\xe3\xffS\xb9\
b\xe0M\xd0\x17\x97W\xae\xbe\x1e\xf4\x94\xeb.\xa9\x5c\
s=\xc8\xe1\x7f\xddZ\xb9\xee~\xe0\x87\x97\xbeX\xa9\
\x9e\x0a\xe7\xfc\xf67*\xd5+\xf7\xc0\xf9?]\xa9\xfd\
\x1a\xe4\xdbwo\xa8\xccm\x03\x9d\xf4\xf0\xdc\xca\x0b\xeb\
A\x8e~\xe3\xde\xca\xcbf\x81\x1c\xd8v_\xe5\x0dS\
\xe1\xbb=\xd5\x957\xb7\xff\x09\xce\xe7\xcf\x95w\x5c\x07\
:\xf2\x0f'T\xee\xdf\x07\xe3]\xddQ\xf9H\x0a\xf0\
\xf4\x9c\xe7*\x1f\xdf\x03|\xd0\xfc\x80\xb6_\xb9\x82\xb6\
\xfbR\x95\xdf?\x08tp\xeec\xb4}\xa6\xaf\xf2y\
\x05\xe4\xee\xbe\xdb*\x7fR\x02r`\xe51\x95\xafX\
p\x1e\xfb^\xaf\xfc\xe4\xd7 _{\xbf_U\xfe \
\xf0\xdd\xa7>\xaa\xaa\xee\x00>p\xe2\xa1\xaa\x89\xf5\xdf\
C\xe8\xe6O\xaaf\xbd\xf9%\x98\xc7\x17h{\xd7P\
\xd5\x9cm\xff\x0d|\xf6\xce\xaa\xf9W\xc1\xbe<\xbd\xac\
j1\xd1/\xb4\xaae\xa9\xcb@?\xbf\x8c\xb6\xfd\xc7\
T\xad\x9e\x0d\xfaM\xe4KUg\xff\x0a\xe4\xc9\xc3\xaf\
Wm\xfd\xc2=@g_\xa9:\xf7N\xd0;@\xb2\
m+\x07}eB\x9c\xb6\xdb\x97T\xc9\x17@{\xd5\
\xc2\xaa\x81_\x02\xfe\x96\x0cVe>\x029<\xe3@\
\xd5\xe7K\xde\x00\xba_[\xf5\xe5\xc7`\x1d[O\xa3\
\xed\x9eN\xda\xfe\xeb\x9e\xaaK\x1f\x07~\xf5\xe5\xefT\
\xed\xc9\x01\x1d>1\x5cu\xcd\x1b\xd7\x02=N\xaf\xba\
%\x07\xbf\x9fZ]u\xd7]0\x9f\xc7\xf7V\xdd\xff\
\xc1T\x907\x7f\xa9z\xa6\x0b\xe8?\xf3+\xda\xee\xbc\
\x96\xb6_y\x9a\xb6\x0f\xc5\xab\x9e9x9\xc8\xed\xb7\
\xab^\xba\xf2\xcf@\x07#U/O\x85yM\x9eB\
\xdb\x81\xf5\xb4\x1d\xa9\xae\xfa\xe5\xb7\x01O\x9a.\xaf\xfa\
\xddK\xa0\xef^\xd3W\xf5\x1fO\xc2\xef\xcf;\xb5\xea\
\x93\xf3\xa0=z;m\x07>\xa1\xed\xc8\xf9\xd1\xb1\x89\
\xb90\x9f\x0f\xa2S\x15\xc0\x8b\xdc\xe1\xe8\xb4\xef\x82\xfe\
r\xc2\xbb\xd1\xe9?\x03\xb9\xbd\xf2\xa3\xe8\xfc\xbb\x81\x9f\
\x9f4&\xbat\xfb\x1c\xd8\x97\xaa\xe8\x99\xb5X\x9e|\
9\xba\xec\xc4c\x11\x9a\x94\xa1\xed\xf4\xdf\xd0V\xdfB\
\xdb\x07?\x88.\xdb\x0e\xf4u\xe2\xb1\xb4\xd5\x7fI\xdb\
\xfb\xa3\xd1\xad\xcfc}\xfa\xd5h\xef\x13pn\xcb\x22\
Qy<\xd0\xff\xbd\xa7E\x13/\xbe\x00r\xf1y\xda\
\xd6\xfc\x83\xb6\x93\xe6\xd1v\xdd\x9d\xb4]\xaf\xd2\xb6o\
\x12m\xe3{i{`#m\x7fzYTy\xf88\
\xa0\xab\xc1h\xeao/\x03\xfc\x96\xa8\xda\x0czy\xcf\
\xa1h\xe6\x8b\x80\x1f\x9d\xbf\x89Z\xc9c\x00\xee\x03\xd1\
\xc1\xe3A\x0e\xcc\xae\x8c\x0en]\x08\xf2\xe2@t\xc8\
\x00y\x18\xbd-:\xdc\x0b\xf4~\xea3\xd1\x8b\xfe\x0e\
\xf6\xdc\xe9\xcb\xa3\xd7g\x80>\xcf|9z\xc3\x00\xe0\
\xc7\xf8s\xa27\xdf\xb5\x15\xf4\xcc\xafD\xef\xf8\x18l\
\xb1w.\x8c\xfe\xebK0\xff.-zO\x12\xf8\xcb\
=\xa7D\x1f\x1a\x84\xef\xdf\xbc2\xfa\xf0-@\xbf\x0b\
\xffH[\xeb\xd7\xb4}*\x19}BZ\x0dr\xff\x85\
\xe8\x8b\xbdpNO\xdd\x18\xfd\xd9S\xc0O\x97\x9e\x1f\
\xfd\xd5\xd3@g7\xef\x8e\xbeZ\x05\xfd\x7f\xfdx\xf4\
\xd0} \xa7\x9f?\x18}\xe7:\xd0\xab\xf6<\x1f}\
\xf7\x15\xc0\x93\xc7\xfe+\xfa\x1f\xfd\xa0\x9fu\x1f\x8e\xfe\
C\x01\xfa{\xf4\xe4\xea\xd2\x1f\xc2\xf9\x1c=\x91\xb6\x03\
wVW\x0d\x83>t\xe6|ha\xbe\xfb?\xaa\xae\
\xfa.\xc8\xa1\x8d\xc9\xea\x93\xfe\x0a\xf0+#\xd5\xf3\x97\
\x00\x1d\x1f\xbb\xb4zq\x09\x9co\xf6\xb1\xea\xc5\x95p\
\xae\xd9\x8d\xd5\xabZ@\xbe\xd5\xfe\x85\xb6\xca\x17\xab\xb7\
=\x04\xfb\xd7y~u\xfcM\x80\xfb\xd5\x0b\xaa\x13\xaf\
=\x0expv\xf5\xa5\xa7\xac\x02\xf9\xb2\xa1\xfa\xaa\xd7\
@~\xaf\x89V_s\xc2\xf3\x08M\xe9\xa9\xbev\x82\
\x04\xfc\xe3\x1f\xd57\x9d\x06\xfa\xe7w\xce\xae\xbe\xf5\x06\
\xd8\x8f\xcb\x7fR}\xf7W\x81/\xec\xad\xae>\x90\x05\
>>\xa7\xa4\xfa\xf1\xbf\x00\xdf\xff\xc1\x1d\xd5O\x95\xc1\
:\x9f<\xab\xfa\xfb\xb8]\xd5T\xfdL\x15\xf0\xc7\x8a\
{\xaa\x7f\x8c\x80\xff\x83\xd9\xf6\xeat\xb0\xbb\x9f\xbb\xb8\
\xfa\xf7\xff\x1b\xe4\xfa3_\xab\xfe\x13\x82\xef6M\x8f\
\x95\xdc\x0a|\xf7\xb5Ob\x91\xdb@N\x9d\xfbA\xac\
\xecK\x80G\xc7\xff\x88\xb6[\xa6\xd1v_Il\xec\
\x93 ?\x0f\xbe\x1f\x1b\xff\x7f\x80\xcek\xbf\x10;z\
6\xec\xd7\xb5\xfbc\xd3n\x02=\xf3\xa5\xa6\xd8\xec\x19\
\x9b\x01\xaf\xb6\xd16SG\xdb\xbd\xe7\xd3\xf6A#\xd6\
2\x09\xe8\xf4\xcetl\xe5\xb5\xc0\x1f\x87\x8f\xa2\xed\xfd\
\x8f\xc4V\xf7\xc3\xbaV\xfdW\xac{\x13\xacs\xe4\xfe\
\xd8\xa6=p~k\x96\xc56\x1d\x00>2\xed\x8f\xb1\
-U\xb0\xefo\x9c\x11\xdb\xfa\xd3\xe3A\xce\xfc9v\
\xfe\x06\xd8\xef\x89\x07b\xfaQ`gWl\x8e\xe5\xc6\
\x80^\x9281\x96[\x03\xf8wg,\xb6\xf3\x07\xc0\
\xf7\x8e\xf90\xb6\xf3U\xc0\xa7W{b#\x17\x7f\x13\
\xa1\xc5\xf5\xb1\xdd\x97\xc3:\xe6}'v\xd1\xff\x00\x7f\
\xff\xfde\xb1K?\x06<{mK\xec\xea_\x81^\
\xf7\xc2Wb\xd7>v;B\xb7|>\xf6\xb5q\xa0\
\xb7\x5c\xf1|\xec\xe6\x92\xdf\xc0\xfe\x1f\x1b\xbb\xfdN\x90\
C\xad\xf7\xc7\xbe\xb5\x1b\xf4\x90m\x99\xd8\xb7\xaf\x01:\
_\xfe|lo\x0a\xf4\xfe+\xe6\xc4\xee\xec\x05\xf9\xb5\
\xee\xcd\xd8\xa3%\x00\xf7\xbco\xd0\xf6\xf2\x9bb\xcf\xde\
\x06\xe7t\xc5\x8d\xb1\x9f\xd4\x9d\x00\xfa\xca\x05\xb1\xd7\xaf\
\x04~\x1d\xfd\xaf\xd8\x9f~\x0dt\xfb\xf9\xebc\x7f;\
\x17\xec\xba\xe1\x97k\x22\x0d\xf7\x02_\xb8\xa4\xa6\xac\x1b\
\xfaM~\xabf\xf2\xd5\x7f\x01\xbb\xec\x9c\x9a\x13\xd6\x01\
\x9eXsk\x16T\x00}\xbf\xf3J\xcd\xa2\x07`\xbf\
\xd7N\xaeY\x19\xc7\xf2\xe6\x89\x9a\xceW\x81o\xbd\xf9\
X\xcd\xc6\xaf\x82<j]V\xb3\xf59\xb0\xe7\xda\xb6\
\xd5\x9c{'\xd8\xdbM\x87k\xce\xfd#\xd0a\xdb\xd7\
kz_\x81s?S\xa9\xb9\x0c\xf3\xbd%=\xb4\xed\
\xbe\xbd\xe6\xba\x1d\xc0\xd7\xc7\xfc\xae\xe6\xf6\x1f\x81\x1c\xb8\
\xeb\x075\xfbv\x02=\x1dsC\xcd}_\x01\xb9\xff\
\xa5\xef\xd4<s+\xec\xeb\x17\xe7\xd6\xfc\xbc\x14\xf4\xed\
\x9f\x1d]\xf3\xf2\x07 ?\x12\x87k\xfe{\xfcL\xe0\
\xaf\xb5\xb55m \xd7\xea\xbf^{\xd4\xcd\x87A/\
\xae\xa8\x9d\xb6\x0b\xe8o\x7fW\xed\xbc;@\xbeN\xd9\
W\xbb`\x1f\xe8\xc7?\xfc{\xed\x19/\x00\xbe\xfdf\
Im\xdb\x0b@\x17\xea\x92\xda\x15O\x83<;kz\
m\xdf\xed\x80\x97?\xcf\xd6*\xcb\x81o\xff/\xa36\
y\xd1\xa3\x00w}\xadq\x07\xec[\xe3\xb9\xb5\xf7\xea\
\xf0\xdd\xfd\x7f\xa9\xfd\xdei`\x8f[_\xaa}\xf2\xf5\
&\x90\xd7U\xb5?>\x09\xf4\x8f\xad\x03\xb5?\x1f\xf3\
\x1e\xe0_\xac\xf6\xd0\x05\x80W\x13\x1e\xa2\xed\xf6+j\
?<\x0a\xd6\xfb\xe3\x07\xeaJ\x0f\xc0y>\xfd\xfd\xba\
\x8a$\xc8\xbb\x5cm]\xede\x80\xbf\xf1\x13\xea\x8e\x99\
\xbe\x14\xf4n\x8d\xb6\xc9\x0du\x92\x09\xfbX\xf6\xe3\xba\
i\xfak\xa0/\xfd\xb4n\xe6\x9fA\x8f(\xbb\x89\xb6\
\xdb\x9a\xeaN\xb9\x19\xf8\xc6\xc3J\xdd\xe9\xcb\xdf\x05=\
qJ]\xe7\xed`\x9f\xcf\xee\xa9\xdb|\x10\xe0\x0e^\
Y\xb7e\x0a\x8c\xf7\xfa\x92:m\xc1F\x84.X\x5c\
w\xf1\xfb\xb0o\xa7|\xa3\xee\xf2S\x00O.\xbe\xac\
\xee:2\xfeP\xdd\x0d\x7f\x99\x06v\xd9\x0f\xebn\x5c\
\x07x\xff\xd0\xadu7\xcd\x01\xbc\xfe\xc9\xf7\xean]\
\x05\xf8\xf3\xe3\xd9u\xb7\x13>\xf0D\xdd=\xeb@.\
>\x9f\xa8{j\x08\xbe/\x7f\xae\xee\xd9- \xcf\xcf\
\x99I\xdb{\xbeS\xf7\xfc^\xe0?'\xf6\xd5\xfd\xe2\
V\xc0\xc7G\xe6\xd5\xbd\xbc\x11\xe6s\x95U\xf7\xfe<\
8\xb7\xc13\xeb\xfe\xf3O`\x9f7\xb5\xd6\xfd\xf5<\
8\xaf\x97\xae\x83\xc1\xdf\xfd\x02XRh>jFq\
d\xa1\x1c\x92Q\x1a\xa9h'\xb4qh?D\x1a\x92\
P\x02)\xf0\xdfA\xf8\xaf\x81L\xfa\xdbJ,\xbe\xcb\
\xe1\xffk7)\x86\xa9\xea\x9a\xb41\x9b\x90-\x05\xd8\
9\xaa\x5c\x9eP\xfa\xe5\x5c\xda*\xc1\xa0\xf7\xa0\x114\
\x00]\x87\xd1.\x00\xa2!\x1d\xfe\xab\x00\x18\x0c\xf0\x10\
\x19,\x01\xbfk\x80\x9fo\x87!u\x94AY\x18&\
\x07\xdf\xf4\xc1$$\xf8\x02\xff\x17\xffEC\xfd\xf0u\
\x12\xfef\x04L\x0f\x7f\x87\xa1Z\xf0S\xdc\xf9\xc9\x80\
1\xb2d\x0c\xfc\xf34g\xda\x0bF\x06\x94\xe1]\x92\
jJ\xaa6(\xa7\xd5D\x83\x94M+\xb2\xa9H\xf1\
\x94\x12\x1f\x90\xac\x94\x22\xa5t\x0b>\x92\xe2\xba\xd6\xaf\
&\xa7\xf9W6\x19m\x12\xb7\x04F\xeb\x83\x9f-$\
;\xa3\xc4Z\x14K\x96\xd8\x0e\x11\x00\xcd}z\xce\xda\
 \xf7\x11\x00}\xa8\x1b:\x0cz\x80\xe0\xa5\x1a\xf0?\
\x85\x9c\x08^\xfc\x08,\xdc [\xd3+|\x8d7\x04\
o\xe9\x5ct\x16\xf9\xc6\x82\xdf\xf8\xfe\xeeLe~\x9b\
>\xa4%\x0d9\xa1Hf.\x1eWLS\x1a\xe97\
\xf4L\xef \x9d\xdd.i\xeeY\xd2\x88\xa5;?\xfb\
\xa7{\x16j#'\x17\x87I\x19p\x0e\xf8\xbf\x92o\
\xfa\xf44\xf0\x7f\xb3\xee\x93\xe2(\x83\xa7\x92\xd6\xe5\x84\
\xd4\xa6\xf4\xe5\x92\xfe\x81f\xa0v\xb2\x03:\x19\x80\x03\
\x14\x87nr\xc0\xd59\xe0\xda\x0dC7\x9a\xfc\xf0\x16\
\x165q\xfc\x05\xde\xef>@\x1e\xc5\x81>\xd6\x81\xde\
\xad\x10\x04\xf1\x83\x9f\x8a\xd6CG<]\x8cqY\xf2\
\xafav|\xf0;\xbe\xee\xf5\x80U\x86\xd4e\xe8\xdb\
\x95\xb8e\x06\x01\xdaT\xd4\x9cj{,\xb9/\xad\x84\
#\xd6\xf6\xbc\xe4\xfc\xcfA\xb0\xb9\x94\x01\x1c1v\xed\
C\x1b`\xbe\x12\xea\x80\xc3\xb2\x0f};\xe1\x03I\xc6\
\x1f\xb2\xa8\x91l\xc9vh\xf1\xcf\x0b\x80m-D\x8b\
\xd1)\xd0.\x86\x9f\x16\xc2\xbf\x16\xa1S\xc9\xdfL\xc6\
\xb2T\x98c\x1c\xa0\xa4\xc9\xa1\x1f\x82\xdf\xc9\xc2\xb6J\
\xe4o\x0a|C\x7f\x1av8\x14\xed\x9f\x85\x7f'X\
?\x8c<\x198\x08\x15CrV\xdd\xf9\xd6\xe3\xb7\xbd\
s\xf3E\x87\x0f\x1e<|\xe9U\xef<v\xc3\xdbW\
\x1dh\x90\xde\xfe\xee\x17\x17\xcc_\xb8\xf8\x94\xf9\x8b\x17\
,<e\xd1\xa9\xf0\x8b\xfb.y\xeb\xb1\x9b\xdfy\xf4\
\x9a\xb7\xff\xed\xe6\xc3\xf7|\xfb\xdd\xfd\xdf\x85\xef\xdez\
\xfc\xc9w\xbe\xba\xf7\xf0\xd7n;\xfc\xc0\xf5\x87\xbf\xbe\
\xff\xf0W\x1f\xc6\x9bR\xd5\x1c\xb76\xabZB\x1f\x22\
\xbbR\xcbNR\x85\xb5\x88\xe3\x96\x1f~r\xf7\xe1\xfd\
\x8f\x06\xf4\xa8G\xadp\xce\x09\xc2)ug'e\x01\
\x8a\x97\x1e\xab(\xacwn\xbb0\x00\x5c\x0cuqv\
\xcc\x87\x7f\xf7\xde\xeba\xf2\x01\xdfw\x02\x1b\xefb\x94\
\xdb\x0f\x83\x0d\x92\x7f\xe3#Q\xc96\x1bdKs0\
\x09\x85\x1cD\xdau\xe4i\xd7\xa1sv=\xf1\xdd{\
\x0f\xbc\xfb\xc4uo_\xfc\x1dq\xa7\xa7\x05\x8c\x7f\xee\
\x11\x8c\x1f/n\xc3\x84\xf9\x8c\xe7\xf3\xb1\xf7.h2\
\x0d\xae\xd3\xf3J,\x13\x86\xeb\x87\xbf\x0e\x11\xdc\xe4\xe4\
\x1d{\xf7\xf1{\xdfz\xf4\xa1\xd0\x13n\x80%RF\
\xa1\x12\x89\x18w\xc1\xee'4\x9ff2\x8fO\xb9\xe6\
\x0fw\xedy\xf7\xde\x0b\xdf\xfe\xf6\xf7\xde\xdd\xff\x9di\
\xa3\x06\xab\xa0\x1d\xf0o\xc2\xd0\x82\xc0\x1e\xbe\xf4\xea\xb7\
/\xff\xe6\xb4@\x04jF\x7f\x86.x\x839\xfe\x96\
6'\x12\xf8\xe3\xa3\xa0\xdd\xa0\xec\xb0\xd6\x02\xcb\x90\x93\
J\x8b\xbe\x83t\x1a\x0bH,\x13\xd2U(\xe9r\xcc\
k\x95\xb5\xb8\x92\xce\xd3w\x1c\xf4\xb5\x95\x05\x03HV\
\xec]\xd1\x8a\x85\xb9\x91\xc9\xd3}\x13z\x12\xc4\x0f\xe6\
\x0f\x87\x08?7\x092\xe6\x08\xe2\xd8'\xf7y\x82\xa2\
\xb4U\xc9\x96Q\x8dF!\xfb\x9e!\xa8F\x85\xccL\
\xe0\x9b\xbb\xe0\xbf\xcb\x9c)\x9c\xd4l(\xd2\xb0\x9e\x03\
F\xc9\xfe1$k\x96d\xe9R\x02\x04\x0c0\xd0\x99\
#\xbbf.\xc3\x13\x1c\xdb\xaci\xba%[\xc0/a\
\xd1\x83\xb2I\xe67\xdb\xbf<\xdf\xc8>\x89\xcb\x96\x0d\
\x02\x17\x0f\x11\x0e<\x06\xa2\xcc$L\x11\x96\xebt\x8f\
\xb4\xc9\xc6\x00\xeeT\xd7\x9c\xcd\x12P\xc9\xcdj\x22\xa9\
P5(\x0a\x13\xa2\xec\x95\xf7(\xebT\x93)+\xb4\
K%\xf0z\x05\xcf\x9dw\xd8\x90R2Jh\x87\xe9\
\xe8\x1c\xc6\xb81\x16\x9aD\xc9\x93\x08\xe3v\xb6\x98\xf3\
\x8a\xe6\xb4\xa1\xc8\x89aI\xd9\xa1\x9a\x16V\xf0\xc8\x96\
b\xd8\xd1\x168\xe56UN\xebI\xa6h\xb4\x12\x19\
\x99\x10N\xd7\xdeG\x8b\xfc^\x17\x90'\xd6\xa2\xe7\xb4\
\x84\xaa%%\x80\x12\x04\xae(\xac\xf5v:\x19\xad#\
\x92\xb7\x8f`\x91\x8da\x98\xf8,\xc6\x06\x0d\xf4\x9e\xb0\
S5\xad e\x93\xba1,i2\xdd1/\xc4\x09\
d\x1a\xae\xde\x82\xbaTe\xf7o\x0a\xea\x1b\x05jM\
\x132\xe7=*V)\xf84\x03\xbf\x97<\xb3\xc7\xff\
\xa5\xd4aP\xcd\x9e\xcf{\x1dLW2\x94\xcf\xe7T\
CI\x04\xc1\xa2\xb2\x0e\xeb\x8d\x96k\xf3\xc6\xac_\x13\
\xf49f,x\xafS\xae\xc9\x96\x03\xd6X\xa9\xc0\xb9\
\xae\x139\x11c\xf1qB\xb9\xf4\xecUG'\xd2\xc9\
_\xb1h\xc8\x10$\xfb\xd89\x17L_*\xa1/\xbe\
\xb2I\xc0H$P\xc9\x0cKZ\xabh9\xa9'\xa5\
\x1bV<G\xd0?JQ\xb9U6\x12L\x15\xedv\
+ud\x06F>\x0b\x87\xe3_\xb7b*\x96D!\
\x06\x01/\x0a\xff\x80\x17d\x877\xc8\xe6\x80\xb03\xc5\
\xb2\xcc\xa0\xbe\x93I\xdf,\xd5\x8b\x88\xfdE\xa4\x99\x80\
\xb1U\xb8\x97\x84\xbb\x85\xc1hB=d\xca\x0a9\x11\
\xaaYz\xa01\xcd-.\x8c\xd5\x88\xff\xc7\xc9\xbe\x07\
x[\x1c\x18)\x80\xc6\xdc4\x0e\xc3466\x86\x0d\
y2(J\xf3\x01\xe0\x99\x8em\x91\x22G\xa2\x12\x06\
`\x13\xff,\xceB\xeb\xe7KgJ\x09\xd5\xc4\x9aw\
b\x16\x06;\xb9\x15\xf8\x8c\xa5\xf4\x80\xc5\x98\xc8\xa5\x15\
\xcf\x00\xe5p\xd6\x8bP\x8aK\xbc\x85\x8bR\x85{m\
\x83\x9d\xa0:;\xc5\xd0\x1c\xc1\xc6\x0c\xc8\x22\x8b\x89\xe4\
\x0c\xd3W\x15\x07G\xfb\x19\xd7\xb75}\xc3\xb1\x9a\xc5\
\xdd\xab\x07=^\x11\x164\xb59\x07\xbb\x04<\xd2\x92\
\xe4~\x0b\xec\x12\xb2q\x09]S\xa4\xfa\xb9J\x11\x0b\
,\x0a\xdb\xf2\x83\xc0\xa2\x83\xceO\xecLz\x14\xee\xdc\
\xc0;{\x96JM\xb0$!\xa2\x0c9I\x8e\x8c\x13\
(L\xc9\x06\xea\xe0e\xfe\xc1\xa6\x80RI\xed\x1e\xdd\
\xb5\xd7\x22\x87+o\xcd\x99\x96\x9e)\x0c\xac\x114^\
z\x84\x06Q\x0c\xd3\x84\xe1d\x0b\x0ePG\x07\x90:\
48\xafA\xb9\x88\x0d\x9e\x08\x9a5%\x16UD\x1d\
.v\xdbd5=\x5c\x18N%\xc0\xc1b\xc4\x14u\
\x82a\xb3\x98\x8e\xab\x88\x0c\xe2\x07\x10Y\xa5\xe7\x8cb\
P\x83u\x14\xc6,\xc3]\x8b\x184\x86\xd6\x12\x92 \
\xc4\xc3\x8fg\xad\xaa\xe5\x8aA\xac\xc9\xd0\x1do\x94\xc9\
\xecg\xff\xb6U\xac\xd55+U\xcc\xc6-$\xf2Q\
\x22\xcce\xd8\x85\xa6&\x939&\xb12\xb1T\xa1\xf2\
\x80/w\xdc:\x9d\x10\xa5)\xc9\x83pL\x98\xf1\x14\
\x1e\xb0\x16m$\xf8C\xfd\x1b;\xf9\xb6\xaf\x07\x92,\
\xdc}zaN\xec\x80\xacf\x1c\xb78\x0a:\xce9\
\xd0|\xb24J\xe5\xe8\x065S\xc4dg\x80\xb6\x9a\
u\xa6\xa9\xb0-\x0d\x03]G@\xe7\xb2\xd2\xfa,\xd6\
z\x8b\xc0#\x09\xd4T\x95(\xaaYA\xf9W\xc8\x91\
).\xa4\xae\xc0\x13\xd6\xa9\xc8/\xb4\xc1\x18f6\xc4\
\xd2\xf4(\x9c\x1b\x0c5\x99\x04\xd6\xbca8[\x14\xde\
\xf6P\xad\x9a1\x10?\xde\x96oV\x94\x81b\xd0v\
6\xd1\xaa\x0c\x86\xa6\x5cR\xaa>\xf5\x98\x0b\x94\xa3S\
\x98:%\x22'sZZ\xcd\xa8VQ\x82\xb2(9\
2\x96\x82\xf0\xe9\x0d\xc1\xba3\xf5\xfe*d\xea\x98\xa1\
R\x06\x8b\x91\x22\x09\xff\xfe\x03\xfc\x8eO\xfb\x98\xd6\xb4\
l\x9a\x12\xd1N\xeb\xdb\xb5dZ5S\x92\xae\xa5\x87\
g\x85\x8f[\xac\xbe\x14\xdc{b\xb0\xe0\xe2t\xc5D\
\x94MW\xc1P\x1a\x1c\xa7\xa6A\x10\x8a\x9b\xea\xf5D\
G\xe2\xd4\x9b\x16V;\xb1M1\xe3\x86J(@\xaa\
\xa7\x94 \xa7\xf3,uj\xe0\x16\x07(y\xb8\x1f\xd9\
\xc5pX1\xd4I\x8e\xc6\xbda\x91V9M\xce\xb8\
\x92\xb8\x83m\x7f\xe0t\x82\x16Y\xe2\xc54\xd8^e\
\x09\xa2X\xcc\xc3\xc1\x07\x1f\xd7*g-lN\xf7\xc4\
\x0dE\xd1\xcc\x94n\xf9\x01N\xf5\x00\xf4\xf84\x04)\
k\x03\xa3\x9eL?\xa4\xc5\xb0\x0e\x99\x19i\x22<\xcd\
\xa1\xeaA\x82t\x83\xe4H$r\x08\xa2\x0er\xb4=\
\x82\xa1@\xa3)\x09i\x1d\xa8]\xfeq\x1a\x19\x9aQ\
\x97\xab\xe5(\x85\x06\xb1zT2\x8aI\x10{\x01Z\
\x22\x18\x0a\xe3\x00\x05\x07\x15`\xa3\xea\x82%\x9a\xd4\xaf\
\xa6\x95\x80E\xcc'\xf8\x93\x15v\xb7\x1f\xfe\xad\xf9\xbc\
T\xfe\xa3\x1eO\xe0\x10\xf4\x94V\xe4\xb4\xb8e\xfb\xa0\
]\xf0\x17\x02\xbfW\x88\x9fY&\x0c\x83{Y\x0b\xdf\
\x10D\xd9\x08\xba\x1e\x80\x18[\xc1\x8c3\x18o\xb2\xd8\
\xce\xdb.[\xaf\xe0\x92\xc8\x92\x82\xce*\xc1\x1c\xbc\xc1\
\x08uL\x9b\xa1g%\xdd\x90\x98\x88\xcb\x87W\xcb\xd1\
&r\xdaq\xb6\x8d)\xc2%u\xc69\x9b\x09\xf4\xed\
\xd8F\x85\x9f[\xc9\x8c\xd3h\x0e3\xb3\xe7\xc0!p\
\xe2<\xa1-\x97\xc9J\x1bR\xd8}a\xd6\xaf\xd2\xad\
5\xcapS\xabe\xa4\xe74\xa7\xad9m\xb3\xfcc\
\xcfF+\xc9\xc6*\xce!\x16\xc6\x8e\xf1+\x15M1\
0\x83\xc9\x87\x1e]\x1e\xc5\xc5\xbf\x7f~\xd5%\xfc\x1c\
D\xec\x07d\x97l\x02h\xb6\x15\x1b\xbe\xd7\xd47\xe0\
\x9e\x0c\x16\xf4\xad`9\xdb$\xe6\xb7\x95E5\xf9(\
\x18`}k7\xbb\xb8\xcb\x19A\x10\xdb\xd8\xf2\xbc\x0e\
\xa54\xd9B\x8b\xf0\xd4>f}5\xb1\x1b\x12J\x1d\
\xbddAX\xb6\xf2\xbb\x8fc`D3\x17OI\xb2\
e\x19M\xd2H?PE/v\xcf\xec\x0a:2{\
-\x22\xfb\xb1G\xa1\x9e\xc4\x1cA\x0e\x0e\xffh\xbc\x1c\
v\xb1\x02\xe0\x0d\xc5\xcc\xa5\xad]A,\xae\x990j\
\xca(\x0c\xe2\x01R\x19\x99\x887QU\xeb\xb3\x8a&\
u\xeaI3\x08\x9d\xc34@7\x0a\x98\x05\x89h\x9c\
\x8fx\x02\x86;\x8b8[\xe3l\xc3\x15\x81b\xbd\xec\
Hw,\xbb,a'\xd8\xbd\x9dp\x06;\x16\xebH\
\x92,\xf53\x86\x84\x11*\x0bD\x0clp8\x889\
qI\x94\xf0\xcb\x82\xbc\x8711\x0e\xf2\xaa\x98\xd3X\
\x02 \xb0\x11\x92!\xb7h*\xb1\xe2\x93\x8c\x5c\xcdp\
B\x11\xce\xe9\xe8\x11-\x97\xd9%\xa9\x199\xa9\x98\x92\
\x19J\x1f\xe5p\xeem\xa8E\xf0\xae\xb7\xb5\xe0\xaf\xaa\
\xdb\x13\xaa\x85\xf9\xb4\xfda\xa7\xe0\xdc\xce\xef\xda\xa6>\
\x11\x85\xed\x8d\xd7\xad\x8d=\xae\xdc\xa5}b!\x97\xf6\
\xc8\xaee\x81\xd3\xa9$\x22y\xbb\x803\xa5\xcc\xb5\xea\
\xfb\xb4(-\xd1\xd7k\x0a\xac6\xcd\xc8\xc0\xed%\xe0\
\x1e\xc3XkJ\xd7M\xaan5\x05B\xf9\x8c\x5c\xee\
>\xb8\xb5\x0c.%\xcf\xb4K\x85\xb4\x0c=xI\xa3\
\xf5\xb7\xf9\x00\x9c\xcbX\x9f}\xc5\x99#z<\xf5\xa6\
\xc7\x9d\xf9\xf05ze\x0a\xa5L\xee\x84\xca\x92\xbf\xd3\
kdN%\xd3Z\xf5\x5c:!i\xba\x05\x12FK\
H&\x18\x07q\x85H\x1b\xa9\x1fhsdW\xe0\xe4\
\xa6\xbbtc\x8d\x0c4\xe8\xf6e\x09\x8a\x1a\xd5\x93\xd7\
)C\xe1\xab\x1d\xad\xb2\xed\x03p\x1cA!7\xfa\x07\
\x80\xa1\xc7\x1c\x0e\xa6-P\x8f\x1e$\xec9<\xea&\
M\xce\xc9V\xf1-\xce\xed\xdaT3\x9b\x96\xe9\x1d\x00\
\xd9O\x1c\xb0B5\xfb\xc0\xe1\xbb\x81\xab\xdbvP\x9a\
D\xa9P\x1e\xde@v\xf9c\x22\xcf\xec\x08\x06[\xdc\
\x1b\xcc4\xe5\xf7[b\xc4\x0e\xe7R\x8d\xccjj\x90\
\x80[\xf5)`\x03\xcap\xe0$\xaa\x86\x9c7\x99c\
<%\xc3\x1f\xb0]\x15B\xde\xed\xc0\x80\xb3\xc4\xe8t\
{\xff\xcb\xdbwdu#xUS\xbd\xbd`\x8e=\
\x01\xdbUCa`I\x14\xb6A\xd3]1'\xd4\xb1\
\xaa\x84L\xc9\x06\xd7\x0f\xca\x0be\xc7>p+\x02\xc0\
\xe1}W\x8a$\xab&\x0f9M]A\xc6\xc2<\x15\
k\x87\x2295\x85\xd1\x92\x140\x87$A6\x83\xc8\
\x19\xbe\xa0Z\x0e\xdd\x94\x07\xc3\x98U\xb38_n\xbe\
\xadP\xd3\xc1=\xcer\xf7 \xb7):Q\x1c\xed\xeb\
\xe5\x84\xa3\x83Q,\xd3\x02\x9d\x94\x93\xf0\x08RkJ\
\xd6\x920\xc7\xf6\x1d\x96b\x80\xcd\x1a\x82H3\x02\xe9\
\xcc\xbd\xd5\x9c\xf7G\x09hl\xb56\x85\x08\xa8\x95\xb0\
a\xe2\xf5[\xd9\xca\x9c\x9aPB\xb0\xb1\x83\xb9\x8a\x0a\
`cG\xe6H\xb0Qu\x03\xf7\x81\xcb\x83\x8d\xa9\x82\
~\x12\x95\x98\x99\x9c\xba\x1b\xc9\xdcm\x8e\x11\xcc\x0d\xe8\
\xf5\xab\xe8U\xe1\xb71\x8b:hX\x9d\xc4\xbd+\x8d\
\xd2\xda\x9ciI}\x8ad{Y0O\x90A\xa3a\
\x8c\xa11p\xee\xb7\x16q\xa0\xb6]\xe0]\xc1F\xb6\
:\xb3H\xde\xd7\xc0(Dt(\xf61\xf3\xcd\xe6\x8c\
\xee\xbf\xf3\x15\xaf\xb1WLD\x9cF\x16\xbc\xd1\xe4\x8b\
\x05\xf1\x80W\xea0\xc9\x06)\xa7%\xa0\x8d\xeb\xa0@\
6H\xa9\xe1l\x0a\x94\xe4<\x1b\x11%\x97\xe6q\x97\
\x8a]\x0a\x16b\x08?\xedvk\xff\x5c\xb9\x00\xb5?\
\xa9j\xc9\x10a\xd7Bbc\xd2\x0eR\xf43_\xaa\
\xe8I\xaf\xeb\xd4\xc1:VA\xbf\xd1TK\x09!\xc4\
).P;\x98C:\xee\xf2p\xc7\x08\xa0\x1d\x92\xa5\
f\xa8\x0d\x1a\xb0\xe8nb\x8f\x89\xaaU\xd9Z=g\
\x06\x93\xe08@Z\x95\x85b\xb2\xc1\xf9\xc2\xc1HK\
\xc3x\x81\x1d\x97\xe4\xf5\xd3s\x15\xc7#\x12\x84\xf3\x1f\
\xefx\xeb\xc9\xb5\x1a&\xc9\xe0s,\xa7\x06 ?C\
0\xeeB9n\x9e\xfbp\xdf\xf7i\x0f\xbf\xc53_\
\x8f\xd6\x88<\x88\xb8$f\x03m\xe8h@T,\xd0\
,t\x06\xfco\x03\xe1\xcf\xb4\xa7\xed\xc2\xf0;\x140\
\x04\xee\xb4\x98\xbd~\x0ded\x12\xe6\xa5\xa6T?\xbb\
Q\x1f\xa0\x9a\xc8\xac3\xceh\x06S\xc9\xfe\xfd\xac\x90\
\x13^\xef\xb3O\xcbH\xa4d\xe0\xe7[\x02\xccS\xc5\
s]O\xa7i\xdb\x91\xee\x9b\xc1\xc2\x079\xbb\x8b\x06\
\x02Ss\x0bLz\x09\xfflI\xf8f\xd4\xbe\x5c\xce\
w\xbe1\x90\x19\x06\xb9Kv\xa91\xdd\x0aPz0\
{\xbe\x84\xf9\x13\x93N?\xae\x05b\xd6\xd5\xc7X\xae\
m%\xab,$1\xcd\x02\xa4?$\x84\x1ew\xfcZ\
\x1e\xad\xd1\xb9c\xa0z&f\x8cO:\x96\x07\xbd'\
\xc3;\xc0\xed\xb9%t\xae\xd2\x90\x0a\xa7\xa7\x0f*\x86\
\x01\x22\x8fh\x98\xf1\x9ca(`\xda\xd1\xf3\x05rJ\
\xaa\xf1F\x1c\x91`\xa9ZNY6\xea\xd5\xd1\x80o\
|f;\x9d\x00\xcd8\x99\x8f\xc6\x94\x83\xb4s\x97E\
]\x0c\xf4Lq\xccO\x0a\x0d\x91\xaf\x04\x87\x0c\xfc\xde\
\x0e\xee\xfc\x83\xe7f\x85\x9f\xefYtu8\x8e\x87,\
\xd0$7NC\xc0}\xe1g\x1c\xb6&\xcd\x1cI\x0d\
i\x09\xea\xc0\x99\x09\x02+\xae\x03{\x92@R\xa9\x83\
Jc\xa8\xfa\xba\x9d\xe0d\xceC\xac\xa5\xdd9-\x84\
\xbaW\x06\xeab\x91\x9e0\x0dl\xaa\xbb\x87+&U\
\xa4\x9e\x18\x86\xc0\xf4%\xb3h%\xc9\x8b4\x82\x81\xcc\
\xe8;\x5cM\xcazx\x8c\x9b\xb8\x12\x82\xa7\xcdv\xb0\
\xb8\xa3\x18x\x94?^W\x96F\xd1;\xb2\xde\x1b\xbc\
-J\xdd\x05ln\x94 A=d~\x99\xfe\x1c(\
\x88\x98R\xed\xf0m\x13\xac\xa44\xc8\xdb\xe0\xf3[E\
\x8c<\xaaF\xe4\xdf\x16;yA'>O\x95L\xc8\
\x22K\xc5\x87\xc0'6\x99M\x8c\x18?\xaa\xe9\x04>\
\x05\x8f_O\x84\xa5\xe9\xf8\x90\xb3dC(}\xa6\x99\
\x9a\xe6\x0ew\x19\xdf\xa3\xc8F<%YJ\x06\x0cA\
K1Y\xac\x8b\x0ftxl\x8dW\x87\xb2\xa3R\xfd\
\x1a\xab\xe0\xc9\xb3\x19}\xe0XK\x8b\x88\xe31\x9d\x18\
l7\x03\xe6\xf86I\x88\xe4\x11\xa4iS\x08\x19\xb5\
\x11ta^p\x81\x8c\xac\x10Q\x1fE\xcf\xda\xa8\xc8\
u\x03\xe1\xae\xc7\xd7au(r\x04\xc5\xd9\x14\x87\x1e\
\x13\x9d\xeb\xb2\xc2\xc81\x1f\xe42\x87\xcf#\xa0\x12B\
f\x8c\x04\x0c\xcf\xa6/>\xca1d\x94\xb8\x9eU=\
\x94\x11<P\xa3g \xfa\xaf\xc2\xc3L\xa1\xc3\x10G\
J1\xe3,r\x8d\xe3\xf6\xa3\x15;\x1a\xf5,\x163\
\xdaRv|\xc1\xe8.\x1e\xdd\xb0/\xc6\xd4\xbb\x95D\
\xb7\x97]\xf1\xa5aT'.\x91\xc6\x15\xea$\xa6\xc4\
\x22\xe1\xf4j\xd1\x0b5\x94\xbe\x9c\x9a\xb6\x8aX\xe8B\
\x22\xd4U\xe64O0\x87\x9e\xea\xba\xee\xf2\xb0\x15~\
g\xb2\x81\xf1\x11i\xadl\xc5Sa\xf6\xc1N&\xcb\
\xdday\x5c\xb7\x90\x08h\x85\xe9d.\xf1DX\x0b\
\xd5\xcd]N\x08\xa6\x8f\xb4\x09\xfef\xf7\xdf\xa9\x22\xca\
\xb5\x93e\x1b\x04E\x84(d)\xd9\x04c\x0a{.\
\x12\xd8\xa6\xc4b\xaf\x11\x18\xbf\xcb\x13\x8d\xff\x8aU\x98\
L\xb0\x92rW\x08\x92\xf43w\xf8\xa8<\x17\x01K\
\x0aS\xe3$\xe2\xfe3\x036\x8bZ\xb4\xe2V$<\
\x1b\xd1\x857\x82`\xe4\x10l@FO\xa8\xfd\x98\xce\
\x15\xc7A\xe2\xdb\x04\xac\xcb\x0d\x19`\xb3\xe1\xdf\x1a\xde\
=[\x16\xa2\xda\xb8\x93\x928\x9f\xaed\xf9GM!\
\x8e\xd7f\x98\xb1}u\xed\xe0\x22g\xb9\x9beC\x0b\
\xc3\xb3Z2\xa8\xa3\xf1\x89\xd1\xbdXC\x0b\xb1\xfd\xf0\
\x16\xf5\x81>\x88c91W\xe1\x1e\xf5*9\xd1\xd7\
k\xa6\x94t:d\xaevWL\x99\xbd$A$\x83\
\xb2\xdc\xbb\x8b\xbb\xe7\xd4\xdeD.\x93\x0dq\xcac\x00\
X\x17\xb5\x18R\xf4\x12T\xd9\xc1\x95(9\x91\xe8\xb5\
\xe0lz\xfb\xd5\x1d!\xbe&\xaa\x1b\x0fp\x19\xd6'\
\xc7\x07B\xbe\x8d{/N\xfaB.N\xe6\x03X\x1d\
\xa6\xd4K\x88\xaf\x97\x05\xf6`g\xb3\xee\xdc\xda\xf5\x12\
;\x93\x85$r\x15\x06@\xf6\xaaZoJ7\xd4\x9d\
\xa0\xe2\xcb\xe9\xde\xb8\x82C\x0fC\xec}{\x1c\x9c\xd5\
\xd2\xcb\xf0\x1c{<\xb9\xe5^\x83!\xea\xfd\xbd&\xb9\
\x11\x0c\xd1\x84B\xc1\xb0\x9fd\xa2`\xf0\x9b\xbf\x09.\
\xa0\xd0\xc8an\xb0E\xac\xb7\x9d\x10\x86\x97\xdbKX\
p\x9alJ/\x8b\xeb\x8a;\xb8\x97\x14\xfc\x07S\x00\
p<\x87ydo\x5cO\xebFoV1\xf0~\xc8\
\xc90_\x04u~\xc8\x042Y\x15\xc7\xc78\xd8\x94\
Fo\xd8\x99EIW\xd5\x85\x0ce\xf1\xb4\x1a\x82\x0d\
\xe3\xf8\xe7A#A\xb7\xd0\x91\x1a\xfd]\x09\xa6\xf4\x0b\
fU/\xb9\xf2\xb20_\xe4:\x9a\x03\xb6W\xed'\
\x96Ro\x06\x0b\x8e\x10\xaf\x928\x88\xc1n\xf0\xa8e\
&d5R\x90\x86\x02[\xac\x0e*yW\x9a%S\
%\x8c\xd1\xb5\xd2l\x9f.\x87\x18\xd9S\x1d\x85\x86\x1e\
\xbb\xc9(\xc1\xa2F\x1bwnQ=\x06\xb8\x05\x8f\xe2\
\x0f\xe0O4\xfe\xc1\x9b\x99Y\xc1\x02\xc4\x03;M \
y&2\x98\xad\xf6N\x8b\xbe\xb0h\xc2\x90\x87\xf0\x86\
\x86\xd8l1\x82\x94\xde\x01\xcb\x15-t\xbc\xa9N\x14\
\xabAVL\xe9\x9ffzj\xe2\x8a\x15\x0d_\xdcb\
R\xef7\x80\xceC\xce\xb0\x9fm\x9e\x0d\x8e\xebIB\
\x8ak?\xec\x1d\x86Eu\xa3\x903\xf4\xdd4r\x8e\
\x87\xef\x0a\x03{50Od\x82l\x1e\xb5\xf1\x05\xc4\
t\x96\xe7\xc6\xfe\x89\x18^o\x9fbZ\x14=\xf1\x1a\
\xc3Ha\x82k\x04\xdf\xf1PH\xa1\xc73Y\xe8\xed\
\xda).\x01\x08\x04\xb6A!\xbc/\x04\x06\xfc,\xb3\
\xdfc\x85\x82\x1f\xdd\x04\x11f\xaf\x0c\xff6\x15+\x84\
\xd0E\xd8*\x11\xe8\xc5\xec\xe0$:\x82j\x14\xb3\x85\
c\x85A\x88c\x8e\xeb\x0a\x04\x0c\x8br\x0b\xc0\xd4$\
1\xe28\x07\xea\x03e\xdc\xe1@\x1cS\x93\x8aEx\
N\xdfp\xaf\x9d\xfd\xe4\x03v\xb2\x03\xcc\xbb\x87\xc1@\
\xc7c\xa0\xf6\x16\xe6\x03<\xc1\x01L\xf3w0`\x01\
A0\x18\xd3\x020f\xc8\x95\x8e\xdd\xdb\x22V\xf0\x80\
3!\xfb\x1e\x86\xc3:\x0a\xc3\xc2\xaa-\x9eO\x1c\xdf\
\xa0\x84PR\x92\xa4d[\xec\xbf\xc0\x1c87L\xea\
\xbd\x16\xfc\x9f\xdc\x17r7\x88U$l\x9f\xa6\xc8\x9c\
\xc2e\xf6\xd8\x14\xc9\xfe* \xb6\xc7\xb2\xcb\x02\x9d\xa0\
jB`\xcb\x95\xaa\xd6\xaf\xf7\xca\x89D\xc8<<\xfd\
\x9c\xe5\xa4)s\xe1\xf3\xb0\xe1\xe0e\xa5\x81\xbb\x84\x9c\
\x11\x87\xe7\x88_~F\x04\x06\x91\xbd\x05W\x91t\x11\
\x1a]E2\x84\xb8\xc6\x09\xfd\xa8\xfd\xc5\xc7\xac\x22=\
U-^xH3`\xc80z\xa6\x0b\xcd\x12\x7f\xa3\
\xa3u\x8a\x0b\xcd\xe6,\xa2o\x86\x08\x13\xbc\xb9t\xcb\
9\xce\x94\xab&lp_\xe8x&AY,>\x86\
\xc8\x5c\xc5\x8d5{\xfb\x0c}\xc8\x0cQ\x0e\xc7\x11\x0d\
+ITk\x85\xdc\xcd$\xf9\x06\xa5\xf5do\xc2\xae\
\x04\x91\xa7\xabb_\x89\xba\xbb*\xb8\xeaC\xc8\xde\xda\
]\xd9\x1e\xf3\xbd\xc5\x1d\xf1\xfe\x86\x98\x03v?\x9a\x9a\
\xad\xd1KNn\x0e\xe0\xdeCy\xcc\x97\xc9\xc4\x9d\x81\
\xb19\xcdTL\xaf6\x17\xcb\xa8\x89D\x1a4\xc9P\
\xa5nv\x18\x8c<*\xd4\xd1\x22\xd4\xfc\x9a\xd4\x04b\
\xd2\xe6\xc89\xf6\x12\xd3rH\x0c\xc0\xcd\xe0+\xb6^\
0\xb5\xc2\xc8]\xec\x9d\x13L\xa5J\xda3\x97\x0d\xb1\
[p?q\xca\x91\x8c\x1e2\xc3)\xf6\xb7y\x16\x5c\
\x83{\x17Z\xa8&\x98d\x86\x87\xf9G5b\x92\x19\
a<\x7f2\xb1\xc3-\xc1\xf2\xb7\xa8_\x93\x9f\xa4\xa6\
[`x\xc7e;\x0c:\xe0\xc2Owq\x84R=\
\x84\x17L&{\xca\xd9\xb1a\x0f\xc7\x07\xd3s\x84\x13\
\x1bx\xb4\x10\xd3!K\xd2\x06M1\xcb++\x87]\
\x98N$\xb6\xa0-\x05\xfcxZm\x10\xe6\x1f\x8e\xa6\
\x13\x5c\x16\x1aU\xaa\x05>d\xba\x02\xa7\x03\xf8\x10\xed\
\xad\xbb\xac\xf5r\xe8\xa5\x87\x98\xeaS\xc5\x1ey0\xa3\
\x8e\xc2\xc8\x8f\x1bc\x09\x02S}\x85\xd4(\xe2hl\
*\xa0\xaf\x0c(aw\xdb\x9e~\x01$TcC\x08\
\xa7\xa2\x89\x01`DZ\xaav@\xe4\xc2\x5c\xd9&\x8b\
*\xe2\x9d\xca\xcc\xb4\xa2dC\xc7c\x9f\x93\xc3N\x11\
\xb7\xa4p\xd8\xa4k/\xa9\x80\x14\x82\xa0&s\xfdY\
\x8c\x95\x0f\x12|\x11\x94\x5cr\x9b\x06\xec|P\x8d+\
\xa1s\x1e\x22&\x9c\x80\xa0\xe6\x90\x9aUB\xec\x0e\xe7\
\xf3|\xb6#\x01\x90\xff\xb0#\xd8\xda\xe0\x97\xe8\x96\x11\
b\xd9Y\x8c$\x92.\x09Wa\xd1\x5c\xac\x90N9\
\x22\x8c\xbd\x84W\x91\xd3\xc2I\xef8\x22]T7\xe1\
\xf9\xf4\xef\xda!Ye\xf4\x17\xaav\xcf\x08\x81\x14l\
\x87\x8c\x13 \xe6\xb3F\xc2\xe6\xe7ff\xe2\xfc\xc2\xf9\
\x1a\x87\x14b\x1b\x11(\xf9f3V\x80\xe1\x9eA%\
\xe9\x1b6\xf6\x04\xa1_\xcev}s\xfeD\xfa\xe64\
K\x0d\xe36CD\x08[\xc4>\x0aW\x92\xeb\x86p\
\xd5\x81\x02:\xf2g\x9a\xfb?veZ\xef\x93\xd3\xff\
\xcc\xf2\x02u\xe2\x10\xa3\x8b\xc3^5\xa4%hX\xb5\
!\x04\xd1\xf28\xec\xc1@\xefn\x0d\x8b\xc4\x16\x9c\xbc\
^@\xc5f\xde\xf9:N%1\xebaA\xf7\x5c\xc2\
V\x8f\xecr%\xa2\xf8\x00\x15\xb5\x01\xe3iL\x1es\
q\x1fA\xe6`(\x80~\xd8I\xcd\xb9e\xb1c$\
tV\xecN%\xa7\x9f\x14\xc2\xd5x\x89\x1a\xdd\x1fC\
\xe8DKx.~\x85K\xa8\xc5\x1d,N\xcd\xc2A\
\xbd8\x06\xc4PIJ2\xfcd_+\xa84\x00\xd1\
J\xa9&\x8b\x0ci\xcc\xb7\x86\x92m\xa8\x99\xe5\x1e|\
\xcc\xaeD\xc4\xa0D{{\xec\xf9iN\xc0\xacB\xbc\
n\x96P\x17\xce{;\xdf \xec\x86\xf8{S\x08\x11\
tW8J8e\xdbr\x04>\x1e\xaf\x81\x8dk\xb1\
\xab^\xdd)\xef\xd6@vY\xa7\xb1=\xec\xf2\xc6]\
Dl\x1e\xb9\xaa\xa1a\x0e\xf3\xc8|5\xb6\xfb\x0dN\
V\x85}\x05(^\xff\xf0^\x12\xbb\x9d\x94I\xb1\x12\
\x03\xa0\xc4\xc5,\x01\xcf\xc8\xb4`b\x8e\x97\xabq\xc5\
\xba\xdc\xbdV\x1ePhZ\x86\x95\x92-r\x19d\x19\
8\x0c\x93\xc7\x8bK\xd9\x5c\x1f\x8ePT\x0c\x1c\x928\
\xa8\x18\xf4\x1a\x89\xfd1.k\xe4\xacq ?\xcb\xe9\
%\xd7i\x96\x22\xa7\xe9-\x92\x1c\x8f\xeb\xc0A\xe7I\
\x09\xd9\x92\xa5\x8c\xae)\xc3\x0dRB1-C\x1f\xa6\
_\xe0?4H)\xd9\xc8\xcc\xc3IY8\xb5!\x8d\
\xc3o\xc8\x1f\xe3z\x06LU\x16\x98\x11\x8a\xf6\xa3\xb9\
M\x0a\x05\xd2pD\x01n5\xbe\x18\xb6\x09\x9dr\x9f\
\x92n\xd6\x12\xf8\xb7\x94Y\xe8\x86\x10\xc6.\xf3d\x01\
\xce\x1cZ\x88y\x9c\xbf\xfb\xc9\xc5\xc5j\xf82\xf0\xed\
\x80\x8cp\xc8\xc5G\x81\xe8\xde8\x1cn]\x0a\xa3\xe1\
\xf4\xaa\x15$\xa0\xe6HW\x14<F\x8d=F\x11\xb0\
g\xa0\x0e\xb6\x82\xa2\xc4\xdbJ\x1d#.\x17o\xb56\
`*\xe6\x98\x8e\xb8N\xd8\xde1\xebt\xd7\x0cz\x86\
T+\x9ej\xc9Y\x96\xae\xb1\xcf{\xd0{\xdc\xae;\
\x87\xfa\x86\xc3\xbf\xaf%\xe58LV\x81\x91\xfb\xc8*\
\xdaT\xd3\x8e\x0e\xac\xecT\xb5\x01\xb3E6\x98\xed\xb8\
\x020\xffl>\xc6\x8a\xe6\xb3\xfd_\xe1\x90C\xcc\x18\
W\xc1\xda\x05w\xceJ\xd5Z\x95\xeb\xf3\x7fN\x85P\
\x86ECZ\xae\xc2le=@\xa7\x8a\xbf\xcfV\x22\
w\xd2dc\xddY?q/,O\x90\x0a/\xa6\xc4\
%O\x96\xfc\xbf\xe2)x1\x95\x8c-\xe1q\xed\xa0\
\x15\x5c\xc8G\xbc\xd6qOj\x02\xeab\xd9\x9a:9\
o7\xc9U\xf4du\xcd\xa4\xbe!w\xbf\xe9\x81\x8c\
@\xa3F\x85gRQL\xfe\x9d\xca\xa0\x92&\x87[\
\xd5\xa9']\xf5\x19;\x99Pu\xd7\x85,k\xb5\x9d\
\x8c\x9e\x0e1\xd8{;-\xda\xf5\xb9N\x99\x83\xe7\xf3\
q\xbedg\xe1\xb2\xa4\xcd\x90\x93\x01}\xea\x01gT\
\x92\xb4h\xa7q\xf92A=\xc1d\xb5@[\xb8\x04\
\x100J;\x8e\xcc\x03\xf3\xc82K}k\xefb&\
\x92k\xed]\xb6\x89\xe4\xf9<J\xd6\xb1\xdd\x1dN\xd9\
\xa5j\x01\x9f\xd2pw\x99\xc4\xb2&\xbcq\xb7f.\
\xa3\x04\xf6\xa1\x01\x1a\xfd\xbeA\xca6j\xd9\xc0a\xec\
\x8a\xbf\xbe\x1d\x10b\x22Te\x08\xaf?\xa0w#I\
\xbdd\xa5C\x1c\xe5\x0dGb\xcfu+_\xd4\xfd\xc8\
C\x8f6\x83\x91\x82\xe5%\xce\xf3\xd2\x07\xe62\x15+\
\x1d8\xc8\xb8<\x87Sa\x90\xc8W3\x04\xcf\xe2\xec\
\xf2\x9b\xc5\x0b\xf1\xed uZI\xc1\xb1\xb5\xb2\xaa\xb9\
\xb0\xdfURA\xd0di~wP\x1f)\xa0\xb8o\
<\x10J\x8d\x9d%\xden{x\xfd\xe3\xbbj\x18\x08\
e\x8dlw\xb2\xb7G\x94\x8f\xce\xbf\x0e\x85\x1f\xe5\xd5\
\xb88\xd5\xb5\xefP\x037c\x22\xa9\xea\xd4O\x16\x96\
\x09\x10@\x91\x0e\xe6o\xf6v<N \x0bo\x9c\xac\
@\xa3\x84L\xec\xa2\x14\x8dA\x80n\x09\xad}\x1aT\
X\x1b\x07\xf4\x84\xc5W\xfbk\xb1\xda\x96\xc2\xa1<\x89\
\xcb\xfe\xd2\xc2<$\x8aW\x0c=\xa3K,\xb4=\x94\
RHUd\xac\x8f&q8$\x8b\xc1Vy\xbe3\
\xc8\x02\x030\xd7J\x0fO\x0bF\x82\xf6\xc0*\xc9\x15\
B\xc1fo\x9f\xa9\xdexmw\x15XN\xce\xdd9\
\x0dT\x86D \x90\xb1\xa44\xaePh\x8cw\xb3K\
\xdd\x04u\x8b\x05&\x85\x95\xf3l0\xff\x02\x9b\xc9A\
PC\xcd\x14FQ,\xcc\x17\xcc\xe0\x15v\xf0\x1aH\
\xbeb\x03\x8d\xaeZ\xd28\x17-\x0fZ\xc5\x84XF\
!G\x03\xbb6\x02\x87\xc6R\xd9\x17\xbe,\x14\x8a\xb1\
#\x96\x83\xfa>\xc5\x0eSq\x22isN\x1a\x84P\
+\xd7I'\xb0\x88!e9\x19k*\x93\xe7\x22\xca\
\xcb\x9e\x82\xa1\x98\xa2\xb1\xe9\xa9\x91os\xac x\x83\
\x93'F7\xcdr\xca\x87H\xcc\xdd\x93!\xae\xb94\
\xab\x17IU\x9aAf\x86+\xcc\xf8\xe2\x1b\xbbu\x03\
6\x87\xe1\xffd\xa9\xdfP\xc0\xd8\xd2\xfb\xad!Po\
\x1a\xa5\x8e~b\x87esF<\x05\xf8\x99\xa0\x86\xb3\
\xac\x0d\x03-\x18J\x03\x89\x06\x06\xf3\x09:\x1aJ?\
\x18\xdf\x12\xae\xa4M\x0d6%\x9df\x96\x92w\xe3&\
3\xd5\xd2\xd6\xcb\xe8t\x5c\xe8\xc2\xaaI\x85\x9c\x99\xbf\
b\xb8 Dyq\xff \xe4,P\xa0\xda?U\x7f\
Fu\xbd\xab\x10J\x94eS\xd7\xd3\x9a'\xb1\xb5\xb2\
1\xb01\xeb\xe2\xb5m\xac@\xc7v\x07@\xb7\x00\xa0\
\x12T\xa3!\xa9\xbe;\xa4;N\xaf\xf4\xba\x12$\x96\
\xd8\x1f\xf78\x84jp\xef\x5cV\xc2\xde<*%\xfc\
\xf0\x1a\xd0ZO|(\x9dR\x82\xc5\x81\xdb\xd9\x96\xf8\
oB\xc1\xac\xb58ds\x18V\xa9\xe7p\x09\x94V\
\xecD\x0d\x99\xf1RRd\x17\xf7\xa7\xb3\xa5,6\xc5\
\x8ab\x88\xaa8\xaf\x0c\xe0\x04\xb6qM\xa2\x1b\xdf\xe6\
H\xc4[k\xd7\xc8\x94H0[\xf0\xa8\xc5z\xabj\
X\x0d\xe5\xa2\xcb>\x8f\xa5K\xefTMK\xb0\xcf\xeb\
\x03\xeb\xb9\xe5+\x91w\x14/ #Tu\x0b\x86^\
\x5c\x9d\xb1\xc0\xae\xab\xc1\xb2\x92\x81&\xf8)\xda\xbc\xc4\
N2\xd3]\x15\xb8\xf8\x89\xc8B\xc5\xd9\xb4K\x9eO\
!\xc7\x0dd/\xe9\xb4\x1a\x17\x9c\x87\x9cHH*u\
\x9e\x05O\xa4\xe8\xc2c!\xbd}h*TG$=\
\xc2;O$\x9d\x07\x99\xfe+\xdby\xb1\x9c\xaf\xaf\xd5\
\x07\x15\x92n\x13\x0ec\xb2\x07\x86\xc1\x22\xa1e\xb1\xb2\
\x22@\xd9\x98\xcdw\x8c\x1e\xee!\xaa\xfa\xf6erp\
\xd7\x86\x00\xfc*\x5c\x84e\xac\xed\x0e.\x8cbEn\
p-\xef\xdca)\x99\xcf\xac\x1e-\x05;\xdaz\xb4\
y{\xfd\x7f\xab\x1em\xde\xa9\x16W\x8f6/\x88\xd1\
Vy\xcd\x0b\xec3\xad\xf2\x9aw\xa4QTy\xcd\x0b\
'_\x95\xd7\x02\x1d\xc3\xab\xbc\xe6\xedX\xa0\xcak\xde\
\xbe\x85\xab\xbc\xe6\xed^$\xad\xe6\x07\xb2(P\xf0\x17\
]\x8b\x98)\x00\xfeZ\xc4y\x07\x1de}\xda\xbc\xb0\
\x0a\x97\x8b\xcd\xdb\xfd\xc8\x8a\xba\xe6\x05\xf9\x19\x14u\xcd\
\x0b\xbf\x1e\xbd@4v\x9592\xfdi`\x983Y\
\x02g\xaa#yX\x1dZB\xd9\x01\xac\xc8\x9aU\xcc\
\x1a\xd6\x15\xce\x15\x0c)\x9d\x99\x1f\xf2\x11\x96\xa4\xcd\x0b\
\xf3\xd3\x95\xa4-\x80\xaa\xa3)I\x9b\x17\xd4g\x5c\x92\
\xb6\x00Z\x1f\xd9uu\xedzM\xc1\xdb\xee\x0e@\xb0\
\x9d\xedi\x96\xd7,2\xfb\xaaV\x1d\xaca\x85]6\
\x07\xf5/\xda\xad\x14\xd4y2\xf1\xda\xd3G\x93\xa8\xb7\
\xc3\xdb\xbd\xa2;\xa7\xd9\x17gA\x10\xa2h\x13\x93]\
\x82\xc3l\x93\x9c\xce)\xe1=\xfc.\xb6R9KU\
\xba\xb3[uCi\xcef\xd3,`\x8e\xd5t\xf8l\
\xaa\xd2y\x95\x0c\x9e*7\xa3P\x85:\x8bq\xde:\
\x11#F\x15\xf3\x10\xd8s\xb4\xd5\xc7B\x86\x0f\xd5x\
yq\xb9\xc0\x9eGV\xbb,\x10T~\xc7i`\x97\
\xc6\x80\x22Fqa;\xc2\xf8\xe1\xd1\xbc\x1a\x15\xcd\xc5\
\xc9\x7f:\x8b\x02+w\x15\xc0\x8d\xa0\xc1\x8aA\x85E\
\x81k\x12\x9f\x95\xe3\xef\x10\xfa}f\x13\xf8`\xe4I\
9\xcbv\xa1\x05\x8e\xb58`\xacL\x80\xbaQ\xc4\xd2\
2T\xd1\xc8\xbb\xb4\x8b\x8el8R\xaaL\xf3T\x14\
T\x1c\xc1T\x88F%\xc7QHR]\xf9sr\x81\
\x93o\xc2\xf1\x088\x14\x81\x9d\x95\x9eN\xe4_Tw\
\xc0\xa2d\xe1&\x8b\xba\xb9\xf1\x12\x0f\xb1\xa0o]\xf0\
\x07\xb9\x17\xefe\x9d\xc7\xf1)\xea\xf8\xd6\x8b\xcd3A\
\xe4H\xe8\x8c:C0\xc8y[N\x08w1\x85\xfa\
\x19\xf9u\x08\xe1\xac-=\x99L\x17@\xe3q\xe4\xbe\
\xac\xdfIHv\xf9\x11\xba\x95~C1S\xa1\x9dg\
\x04\xac\xc0\x08\x05W\xcb\xc0\x09\xf5\xc9B\xa0n\xf0\xd4\
\x5c\xf2)\xceb\xa2\x99Kg6\xf3\xb0\xad\xfc\xc5\x1e\
\x02;5\x8c\xa6\x0e\x82\xb7\xd8B@\x15\x84\xd0\x81\x16\
\x8e\xbe\x10\x82g\xb8\xa02\x08\xa1\xc3\x9d\xec\x1a.\xcc\
\xcb (8t\x08\xe6c\x08\x05+\xb9\xc0\xe6\x03\x18\
#\x00i\xcab\x22\x0f\x8f\x15\xe1\xf93\xef\xf3\xef\x0b\
\xad\x9a\xe0d\xc3\x17\xb51K\x5c#j\x81\xe5P\xed\
2\xc1\x1a\xa3W\xec}\xfd\x03O\x93#\xa3\x92j\xa7\
\xf8\x910\xfc\xe8X\x5c\x86\x91\x8aFw/\x01\xb9\xd1\
\x9d\x98 \xb8N\x08!\xa5<{7\x96\xb8\xe3\x05\xeb\
\x89c}s\xdc\xb1\x90\x8e\xf2tM+G\xe2\xfe\x08\
\x81R\xbc7\x22\x04@Q\xfaN\xe8\x12\xda\xc2\x9cg\
\xc2\xe5\x80\x80\xd1!p&\x10\x8fo\x18\x84\x8av\xad\
\x10\x80\x22\xdd\x0b!\xbdGg\xe2\x87\x00\x99N\xee'\
?$\x14\x92a\xd8\x1bf\x06T\xaeSvX\x12\xab\
U\x15\x02\xaf\xa0\xaf \xa4_\x94\xc4\xc8\x98.*-\
\xeb\xc6%T\xf2\x1e\x80\xfb\x86Vs\x1f\x80`\xb5\x84\
\x00\x889\xd7\xc2.\xf4\xedq24C\xfa}\x1a\xdb\
=\xf4 >\x85\x81\x9d\x87\xca\x14\x16J\xa6\xb1\xf0'\
\xd7\x0em\xd4\x064\xe6\x8c\x0fE\xb2Q\x18\xe7!0\
\xf6\xd0\xca\xe3\xc4\x22\xef!\xb7 v\x88\x177\xe4\xec\
H\x17\xbb\xfa\x8c\xce\xc2t\xe9h\xf4'\x99\xc4+\xb9\
\xc3\xc9,V%\xc5~\xcb4\xe1\xf9\xd2.\xe1`W\
\xb9\xe1v\xff\xf2\xe6\xb6\x96\xfa\x9e\x5c\x16\x87\x81\x9aR\
\x8b\x1c\x1fH\x1a\x98-7H=i}\xa8AZ\xa5\
&S\x12\xb6\xbc\xc1\x06\xedS\xd3\xaa5\xcc~\xd7\x09\
\xb2[\x8b\xd3\xa7_X\xb8#\x0bB\xc1\xcez\x1c\xdb\
\xc3\xee\x83Z\x08Wh!s\xc1/$K@\xb0\x87\
</\x8e\xd3\x95\x89%\x09\xbdkse\xf2\xb7\xa8V\
K\xda*0r\xb7k\xe4^\xa2\xc6i\xecFp\x05\
)k\x91f\xf3\xe9t\xedo\x86\xcd.\xdf\x0c\x8e\xa2\
3\xe8\xedVp\xc0\xf7\x8a\x1c\xcd\xc0\xca3\x99z\xdf\
\x8b*\x14\xbb5\x12{\xa2\x10\x93\xc8\x8d\xddu4\x0a\
\xd6\x90\x84\x00\xa1\xbc\xfb\xdc\x86\xb6\xa0\x95\xa8\xc3\xb3\xc7\
n\xdc\xa1\x913\x09\xe1\xd6_g\x02\x95^\x87\xa7]\
\x84\x11i\xdb\xb2\xb2\xa3\xc0\xb8\x97\xb8\xcb\xcf\x08\x011\
\x98^h\xf1\x90\x04\xd3\x7fG\x8b\xf7^\xfc\xa0\xf7h\
\xf9\xf1\xf9\xb4\xf6\x0c.<\xa2\x1b\xcc\xd7\x14\x8c\xdb+\
d\xd3j\x90:\xf5\xa1b\xd1xz\xe82\x9d\xb8\x1f\
\xee$X\x89\x83s\xb8\xab+\x0f\xd8\x168\xaf.@\
\x0d\xbc7k\x01\x10\xfe\x7f\x1a\x112L\xf0\x14\xbf\xd4\
\xed\x7f~\xfd,\xe2\xcd[\x84\x1a\xd1|a\xe5\xd3:\
\xb2q\xa9~mnm\xae+-\x0f+\xc6\x82\x85\x12\
{B\x5c:\xebLiQ\xe3\xfcBk\x9c\x8d6\x03\
\x02\xb52\x04\xc2\x83l&j\x05~<\x1co\x7f7\
?\x0e\xee\xad\xda\xbc\xb2\xb5\x00\xd8\xa5\x8c\xef\xf1+\x1e\
\x9b\xa5S\xbdt.\x89F\x09\xc1\x03n\xc5\x00\x9f\x22\
\xd7<\xb2\xf3\x88\xce1tL\xe1\xb7\xaeq\xf1\x98B\
\x02\xf6\xa7\x1c\x7f\x1c#\xc7\xd1\xcda'{t\xc6$\
Q\xe3\x05Gs\x22kl\x1aQ<7\xe4i\xd6\x8f\
\xf2H\x1er\xc6=\xff\x1bY\x09b\x9e\x9fY\xb1\x12\
g\x95\xaa\xc5L\xf7j\x12\x13\x87U\x81\xb5\x84%\x98\
\xb4\xaeOQ\xd3N3\x13\x04\xa3\xae\xfd\x94.\x97\xe1\
Y\x16\x0c {\xae+\x86\xf3/\x8b\xd3T\x97n\xda\
\xcfO\x17\xb1\x90M\xb0\x90a\xa2\x5c\xdb\x01vt\x09\
]D\xd5\xce\xb0[u/\xb7qqAg\xf2\x18\x12\
+\x1f\xc0u\xc0\xae\xe16\x15\x07\xda\x151\x97\xd5\x22\
\x84\x22\xe6Q\x8c\xfc)\xef\x1a\xc6U\x0b\x8a\x18\xbd\xc8\
hU\x16\x1f\xe7}N+ K\xc0\xa3\xe7\xe1\xa3\xcd\
\x0a\x11\xe0\xd9\xac\xf8\xea\xae\x07\xectwx^^P\
1\x0c\xca\x15\xb6\xe7\x016\xdb~\x19;\x00L:\xc4\
\x0fu\x94\xe0O\x97\x9cw\xb4\xbd\x90;\x89\xb0\x16\xbd\
L\x1c\xb2\xccR\xc7\xbc\xf5\x02-\x92d\x94o\xecz\
Zf\x96D\xa7\xc9\xd9\xac\x22\x1b\xd8!.\xe9\xfd\xf6\
o\xd2Bf\xbcwJ\x0d\x9e\xaa\xa7\xb2/\x04-\xc8\
\x90\x8d\xb5\x92\xc0\xd1\x1c\x0fI\xf3\x80\xeds\x9eg\x0b\
?m\xd3G\xc2\xb4\xf8p\x82\xd1K\x8e\xd4\xb3\xb7\xf7\
\xc1 \xb5R\xec\xdbG\xd1\x94\xaboe\x8fL\xd1\xdd\
\xb7\xe4\x01\xc5\x94\x94\xfe~R9\x9a\x841\x80\xc1\x8e\
\xaf(\x83&Z\xe0\xb5u\xef\xe77;*\x7f\xce\xb1\
N\xf8\x0b)\xa6\xeb\xc9$/3\xca\x92\xef5W\x92\
\x9dI\xecA\xca\x9e>f\xb1\x9avP\x8c\xee\x8c\x80\
\xe9\xfcl\xf8\xeb\x5c\xd0/\xd3N\xa2\xdb\x5c\x22F\x13\
\xac\xa6\x0d?\x9cv\x92\xc9\x02\x22Z\xd2\x94!\x89%\
\xf4\xd2lA\x9c\x10\xa1I9S\xe9\xcf\xa5%K\xcd\
\xc2o1\xa5J]\xc3g[sW\xa4s\x8af\xcd\
\xa5O\xbe\x07R\x06~\x99|\x98\x86\xf7\x0bQ\x06J\
:\x1b\xbc\xb3\x1d\xc4\xf6\xd6\xdda\xb9\x9d\x80\xab9\xc6\
l\xfd\xf0\xf3=c\xef\xa7S1\x1f\x22K^vR\
\x05%J\x22\x22\xc3=\xdbZ\x92\x1b\x91\x82)K\xd9\
\x90I4\xb9c\x99\xd9\x155%C\x95\xaf\x88\xb9G\
\x15\x92M\xed}h\xfdX\x80IS\xeb\xb2\x86\xd2\xaf\
\x18\x86\x02{\x9fg\xe1\xe7\x1e\xf9\x98.AN\xd9\x89\
\xea($8\x02\x9d;\x09\xa6\xe7\x99\x15Il\xd8\xd8\
\x114\xb9\xe2b\x9f\x03\x0e\xc7\xcbI\x12\xc2\xc3qA\
n\xc3\x094\xc4\xd5\xef0\xf4\x02_J^\x95\x90\xf3\
'U\xbb\xd2S\xedb\xb2\x22*\x8e\xc3OC\x98\xc3\
\xa6\xa5d$\x93\x0e\x10\xbc|W\xf1M\xae\xfe\xb0\xd2\
\x9bA}&\x8aY6\xe4$u\xf7\x953M$h\
f\x056H\x00\x85\x90\xa36Y\x08\x1c\x0f\x01@\xc3\
9\xc2\x00\x14\x93\x14BA8i\xeb3\x02\xde\xf1\x09\
Oc\xa9f\xcf\xef8YFn`K\x0b[5\x0e\
\xa3\x8f3F\x19\xf7\xb9\xaa'\x0b\xf6\x8eD\x98\x9a\xa6\
9I\xe1\x9e\x11\x1b\xc8\x8a\xfd\x85\xcbUV\xf0Wf\
ys\x9e\x17\xc2:4\x90\x0c8\xb7\xd4\xc9u\xf4\xc0\
-\x98/\xe5\xfe|\xb7\xf0y\x82\xbd(x;\x93\x85\
\x83En\x89\xc4,7Z\xa6I\x11n\xa1x2v\
6D\xcf\xe3)\x1e\xf5d\x8a\x89&\xa9\xabU\x12\xf7\
\x91<\x00\xd3\xa2`\xef\xf8\x0a\x5cipZ\xc0*\xf2\
G\xa2\x8b\x97S\x9e\x8e\xa3\x8bu\xf0t\xaeuc\xbd\
\x90\x0ei\x0boO\x87)>2\xf1\xdb\xcc,\xeei\
%\xf3\x0ez \xd4{n\x00\xecgQ}Q\xfc\xc2\
}\x8c\xed\x1b\xb4\xef\xbc< W\x04f\x98\xc9B\x00\
\x85\xe9q?*A\x0fe\xf0\x98L1\xf3\xcc~\xfb\
\xa2O\x11op<3x\xe8\x9f\x90n\x94a\xbaW\
\xc6a\xe5\xb2c\xdb$\x18&j\x04\xbe\x98\x8a\xc4\xab\
7\x1b>m\xda\xf3b\xa5\x10\x95\xbd\xac\x81\xe5%\xa9\
\xfdb:\x12I\xe4\xc8\xa8\x9a\x9aQw*\x09\x9c\xa2\
a\xe2\x7f\xe0,h\xac\xc2\x80\xbaK\xeb~4V8\
1i\xec\x0d\xbf\xb4b\xe7\xcfr{\x92\x1ae:Q\
\xa7\xb8\xc0\xc8\x80u\xa99\xaez\xbc\x0c\x1a\xd4\xa4:\
WO&y\x14,\xc3\xea4\x9ad;\xc4gH\x1b\
\x1ah\x96\x08u\x0e\xc1\xf4`\xc6x\xaaz:G\xb4\
SX\xc3\x08\xfc\xaa\x17\xcf}WQ3\xb5\xdf\xdb\xd4\
\x89\xa9e\xcf4|n\xf8\xbe\x22+\x18\xfa\x09\xb1\x8a\
\x950\xd3\xd9\xde\x99\x12\xfd\x99L\xd0\xf9\x1d-r\x15\
>\xcf\xdd\xacd\xf7*P\x8b\xbb\x03\x83\x93\xddh\xe4\
\xf5\xb978\x19\xc9\xdel9*\x1b\xe8\xf7\xef\xb9b\
w9\xe3\x13s\xa8\x1aI\xe8\xf2\xaa\xb6n\xbc\x00F\
\x1b\x0dR\x96\xa6\xb9\xe1\x17\x9e%\x15\xe3H\xbfD\xca\
h\x86\xe3\xc8m\x9f\xc1\x8an\x0f\x0a@a+M0\
\x0f\x86\xe6\x5cr\xba\x0d\x06\xae\xd4\x14\xca\xe1[\x14\xb8\
b\xfa`C\x86\xe4\x98\xe0\xab\xd0!\xdd\x18\xf0$\xef\
\x05\xae{\x8f\xefEJ\xc5\x17\xf2)\x06Fp6A\
/\x04x-\x11\x99\xb9\x97\xdcQc\xf9\x98\x8b[F\
\x8bj\xce\x82VY\x9bi\xb1\xe7a0/h\x902\
B5\x0d\x96\xae\x88s\xbc\xa8\x1c\xb7oe\x03\x16h\
\xf9\x1c\xe5\xfd\x8c\xf7\xa8\x0e7\xcb\x16\x9d\xb8Y$\x0f\
\x15lT\x96GK#0\x1c\xcc\xa4\x8cN\xe0r\xa1\
\xf3\x1fd\x88\xe9\xf7~k\x9e\xed\xf4*T6R\x8a\
\x07)\x85\xfa\xd2\xdd\x04&\xa0\x9b\xe3\xff\x86\xed\xc6\x98\
\xe5hc\x0d\xec|\xf0y(\xf6G\x84\xcc\xc2\xd1\xad\
-\xb8\x96\x88\xb0\x87\xde\x82+\x09W\x9e\xd8J\xd0\x91\
6rM~e\xd7F\xa9\xcdP\xb1\xcd+\x14!\x09\
\x1c\xd9~\x0a\xc9`\x97\x9a\xc1\x92O\xf3\xbdLM\xf7\
0\x18Cd\xc7R\xf7C\xca\xb0\x94x\xd7\xed\x9e\xb8\
\xafD9\xcb\xcaVJJ\xe8\x0a\xddZR\xb9\xb9A\
bI\xba$\xb0\x89\xa0HF\xd6r\xf8Q\x81\xf0}\
\xdd\xee\xac.H\xbc\x05\xadt\xc4\xf5\xad\xed\xbd\xde\xe5\
\xc2\xab\xfc>\xc3\xb9d\x05\x82\x8c\x1b\xe1\xff\xdeec\
\x8b#R\xc2\xa6^\x82U'J\x90\x1fz\x1e#J\
\xba\x8e\xc9`\x9a\xa5\xc1\x92@m.\x95a>e-\
\x0f)\xdb\x96\xb1\xc6\x8e\xde\xcdy\x0c\xe1\xf6\x8c\xbat\
hJk=\xe3\x8d4\x03.\xc9\xb8y\xa8S\xd0Q\
\xd2G\xf7\xa0\x12\xbfp9\xb7\x03?6Mv\x94\xbc\
0J\xe2\x14=\x8c\xc32\x86m\xa6'\xc9IY\xd5\
\x1a\xeb\xdbt\xcc+\xb39\xcb\xf6\xfba\x1d\xdf\xfb\xf6\
\xd2\xacP\xd4Y\x05\xe8-\xca\x80\x94s\x91\x16P\xab\
\x8b\x95\xea\xd0\x9c$^\x8eR\xd3\x5c\x8f\xc0\x13\xbc\xb5\
\xb3\xc8\xc3\xf1\xf6\xbf\x05\x1bI\xbc\x91\x12\xed!|\xf0\
\xbc\x94\x96\xe2\xf0\xaaA\xe65K:\xefv\xd8\xde\x9f\
\x84\xa3\xb7\x9aN\x04\x91\x8d\x0aa\xb4\xec\xf53r\xeb\
+\xec\xb0m\x87\xc6\x91\xce\x86o\xd8\x06\xb0\xd5\xec\xab\
5\xf6\x1e\x91)\xc9\x09\xacBf\x81\xbb\x01\x02$\xf1\
;\x95\x8c/0\xaf&K]\x86\xe3\x1eR\x81\x89x\
?\x0f\xdf\xf3\x17\x05\x1fm\x86\xa9\x99}\xa1\xfe\xf8`\
\x8e\x12\xce=\xfa\x1db\xa6\xbb\xcd/c\xfe\xf9\xaa\xd1\
\xea\xee\x10fD\xc5\xadMJ\xa6\x9eQ\x8eXa\xc2\
\x85\x1e\xdaY\x80\xee\x1fl\xffLp5\x8d\x02d\x94\
\x97\xcb\x0a\xf8\xe5\xe7\xdd\xba\xe3$ty\xb8\x84\x9dh\
s\x12'\xe3L\x01\xc9(VJO\xf8\xd8\xb2\xd47\
\xcc\x15*\x90\xdf\xc4MH\x9dc\xe1{\xb03\xf0\x89\
\xdc\xc2\xeab8s\xf6\xea'\xe2j]\x9a\x097c\
z\x1c\xe5\xd0\xcb#M\xe1/X\x1d\xc9\xcb\xfa\x82r\
zTW\xf9\x86 \xe9)\x93\xd6\xd6\xb3\xa6\x09O\xc3\
\xf1\xb1-\x9a\x04\x14\xbe\x8d\xfbC\x1cD\xf9\xcd\xef\xd1\
\x99\xd7\x94\x08\xf1E\xc4:\xb4\x9e\x05l(\xce\xc3\xaa\
\xe2\x97\x1c\x0d\xd3\x8e\xcc\xc2\x8aP\x9c\x90\xb8\xc9l\x1d\
\xbe\xd45\x9b\x9dj!\x8eu\xee3\xca\x1b\xc8\xf5C\
B\x97\xd6\xad\xdf\x80\xef\x1f$\xec\xdb\x9dK\xff\x06\xea\
N<\x9d3A{\x0b\xdf\xa2\xe7\xfe\x9fn\x11\xa5I\
\xbeE\x8a\x10\x88\xaf\x0b/y}\xba\x8d[?\x9a\x8d\
\xc3\xa2=t\xdfp\xa8m\x9e\xcd\xbb\x96m\x1e\x9e\xc6\
N\xb6\xbc8cN\xe2u\xc9f\xf6p\x04\x0dm\x08\
\xb7r\xe5Q\xda\xedr\x1e\xbb\xfd\xf4\xcd\xcc\xb9\xa3\x11\
\x0e\x9c&\xff\xfdt&\xfc\xfd\xff\x94\xe5\xfe\xbf1\xea\
\x97\x15\xda\x8e#\x15W7\xc0\x02z\x04\xbd\xce\xeb\xb7\
\xc0\xa2|\xd0\xa9gj\x10\x11>\xe2y\xbdc\x17\xbb\
\xca\x14\xbd\x03q\xd7=\x87-\xf4E\xc5\xc7\xbb\x15\x19\
v\xcdm\xb9\x18\xe6\xe9#\x83\x0a\xac\xdc\xd8%\x8d\xb0\
\x1b\xcb]\xc2\xba\x09\x11d\xe4a\x90b\x98\x082r\
\xba?\xa7\xd1X\xea\xf0%\xdf\xc7\xca\xcd\x16\xb2\x8f\xf3\
\xa1s\x90\xdc\x1e\x8d\x07uX\xe0\x1e\x85\xb4\x04N\x14\
\xa7\x8c\xec\x0a\xb0\xb2\xb3\xae7\x91=\xc5\x9a\xc2\xc9a\
,\xbb\x19I\xfa#x;\xc10`\xb6\xf28\xd2\x95\
\xfdBH\xc3\xd4\x5c>v\xcdq'X\xf9S`\x1d\
\x1bh\x84l!\xdd\xf2\x04y\xbd\x22M\xee/-\xa7\
\x120\x8f\xfc\x11\x1f\x95\x9dG\xe6\x03si\xb0\xe5'\
\xbb\xcb\x1f1\x15\xd8\x93\x84\xd9\x9bV\xfa\xad]\x12\xfb\
\xa91\xdf\x1a\xf0\x05\xa6F\x88\x14?\xcd(\x94|l\
\xd6\x12\x86\xae\xd2\xa2\x86\xa4/\xbf\xf3+|\x7f\xe6\xee\
1\x1d\xad-t\xc0\xfc\xd6\xc9v\x06\xad%\xba\x98\x1f\
\xd8\x0cO\xee\xab\xea\x8a0\xf3^\xa9\x8cc9\xb0\x9e\
\x0827\xc8#M\xa7uC\xb1k\x9f\x08\xce%1\
\x8dV\xb8\x9e\xf3\xeeg\xa1\x22q\xee\xef\x17\x03\xaf\xca\
1\x5c\xca\x12\xccP}fIB\x80\xe8\xdd\x92\x1a\x02\
WZ\x0f\xc6TZ\x1e\x0e\xda\xe06AN\xb1\xbaI\
\xce\xbb\xd7\x09\xcfeg\x0dKV\x90Z\xec\xa7\xa7\xdc\
\xd0&\xbb\xe2\xc0\x83\xf6&\xe6\xbd\xbdt\x03\xc0\xd9\x16\
.?\x1c\xbfc\xb7\xbdn\xfeNS\xddU\x9fBg\
\x1f\xa3\x89\x12a\x93\xfft\xf7\xbenX-\xa0Z\xd2\
\x87\xfd\xc2 \xd9l\xc1\x0c;^\xaeA\xaf\xc2\x0f\x9e\
\xc38\x12\x18q\xa1\x07\xf9\x99]\xfb\xba\xc1\xd6\x87\x80\
\x0d\xdf\x98(\x9ei\x18\xb8r\xd8\x97V\xd4\xcd\x83[\
\xd7\xb7v\x07\x1f\xe8\xe8\xeb{\xbaaD\xb0\xaf\x84\x17\
\xcf\xedj\xf5\x7fR\xfc\xe5\xae\x17\xcb\xfd\xfd\xdc\xf2$\
\xca\xfa2\x91\xe2\xee~r\xc8\x96\xbae\xa0PV\xaa\
\xc7y\xb6$t_[H\x82\x8f\x99\xa7\xca\xea(\xf0\
\xad'\xa5\x0f\x15\xc4\xb7QV\x1fuw~\x8e\xb8\x0c\
\xbc\x857\xe9\xbbH\x0a\x0b\x0es\x07\xffQEc\x1d\
vv\xb3\x8a\xe8\xb6\xcai\x0a\x0e\x02\xfb\x8eEc\x91\
C&\xb9\x17T\x02\xa3\xf9\xb8I\x9e\xdf\xc1.\x8el\
\xff\xce\x0etN\x0bz[\xeb\xba\xae\x8d\x92\xaa\xe1h\
\x22|IM\xb2\xd1\x1bHv?\xd3Q\x15\x9a\x11K\
C\x05\x89\xd6\x82\xe5TZ\xc2\xfd\x12\xc4eO4\xb8\
\x08\xbeO/\x22\xcb\xbd\x1a\x7fG#]L\xf2\xf9/\
F\x11]\xf1\xff?Mp\xfdJw=\xce\xd1\xa8\x84\
Div\xbb}\x1a\x03\xb7\xb0P\x8c\x8b\xafCQ\xa5\
~}\xbd\x0a\xc7w\x04t)\xf4\xb2\xbc\xb7G\xb7P\
\xc7\xc2,P\xc9Bt&\x9b\x81\x99\xf2\xd8\x80\xe0\x15\
,\xa6\x17\xaa`1Bn\xca+\xf1\x9c\x9ch\x8c\xa2\
2)\xdd]\x8e\xacd\x84\x1b\xc6\xa8\x930\xdd\xddc\
NuFW\xb5k\x5c\x80\xd1\xffq\xf1\x89\x9a\xde9\
v\x08\xcf\xb1\x07\xa7\xcc\xc6\xb0\xa86r<o\xd6;\
\xcf\xfc\xa8\xeb\xfe\xfa3}\x9a\xc5{\xccE\x90\x84\xbb\
Kaz\xf0~_\x80\x18\xdc\x9fo+2\x10\xc9\xed\
\xb4R\x02\xebC\x8c\x08\x0ff\xdaO\x12\x0b1/b\
\x88\xd2\x08y3\x13?\xe0\xb9K\x0cW\x8a\x8b5v\
\xdc\x13\x9d\x1c\x82\xaa\x86\xab6\xbf\xfd\xc4.\xc9__\
\x9f\x15\x82\x1d\xc7\xf9\xd0O\xd8\xfcv-\xbc\xe3\x91\xda\
D\x15GZ[\xa8\xe2\xd3\xd4\xa5\xa98\xa2\x8aD\x15\
G^\x8a\xa8\xc2[\xb7@\xb4\xf8-\x86Uv\xec\xbc\
7\x02:\x86K\x12I\xedi9k\x06\xac=\x7fE\
\xa3\x8aQ\x17\xfe\x19o\x174\xee\xc0\xd9+G\xf2\xd6\
O\x18\x80\xae\xcf\xa8.\xd2L\x22Kf\x0a\xd2\xe4\xa4\
B\xd2d\xe6\xc8\xae\x99\xcb\xa8\x90c\x93\x1b\xdd\x03P\
\xde^\xb3\xfd{\xe1\x9b\xaa\xcfRb{$qY\x15\
0\x9b\x22$\x9c\xaf\xd7Y!5X\xb8\x16\xc4U\xd5\
~r\xc7\x22V\x22\xe1\x1a\xd2d\xa1R\x91\x1dc\x83\
\x9f\x92l\x0c\x1c\xb5\x85\xe5\xcd)\xce\x08\xde\xb7W\x14\
\xc2\xc23\x82S\x0b\x9b\xd8\xf4\x90-\x97\x852y\xa5\
\xa2)\x06&\xd14~lDR\xb4\x5cF\xeag\xcf\
\xc0\xf8F\x9e\x0e\x14\xcbC\x14\x82*\x8d\x08\x05\xc1i\
\x00\x00+,\x12\xbc\x12\x0d\x04\x8e\x1d\xc1\xe2~\x92O\
\x16\x1eZ:\xe4\xc475\x92\xaa\xff\xdb\x19\x09\xa7Y\
l\xb2NX\xba\xcd\xdc\xf1sI\x9d\x84\x97bx\xed\
l'\x1a\xe1{\x9e\xf5wj\x876(\xa7\xd5\x84d\
?\xf4GbW\x1a\xa5\xf6\x1d2\xe6tM\x92>@\
\x9eM6\xe7\x91'X\xdaaS\x1a\xb3\xc3\x81K\xa8\
\x05\xf3-\xa8\xdcs9-\xf7\x1c\xd8g9\x8bQH\
\x91\xe4\x0e\x89\x85=[\xbe\xfc?\x9e\x13Aj\x1a\xe1\
\xa7^\xc8\x7f\xf9&OZ\xa7K\xa4\x90\x11I\x1b2\
\xc9\x8bJ\xf2`\x08\xde\x5c\xe0\x19\xb6\x98;\xdf\xa0\xb2\
\xc9\x8d\xcc\x8c\xa2R_q\x05\x89\x88}\xc3\xaeK\x96\
\xac\xd3\xbd7\xb9\xb2]~\xb9\xd1\x0e\x0c\xa0\xf7\x9e\x0e\
58\xb7%\xbeU\xcd \xd5\xda5!\x82\x5c\xa8\x16\
O6\xf7c\xf1\x15j\x18\xdb\xb2\x0b\xc7K\xc3\xecQ\
d\xff\xa1\xd2\xbc\xc0\xacG\x12\x8fY\xbf&\xf0\xfb\xed\
\xbex,\xc5)\xc6\xe2\xc6iY\x88E\x90\xd1{\xe4\
n'!\xd4i\xca:H\xc0s\xe7\x0c^%Y\xd8\
\xc5\x99]8\xdcJ59\x0e\xe3\x9aM`=\xe1\xdb\
\x143+\xc7\x15\xc9\xd0\xf5\x90M\xdb\x94\x87\xf0\xa8\xf9\
\xd8\xc8Dl\xe3\x11\x11\xd8\xacn\x91\xb0\x1a$\xa51\
\xd98*\xa2Z)\x22\xbc\xa0%\xca\x83\xc1\x9ci\x82\
\xbb\x07\xe5\x81B\xa5&\xe8'm\xd0\x03\xbb\xaeru\
M\xb8\x8a\xfe\x0b\xeaPP\xd6\x0fc\xb5M\xd4\xca\x12\
r\x94\xf0p\x8e\xb6\xe8J\x05\x82Sjb6\x96o\
&'\x87\xd4A\xf0\x5c\xd2\x0ay\x01\xeeWq\xbd\xf0\
\xfcu\x15\x92\xae\x95\xca\xbe\x99O\x10\x1cV\x98\x91$\
B\xe7\xba\xdc\x93s\x99\x15\x029y\xd1\x13\xfb\x110\
\x8b\xb9\x10\xe8\x15\xa3\xfb\xd1\xa0\xe3{\x14\xd9\x88\xa7p\
\xf0\x86\xc6\x027\xe20PR7\x86\xd9\x1bB\xbe\xc1\
\x0bU\xe3\xf2uXH\x1ej\xca\x08O\x86\x15\xbf\xcb\
u\x1bp\xb4n\x81\xadn!\xc4a\xd2,F\x12n\
\x17\x1cg\xa5\xb2\xdc\xc9,\xbb\xa6T\x9d\xfbS\x1e:\
7I6\xc1J3\xa5z\xf2V\x22hq\x1a\x89\x84\
\x9b\x158pW\x00uz\xa7\xe2}\xc10\xb4v\xb4\
+\x82\x8f\xd3\xab=\x9f8-(M\xdf\x0d2\x83\xe7\
3\xf8)|\x17\xc1\x9e>\xd9\xb9\xd75\x9c\xe4\x8c]\
\xcc\x9e\x1b&k\x11\xfd\x1b\x8bB5R\xdb{\xa7K\
#,>m\x17\x18z\xc3Ye\x17UPY*\x9c\
c\xd2\xb5x<\x9dT\xbd\xeb+>\xd3X\xf00N\
\xa2\xb9\xc6\xd8\xb6d\xd3 \xaf\xcdO\x0b\x1c\xf8\xc8\xd2\
\x99\x8f\xf2\x0ea\x06\x02\x9f/\x00\xe7\xf6t1\x03L\
 \x03\xd8&r\xbe1&\xb8n\xca\xbc\xea8\xbf/\
\x0b\xd8roH\xa9\xe6\x5c\xec\xf3:~\xb4\xf8\xc2.\
\xf6[\x9a\xbdO\xa9h\x17:\x89W\xfc\xb0\xa3F\xf1\
\x8cG\xb2\x86\x9e4\x80;\xc0\x91g\x15#\xaeh\xd6\
\xae\x93\x02\xa7\xb0\x88D\x90\xda\xc9\xd0\xfe`\xce\xa0r\
n\xfc\x9c\xc7\xad U\xdbp\xce2\xc3\xb1\xe0#.\
\xda\xf4\xf5\xf5,\xe6\x95\xa2\x10T6]\xbaI:p\
y\x19\xa7\xfa\x90\xc2\xb4;ot\xc7\xb1\xf6{4X\
\xd7\x80\x85\xe2\x17f\xf2\xaeU\x0a\xba\xab!X\x97\xf2\
\x14{\x8f\xd2\xdcYi\x1d{\xb4\xd7\x0b\xa9)\x14R\
A\x0e\xc1\xcb\xfam\x0ce\x03\x81c\xe2\xf7G\xd2,\
\xc4_\x16\x8aC\xa4\x15\xea\xde\xc2\x15\x89Y\xed\xbfs\
\x84\xa0\x14\x7f\xca\xb0\x1c\xb2\xe7M|g\x9b\xd3\x06\xae\
f\xc6h\x8b\x98\x83l\x8aM\xae\xa1\xda\xd8P\xb6\x22\
\xaf3\x5c\x14\xaf\x0c5!\x081\xbf\xbb\xe4\xc4f\xb0\
\x1f\xf0\xd3Y$\x14\x1bW]\xc0\xa1\xb8l*\x06w\
\xa58\xc3\xffO\xc8\x05\x90\xea\xd1\x5c\xc3\x83\xcb\x1bI\
<tp\x16\x02}\xe7D)\x10z\x1ex7\xea\xda\
\xe54\xbb\xd7\x92\x09\xd3N\xb3-\x09\x8f\x9cjc)\
\xe9v\x15,z\xdbaGR\xf3\xb1\xf8y\xf5\xe3\x22\
\x1c&\xab\x1bO\xf8\xb9c\xbd\xe0\x07X0}\xb0\xe8\
vZ\xd4\x81\x06\xaf\xdbj\xba\x1d$\xd5\xa6\xf4\x93:\
Y\xd2PJ\xb5\x94\xb4\x8a\x1fl\xd2\xb0e\xca\xfa\xba\
\x8f\x1e_|\xfa\x92\xb98\xdb\xc0\xe9T\xae\xef\x13\xc4\
\xa5\x1b\x94\xddX\xcc;\x1c\xa3\xcd\x10\x9aD\xd2\xb9\xba\
IR\xa3\xe4)\xf4\xe4L\xa9)<\xe3\xb5\xd0\x94\xb8\
NF\x06r\xa7\xc5:\x03h\xbe\x01\x82b^\x8by\
\x81D\xac\xf0[\xb8~\xca\x09\x9eII\x9bS\x8a&\
\x91J-\xf8w\xa6k\x92\x1b@7W\xd9\x0b\x9eJ\
h\x8e\x1e\xd5\xaa\xc3\xf3\xcfl\xef7\x85\xf3!\xd7\xa9\
\xf9#(}\x0a\x8d7#\x97j\xf87\xd4\x95\xe9L\
D\x0ax'\xa1\x8fH\x01\xbaJ!\x84\xa4E6\xd5\
\xb8\xf8B\x82\x03d\xb2\xbb\xbe\x00\x80h\xf1<\xc8\x1b\
kQ,Y\x12\xca\x0d\x08(\xdd\xc6\xbc\x8eT\x22\x92\
\xd5r\x94nI\xd3\x07@\x9c\xef\x1b\x09G\xa6\xd6\x04\
6\x012\x02\xcb\xd1\x85\xd0\x0d\x9f\x1b\x10C\x92\x9a\xd3\
`X\xa8V*\xe3\x82y\xa3g\x0eq!|{#\
\xa0S[\x9e\x0bQ\xfe\xaa\xb7\xc4\xaeW3Nl\xa0\
\xdb\x8b\x93e\xf7\xd4v\x06\x8e!\x90\x98\x9d\x01k\x8f\
\xb2\x9e\x14xnsf\x7f2\x99=A\xab\x8d\x1dm\
\x92b\xc51#Q\xb4\x14\xe1\xd8\xeb;\xdb\xdb\xa4\xb4\
\xda\xafxp,\xe8\xe5\x98\x84\xeb\xc6DL\x98\xd0]\
\x09V\xe2^\x0a\xf1\x8e\x02:\xe0\x19\x89\xaf\xcb8\x03\
\xaf\x0bM\xc4\xf4\xaaO\x9c:)\x97\x19\x14\xcc\xb1a\
\xf8\x06\xab\x08\xfc\x08'\xd2T\xca~`*Rv\xd8\
J\x01S\x1dT\xb4A\xd7\xd8E\xf9\x95\x05f\xb4\x81\
\x98K\xb2\x10\xea\xe9\xf5\xd3\x9a\x05B\xe1\xc6\xd9\xa1p\
+\xb0\xcfV\xeaf\xe5\x84\x9c1N&\xee\x12+ \
4\x22\x18^\x9d\x0d\x8f\x95\xdfs\x01\xc3\xe5eh\xb9\
4A\x1biM\xa9\x9a\xec\xfa\xac\xd8;\x03\xa7\xc3\xe2\
\xc0\xcc5z\xb7\xe3O\xbe\xb3\x0f\x8b[\xf1\xe3\xd9M\
\x0f>\x0f\x96\xc3\xd0\xe8\x1a`\x05\xe8\xa0m\x82\xe5\xcb\
w\xc3\x0c\xf4$\x9b\x81\x0e\x17\xae\x87\x1e\xc7\xae\x8e\x13\
J\x16\xcbO-\xae*\xa6\xedi\x99\xe6\x1a\xd9.$\
\x9c\x04X\x1f\x12I\xee\x96\x9aUm\xaa\x9c\xd4tS\
u\xf3\xb4\x19\xbe\xd8\xb4D\x1e>UmG\xa8y\xd9\
U\xfeP\x10\xe7\xb3\x85\xae\x07\xb2\x82\xcbG\x85\x15\x8f\
\xad\xc3O\xc9J\xcd$\xb4\xd4\xbeis\x00w\xfb\x00\
\xbbJ\x8a9!w\xb6\xa5\x15.d\x1cq\xc5o\x0f\
\xe8\xc08m\x0b\x8b:\xc2\x9d\xf0\xaf\xdc\x1b\xd9\xe2\xcc\
@\x11\xca\xe3\x1d\x99`\xa3#\x16\x92i\xd7\xfa\xd6\x1c\
\xc4\xb8\x0bi\xa9a\xc7\xa0\xf8\x9e|\xf5_6\x87\x17\
\x08ZFV\x805@\xb2]X\xd7\xc3?\xe0M\xa4\
\xc1\xc1=\xa2\xb7\xb0}\x87\x12\xcf\x91{i\xfc\x91\xef\
p\x9b\x84\x85\xf6z\xa6K\x7f\xee%\x93\xeb\xcd\xa3\xff\
O\xc0\x13\xea%\xd8\xd3\xcb\x86\xf3H\xe8m\x81\x9e\x10\
,7\x9c\x8b\xfc@\xb5\x9bn\x97\xdb.\xe3\x8e\xf1\x0c\
\xbb\xf3\x10\xfd$\xd2\x0a\x10l)P~3:\xe1%\
4\x8d\x90(\xc5\xdca\xe2\xcc\xab\x9e19<\x0b=\
\x1f\x03\xe7TJYt+X\xe9\x96\x07Twq\xd9\
\xc6\x9c\xe8\xc8\xf1\xf1$=\x8fR\xd5\xc3\xaeL\x12\xc1\
iW\xdc\xe6%`z\xb0\xdb\xc0\x05!\x86V\x12y\
\x8des\x9a\x8b\xb0\x95i\xbd\xcf#lqA3\xcb\
\xf3\x88b\xf9*\xddZ\xa3\xb8%\xc7Ab:d\x1c\
e\x9e\x8b^\x83\xe8j\xf4I$\xdb\xa7m1\xbd\xd4\
*\xae\xb6\x8cK\xcf\xa1\x05U\xe86\xf2Qr\xae\x5c\
\xe7V\x12\x957\x8f&\xc1\x13/e\x86\x05?x\xe3\
\xe9\xb9Gru\x87\x86\x9fE\x00\xc2\x07\xde/\x0f\x03\
\x1b\xb0\x86p\x0e\x91\xab\x9c\x8dD,\x90D\x0e\xb4\xa2\
\xd6\xae\x8d\xf3pV\xfdF\x5c\x18\xb3~\xad\x9a\x06D\
\xa2\xa1\xf6\xb3<\x02\xa2Ho\x8c \xd2\xbb\xc9\xaa\xd2\
\xac(3\x0foO\x93\xf0\x1b_\x95\xf5\x0e-+\xab\
\x1e\x9c\xfb\x1b\x90\x95_\xe8\x86Y\xb6b\xc0\xb8_\x82\
\x06%\x86\xc7\x03\xeb4\xf6;\xb5\xf7\x14O\x19q\xaf\
\x03\x90\x8eK\xef`sdi\x83\xeck^\xf6\xca\xfb\
b\x8d\xdf\xa3\xe4\xbdJ\xe1\xc4~\x9e\x1d\xc1\xec\x12\xe1\
v\xfe#N\x0e\x8f\xe3\xa2\x906\xf3c\x8eS\x9aO\
\xde\x80\xaf\x09\x0cen\x829\xf9\xc8\x17\x98e\xba|\
Q\xceV?\x1fX0!|\xb3GX\x02k\x8a\xf8\
\x91x\x11\xab\xb8\xc3ol\xaeg2\x8d\xdevT\xd0\
\xad\x14\xe3\xf1l\xb7\x7f\x12\xbe\xfb\x03;\xaa\xe0\xf0\xcc\
\x0c\xe1\xdc\x83d\xabm\x97\x11\xf7\xed\xd8s\xe7:W\
\xb3\xb3\x81\xaa!\x8d\xe0\x9b\xb6]R\x06\x97\xc6\xea\xc3\
rEj\xd7\x92\x80\xf0)v\x05\x87\x9f4%o\xc3\
2o\x0f\xb9\xf1vm\xd2j J*oE\xe6@\
=';=\xc1\xb5~\xa9\x18\x5c\xd7\xf2\x985@u\
\xa0\xc8\xe6\xb48\x1e\x94\xea(Nl\x98\xc0/\xbd&\
\xbb-@q\xe1\xee\x05h\x01\xbf\xc0\xa5\xb0h\x9ex\
\xdb\x96\x05\x0b\x5cpjIm\xde\x0c\xb3\x0de\xe16\
\x1e$\x8a\xe1\xe6\x87)O\xb6K\x8e]\x1c\x8bN;\
\xce\xd3tOR\x80}\xbd|H\xe0\x8e\xfe\x00<\xf7\
\xeb\x1b3i\xae\x0c\xce\x81\xa4\xaf\xfd\xf4\x99q\xac\xe7\
\xc7Y\xedO\x9c#\x86\xf9\x9bk\x9a[\xd8\xf3\x94<\
+\xd4p\xf9\xb9\xfa\x98\xee\xa6\xb0\xea\xdf\x81\xf5\x02\x85\
\xe8\x14\xe7\x84\x9di\xcdY\xcb27\xed\xf2j\xd8\x8b\
AK\x0an0\x80\xcd\x12\xdd\xae5\x0d\x0a\xb2\xc7\x11\
\xb8\x82\x5c\xbd\xa7\x05Fd\x84T\xc9\xd1\xf2\x953\xe7\
^\x8b\xb59\x8b\xa9EC)\xe0\x02\xb8\xf6\x03/L\
\xee1W\xf29\xe9G\x18\xd9\xfab\x17\xb8\x1e\xb9N\
\x19\xb2\xbd\x11\xd2\xc8.\xc9y\xff\xd95J\x04\xdb\xb1\
\xfc\xf6\x7f\x9d\xeeA\xb6u\x8c\xb0s\xaeeD\xd6\xe9\
\x9a\x1b\xce\xd4P\x0b\xd0\x9dSQ\xbd\xbe\xb5;\xd0\xea\
\x1bG\x9c4J\xe0}\x0aN\xa50d\x9f\x0a\xb2\xdc\
S\xc5\xef\xc8u\xee)\xb4\x0a_A\xad\xfbF\x90g\
\xf9\xc7\xfc\xac\xaa\xb6\x8d.'ZH\xd0\x0cZ\xc9P\
\x11\x19\xccni2\x9b\x94\xa8\xe6\x85\x94x^\x8d\xc6\
\x5c\xad~o\xc9\xd8.\xc5\xe8\xd7\x8d\x0cq\xd7lP\
L7\xff\xdb\x1b\xe2\x0eO\xf82\xbc$\x92\xa5'{\
\xa4\x10\xff\xa2\x08z\x03\x08\xbc\xba\x8b\xcen^\x83*\
O\x07\x14\xdd\xe79\x13]BN3Nh\xa6Y\xae\
R\x9fC\xaf\xd2\x80\xa2\x80M\x93\xc6Q @\xc8\xbc\
\xf6\xbe]\xa8\xd4<\x22O\x0cuY\xc5\xd9\xc6$\x5c\
YE\xe3\xba\x0c\x1d\xdbNa\x9e\x98\x1d\x9e2\xed\xa6\
G\xd9\xcd\x7f\x9d\xeb\xc6\xb2\xe0l\x1c^EE\x9c#\
\x17D\xb3z\xa8\x02\xea\xe8\xaeY:c\x8cs4_\
G\xbcY\x15\x18\x88\xd7\xbf\x1a|\x0bX\x0b\xa2\x15\x9f\
B\x90\x9fu\x09I\x92\xa3aM\xe2\x85IP\xc1\x0b\
\xd1A\xd0$D\x87\xd0\x82\xad`\xaa\xb6\xef\x88+\xc4\
\x0f\xdc\xe4\xf1\x99\xf83m}\xca\xa2\x90\x1eE\xe0%\
\xf8E\xadg\xd1n\xa5`^H\xec8-\x8f9\xcf\
\x8e \x17<\x81\xfc{\xcf\xa36\xf8\xdb\xac\x87}]\
D\x0ah\x88\xcf\xa8\x89f~\xc8sa,\xad\xc6\xeb\
\xde8R\x97\x03gU\x0b\x02\xdc\x00\x80$\xd8\xc4i\
 >\x16\xac\x16;\x1e\x048\x127\x8bJ\xfb\xaa\xb4\
\x8bxN\x9f\x93\xb2\xd3\xb5l\xa2\x17\xe3\x01\xcd<\x11\
\x81\xbe\xdb3g\xd2\xf3{@-\xc3\xa1<\x0c\xb9\x13\
j\x7f\xbfb(\x9a\xe5\xdcv\xb9\xe3\xfe\xdcH~n\
`\xc1]\x1b},2\xa2\xeeI\xfbo\x22u\xd4\xec\
\x089\x8e\xd6\x86+\x91A\xa4\xc0\x99\x1bd#\xa9X\
N~Q\x1c\x87\xa95\x81\xc9\x18\xd7\x0d\x12+`\x90\
T\x87\xc4\x11M\xcd\x0e@.4\xbd\xac &\xf9\xd4\
\xea\xddSS5\xff\xe4\xb2D\x80y<\x05\x1bH\x89\
\x0e\xcb\xc5\x0a\xcb6(;<~\xb8\xee\x90\xfaT\x22\
\xd7\xe3\xba\x93m\xf2\x98.\x11\xe3\xbe\xd7\xe6S?y\
\x03\xd8_\xa0\xcc\x92\xc3\x1e\xe4z\x95m\x8e\xb0+m\
\xd7|\xe6\x87^O\xa4\x0b\x14\xb0\x1dk[\xfc\x81\xb7\
\x0fA\x01\x07\x22\x1f\xe7\x0c\xad\x92\x06\x03\x98n&6\
E\xa8\xcc-\xbe\x92\xb1\x16u\xf2\xeb,\x5cw\x9b\xbe\
r\xb1\xb6\xd3\xd5{\x95\xd0\xdbvnp3\x22\xc3j\
\xe5\x1b>\x07L\xb8\xea0\x15\x8f\x85\xfd\x18\xa0\x97w\
d@`\x80@\x15\xb4\x09\xcf\x9e\x16~\x9b\x22$E\
\x84)\xff<9H\xe0\xea\xad\xa3`\x02u6\xad\x0b\
u\x06\x04\x8d\xba\x07\xbd\xc7s\x88\xcf\xf1\xc8\xb9\xe3\x08\
\x8a\xfa\xcdMw\x94b5 \x96mR:\xdd/\xc5\
\x1azI\xc9\xff\x05\xef\xc3Nj\
\x00\x00\xb0\xad\
<\
\xb8d\x18\xca\xef\x9c\x95\xcd!\x1c\xbf`\xa1\xbd\xdd\xa7\
\x00\x00\x00\x05zh_TWB\x00\x00\x13\x80\x00\x00\
\x05;\x00\x00\x08q\x00\x00\x05;\x00\x00\x1e\x93\x00\x00\
\x05;\x00\x00\x81\xeb\x00\x00\x05C\x00\x00v\xeb\x00\x00\
\x05O\x00\x00<\xa6\x00\x00\x05O\x00\x00\x95\x9d\x00\x00\
\x07\xb2\x00\x005\x92\x00\x005\xa8\x00\x00\x0ai\x00\x00\
5\xa8\x00\x00H\xf1\x00\x00E\x82\x00\x00\x16W\x00\x00\
G\xa4\x00\x00\x05U\x00\x00G\xa4\x00\x00Fb\x00\x00\
Ih\x00\x00\x16\xd9\x00\x00Ja\x00\x00=3\x00\x00\
Q\xc9\x00\x00\x1d\x0e\x00\x00S\x82\x00\x00\x1ej\x00\x00\
V\xfe\x00\x00?e\x00\x00Y\xbe\x00\x00!\x1a\x00\x00\
[\xb3\x00\x00\x5c\x18\x00\x00_\xc3\x00\x00<\xd3\x00\x00\
_\xc3\x00\x00\x9c\xbd\x00\x00hp\x00\x00OJ\x00\x00\
ih\x00\x00(\x08\x00\x00u\xa2\x00\x002\xbb\x00\x04\
<4\x00\x00\x81\xb3\x00\x04\x8c\xaf\x00\x00\x8a\x81\x00\x04\
\x93\xc2\x00\x00\x8c\x06\x00\x04\x98,\x00\x00\x11<\x00\x04\
\x9c\xb9\x00\x00Z\x89\x00\x04\xa8\x8b\x00\x00\x06\x84\x00\x04\
\xa8\x8b\x00\x00`v\x00\x04\xa9\x03\x00\x00\x0cx\x00\x04\
\xa9\x03\x00\x00J|\x00\x04\xb8w\x00\x00>\xaf\x00\x04\
\xbb\x04\x00\x00z\xe9\x00\x04\xcf\x04\x00\x00Ag\x00\x04\
\xd0%\x00\x00\x1a\xc3\x00\x04\xec0\x00\x00aI\x00\x04\
\xf6\xc2\x00\x00\x0c\xab\x00\x04\xf6\xc2\x00\x00J\xaf\x00\x05\
\x04\xcf\x00\x00A\x8e\x00\x05\x04\xcf\x00\x00N\xc5\x00\x05\
\x04\xcf\x00\x00}\x83\x00\x05\x04\xcf\x00\x00\x87\xac\x00\x05\
\x04\xcf\x00\x00\x92.\x00\x05VE\x00\x00\x95\xb9\x00\x05\
d\x95\x00\x00\x0d\xd0\x00\x05d\x95\x00\x00L\x0d\x00\x05\
d\x95\x00\x00WO\x00\x05\x98\xc5\x00\x00!A\x00\x05\
\x98\xc5\x00\x00\x82\xf3\x00\x05\xab`\x00\x00#R\x00\x05\
\xab`\x00\x00y\xe8\x00\x05\xab`\x00\x00|\x0d\x00\x06\
\x87\x9b\x00\x00'\xe0\x00\x06\xd0D\x00\x00+\xa2\x00\x07\
F\xc5\x00\x001\xf6\x00\x0a\xf2\xce\x00\x00\x5cc\x00\x0b\
N\x8e\x00\x00p\x8a\x00\x16\xad\x8d\x00\x00\x14\xa7\x00\x18\
Y\x81\x00\x00o\xe3\x00&\x9ed\x00\x00.\xbf\x00+\
d\x91\x00\x00d\xc1\x00=G\xa5\x00\x00a\xfc\x00=\
\xfa\x15\x00\x00\x07\xab\x00C\x00\xa7\x00\x00jI\x00D\
'\xc5\x00\x002\x22\x00G\x96\xc4\x00\x00@\x89\x00G\
\x96\xc4\x00\x00^\xc9\x00H,\x94\x00\x00\x88\xe2\x00I\
\xf0A\x00\x00\x8d\xcc\x00J+\x82\x00\x00>a\x00J\
6\x95\x00\x00>\x88\x00Jd\x95\x00\x00-\x05\x00J\
\x809\x00\x00\x0cB\x00J\x809\x00\x00JF\x00J\
\x809\x00\x00U\xf2\x00J\xb9\xb7\x00\x00A\x13\x00J\
\xb9\xb7\x00\x00t\xce\x00J\xb9\xb7\x00\x00\x86\xd0\x00L\
\x99b\x00\x00A?\x00L\x99b\x00\x00P\x9c\x00L\
\x99b\x00\x00x\xaa\x00L\x99b\x00\x00\x8e\xeb\x00N\
\xbf\xa5\x00\x00\x1bf\x00Ol\x93\x00\x00\x0c\xe0\x00O\
l\x93\x00\x00J\xe4\x00R\xfd\xf4\x00\x00\x06\xb0\x00R\
\xfd\xf4\x00\x00a\x9b\x00Tl\x95\x00\x00\x1d\xcf\x00V\
\x80\x04\x00\x00\x92N\x00V\x8c\x95\x00\x00?>\x00V\
\x8c\x95\x00\x00d\x9a\x00V\x8c\x95\x00\x00yl\x00V\
\x8c\x95\x00\x00{i\x00V\xae\xc2\x00\x00\x1fG\x00X\
\xb7\xb9\x00\x00W}\x00Y\xe8\x85\x00\x00=\x8a\x00Z\
\x8a#\x00\x00Cy\x00Z\xa8\x94\x00\x00e\x85\x00Z\
\xa8\x94\x00\x00y\xbf\x00Z\xa8\x94\x00\x00{\xe7\x00Z\
\xcf\xb3\x00\x00\x9a\xd2\x00Z\xec5\x00\x00\x06\xdd\x00\x5c\
V\xfe\x00\x00?\xb2\x00\x5c\x83\xb5\x00\x00O \x00\x5c\
\x83\xb5\x00\x00~\x02\x00i2\xb4\x00\x00*8\x00j\
/\x9b\x00\x00)_\x00vvN\x00\x00$4\x00v\
\x8c\x95\x00\x003 \x00z+\xc0\x00\x004\xa3\x00z\
\xe0e\x00\x0053\x00}\x9e\x01\x00\x00i\xd9\x00\x81\
(i\x00\x00X\xe5\x00\x857\xe7\x00\x00<o\x00\x8d\
\x9c\x0e\x00\x00\x5c\xc5\x00\x97\x96\x04\x00\x00VQ\x00\x97\
\x96\x04\x00\x00z\xbe\x00\xaf\x88w\x00\x00\x01q\x00\xc0\
\xb8\x84\x00\x00,z\x00\xcd&\x11\x00\x00\x003\x01\x10\
\xaa^\x00\x00CB\x01!\xadg\x00\x00RI\x01*\
\xd0\x97\x00\x00\x09\x0b\x01*\xd0\x97\x00\x007\x9d\x01*\
\xd0\x97\x00\x007\xd6\x01*\xd0\x97\x00\x00{\x8f\x016\
$q\x00\x00q\xd6\x01<\xdf5\x00\x00\x9b\xe7\x01?\
\xf9>\x00\x00\x8e\x10\x01@\x1dG\x00\x00@\x0b\x01C\
`n\x00\x00!\xd3\x01L\x05#\x00\x00\x86U\x01c\
\xaa\x09\x00\x00\x0fx\x01c\xaa\x09\x00\x00N\x01\x01d\
\xa2o\x00\x00&\x13\x01t#\xfd\x00\x00\x83H\x01\x80\
\xad\x22\x00\x00df\x01\x80\xad\x22\x00\x00v[\x01\xaa\
\xde>\x00\x00\x93\x22\x01\xb8\x13D\x00\x00\x16\x0b\x01\xc1\
\xf0\x05\x00\x00U\x07\x01\xcaE\x8f\x00\x00\x05\xe3\x01\xca\
E\x8f\x00\x00~\x8a\x01\xd4VT\x00\x00\x96+\x01\xd7\
k\xaa\x00\x00\x98\x86\x01\xe7\xf5T\x00\x00`\x1d\x01\xfb\
0\xd4\x00\x00u`\x02\x06F5\x00\x004\xff\x02\x0b\
\x08\x8e\x00\x00C\xcd\x02\x19\xde;\x00\x00Ov\x021\
\xe1\x8e\x00\x0094\x024\xfb\xbe\x00\x00\x1b\xf9\x028\
s\xd2\x00\x00(1\x028\xd4R\x00\x00\x8e\xbc\x02;\
\xe2\x87\x00\x00\x89D\x02C\x04~\x00\x00%\x0d\x02l\
\x99\x03\x00\x00\x97\xfd\x02q6u\x00\x00\x8a\xe2\x02v\
\xb8\x09\x00\x00[\x95\x02\xadpR\x00\x00E\xeb\x02\xd9\
@\xf9\x00\x00\x95\xd7\x02\xdc Q\x00\x00\x90\x86\x02\xe7\
 \xf5\x00\x00\x06I\x02\xe7 \xf5\x00\x00\x17`\x02\xe7\
 \xf5\x00\x00\x7f\x13\x03\x00(\x14\x00\x00\x9a%\x03\x09\
\xa2\x9e\x00\x00$\xc4\x03\x15*u\x00\x00\x1a\x8d\x03%\
\xdek\x00\x00R\x9b\x03CL9\x00\x00\x1a\xeb\x03K\
\xef\xe5\x00\x003\xd4\x03O\x17\x85\x00\x006H\x03P\
\xba\x9e\x00\x00A\xb5\x03S\xb0\xcb\x00\x00\x0bv\x03W\
\xb0\x17\x00\x00r\xe8\x03X\x11u\x00\x00_\xea\x03]\
\xe0\x17\x00\x00\x1d5\x03d\xa1\xce\x00\x00>\xd5\x03v\
\xe01\x00\x00j\x8f\x03\x8d\x17\xe3\x00\x00u\xba\x03\x9d\
\xfdE\x00\x00]\x9c\x03\xc5\xefz\x00\x00\x17*\x03\xcc\
\xfa\xa3\x00\x00\x02\x13\x03\xcdG\xa5\x00\x00-5\x03\xee\
\xf3\xfa\x00\x00!\x9d\x04\x14S\xf5\x00\x00\x11\xc8\x04\x1b\
\xf0d\x00\x00\x96\xee\x04(U\xc4\x00\x00\x9az\x04K\
+\x03\x00\x00F\x8e\x04L\xedM\x00\x00\x88\x80\x04d\
`5\x00\x001S\x04e\xafi\x00\x00\x0dM\x04e\
\xafi\x00\x00K\xd5\x04e\xafi\x00\x00V\xe8\x04l\
u\x90\x00\x00G\xdb\x04r\x80\xd4\x00\x00N\x93\x04r\
\x80\xd4\x00\x00})\x04r\xd0\x03\x00\x00C\xa1\x04\x87\
p\xc8\x00\x00,\xbc\x04\x8f\x07Y\x00\x00Z\xcf\x04\x90\
\x894\x00\x00Y\x83\x04\x94\xa8\x84\x00\x00k\x03\x04\x98\
I\xbc\x00\x00\x05\x82\x04\x98I\xbc\x00\x00\x07\x82\x04\x98\
I\xbc\x00\x00\x09>\x04\x98I\xbc\x00\x00\x0b\x08\x04\x98\
I\xbc\x00\x00\x0f\xd2\x04\x98I\xbc\x00\x00\x17\x00\x04\x98\
I\xbc\x00\x008\x0e\x04\x98I\xbc\x00\x008\xcf\x04\x98\
I\xbc\x00\x00F\xcc\x04\x98I\xbc\x00\x00I\x90\x04\x98\
I\xbc\x00\x00O\xd2\x04\x98I\xbc\x00\x00~%\x04\x98\
I\xbc\x00\x00~\xe9\x04\x98I\xbc\x00\x00\x8dG\x04\x99\
n\x95\x00\x00;r\x04\xa0\xb2*\x00\x00#\x09\x04\xa1\
L\x85\x00\x00\x22\xcb\x04\xa2\xcb\xd7\x00\x00^\xf1\x04\xa8\
\xb8\xa5\x00\x00\x0b?\x04\xac,\xa5\x00\x00P7\x04\xac\
,\xa5\x00\x00V!\x04\xac,\xa5\x00\x00zg\x04\xac\
,\xa5\x00\x00\x7fI\x04\xac\xab]\x00\x00\x0b\xc3\x04\xac\
\xab]\x00\x00I\xc7\x04\xac\xab]\x00\x00U\xc0\x04\xc2\
\x8f\xa2\x00\x00u\x8f\x04\xc4y%\x00\x00|\xcd\x04\xcf\
v\x94\x00\x00\x19\xa3\x04\xd1\x1fR\x00\x00v\x8e\x04\xd5\
P\xa4\x00\x00.\x8f\x04\xd5Z\xc4\x00\x00//\x04\xd5\
n\xc4\x00\x00/\x90\x04\xe0\x8f\xb2\x00\x00=[\x04\xe3\
X|\x00\x00\x91V\x04\xe6\xf1\xdf\x00\x00\x85\x82\x04\xed\
Y\xc4\x00\x00\x14\x0d\x04\xf4\x18N\x00\x00#\xa5\x04\xf6\
\x91\xc9\x00\x00\x91x\x04\xfa\x12\xa3\x00\x00\x94V\x05\x14\
\x8d9\x00\x00E\xa7\x05\x1760\x00\x00\x1d\xf8\x05\x22\
?\xe9\x00\x00bB\x05#k\x81\x00\x00x\x14\x05(\
J\xd3\x00\x00>1\x051\x10\xbe\x00\x004;\x056\
\x8ay\x00\x00\x8d\x9d\x058\x92\xc0\x00\x00\x80\xca\x05<\
F\x99\x00\x00\x942\x05@\x5c\xa5\x00\x00\x0d\x16\x05@\
\x5c\xa5\x00\x00K\x1a\x05B\xdd\xac\x00\x00\x9b\xad\x05E\
\xaf\xd9\x00\x00Gz\x05E\xaf\xd9\x00\x00Hw\x05E\
\xaf\xd9\x00\x00KQ\x05E\xaf\xd9\x00\x00V\xb8\x05K\
\xe0\xd4\x00\x00t\xa2\x05_/R\x00\x00.\xfd\x05f\
j\xa7\x00\x00\x98\xc0\x05o/\xe3\x00\x00QS\x05v\
*I\x00\x00L\xc5\x05\x80W\xc4\x00\x00^s\x05\x8b\
\xa6\x84\x00\x00\x1f\xd6\x05\x8cF\xc5\x00\x00H\x0b\x05\x8c\
\xac5\x00\x00?\x8a\x05\x8c\xac5\x00\x00y\x95\x05\x8c\
\xac5\x00\x00{\xc0\x05\x93\xca\x17\x00\x00[X\x05\x9a\
\x90t\x00\x00B\xee\x05\x9c}.\x00\x00\x84\x10\x05\xa6\
\xecX\x00\x00+\xca\x05\xaa\x8b\xc3\x00\x00W\xe3\x05\xac\
\xdcQ\x00\x00\x046\x05\xb4\x98\xde\x00\x00\x1fp\x05\xbd\
\xf7S\x00\x00-\xe3\x05\xc6\xa8\xa5\x00\x00D\xad\x05\xd4\
\x8fX\x00\x00)\xb7\x05\xd6\x03\xff\x00\x000\xbc\x05\xdb\
\xc29\x00\x00\x0fA\x05\xdb\xc29\x00\x00M\xca\x05\xdb\
\xc29\x00\x00X\xb5\x05\xdd\xf9D\x00\x00\x1b\x8f\x05\xdf\
\xba\xba\x00\x00\x08\x96\x05\xe0Kg\x00\x00'\x06\x05\xe7\
\x0c5\x00\x00a\xc3\x06\x09\xcd\xf4\x00\x00n\x8d\x06#\
\xc0[\x00\x004\xcc\x06,\xce\xa9\x00\x00\x1e\xb9\x06.\
!\xe5\x00\x005\x5c\x06.\x8e)\x00\x00k~\x06Q\
V\xe9\x00\x00\x91\x9c\x06e2`\x00\x004p\x06\x80\
\xab\x84\x00\x00\x1b\xc4\x06\x816D\x00\x00\x95\x0e\x06\x95\
x>\x00\x00_\x91\x06\xa2\x1a]\x00\x00z\x10\x06\xa8\
\xa9\xaa\x00\x00\x9b\x83\x06\xacWc\x00\x00-\xb1\x06\xae\
\xa4>\x00\x00\x81=\x06\xb0\xbe\xae\x00\x00\x02F\x06\xb0\
\xbe\xae\x00\x00\x98Z\x06\xb5\x04\x22\x00\x00.$\x06\xb8\
\x91\xde\x00\x00\x22\x8a\x06\xbb]a\x00\x00o<\x06\xc4\
y%\x00\x00+\x01\x06\xc9\xb1\x80\x00\x001\xc6\x06\xd0\
\xbaQ\x00\x00\x92u\x06\xe3v\xd4\x00\x00*g\x06\xe8\
\xc3G\x00\x00iu\x07\x05\xe4d\x00\x00\x90\xd0\x07\x09\
W\xa2\x00\x00/\xf2\x07\x0cHY\x00\x00\x15f\x07\x11\
\x5c$\x00\x00\x13\xba\x07\x1f\x97[\x00\x00\x18K\x074\
'\x12\x00\x00Eo\x0773\xdb\x00\x00\x8f\xd9\x07I\
o~\x00\x00\x90\xfb\x07P\xb3\xaa\x00\x00\x1b2\x07W\
f\x07\x00\x00\x8a\xa1\x07^\xb4t\x00\x00\x91,\x07h\
\x80$\x00\x00\x11a\x07\x85\x93\xd1\x00\x00\x86\x0a\x07\x9a\
\x96,\x00\x003\xaa\x07\xa9\xbc\x84\x00\x00UR\x07\xab\
\x06\x13\x00\x00U\x8f\x07\xab\x08\x98\x00\x006\x0e\x07\xab\
\x1aR\x00\x006\x88\x07\xb45q\x00\x00q'\x07\xb5\
\xe2\xfb\x00\x00\x09\x99\x07\xb5\xe2\xfb\x00\x00\x17\xc1\x07\xb7\
U\xe4\x00\x00f\x13\x07\xdf\x0e\xf3\x00\x00\x13v\x07\xe3\
\xfd\x9b\x00\x00Q\xdc\x07\xe5$\xf3\x00\x00\x8e\x97\x08\x03\
\xeft\x00\x00\x08\xc1\x08\x09\x7fd\x00\x00\x089\x08\x0a\
br\x00\x006\xfe\x08\x18B%\x00\x00\x95S\x08=\
\xe1s\x00\x00_\x22\x08B\xf3Q\x00\x00\x8eQ\x08E\
=\x0e\x00\x00\x00\xaf\x08E=\x0e\x00\x00\x8b\xdc\x08F\
k\xe2\x00\x00\x9c\xda\x08J\x95A\x00\x00hp\x08K\
\x95\xb4\x00\x00s\xa4\x08N\xb2\xf5\x00\x00ap\x08i\
5\xf4\x00\x00\x9a\xfb\x08i\x8d\x8c\x00\x00'0\x08n\
\xd9n\x00\x00s\x1c\x08u`l\x00\x00\x9bQ\x08\x81\
(\x11\x00\x00m\xfd\x08\x89)\xf9\x00\x00E:\x08\x96\
\x1e\x8c\x00\x00c\x97\x08\x9aE\xee\x00\x00.W\x08\xa2\
\x93\xc7\x00\x00\x88N\x08\xb4\xac\x0e\x00\x00fa\x08\xba\
h\xc3\x00\x00@b\x08\xbd\x8c\xc8\x00\x00R\xe4\x08\xbd\
\x8c\xc8\x00\x00e-\x08\xbd\x8c\xc8\x00\x00w\x12\x08\xc2\
\xb8\xc5\x00\x00Bb\x08\xc2\xb8\xc5\x00\x00\x87\xd4\x08\xcc\
e\x97\x00\x00w>\x08\xce\x01\x9e\x00\x002\x8b\x08\xd6\
t\x12\x00\x00wq\x08\xfd\xd9#\x00\x00D~\x09\x06\
\xb5i\x00\x00\x84\xc5\x09\x0bI\xc9\x00\x00\x193\x09\x16\
(\xb1\x00\x00l\x97\x09)\xe2\x83\x00\x00c\xf1\x09)\
\xe2\x83\x00\x00u\xed\x09+`\xfc\x00\x00Y\xd5\x090\
\x8f%\x00\x00\x86\xfb\x096vN\x00\x00$|\x09?\
h\x89\x00\x00\x0a\xa1\x09?h\x89\x00\x00I)\x09J\
*\xb9\x00\x00\x03\x07\x09Q\xd8\xce\x00\x00\x7f\xfd\x09Z\
\x7f\xad\x00\x00\x83\xca\x09\x5c\xa9e\x00\x00\x00\x00\x09`\
\x06\xb5\x00\x00\x0eE\x09`\x06\xb5\x00\x00LB\x09a\
~\xb5\x00\x00e\xac\x09k\xd7]\x00\x00\x00\xde\x09m\
\xf9T\x00\x00\x19\xcd\x09q\x01\xe0\x00\x00\x98\xf9\x09\x87\
\xbc\xc5\x00\x00@\xb1\x09\x87\xbc\xc5\x00\x00c\xc8\x09\x87\
\xbc\xc5\x00\x00s\xda\x09\x88\xbd\xa3\x00\x00`\x9d\x09\x8c\
u\xff\x00\x00\x83\x1b\x09\x91\xe0\x92\x00\x000$\x09\x9c\
u\xa3\x00\x00\x15/\x09\xaa\xaa\x89\x00\x00\x82p\x09\xb2\
\xf0\x1e\x00\x001\x94\x09\xc5P\x17\x00\x00N\xf0\x09\xc5\
P\x17\x00\x00W\xb0\x09\xc5P\x17\x00\x00eZ\x09\xc5\
P\x17\x00\x00}\xa7\x09\xc5\xb8\x8a\x00\x00\x89\xa7\x09\xd1\
\x8d\xf1\x00\x00n\xfb\x09\xd5\x1e\xb5\x00\x00\x11\x06\x09\xd5\
\x1e\xb5\x00\x00M\x13\x09\xd5\x1e\xb5\x00\x00X\x13\x09\xd7\
\xa4d\x00\x00(\xa6\x09\xde\xd1\x8d\x00\x00f\xf4\x09\xeb\
\xbf\xb5\x00\x00B\xbf\x09\xfd]\xb5\x00\x00\x0f\x00\x09\xfd\
]\xb5\x00\x00M\x89\x09\xfd]\xb5\x00\x00XJ\x0a\x10\
d-\x00\x00\x15\xac\x0a\x1ee\xb4\x00\x00TH\x0a!\
\xa6o\x00\x00\x16\x80\x0a\x22\xd2k\x00\x003I\x0a0\
\xab\x94\x00\x00\x1a\x02\x0a<j+\x00\x00\x0e\x05\x0a=\
\x0e\x95\x00\x00;\xa5\x0a?#\x1b\x00\x00\x10\x85\x0a?\
#\x1b\x00\x00\x18\x84\x0a?#\x1b\x00\x00P\x00\x0a?\
#\x1b\x00\x00}T\x0a?j[\x00\x00\x18\xb7\x0a?\
j[\x00\x00Pe\x0a?j[\x00\x00z\x8e\x0aZ\
\xcc\xc5\x00\x002[\x0a_\xbe\x83\x00\x00,\x12\x0aa\
\x13>\x00\x00x\xd3\x0ad\xd0\xcd\x00\x00\x05\xb2\x0ad\
\xd0\xcd\x00\x00\x09k\x0ad\xd0\xcd\x00\x00\x10U\x0ad\
\xd0\xcd\x00\x008m\x0ad\xd0\xcd\x00\x009\x01\x0ad\
\xd0\xcd\x00\x00F5\x0ad\xd0\xcd\x00\x00GJ\x0ad\
\xd0\xcd\x00\x00~W\x0ad\xd0\xcd\x00\x00\x8d\xed\x0ae\
\xb9\x1c\x00\x00\x17\x96\x0ah\xf6\xd5\x00\x00,F\x0ai\
A\x82\x00\x00;\xe1\x0am\x82\xfc\x00\x0074\x0at\
g\x19\x00\x00\x10\xbd\x0av\x1d\x99\x00\x00\x1d`\x0av\
Z2\x00\x00>\x09\x0awr\xd7\x00\x00\x07\x0a\x0ay\
_\x07\x00\x00%U\x0a\x84\xfb\xa8\x00\x00'\xa8\x0a\x95\
m\xe4\x00\x00+/\x0a\x96ke\x00\x00\x0d\x85\x0a\x9a\
\xaaZ\x00\x00\x01\xa6\x0a\xa2\xfa7\x00\x00\x9cQ\x0a\xa7\
\xd1>\x00\x009\xae\x0a\xadgY\x00\x00w\xa7\x0a\xb6\
v\xe4\x00\x00\x99%\x0a\xb9\x9c\xf3\x00\x00#z\x0a\xb9\
\x9c\xf3\x00\x00S\x87\x0a\xb9\x9c\xf3\x00\x00\x84c\x0a\xbe\
 J\x00\x00\x07\xdf\x0a\xd0_d\x00\x00\x84\x8e\x0a\xd2\
\xc0\xe5\x00\x00*\x02\x0a\xd8\xc4\x11\x00\x00lR\x0a\xdb\
\x09\xe4\x00\x00\x93\xb5\x0a\xe1\xb0\x85\x00\x00\x8cV\x0a\xe7\
\x93\x14\x00\x00d\x22\x0a\xe8\xd6\x1e\x00\x00\x82\x11\x0a\xeb\
f\x09\x00\x00;,\x0a\xffe\xee\x00\x00\x80\xf4\x0b\x03\
\xc6\x94\x00\x00\x0e\xc8\x0b\x03\xc6\x94\x00\x00MQ\x0b\x09\
yE\x00\x00*\xa2\x0b\x09ye\x00\x00|\xa1\x0b\x09\
\xa6\xc4\x00\x00=\x01\x0b%\xf5\x11\x00\x00\x05 \x0b0\
8\xf9\x00\x00\x13\x00\x0b6\x01k\x00\x00Q\x0e\x0b6\
\x08+\x00\x00P\xc9\x0bHB\xd9\x00\x00\x0a\x1c\x0bH\
B\xd9\x00\x00H\xa4\x0b`\xb6\xd5\x00\x006\xca\x0bc\
\xe2\x94\x00\x00i\x00\x0bd\xdd\xbd\x00\x00\x1a7\x0b\x88\
3H\x00\x00)0\x0b\x8f\xdd\xb2\x00\x005\xb8\x0b\x91\
\x1f\xcc\x00\x00\x12\x8d\x0b\x92\x14 \x00\x00'k\x0b\x99\
7\x8e\x00\x00rs\x0b\x9e\x96Y\x00\x00b\xc4\x0b\xab\
\x94\x0e\x00\x00t5\x0b\xb7p\xde\x00\x00\x1e%\x0b\xbd\
\xf2c\x00\x00\x86\x90\x0b\xc0\x05\xe4\x00\x00\x83\x9c\x0b\xc2\
\x05\xe4\x00\x003|\x0b\xc5\x09q\x00\x00\x04\xeb\x0b\xcb\
\x00\xae\x00\x00\x22@\x0b\xdb\x22C\x00\x00\x8b\x15\x0b\xe3\
\xea\x81\x00\x00\x88\x01\x0b\xee\x00\xe4\x00\x00=\xb8\x0c\x01\
\x9e\xd1\x00\x00\x96q\x0c\x04\xa05\x00\x00B\x8e\x0c\x05\
\x83\x83\x00\x00\x14\xfb\x0c\x05\x83\x83\x00\x00?\x0f\x0c\x05\
\x83\x83\x00\x00v\xbd\x0c\x10\xbf.\x00\x00\x7fs\x0c\x13\
\xf8\xce\x00\x00\x09\xcd\x0c\x15*\xee\x00\x00g\xf2\x0c!\
\x99\xcb\x00\x00\x8f\x0c\x0c*$W\x00\x0088\x0c*\
$W\x00\x00N[\x0c*$W\x00\x00tp\x0c*\
$W\x00\x00|\xf8\x0cB\x17\xa3\x00\x00u,\x0cG\
\x92\xf4\x00\x00V\x85\x0cG\x92\xf4\x00\x00{\x0e\x0cJ\
fY\x00\x004\x0b\x0cRV\x8e\x00\x00X\x84\x0cV\
\x8c\xe5\x00\x005\xe3\x0cV\xb7\xad\x00\x00\x17\xf2\x0cX\
\x09e\x00\x00\x97\xc9\x0cZ\xcf\x1d\x00\x00\x14I\x0c^\
T\xf9\x00\x00\x10\x01\x0co\x11\x8b\x00\x00\x04\xb9\x0cu\
\x02\xbe\x00\x00G\xa9\x0cuK\x99\x00\x00t\xf8\x0cz\
\xc3\x9e\x00\x00\x12I\x0cz\xdb7\x00\x00\x94\xaf\x0c{\
\x85\x9f\x00\x00%\x8e\x0c\x80\x8a\x83\x00\x00!i\x0c\x84\
\xfes\x00\x00\x99\xb9\x0c\x88\xfa>\x00\x00\x96\x06\x0c\x90\
\xd8\xbc\x00\x00\x8c\xca\x0c\x92\xbc\xa1\x00\x00mI\x0c\x97\
\x12\xac\x00\x00cf\x0c\x9a\x01\xda\x00\x00&\xad\x0c\xa1\
\xa9\x84\x00\x00/\xc0\x0c\xa3\x80I\x00\x00E\x03\x0c\xa4\
\x91\xb5\x00\x00-p\x0c\xa8h\x87\x00\x00b\xff\x0c\xa9\
_$\x00\x008\x98\x0c\xbb\x01s\x00\x00C\x17\x0c\xbb\
\x01s\x00\x00b\x99\x0c\xc9\xa0\x0e\x00\x00c<\x0c\xce\
\x0f\x1f\x00\x00 \x00\x0c\xdf\x8d\xc8\x00\x00\x07Q\x0c\xee\
\xd9[\x00\x00Q\x97\x0c\xf6\x5c\xfe\x00\x00W\x19\x0d\x04\
,\xaf\x00\x002\xec\x0d\x05Rs\x00\x00\x11\x94\x0d\x18\
\x90\xf2\x00\x00</\x0d\x1fN\x94\x00\x00S\x13\x0d1\
\x07\xc5\x00\x00\x9c~\x0d4\xb3\xee\x00\x007f\x0dG\
c\xb4\x00\x00t\x02\x0dL\xdb\xf1\x00\x00\x99J\x0dU\
\x94\xe2\x00\x00/_\x0dZ\xca\xe7\x00\x000Z\x0d\x5c\
\xa9\x15\x00\x00(\xe8\x0d\x5c\xec2\x00\x000\x8b\x0d_\
\xd6C\x00\x00*\xd1\x0d\x89P\x17\x00\x00&\xdb\x0d\x89\
P\x17\x00\x00:\xf9\x0d\x93x%\x00\x00\x01\xdc\x0d\xa1\
\xc7\xc9\x00\x00v\x1d\x0d\xacz\xf3\x00\x00\x12\x06\x0d\xb0\
\x8e\xd4\x00\x00^\x0f\x0d\xc5\x9e\xbe\x00\x00]3\x0d\xd3\
\x034\x00\x00\x8f\x87\x0d\xd5\xf0#\x00\x00H:\x0d\xfc\
\x13'\x00\x000\xec\x0e\x0dDn\x00\x00\x1cm\x0e\x11\
\x9a\xe6\x00\x00\x8c\xfb\x0e!}d\x00\x00|2\x0e/\
\xa2t\x00\x00\x12\xbc\x0e1\xac*\x00\x00\x89\x03\x0e;\
\xcd\x81\x00\x00\x93\xf6\x0eD\xcd+\x00\x00K\x88\x0eF\
\xc4\xc3\x00\x00+h\x0eb\xa1\xae\x00\x00\x90L\x0ee\
@\x89\x00\x00\x85\x16\x0eg\x84\xbb\x00\x001\x1f\x0er\
\xa2\x0e\x00\x00 |\x0e\xafo\xc3\x00\x00{8\x0e\xb1\
7\x93\x00\x00SM\x0e\xbf\xdf:\x00\x00\x08\x0d\x0e\xcb\
%\xa2\x00\x00@\xdf\x0e\xd3\x02\xed\x00\x00gn\x0e\xe1\
~\xa3\x00\x00\x0e\x84\x0e\xe1~\xa3\x00\x00L\x81\x0e\xf3\
\x11C\x00\x00\x8b\xaf\x0f\x03\xb7\xa1\x00\x00\x87n\x0f\x07\
gi\x00\x00S\xb6\x0f\x0e\x89.\x00\x00F\xfb\x0f\x19\
\x22<\x00\x00\x0b\xfc\x0f\x19\x22<\x00\x00J\x00\x0f \
s\xf1\x00\x00\x03\xe1\x0f!o\xdd\x00\x00\x02w\x0f'\
\xf1\xfb\x00\x00\x03\xb9\x0f'\xf1\xfb\x00\x00D\xda\x0f3\
\x9a\x85\x00\x00\x7f\xb5\x0f9@\xe8\x00\x00\x04\x0e\x0fL\
\xa1\xb3\x00\x00\x1d\x97\x0fW\xb8i\x00\x00T\xbd\x0fX\
\x1aC\x00\x00\x97\x1e\x0fn1U\x00\x00ZF\x0f\x85\
\xef\xbe\x00\x00#\xed\x0f\x8a3\xb5\x00\x00_U\x0f\x93\
gi\x00\x00S\xff\x0f\x96\xf2!\x00\x00A\xea\x0f\x98\
N\xf4\x00\x00}\xd0\x0f\x99+e\x00\x00\x8di\x0f\x9e\
H$\x00\x00\x8bf\x0f\xa13H\x00\x00)\x88\x0f\xad\
N]\x00\x00\x8c&\x0f\xc0w!\x00\x00\x04z\x0f\xc9\
X\x97\x00\x00?\xdd\x0f\xc9X\x97\x00\x00w\xe7\x0f\xcc\
\xa8\xc4\x00\x00\x18\xea\x0f\xd4\x9eI\x00\x00\x807\x0f\xd5\
U\xb3\x00\x00e\xdc\x0f\xef/\xd4\x00\x00T\x83\x0f\xf4\
\xee^\x00\x00(s\x0f\xf5]#\x00\x00\x8f=i\x00\
\x00\x9d\x09\x03\x00\x00\x00\x08rHg,f\xf4e\xb0\
\x08\x00\x00\x00\x00\x06\x00\x00\x00\x0eVersio\
n Update\x07\x00\x00\x00\x08@de\
fault\x01\x03\x00\x00\x00.\x00{\x00k\x00\
e\x00y\x00}\x00 \x90\x19z.c\x09\x93uf\
/q!eHv\x84\xff\x0c\x8a\xcbj\xa2g\xe5q\
\xb1\x93u\x8a-[\x9a\xff\x01\x08\x00\x00\x00\x00\x06\x00\
\x00\x001{key} is inva\
lid, please chec\
k the hotkey con\
fig!\x07\x00\x00\x00\x08@defaul\
t\x01\x03\x00\x00\x00\x06n,\x8afrH\x08\x00\x00\
\x00\x00\x06\x00\x00\x00\x0cBeta Vers\
ion\x07\x00\x00\x00\x08AboutTab\
\x01\x03\x00\x00\x00F\x96M}\x1ab\x10R\x9f\x00 \
\x00{\x00f\x00r\x00o\x00m\x00_\x00v\x00e\
\x00r\x00s\x00i\x00o\x00n\x00}\x00 \x00-\
\x00>\x00 \x00{\x00t\x00o\x00_\x00v\x00e\
\x00r\x00s\x00i\x00o\x00n\x00}\x08\x00\x00\x00\
\x00\x06\x00\x00\x000Downgrade \
success {from_ve\
rsion} -> {to_ve\
rsion}\x07\x00\x00\x00\x08About\
Tab\x01\x03\x00\x00\x00\x0aN\x0b\x8f\x09\x95\x8bv\
|rH\x08\x00\x00\x00\x00\x06\x00\x00\x00\x0eDow\
nload Debug\x07\x00\x00\x00\x08\
AboutTab\x01\x03\x00\x00\x00\x0aN\x0b\
\x8f\x09\x93/\x8a\xa4\xff\x1a\x08\x00\x00\x00\x00\x06\x00\x00\
\x00\x0fDownload Error\
:\x07\x00\x00\x00\x08AboutTab\x01\x03\
\x00\x00\x00\x0aN\x0b\x8f\x09kc_\x0frH\x08\x00\
\x00\x00\x00\x06\x00\x00\x00\x10Download\
 Release\x07\x00\x00\x00\x08Abo\
utTab\x01\x03\x00\x00\x00\x08v\xf8\x95\xdc\x98\
\x05v\xee\x08\x00\x00\x00\x00\x06\x00\x00\x00\x0eOth\
er Projects\x07\x00\x00\x00\x08\
AboutTab\x01\x03\x00\x00\x00\x06kc\
_\x0frH\x08\x00\x00\x00\x00\x06\x00\x00\x00\x0eSt\
able Version\x07\x00\x00\x00\
\x08AboutTab\x01\x03\x00\x00\x00Ff\
\xf4e\xb0b\x10R\x9f\x00 \x00{\x00f\x00r\x00\
o\x00m\x00_\x00v\x00e\x00r\x00s\x00i\x00\
o\x00n\x00}\x00 \x00-\x00>\x00 \x00{\x00\
t\x00o\x00_\x00v\x00e\x00r\x00s\x00i\x00\
o\x00n\x00}\x08\x00\x00\x00\x00\x06\x00\x00\x00-U\
pdate success {f\
rom_version} -> \
{to_version}\x07\x00\x00\x00\
\x08AboutTab\x01\x03\x00\x00\x00H`\
\xa8v\x84\x90Jb2}\xe8\x86_\xff\x0cY\x82\x00\
 \x001\x000\x002\x006\x003\x000\x006\x00\
1\x002\x003\x004\x005\xff\x0c\x5c\x07g\x03}\
\x81[\x9akd^3\x86_O\x7fu(N\x14q\
!l\xd5f\xf4e9\x08\x00\x00\x00\x00\x06\x00\x00\x00\
L\xe4\xbd\xa0\xe7\x9a\x84\xe6\xb8\xb8\xe6\x88\x8f\xe7\xbc\x96\
\xe5\x8f\xb7, \xe5\xa6\x8210263061\
2345, \xe5\xb0\x86\xe4\xbc\x9a\xe7\xbb\x91\xe5\
\xae\x9a\xe6\xad\xa4\xe8\xb4\xa6\xe5\x8f\xb7\xe4\xbd\xbf\xe7\x94\
\xa8\xe6\x97\xa0\xe6\xb3\x95\xe6\x9b\xb4\xe6\x94\xb9\x07\x00\x00\
\x00\x09ActWindow\x01\x03\x00\x00\x00\
\x04U_u(\x08\x00\x00\x00\x00\x06\x00\x00\x00\x06\xe6\
\xbf\x80\xe6\xb4\xbb\x07\x00\x00\x00\x09ActWin\
dow\x01\x03\x00\x00\x00\x06U_u(x\xbc\x08\
\x00\x00\x00\x00\x06\x00\x00\x00\x09\xe6\xbf\x80\xe6\xb4\xbb\xe7\
\xa0\x81\x07\x00\x00\x00\x09ActWindow\
\x01\x03\x00\x00\x00\x04\x8afu(\x08\x00\x00\x00\x00\x06\
\x00\x00\x00\x06\xe8\xaf\x95\xe7\x94\xa8\x07\x00\x00\x00\x09A\
ctWindow\x01\x03\x00\x00\x00\x10\x8a\xcb\
\x8f8Qe\x90Jb2}\xe8\x86_\xff\x01\x08\x00\
\x00\x00\x00\x06\x00\x00\x00\x16\xe8\xaf\xb7\xe8\xbe\x93\xe5\x85\
\xa5\xe6\xb8\xb8\xe6\x88\x8f\xe7\xbc\x96\xe5\x8f\xb7!\x07\x00\
\x00\x00\x09ActWindow\x01\x03\x00\x00\
\x00\x0e\x8a\xcb\x8f8QeU_u(x\xbc\xff\x01\
\x08\x00\x00\x00\x00\x06\x00\x00\x00\x13\xe8\xaf\xb7\xe8\xbe\x93\
\xe5\x85\xa5\xe6\xbf\x80\xe6\xb4\xbb\xe7\xa0\x81!\x07\x00\x00\
\x00\x09ActWindow\x01\x03\x00\x00\x00\
\x08\x8e\xdf\x9a\xd4U_u(\x08\x00\x00\x00\x00\x06\x00\
\x00\x00\x0c\xe8\xbd\xaf\xe4\xbb\xb6\xe6\xbf\x80\xe6\xb4\xbb\x07\
\x00\x00\x00\x09ActWindow\x01\x03\x00\
\x00\x00\x0a\x9aW\x8bIY1eW\xff\x01\x08\x00\x00\
\x00\x00\x06\x00\x00\x00\x0d\xe9\xaa\x8c\xe8\xaf\x81\xe5\xa4\xb1\
\xe8\xb4\xa5!\x07\x00\x00\x00\x09ActWind\
ow\x01\x03\x00\x00\x00\x0a\x9aW\x8bIb\x10R\x9f\
\xff\x01\x08\x00\x00\x00\x00\x06\x00\x00\x00\x0d\xe9\xaa\x8c\xe8\
\xaf\x81\xe6\x88\x90\xe5\x8a\x9f!\x07\x00\x00\x00\x09Ac\
tWindow\x01\x03\x00\x00\x00\x04e\xb0X\
\x9e\x08\x00\x00\x00\x00\x06\x00\x00\x00\x03Add\x07\x00\
\x00\x00\x11AddTextMessag\
eBox\x01\x03\x00\x00\x00\x04S\xd6m\x88\x08\x00\
\x00\x00\x00\x06\x00\x00\x00\x06Cancel\x07\x00\
\x00\x00\x11AddTextMessag\
eBox\x01\x03\x00\x00\x00\x04x\xba\x8a\x8d\x08\x00\
\x00\x00\x00\x06\x00\x00\x00\x07Confirm\x07\
\x00\x00\x00\x11AddTextMessa\
geBox\x01\x03\x00\x00\x00\x1c`\xa8x\xba[\
\x9a\x89\x81R*\x96d\x00 \x00'\x00{\x00}\x00\
'\x00 U\xce\xff\x1f\x08\x00\x00\x00\x00\x06\x00\x00\x00\
%Are you sure yo\
u want to delete\
 '{}'?\x07\x00\x00\x00\x10Annot\
ationCanvas\x01\x03\x00\x00\x00\
\x08x\xba\x8a\x8dR*\x96d\x08\x00\x00\x00\x00\x06\x00\
\x00\x00\x0eConfirm Delet\
e\x07\x00\x00\x00\x10Annotation\
Canvas\x01\x03\x00\x00\x00\x04m\xf1\x82r\
\x08\x00\x00\x00\x00\x06\x00\x00\x00\x04Dark\x07\x00\
\x00\x00\x0fAppConfigWidg\
et\x01\x03\x00\x00\x00\x04m\xfa\x82r\x08\x00\x00\x00\
\x00\x06\x00\x00\x00\x05Light\x07\x00\x00\x00\x0f\
AppConfigWidget\x01\
\x03\x00\x00\x00\x04N;\x98L\x08\x00\x00\x00\x00\x06\x00\
\x00\x00\x05Theme\x07\x00\x00\x00\x0fApp\
ConfigWidget\x01\x03\x00\x00\
\x00\x12]\xf2[XW(e\xbc\x00 \x00'\x00{\
\x00}\x00'\x08\x00\x00\x00\x00\x06\x00\x00\x00\x16Al\
ready exists in \
'{}'\x07\x00\x00\x00\x0aBBoxDia\
log\x01\x03\x00\x00\x00\x06\x90\x8auLhF\x08\
\x00\x00\x00\x00\x06\x00\x00\x00\x0cBoundin\
g Box\x07\x00\x00\x00\x0aBBoxDi\
alog\x01\x03\x00\x00\x00\x04S\xd6m\x88\x08\x00\
\x00\x00\x00\x06\x00\x00\x00\x06Cancel\x07\x00\
\x00\x00\x0aBBoxDialog\x01\x03\x00\
\x00\x00\x08R\x06\x98^T\x0dz1\x08\x00\x00\x00\x00\
\x06\x00\x00\x00\x0dCategory na\
me\x07\x00\x00\x00\x0aBBoxDialo\
g\x01\x03\x00\x00\x00\x06R\x06\x98^\x00:\x08\x00\x00\
\x00\x00\x06\x00\x00\x00\x09Category:\
\x07\x00\x00\x00\x0aBBoxDialog\x01\
\x03\x00\x00\x00\x06\x9a\xd8^\xa6\x00:\x08\x00\x00\x00\x00\
\x06\x00\x00\x00\x07Height:\x07\x00\x00\x00\
\x0aBBoxDialog\x01\x03\x00\x00\x00\
\x0cT\x0dz1N\x0d\x80\xfdp\xbazz\x08\x00\x00\
\x00\x00\x06\x00\x00\x00\x0dName requ\
ired\x07\x00\x00\x00\x0aBBoxDia\
log\x01\x03\x00\x00\x00\x04x\xba[\x9a\x08\x00\x00\
\x00\x00\x06\x00\x00\x00\x02OK\x07\x00\x00\x00\x0aBB\
oxDialog\x01\x03\x00\x00\x00\x06[\xec\
^\xa6\x00:\x08\x00\x00\x00\x00\x06\x00\x00\x00\x06Wi\
dth:\x07\x00\x00\x00\x0aBBoxDia\
log\x01\x03\x00\x00\x00\x14e\xb0X\x9e\x81\xf3\x95\
\x8bY\xcbR\x9f\x80\xfd\x88hcw_\x91\x08\x00\x00\
\x00\x00\x06\x00\x00\x00\x17Add Start\
 Menu Shortcut\x07\x00\
\x00\x00\x0aConfigCard\x01\x03\x00\
\x00\x00\x08\x91\xcd\x8a-\x8a-[\x9a\x08\x00\x00\x00\x00\
\x06\x00\x00\x00\x0cReset Confi\
g\x07\x00\x00\x00\x0aConfigCard\
\x01\x03\x00\x00\x00\x04S\xd6m\x88\x08\x00\x00\x00\x00\x06\
\x00\x00\x00\x06Cancel\x07\x00\x00\x00\x0eC\
opyTaskDialog\x01\x03\x00\
\x00\x00\x04x\xba\x8a\x8d\x08\x00\x00\x00\x00\x06\x00\x00\x00\
\x07Confirm\x07\x00\x00\x00\x0eCop\
yTaskDialog\x01\x03\x00\x00\x00\
\x08\x89\x07\x88\xfdN\xfbR\xd9\x08\x00\x00\x00\x00\x06\x00\
\x00\x00\x09Copy Task\x07\x00\x00\x00\
\x0eCopyTaskDialog\x01\
\x03\x00\x00\x00\x16\x90xd\xc7\x89\x81\x89\x07\x88\xfdv\
\x84N\xfbR\xd9\x00.\x00.\x00.\x08\x00\x00\x00\x00\
\x06\x00\x00\x00\x16Select task\
 to copy...\x07\x00\x00\x00\x0e\
CopyTaskDialog\x01\x03\
\x00\x00\x00\x12\x00(\x000\x00 \x00=\x00 ]\xf2\
y\x81u(\x00)\x08\x00\x00\x00\x00\x06\x00\x00\x00\x0e\
(0 = disabled)\x07\x00\
\x00\x00\x18CreateSchedul\
eTaskDialog\x01\x03\x00\x00\x00\
\x08\x002\x004\x5c\x0ffB\x08\x00\x00\x00\x00\x06\x00\
\x00\x00\x0324h\x07\x00\x00\x00\x18Creat\
eScheduleTaskDia\
log\x01\x03\x00\x00\x00\x1cN\xfbR\xd9[\x8cb\
\x10_\x8c\x81\xeaR\xd5\x90\x00Q\xfa\x00 \x00(\x00\
-\x00e\x00)\x08\x00\x00\x00\x00\x06\x00\x00\x00\x1eA\
uto exit after t\
ask done (-e)\x07\x00\x00\
\x00\x18CreateSchedule\
TaskDialog\x01\x03\x00\x00\x00\x04\
S\xd6m\x88\x08\x00\x00\x00\x00\x06\x00\x00\x00\x06Ca\
ncel\x07\x00\x00\x00\x18CreateS\
cheduleTaskDialo\
g\x01\x03\x00\x00\x00\x04Ru^\xfa\x08\x00\x00\x00\x00\
\x06\x00\x00\x00\x06Create\x07\x00\x00\x00\x18\
CreateScheduleTa\
skDialog\x01\x03\x00\x00\x00\x0cRu\
^\xfa\x8a\x08R\x83N\xfbR\xd9\x08\x00\x00\x00\x00\x06\
\x00\x00\x00\x14Create Sched\
ule Task\x07\x00\x00\x00\x18Cre\
ateScheduleTaskD\
ialog\x01\x03\x00\x00\x00\x06\x81\xea[\x9a\x7f\
\xa9\x08\x00\x00\x00\x00\x06\x00\x00\x00\x06Custo\
m\x07\x00\x00\x00\x18CreateSche\
duleTaskDialog\x01\x03\
\x00\x00\x00\x0a\x81\xea[\x9a\x7f\xa9\x95\x93\x96\x94\x08\x00\
\x00\x00\x00\x06\x00\x00\x00\x0fCustom I\
nterval\x07\x00\x00\x00\x18Crea\
teScheduleTaskDi\
alog\x01\x03\x00\x00\x00\x04k\xcfY)\x08\x00\
\x00\x00\x00\x06\x00\x00\x00\x05Daily\x07\x00\x00\
\x00\x18CreateSchedule\
TaskDialog\x01\x03\x00\x00\x00\x02\
Y)\x08\x00\x00\x00\x00\x06\x00\x00\x00\x04Days\
\x07\x00\x00\x00\x18CreateSched\
uleTaskDialog\x01\x03\x00\
\x00\x00\x04\x5c\x0ffB\x08\x00\x00\x00\x00\x06\x00\x00\x00\
\x04Hour\x07\x00\x00\x00\x18Create\
ScheduleTaskDial\
og\x01\x03\x00\x00\x00\x04\x5c\x0ffB\x08\x00\x00\x00\
\x00\x06\x00\x00\x00\x05Hours\x07\x00\x00\x00\x18\
CreateScheduleTa\
skDialog\x01\x03\x00\x00\x00\x04R\x06\
\x94\x18\x08\x00\x00\x00\x00\x06\x00\x00\x00\x06Minu\
te\x07\x00\x00\x00\x18CreateSch\
eduleTaskDialog\x01\
\x03\x00\x00\x00\x04k\xcfg\x08\x08\x00\x00\x00\x00\x06\x00\
\x00\x00\x07Monthly\x07\x00\x00\x00\x18C\
reateScheduleTas\
kDialog\x01\x03\x00\x00\x00\x0cl\x92g\
\x09S\xefu(N\xfbR\xd9\x08\x00\x00\x00\x00\x06\x00\
\x00\x00\x12No tasks avai\
lable\x07\x00\x00\x00\x18Create\
ScheduleTaskDial\
og\x01\x03\x00\x00\x00\x04N\x00k!\x08\x00\x00\x00\
\x00\x06\x00\x00\x00\x04Once\x07\x00\x00\x00\x18C\
reateScheduleTas\
kDialog\x01\x03\x00\x00\x00\x08\x90xd\
\xc7N\xfbR\xd9\x08\x00\x00\x00\x00\x06\x00\x00\x00\x0bS\
elect Task\x07\x00\x00\x00\x18C\
reateScheduleTas\
kDialog\x01\x03\x00\x00\x00\x08\x95\x8bY\
\xcbfB\x95\x93\x08\x00\x00\x00\x00\x06\x00\x00\x00\x0aS\
tart Time\x07\x00\x00\x00\x18Cr\
eateScheduleTask\
Dialog\x01\x03\x00\x00\x00\x08U_R\xd5\
\x90x\x98\x05\x08\x00\x00\x00\x00\x06\x00\x00\x00\x0fSt\
artup Options\x07\x00\x00\
\x00\x18CreateSchedule\
TaskDialog\x01\x03\x00\x00\x00\x04\
\x8d\x85fB\x08\x00\x00\x00\x00\x06\x00\x00\x00\x07Ti\
meout\x07\x00\x00\x00\x18Create\
ScheduleTaskDial\
og\x01\x03\x00\x00\x00\x08\x89\xf8v|\x98^W\x8b\
\x08\x00\x00\x00\x00\x06\x00\x00\x00\x0cTrigge\
r Type\x07\x00\x00\x00\x18Creat\
eScheduleTaskDia\
log\x01\x03\x00\x00\x00\x04k\xcfTh\x08\x00\x00\
\x00\x00\x06\x00\x00\x00\x06Weekly\x07\x00\x00\
\x00\x18CreateSchedule\
TaskDialog\x01\x03\x00\x00\x00\x18\
\x5c\x0ffB\x00 \x00(\x000\x00 \x00=\x00 \
q!\x96PR6\x00)\x08\x00\x00\x00\x00\x06\x00\x00\
\x00\x15hours (0 = unl\
imited)\x07\x00\x00\x00\x18Crea\
teScheduleTaskDi\
alog\x01\x03\x00\x00\x00\x04S\xd6m\x88\x08\x00\
\x00\x00\x00\x06\x00\x00\x00\x06Cancel\x07\x00\
\x00\x00\x10CreateTaskDia\
log\x01\x03\x00\x00\x00\x16\x98^R%T\x0dz\
1\x00 \x00(P\xc5\x96P\x82\xf1e\x87\x00)\x08\
\x00\x00\x00\x00\x06\x00\x00\x00\x19Class N\
ame (English onl\
y)\x07\x00\x00\x00\x10CreateTas\
kDialog\x01\x03\x00\x00\x00\x04x\xba\x8a\
\x8d\x08\x00\x00\x00\x00\x06\x00\x00\x00\x07Confi\
rm\x07\x00\x00\x00\x10CreateTas\
kDialog\x01\x03\x00\x00\x00\x08^\xfaz\
\xcbN\xfbR\xd9\x08\x00\x00\x00\x00\x06\x00\x00\x00\x0bC\
reate Task\x07\x00\x00\x00\x10C\
reateTaskDialog\x01\
\x03\x00\x00\x00\x0ec\xcf\x8f\xf0\x00 \x00(\x90xX\
k\x00)\x08\x00\x00\x00\x00\x06\x00\x00\x00\x16Des\
cription (Option\
al)\x07\x00\x00\x00\x10CreateTa\
skDialog\x01\x03\x00\x00\x00\x08N\xfb\
R\xd9T\x0dz1\x08\x00\x00\x00\x00\x06\x00\x00\x00\x09\
Task Name\x07\x00\x00\x00\x10Cr\
eateTaskDialog\x01\x03\
\x00\x00\x00\x04T|S\xeb\x08\x00\x00\x00\x00\x06\x00\x00\
\x00\x04Call\x07\x00\x00\x00\x08Debug\
Tab\x01\x03\x00\x00\x00\x04b*W\x16\x08\x00\x00\
\x00\x00\x06\x00\x00\x00\x12Capture S\
creenshot\x07\x00\x00\x00\x08De\
bugTab\x01\x03\x00\x00\x00\x08b*W\x16\
b\x10R\x9f\x08\x00\x00\x00\x00\x06\x00\x00\x00\x0fCa\
pture Success\x07\x00\x00\
\x00\x08DebugTab\x01\x03\x00\x00\x00\x0c\
b*W\x16P\xb3V\xdezzP<\x08\x00\x00\x00\
\x00\x06\x00\x00\x00\x15Capture re\
turned None\x07\x00\x00\x00\x08\
DebugTab\x01\x03\x00\x00\x00\x14}\xe8\
\x8bo\x00 \x00i\x001\x008\x00n\x00 j\x94\
hH\x08\x00\x00\x00\x00\x06\x00\x00\x00\x12Conv\
ert i18n files\x07\x00\
\x00\x00\x08DebugTab\x01\x03\x00\x00\x00\
\x14T|S\xeb\x00 \x00T\x00a\x00s\x00k\x00\
 e\xb9l\xd5\x08\x00\x00\x00\x00\x06\x00\x00\x00\x13D\
ebug Task Functi\
on\x07\x00\x00\x00\x08DebugTab\x01\
\x03\x00\x00\x00\x08\x96d\x93/]\xe5Qw\x08\x00\x00\
\x00\x00\x06\x00\x00\x00\x0aDebug Too\
l\x07\x00\x00\x00\x08DebugTab\x01\x03\
\x00\x00\x00\x0eb\xd6f\xf3b\x16\x90xS\xd6b*\
W\x16\x08\x00\x00\x00\x00\x06\x00\x00\x00\x19Drop\
 or Select Scree\
nshot\x07\x00\x00\x00\x08DebugT\
ab\x01\x03\x00\x00\x00:\x00D\x00u\x00m\x00p\
\x00 \x00T\x00h\x00r\x00e\x00a\x00d\x00s\
\x00 \x00(_\xebcw\x93u\xff\x1a\x00C\x00t\
\x00r\x00l\x00+\x00A\x00l\x00t\x00+\x00D\
\x00)\x08\x00\x00\x00\x00\x06\x00\x00\x00\x1fDump\
 Threads(HotKey:\
Ctrl+Alt+D)\x07\x00\x00\x00\x08\
DebugTab\x01\x03\x00\x00\x00\x14u\x22\
u\x1f\x00 \x00i\x001\x008\x00n\x00 j\x94\
hH\x08\x00\x00\x00\x00\x06\x00\x00\x00\x13Gene\
rate i18n files\x07\
\x00\x00\x00\x08DebugTab\x01\x03\x00\x00\
\x00\x16b*W\x16e\xb9_\x0fN\x0dS\xefu(\
b\x16g*\x90xS\xd6\x08\x00\x00\x00\x00\x06\x00\x00\
\x00 No Capture Ava\
ilable or Select\
ed\x07\x00\x00\x00\x08DebugTab\x01\
\x03\x00\x00\x00\x0eg*\x8a-[\x9a\x00 \x00O\x00\
C\x00R\x08\x00\x00\x00\x00\x06\x00\x00\x00\x11No \
OCR configured\x07\x00\
\x00\x00\x08DebugTab\x01\x03\x00\x00\x00\
(l\x92g\x09\x8ar\x5cl`'b\x16e\xb9l\
\xd5\xff\x1a\x00{\x00f\x00u\x00n\x00c\x00_\x00\
n\x00a\x00m\x00e\x00}\x08\x00\x00\x00\x00\x06\x00\
\x00\x00\x19No such attr:\
 {func_name}\x07\x00\x00\x00\
\x08DebugTab\x01\x03\x00\x00\x00\x22\x00\
O\x00C\x00R\x00 T|S\xebb\x10R\x9f\xff\
\x1a\x00{\x00r\x00e\x00s\x00u\x00l\x00t\x00\
}\x08\x00\x00\x00\x00\x06\x00\x00\x00\x15OCR s\
uccess: {result}\
\x07\x00\x00\x00\x08DebugTab\x01\x03\x00\
\x00\x00\x0e\x95\x8bU_e\xe5\x8a\x8c\x8c\xc7e\x99Y\
>\x08\x00\x00\x00\x00\x06\x00\x00\x00\x09Open \
Logs\x07\x00\x00\x00\x08DebugTa\
b\x01\x03\x00\x00\x00\x08\x90xS\xd6b*W\x16\x08\
\x00\x00\x00\x00\x06\x00\x00\x00\x12Select \
Screenshots\x07\x00\x00\x00\x08\
DebugTab\x01\x03\x00\x00\x00\x0e\x8f8\
Qee\xb9l\xd5b\x16\x5cl`'\x08\x00\x00\x00\
\x00\x06\x00\x00\x00\x1bType a fun\
ction or propert\
y\x07\x00\x00\x00\x08DebugTab\x01\x03\
\x00\x00\x00,T|S\xebb\x10R\x9f\x00 \x00s\
\x00u\x00c\x00c\x00e\x00s\x00s\x00:\x00 \
\x00{\x00r\x00e\x00s\x00u\x00l\x00t\x00}\
\x08\x00\x00\x00\x00\x06\x00\x00\x00\x16call s\
uccess: {result}\
\x07\x00\x00\x00\x08DebugTab\x01\x03\x00\
\x00\x00\x1a]\xf2\x90xS\xd6\x00 \x00{\x00n\x00\
u\x00m\x00}\x00 _5W\x16rG\x08\x00\x00\
\x00\x00\x06\x00\x00\x00\x15{num} ima\
ges selected\x07\x00\x00\x00\
\x08DebugTab\x01\x03\x00\x00\x00\x06\x00\
A\x00D\x00B\x08\x00\x00\x00\x00\x06\x00\x00\x00\x03A\
DB\x07\x00\x00\x00\x0bEditTaskT\
ab\x01\x03\x00\x00\x00\x16x\xba[\x9a\x89\x81R*\
\x96d\x00 \x00{\x00}\x00 U\xce\xff\x1f\x08\x00\
\x00\x00\x00\x06\x00\x00\x00#Are you \
sure you want to\
 delete {}?\x07\x00\x00\x00\x0b\
EditTaskTab\x01\x03\x00\x00\x00\
\x04S@W\xdf\x08\x00\x00\x00\x00\x06\x00\x00\x00\x03B\
ox\x07\x00\x00\x00\x0bEditTaskT\
ab\x01\x03\x00\x00\x00\x04S\xd6m\x88\x08\x00\x00\x00\
\x00\x06\x00\x00\x00\x06Cancel\x07\x00\x00\x00\
\x0bEditTaskTab\x01\x03\x00\x00\
\x00\x0a\x90xd\xc7N\xfbR\xd9\x00:\x08\x00\x00\x00\
\x00\x06\x00\x00\x00\x0cChoose Tas\
k:\x07\x00\x00\x00\x0bEditTaskT\
ab\x01\x03\x00\x00\x00\x08x\xba\x8a\x8dR*\x96d\
\x08\x00\x00\x00\x00\x06\x00\x00\x00\x0eConfir\
m Delete\x07\x00\x00\x00\x0bEdi\
tTaskTab\x01\x03\x00\x00\x00\x04c\xa7\
R6\x08\x00\x00\x00\x00\x06\x00\x00\x00\x07Cont\
rol\x07\x00\x00\x00\x0bEditTask\
Tab\x01\x03\x00\x00\x00\x08\x89\x07\x88\xfdN\xfbR\
\xd9\x08\x00\x00\x00\x00\x06\x00\x00\x00\x09Copy \
Task\x07\x00\x00\x00\x0bEditTas\
kTab\x01\x03\x00\x00\x00\x18b~N\x0dR0\
\x00 \x00{\x00}\x00 v\x84S\x9fY\xcbj\x94\
hH\x08\x00\x00\x00\x00\x06\x00\x00\x00!Coul\
d not find sourc\
e file for {}\x07\x00\x00\
\x00\x0bEditTaskTab\x01\x03\x00\
\x00\x00\x0a^\xfaz\xcbe\xb0N\xfbR\xd9\x08\x00\x00\
\x00\x00\x06\x00\x00\x00\x0fCreate Ne\
w Task\x07\x00\x00\x00\x0bEditT\
askTab\x01\x03\x00\x00\x00\x08^\xfaz\xcb\
N\xfbR\xd9\x08\x00\x00\x00\x00\x06\x00\x00\x00\x0bCr\
eate Task\x07\x00\x00\x00\x0bEd\
itTaskTab\x01\x03\x00\x00\x00\x08R\
*\x96dN\xfbR\xd9\x08\x00\x00\x00\x00\x06\x00\x00\x00\
\x0bDelete Task\x07\x00\x00\x00\
\x0bEditTaskTab\x01\x03\x00\x00\
\x00\x0e\x81sg,v\x84\x98oy:T\x0dz1\
\x08\x00\x00\x00\x00\x06\x00\x00\x00\x1bDispla\
y name for the s\
cript\x07\x00\x00\x00\x0bEditTa\
skTab\x01\x03\x00\x00\x00\x22P\xc5\x96P\x82\
\xf1e\x870\x01ex[WT\x8cg\x09eHv\
\x84j\x94hHT\x0dz1[WQC\x08\x00\x00\
\x00\x00\x06\x00\x00\x00.English, \
numbers and vali\
d filename chars\
 only\x07\x00\x00\x00\x0bEditTa\
skTab\x01\x03\x00\x00\x00\x04S/Q\xfa\x08\
\x00\x00\x00\x00\x06\x00\x00\x00\x06Export\x07\
\x00\x00\x00\x0bEditTaskTab\x01\
\x03\x00\x00\x00\x08S/Q\xfa\x81sg,\x08\x00\x00\
\x00\x00\x06\x00\x00\x00\x0dExport Sc\
ript\x07\x00\x00\x00\x0bEditTas\
kTab\x01\x03\x00\x00\x00\x08S/Q\xfaY1\
eW\x08\x00\x00\x00\x00\x06\x00\x00\x00\x0dExpo\
rt failed\x07\x00\x00\x00\x0bEd\
itTaskTab\x01\x03\x00\x00\x00\x18\x8b\
\x80S\xd6S\x9fY\xcbj\x94hHY1eW\x00\
:\x00 \x00{\x00}\x08\x00\x00\x00\x00\x06\x00\x00\x00\
\x1eFailed to read \
source file: {}\x07\
\x00\x00\x00\x0bEditTaskTab\x01\
\x03\x00\x00\x00\x08Q2[XY1eW\x08\x00\x00\
\x00\x00\x06\x00\x00\x00\x0eFailed to\
 save\x07\x00\x00\x00\x0bEditTa\
skTab\x01\x03\x00\x00\x00\x04j\x94hH\x08\
\x00\x00\x00\x00\x06\x00\x00\x00\x04File\x07\x00\x00\
\x00\x0bEditTaskTab\x01\x03\x00\
\x00\x00\x10j\x94hH]\xf2\x88\xabY\x16\x90\xe8O\
\xeee9\x08\x00\x00\x00\x00\x06\x00\x00\x00\x17Fil\
e Changed Extern\
ally\x07\x00\x00\x00\x0bEditTas\
kTab\x01\x03\x00\x00\x00\x0aj\x94hHT\x0d\
z1\xff\x1a\x08\x00\x00\x00\x00\x06\x00\x00\x00\x0aFi\
le Name:\x07\x00\x00\x00\x0bEdi\
tTaskTab\x01\x03\x00\x00\x00\x04c\x07\
SW\x08\x00\x00\x00\x00\x06\x00\x00\x00\x05Guid\
e\x07\x00\x00\x00\x0bEditTaskTa\
b\x01\x03\x00\x00\x00\x08S/Qe\x81sg,\x08\
\x00\x00\x00\x00\x06\x00\x00\x00\x0dImport \
Script\x07\x00\x00\x00\x0bEditT\
askTab\x01\x03\x00\x00\x00\x08S/Qe\
Y1eW\x08\x00\x00\x00\x00\x06\x00\x00\x00\x0dIm\
port failed\x07\x00\x00\x00\x0b\
EditTaskTab\x01\x03\x00\x00\x00\
 \x98^R%T\x0dz1q!eH0\x02S\
\xea\x80\xfdO\x7fu(\x82\xf1e\x87[WQC0\
\x02\x08\x00\x00\x00\x00\x06\x00\x00\x004Inval\
id Class Name. M\
ust be English c\
haracters only.\x07\
\x00\x00\x00\x0bEditTaskTab\x01\
\x03\x00\x00\x006q!eHv\x84j\x94hHT\
\x0dz10\x02S\xea\x80\xfdO\x7fu(\x82\xf1e\
\x87[Wk\xcd0\x01ex[W0\x01^\x95}\
\xdaT\x8c\x90#[W\x86_0\x02\x08\x00\x00\x00\x00\
\x06\x00\x00\x00KInvalid fil\
e name. Use Engl\
ish letters, num\
bers, underscore\
s, hyphens only.\
\x07\x00\x00\x00\x0bEditTaskTab\
\x01\x03\x00\x00\x00\x04c\x09\x93u\x08\x00\x00\x00\x00\x06\
\x00\x00\x00\x03Key\x07\x00\x00\x00\x0bEdit\
TaskTab\x01\x03\x00\x00\x00\x04e\xe5\x8a\
\x8c\x08\x00\x00\x00\x00\x06\x00\x00\x00\x07Loggi\
ng\x07\x00\x00\x00\x0bEditTaskT\
ab\x01\x03\x00\x00\x00\x08q!\x96P_\xaat\xb0\
\x08\x00\x00\x00\x00\x06\x00\x00\x00\x0fLoop i\
nfinitely\x07\x00\x00\x00\x0bEd\
itTaskTab\x01\x03\x00\x00\x00\x0c_\
\xaat\xb0c\x07[\x9ak!ex\x08\x00\x00\x00\x00\
\x06\x00\x00\x00\x0cLoop x time\
s\x07\x00\x00\x00\x0bEditTaskTa\
b\x01\x03\x00\x00\x00\x04n\xd1\x9f \x08\x00\x00\x00\x00\
\x06\x00\x00\x00\x05Mouse\x07\x00\x00\x00\x0bE\
ditTaskTab\x01\x03\x00\x00\x00\x06\
N\x0d_\xaat\xb0\x08\x00\x00\x00\x00\x06\x00\x00\x00\x07\
No loop\x07\x00\x00\x00\x0bEdit\
TaskTab\x01\x03\x00\x00\x00\x12l\x92g\
\x09S\xefS/Q\xfav\x84N\xfbR\xd90\x02\x08\
\x00\x00\x00\x00\x06\x00\x00\x00\x13No task\
s to export.\x07\x00\x00\x00\
\x0bEditTaskTab\x01\x03\x00\x00\
\x00\x06\x00O\x00C\x00R\x08\x00\x00\x00\x00\x06\x00\x00\
\x00\x03OCR\x07\x00\x00\x00\x0bEditTa\
skTab\x01\x03\x00\x00\x00\x04x\xba[\x9a\x08\
\x00\x00\x00\x00\x06\x00\x00\x00\x02OK\x07\x00\x00\x00\x0b\
EditTaskTab\x01\x03\x00\x00\x00\
D\x00O\x00K\x00S\x00c\x00r\x00i\x00p\x00\
t\x00 j\x94hH\x00 \x00(\x00*\x00.\x00\
o\x00k\x00s\x00c\x00r\x00i\x00p\x00t\x00\
)\x00;\x00;b@g\x09j\x94hH\x00 \x00\
(\x00*\x00)\x08\x00\x00\x00\x00\x06\x00\x00\x00*O\
KScript Files (*\
.okscript);;All \
Files (*)\x07\x00\x00\x00\x0bEd\
itTaskTab\x01\x03\x00\x00\x00\x04Q\
vN\xd6\x08\x00\x00\x00\x00\x06\x00\x00\x00\x05Oth\
er\x07\x00\x00\x00\x0bEditTaskT\
ab\x01\x03\x00\x00\x00\x1c\x8a\xcb\x81\xf3\x5c\x11\x90x\
d\xc7N\x00P\x0bN\xfbR\xd9\x902\x88LS/\
Q\xfa0\x02\x08\x00\x00\x00\x00\x06\x00\x00\x00*Pl\
ease select at l\
east one task to\
 export.\x07\x00\x00\x00\x0bEdi\
tTaskTab\x01\x03\x00\x00\x00\x04\x93\x04\
\x88\xfd\x08\x00\x00\x00\x00\x06\x00\x00\x00\x06Reco\
rd\x07\x00\x00\x00\x0bEditTaskT\
ab\x01\x03\x00\x00\x00$\x93\x04\x88\xfd\x5c\x07\x89\x86\
\x84\xcbv\xeeRMv\x84\x81sg,\x90\x8f\x8f/\
0\x02f/T&~|~\x8c\xff\x1f\x08\x00\x00\x00\
\x00\x06\x00\x00\x008Record wil\
l override the c\
urrent script lo\
gic. Continue?\x07\x00\
\x00\x00\x0bEditTaskTab\x01\x03\
\x00\x00\x00@W(\x89\x96z\x97\x00 \x00'\x00{\
\x00h\x00w\x00n\x00d\x00_\x00n\x00a\x00m\
\x00e\x00}\x00'\x00 \x86Ue\xbcm;R\xd5\
r\xc0aKfB\xff\x0c\x5c\x07\x95\x8bY\xcb\x93\x04\
\x88\xfd0\x02\x08\x00\x00\x00\x00\x06\x00\x00\x00>Re\
cording will sta\
rt when window '\
{hwnd_name}' bec\
omes active.\x07\x00\x00\x00\
\x0bEditTaskTab\x01\x03\x00\x00\
\x00\x04W\xf7\x88L\x08\x00\x00\x00\x00\x06\x00\x00\x00\x03\
Run\x07\x00\x00\x00\x0bEditTask\
Tab\x01\x03\x00\x00\x00\x04Q2[X\x08\x00\x00\
\x00\x00\x06\x00\x00\x00\x04Save\x07\x00\x00\x00\x0b\
EditTaskTab\x01\x03\x00\x00\x00\
\x08Q2[X\x8b\x8af\xf4\x08\x00\x00\x00\x00\x06\x00\
\x00\x00\x0cSave Changes\x07\
\x00\x00\x00\x0bEditTaskTab\x01\
\x03\x00\x00\x00\x0a\x81sg,T\x0dz1\xff\x1a\x08\
\x00\x00\x00\x00\x06\x00\x00\x00\x0cScript \
Name:\x07\x00\x00\x00\x0bEditTa\
skTab\x01\x03\x00\x00\x00\x1c\x81sg,]\
\xf2b\x10R\x9fS/Q\xfaR0N\x0b\x8f\x09\x8c\
\xc7e\x99Y>0\x02\x08\x00\x00\x00\x00\x06\x00\x00\x00\
1Script exported\
 successfully to\
 Downloads folde\
r.\x07\x00\x00\x00\x0bEditTaskT\
ab\x01\x03\x00\x00\x00\x12\x81sg,T\x0dz1\
p\xba_\xc5Xk\x98\x050\x02\x08\x00\x00\x00\x00\x06\
\x00\x00\x00\x18Script name \
is required.\x07\x00\x00\x00\
\x0bEditTaskTab\x01\x03\x00\x00\
\x00\x0ed\x1c\x5c\x0b{\xc4g,\x00.\x00.\x00.\
\x08\x00\x00\x00\x00\x06\x00\x00\x00\x13Search\
 templates...\x07\x00\x00\
\x00\x0bEditTaskTab\x01\x03\x00\
\x00\x00\x0c\x90xd\xc7\x81sg,j\x94hH\x08\
\x00\x00\x00\x00\x06\x00\x00\x00\x12Select \
Script File\x07\x00\x00\x00\x0b\
EditTaskTab\x01\x03\x00\x00\x00\
\x12\x90xd\xc7\x89\x81S/Q\xfav\x84N\xfbR\
\xd9\xff\x1a\x08\x00\x00\x00\x00\x06\x00\x00\x00\x17Sel\
ect tasks to exp\
ort:\x07\x00\x00\x00\x0bEditTas\
kTab\x01\x03\x00\x00\x00\x04P\x5ckb\x08\x00\
\x00\x00\x00\x06\x00\x00\x00\x04Stop\x07\x00\x00\x00\
\x0bEditTaskTab\x01\x03\x00\x00\
\x00\x04b\x10R\x9f\x08\x00\x00\x00\x00\x06\x00\x00\x00\x07\
Success\x07\x00\x00\x00\x0bEdit\
TaskTab\x01\x03\x00\x00\x00\x12N\xfbR\
\xd9T\x0dz1N\x0d\x80\xfdp\xbazz0\x02\x08\
\x00\x00\x00\x00\x06\x00\x00\x00\x16Task Na\
me is required.\x07\
\x00\x00\x00\x0bEditTaskTab\x01\
\x03\x00\x00\x00\x0eN\xfbR\xd9\x89\x07\x88\xfdb\x10R\
\x9f0\x02\x08\x00\x00\x00\x00\x06\x00\x00\x00\x19Tas\
k copied success\
fully.\x07\x00\x00\x00\x0bEditT\
askTab\x01\x03\x00\x00\x00\x0eN\xfbR\xd9\
^\xfaz\xcbb\x10R\x9f0\x02\x08\x00\x00\x00\x00\x06\
\x00\x00\x00\x1aTask created\
 successfully.\x07\x00\
\x00\x00\x0bEditTaskTab\x01\x03\
\x00\x00\x00\x0eN\xfbR\xd9R*\x96db\x10R\x9f\
0\x02\x08\x00\x00\x00\x00\x06\x00\x00\x00\x1aTask\
 deleted success\
fully.\x07\x00\x00\x00\x0bEditT\
askTab\x01\x03\x00\x00\x00\x10N\xfbR\xd9\
j\x94hH]\xf2[XW(0\x02\x08\x00\x00\x00\
\x00\x06\x00\x00\x00\x19Task file \
already exists.\x07\
\x00\x00\x00\x0bEditTaskTab\x01\
\x03\x00\x00\x00\x0eN\xfbR\xd9\x91\xcd^\xfab\x10R\
\x9f0\x02\x08\x00\x00\x00\x00\x06\x00\x00\x00\x1aTas\
k rebuilt succes\
sfully.\x07\x00\x00\x00\x0bEdit\
TaskTab\x01\x03\x00\x00\x00\x08j!g\
\x7fS9\x91M\x08\x00\x00\x00\x00\x06\x00\x00\x00\x11T\
emplate Matching\
\x07\x00\x00\x00\x0bEditTaskTab\
\x01\x03\x00\x00\x00&v\xeeRMv\x84N\xfbR\xd9\
g\x09g*Q2[Xv\x84\x8b\x8af\xf40\x02\
f/T&\x89\x81Q2[X\xff\x1f\x08\x00\x00\x00\
\x00\x06\x00\x00\x00?The curren\
t task has unsav\
ed changes. Do y\
ou want to save \
them?\x07\x00\x00\x00\x0bEditTa\
skTab\x01\x03\x00\x00\x00*j\x94hH]\
\xf2\x88\xabY\x16\x90\xe8O\xeee90\x02f/T\
&\x89\x81\x89\x86\x84\xcbg*Q2[Xv\x84\x8b\
\x8af\xf4\xff\x1f\x08\x00\x00\x00\x00\x06\x00\x00\x00PT\
he file was modi\
fied externally.\
 Do you want to \
overwrite your u\
nsaved changes?\x07\
\x00\x00\x00\x0bEditTaskTab\x01\
\x03\x00\x00\x00\x06rHg,\xff\x1a\x08\x00\x00\x00\x00\
\x06\x00\x00\x00\x08Version:\x07\x00\x00\
\x00\x0bEditTaskTab\x01\x03\x00\
\x00\x00\x04\x8bfTJ\x08\x00\x00\x00\x00\x06\x00\x00\x00\
\x07Warning\x07\x00\x00\x00\x0bEdi\
tTaskTab\x01\x03\x00\x00\x00\x04\x89\x96\
z\x97\x08\x00\x00\x00\x00\x06\x00\x00\x00\x06Wind\
ow\x07\x00\x00\x00\x0bEditTaskT\
ab\x01\x03\x00\x00\x00\x12\x00A\x00D\x00B\x00 \
\x00S\x00h\x00e\x00l\x00l\x08\x00\x00\x00\x00\x06\
\x00\x00\x00\x09adb_shell\x07\x00\x00\
\x00\x0bEditTaskTab\x01\x03\x00\
\x00\x00\x12\x00A\x00D\x00B\x00 \x00U\x00I\x00\
 [\xfcQ\xfa\x08\x00\x00\x00\x00\x06\x00\x00\x00\x0ba\
db_ui_dump\x07\x00\x00\x00\x0bE\
ditTaskTab\x01\x03\x00\x00\x00\x0c\
m\xfbR\xa0e\x87g,O\xeekc\x08\x00\x00\x00\
\x00\x06\x00\x00\x00\x0cadd_text_f\
ix\x07\x00\x00\x00\x0bEditTaskT\
ab\x01\x03\x00\x00\x00\x04\x8f\xd4V\xde\x08\x00\x00\x00\
\x00\x06\x00\x00\x00\x04back\x07\x00\x00\x00\x0bE\
ditTaskTab\x01\x03\x00\x00\x00\x06\
w\xe9_bhF\x08\x00\x00\x00\x00\x06\x00\x00\x00\x03\
box\x07\x00\x00\x00\x0bEditTask\
Tab\x01\x03\x00\x00\x00\x0al4^s\x5cEN\
-hF\x08\x00\x00\x00\x00\x06\x00\x00\x00\x18box\
_in_horizontal_c\
enter\x07\x00\x00\x00\x0bEditTa\
skTab\x01\x03\x00\x00\x00\x06\x5cO^Uh\
F\x08\x00\x00\x00\x00\x06\x00\x00\x00\x0dbox_o\
f_screen\x07\x00\x00\x00\x0bEdi\
tTaskTab\x01\x03\x00\x00\x00\x0e\x7f)\
e>T\x0ev\x84\x5cO^UhF\x08\x00\x00\x00\
\x00\x06\x00\x00\x00\x14box_of_scr\
een_scaled\x07\x00\x00\x00\x0bE\
ditTaskTab\x01\x03\x00\x00\x00\x0e\
\x8b\xa1{\x97\x98\x9c\x82rv~R\x06k\xd4\x08\x00\
\x00\x00\x00\x06\x00\x00\x00\x1acalculat\
e_color_percenta\
ge\x07\x00\x00\x00\x0bEditTaskT\
ab\x01\x03\x00\x00\x00\x06n\x05\x96dhF\x08\x00\
\x00\x00\x00\x06\x00\x00\x00\x09clear_bo\
x\x07\x00\x00\x00\x0bEditTaskTa\
b\x01\x03\x00\x00\x00\x04p\xb9Q\xfb\x08\x00\x00\x00\x00\
\x06\x00\x00\x00\x05click\x07\x00\x00\x00\x0bE\
ditTaskTab\x01\x03\x00\x00\x00\x06\
p\xb9Q\xfbhF\x08\x00\x00\x00\x00\x06\x00\x00\x00\x09\
click_box\x07\x00\x00\x00\x0bEd\
itTaskTab\x01\x03\x00\x00\x00\x14Y\
\x82g\x9cT\x0dy\xf0S9\x91MR\x19p\xb9Q\
\xfbhF\x08\x00\x00\x00\x00\x06\x00\x00\x00\x17cli\
ck_box_if_name_m\
atch\x07\x00\x00\x00\x0bEditTas\
kTab\x01\x03\x00\x00\x00\x08v\xf8[\xf9p\xb9\
Q\xfb\x08\x00\x00\x00\x00\x06\x00\x00\x00\x0eclic\
k_relative\x07\x00\x00\x00\x0bE\
ditTaskTab\x01\x03\x00\x00\x00\x06\
Rj\x8d4g\x7f\x08\x00\x00\x00\x00\x06\x00\x00\x00\x09\
clipboard\x07\x00\x00\x00\x0bEd\
itTaskTab\x01\x03\x00\x00\x00\x0cR\
\x1b^\xfa_\xebcwe\xb9_\x0f\x08\x00\x00\x00\x00\
\x06\x00\x00\x00\x0fcreate_shor\
tcut\x07\x00\x00\x00\x0bEditTas\
kTab\x01\x03\x00\x00\x00\x08y\x81u(N\xfb\
R\xa1\x08\x00\x00\x00\x00\x06\x00\x00\x00\x07disa\
ble\x07\x00\x00\x00\x0bEditTask\
Tab\x01\x03\x00\x00\x00\x06~\xd8R6hF\x08\
\x00\x00\x00\x00\x06\x00\x00\x00\x0adraw_bo\
xes\x07\x00\x00\x00\x0bEditTask\
Tab\x01\x03\x00\x00\x00\x08T/u(N\xfbR\
\xa1\x08\x00\x00\x00\x00\x06\x00\x00\x00\x06enabl\
e\x07\x00\x00\x00\x0bEditTaskTa\
b\x01\x03\x00\x00\x00\x0axnO\xddW(g\x00R\
M\x08\x00\x00\x00\x00\x06\x00\x00\x00\x0fensur\
e_in_front\x07\x00\x00\x00\x0bE\
ditTaskTab\x01\x03\x00\x00\x00\x0c\
ry_\x81f/T&[XW(\x08\x00\x00\x00\
\x00\x06\x00\x00\x00\x0efeature_ex\
ists\x07\x00\x00\x00\x0bEditTas\
kTab\x01\x03\x00\x00\x00\x04g\xe5b~\x08\x00\
\x00\x00\x00\x06\x00\x00\x00\x04find\x07\x00\x00\x00\
\x0bEditTaskTab\x01\x03\x00\x00\
\x00\x12W(hFQ\x85g\xe5b~g\x00Os\
S9\x91M\x08\x00\x00\x00\x00\x06\x00\x00\x00\x16fi\
nd_best_match_in\
_box\x07\x00\x00\x00\x0bEditTas\
kTab\x01\x03\x00\x00\x00\x0ag\xe5b~Y\x1a\
N*hF\x08\x00\x00\x00\x00\x06\x00\x00\x00\x0afi\
nd_boxes\x07\x00\x00\x00\x0bEdi\
tTaskTab\x01\x03\x00\x00\x00\x08g\xe5\
b~ry_\x81\x08\x00\x00\x00\x00\x06\x00\x00\x00\x0c\
find_feature\x07\x00\x00\x00\
\x0bEditTaskTab\x01\x03\x00\x00\
\x00\x0eg\xe5b~ry_\x81^v\x8b\xbe\x7fn\
\x08\x00\x00\x00\x00\x06\x00\x00\x00\x14find_f\
eature_and_set\x07\x00\
\x00\x00\x0bEditTaskTab\x01\x03\
\x00\x00\x00\x12W(hFQ\x85g\xe5b~\x99\x96\
N*S9\x91M\x08\x00\x00\x00\x00\x06\x00\x00\x00\x17\
find_first_match\
_in_box\x07\x00\x00\x00\x0bEdit\
TaskTab\x01\x03\x00\x00\x00\x08g\xe5b\
~N\x00N*\x08\x00\x00\x00\x00\x06\x00\x00\x00\x08f\
ind_one\x07\x00\x00\x00\x0bEdit\
TaskTab\x01\x03\x00\x00\x00\x0cc\x09T\
\x0dy\xf0\x83\xb7S\xd6hF\x08\x00\x00\x00\x00\x06\x00\
\x00\x00\x0fget_box_by_na\
me\x07\x00\x00\x00\x0bEditTaskT\
ab\x01\x03\x00\x00\x00\x0ec\x09T\x0dy\xf0\x83\xb7\
S\xd6ry_\x81\x08\x00\x00\x00\x00\x06\x00\x00\x00\x13\
get_feature_by_n\
ame\x07\x00\x00\x00\x0bEditTask\
Tab\x01\x03\x00\x00\x00\x08\x83\xb7S\xd6r\xb6`\
\x01\x08\x00\x00\x00\x00\x06\x00\x00\x00\x0aget_s\
tatus\x07\x00\x00\x00\x0bEditTa\
skTab\x01\x03\x00\x00\x00\x10\x90\x1a\x8f\xc7|\
{T\x0d\x83\xb7S\xd6N\xfbR\xa1\x08\x00\x00\x00\x00\
\x06\x00\x00\x00\x11get_task_by\
_class\x07\x00\x00\x00\x0bEditT\
askTab\x01\x03\x00\x00\x00\x0a\x8flR0\
h\x07{~\x98u\x08\x00\x00\x00\x00\x06\x00\x00\x00\x09\
go_to_tab\x07\x00\x00\x00\x0bEd\
itTaskTab\x01\x03\x00\x00\x00\x08\x5c\
O^U\x9a\xd8^\xa6\x08\x00\x00\x00\x00\x06\x00\x00\x00\
\x10height_of_scree\
n\x07\x00\x00\x00\x0bEditTaskTa\
b\x01\x03\x00\x00\x00\x08O\xe1`oX\x9eR\xa0\x08\
\x00\x00\x00\x00\x06\x00\x00\x00\x08info_ad\
d\x07\x00\x00\x00\x0bEditTaskTa\
b\x01\x03\x00\x00\x00\x0eO\xe1`om\xfbR\xa0R\
0R\x17\x88h\x08\x00\x00\x00\x00\x06\x00\x00\x00\x10i\
nfo_add_to_list\x07\
\x00\x00\x00\x0bEditTaskTab\x01\
\x03\x00\x00\x00\x08O\xe1`on\x05\x96d\x08\x00\x00\
\x00\x00\x06\x00\x00\x00\x0ainfo_clea\
r\x07\x00\x00\x00\x0bEditTaskTa\
b\x01\x03\x00\x00\x00\x08O\xe1`o\x83\xb7S\xd6\x08\
\x00\x00\x00\x00\x06\x00\x00\x00\x08info_ge\
t\x07\x00\x00\x00\x0bEditTaskTa\
b\x01\x03\x00\x00\x00\x08O\xe1`o\x90\x12X\x9e\x08\
\x00\x00\x00\x00\x06\x00\x00\x00\x09info_in\
cr\x07\x00\x00\x00\x0bEditTaskT\
ab\x01\x03\x00\x00\x00\x08O\xe1`o\x8b\xbe\x7fn\
\x08\x00\x00\x00\x00\x06\x00\x00\x00\x08info_s\
et\x07\x00\x00\x00\x0bEditTaskT\
ab\x01\x03\x00\x00\x00\x08\x8f\x93Qee\x87g,\
\x08\x00\x00\x00\x00\x06\x00\x00\x00\x0ainput_\
text\x07\x00\x00\x00\x0bEditTas\
kTab\x01\x03\x00\x00\x00\x0cf/T&N:\
\x00A\x00D\x00B\x08\x00\x00\x00\x00\x06\x00\x00\x00\x06\
is_adb\x07\x00\x00\x00\x0bEditT\
askTab\x01\x03\x00\x00\x00\x0cf/T&\
N:mO\x89\xc8Vh\x08\x00\x00\x00\x00\x06\x00\x00\
\x00\x0ais_browser\x07\x00\x00\x00\
\x0bEditTaskTab\x01\x03\x00\x00\
\x00\x08\x8b\xb0_U\x8c\x03\x8b\xd5\x08\x00\x00\x00\x00\x06\
\x00\x00\x00\x09log_debug\x07\x00\x00\
\x00\x0bEditTaskTab\x01\x03\x00\
\x00\x00\x08\x8b\xb0_U\x95\x19\x8b\xef\x08\x00\x00\x00\x00\
\x06\x00\x00\x00\x09log_error\x07\x00\
\x00\x00\x0bEditTaskTab\x01\x03\
\x00\x00\x00\x08\x8b\xb0_UO\xe1`o\x08\x00\x00\x00\
\x00\x06\x00\x00\x00\x08log_info\x07\x00\
\x00\x00\x0bEditTaskTab\x01\x03\
\x00\x00\x00\x08\x8b\xb0_U\x8bfTJ\x08\x00\x00\x00\
\x00\x06\x00\x00\x00\x0blog_warnin\
g\x07\x00\x00\x00\x0bEditTaskTa\
b\x01\x03\x00\x00\x00\x08N-\x95.p\xb9Q\xfb\x08\
\x00\x00\x00\x00\x06\x00\x00\x00\x0cmiddle_\
click\x07\x00\x00\x00\x0bEditTa\
skTab\x01\x03\x00\x00\x00\x0cv\xf8[\xf9N\
-\x95.p\xb9Q\xfb\x08\x00\x00\x00\x00\x06\x00\x00\x00\
\x15middle_click_re\
lative\x07\x00\x00\x00\x0bEditT\
askTab\x01\x03\x00\x00\x00\x08\x9f h\x07\
c\x09N\x0b\x08\x00\x00\x00\x00\x06\x00\x00\x00\x0amo\
use_down\x07\x00\x00\x00\x0bEdi\
tTaskTab\x01\x03\x00\x00\x00\x08\x9f \
h\x07g~_\x00\x08\x00\x00\x00\x00\x06\x00\x00\x00\x08\
mouse_up\x07\x00\x00\x00\x0bEdi\
tTaskTab\x01\x03\x00\x00\x00\x08y\xfb\
R\xa8\x9f h\x07\x08\x00\x00\x00\x00\x06\x00\x00\x00\x04\
move\x07\x00\x00\x00\x0bEditTas\
kTab\x01\x03\x00\x00\x00\x0cv\xf8[\xf9y\xfb\
R\xa8\x9f h\x07\x08\x00\x00\x00\x00\x06\x00\x00\x00\x0d\
move_relative\x07\x00\x00\
\x00\x0bEditTaskTab\x01\x03\x00\
\x00\x00\x06N\x0bN\x00^'\x08\x00\x00\x00\x00\x06\x00\
\x00\x00\x0anext_frame\x07\x00\x00\
\x00\x0bEditTaskTab\x01\x03\x00\
\x00\x00\x04\x90\x1aw\xe5\x08\x00\x00\x00\x00\x06\x00\x00\x00\
\x0cnotification\x07\x00\x00\
\x00\x0bEditTaskTab\x01\x03\x00\
\x00\x00\x0e\x00O\x00C\x00Re\x87[W\x8b\xc6R\
+\x08\x00\x00\x00\x00\x06\x00\x00\x00\x03ocr\x07\x00\
\x00\x00\x0bEditTaskTab\x01\x03\
\x00\x00\x00\x08\x8d\x85Q\xfak\xd4O\x8b\x08\x00\x00\x00\
\x00\x06\x00\x00\x00\x0cout_of_rat\
io\x07\x00\x00\x00\x0bEditTaskT\
ab\x01\x03\x00\x00\x00\x04f\x82P\x5c\x08\x00\x00\x00\
\x00\x06\x00\x00\x00\x05pause\x07\x00\x00\x00\x0b\
EditTaskTab\x01\x03\x00\x00\x00\
\x08S\xf3\x95.p\xb9Q\xfb\x08\x00\x00\x00\x00\x06\x00\
\x00\x00\x0bright_click\x07\x00\
\x00\x00\x0bEditTaskTab\x01\x03\
\x00\x00\x00\x04b*V\xfe\x08\x00\x00\x00\x00\x06\x00\x00\
\x00\x0ascreenshot\x07\x00\x00\x00\
\x0bEditTaskTab\x01\x03\x00\x00\
\x00\x04n\xdaR\xa8\x08\x00\x00\x00\x00\x06\x00\x00\x00\x06\
scroll\x07\x00\x00\x00\x0bEditT\
askTab\x01\x03\x00\x00\x00\x08v\xf8[\xf9\
n\xdaR\xa8\x08\x00\x00\x00\x00\x06\x00\x00\x00\x0fsc\
roll_relative\x07\x00\x00\
\x00\x0bEditTaskTab\x01\x03\x00\
\x00\x00\x08S\xd1\x90\x01c\x09\x95.\x08\x00\x00\x00\x00\
\x06\x00\x00\x00\x08send_key\x07\x00\x00\
\x00\x0bEditTaskTab\x01\x03\x00\
\x00\x00\x08c\x09N\x0bc\x09\x95.\x08\x00\x00\x00\x00\
\x06\x00\x00\x00\x0dsend_key_do\
wn\x07\x00\x00\x00\x0bEditTaskT\
ab\x01\x03\x00\x00\x00\x08g~_\x00c\x09\x95.\
\x08\x00\x00\x00\x00\x06\x00\x00\x00\x0bsend_k\
ey_up\x07\x00\x00\x00\x0bEditTa\
skTab\x01\x03\x00\x00\x00\x04O\x11w \x08\
\x00\x00\x00\x00\x06\x00\x00\x00\x05sleep\x07\x00\
\x00\x00\x0bEditTaskTab\x01\x03\
\x00\x00\x00\x08O\x11w h\xc0g\xe5\x08\x00\x00\x00\
\x00\x06\x00\x00\x00\x0bsleep_chec\
k\x07\x00\x00\x00\x0bEditTaskTa\
b\x01\x03\x00\x00\x00\x08T/R\xa8\x8b\xbeY\x07\x08\
\x00\x00\x00\x00\x06\x00\x00\x00\x0cstart_d\
evice\x07\x00\x00\x00\x0bEditTa\
skTab\x01\x03\x00\x00\x00\x04n\xd1R\xa8\x08\
\x00\x00\x00\x00\x06\x00\x00\x00\x05swipe\x07\x00\
\x00\x00\x0bEditTaskTab\x01\x03\
\x00\x00\x00\x08v\xf8[\xf9n\xd1R\xa8\x08\x00\x00\x00\
\x00\x06\x00\x00\x00\x0eswipe_rela\
tive\x07\x00\x00\x00\x0bEditTas\
kTab\x01\x03\x00\x00\x00\x04\x7f\xfb\x8b\xd1\x08\x00\
\x00\x00\x00\x06\x00\x00\x00\x02tr\x07\x00\x00\x00\x0bE\
ditTaskTab\x01\x03\x00\x00\x00\x04\
\x89\xe6S\xd1\x08\x00\x00\x00\x00\x06\x00\x00\x00\x07tr\
igger\x07\x00\x00\x00\x0bEditTa\
skTab\x01\x03\x00\x00\x00\x04`bY\x0d\x08\
\x00\x00\x00\x00\x06\x00\x00\x00\x07unpause\
\x07\x00\x00\x00\x0bEditTaskTab\
\x01\x03\x00\x00\x00\x0c{I_\x85^vp\xb9Q\xfb\
hF\x08\x00\x00\x00\x00\x06\x00\x00\x00\x0ewait\
_click_box\x07\x00\x00\x00\x0bE\
ditTaskTab\x01\x03\x00\x00\x00\x0e\
{I_\x85^vp\xb9Q\xfbry_\x81\x08\x00\
\x00\x00\x00\x06\x00\x00\x00\x12wait_cli\
ck_feature\x07\x00\x00\x00\x0bE\
ditTaskTab\x01\x03\x00\x00\x00\x14\
{I_\x85^vp\xb9Q\xfb\x00O\x00C\x00R\
e\x87[W\x08\x00\x00\x00\x00\x06\x00\x00\x00\x0ewa\
it_click_ocr\x07\x00\x00\x00\
\x0bEditTaskTab\x01\x03\x00\x00\
\x00\x08{I_\x85ry_\x81\x08\x00\x00\x00\x00\x06\
\x00\x00\x00\x0cwait_feature\
\x07\x00\x00\x00\x0bEditTaskTab\
\x01\x03\x00\x00\x00\x0e{I_\x85\x00O\x00C\x00R\
e\x87[W\x08\x00\x00\x00\x00\x06\x00\x00\x00\x08wa\
it_ocr\x07\x00\x00\x00\x0bEditT\
askTab\x01\x03\x00\x00\x00\x08{I_\x85\
v\xf4R0\x08\x00\x00\x00\x00\x06\x00\x00\x00\x0awa\
it_until\x07\x00\x00\x00\x0bEdi\
tTaskTab\x01\x03\x00\x00\x00\x08\x5cO\
^U[\xbd^\xa6\x08\x00\x00\x00\x00\x06\x00\x00\x00\x0f\
width_of_screen\x07\
\x00\x00\x00\x0bEditTaskTab\x01\
\x03\x00\x00\x00\x08\x91\xcd\x8a-\x8a-[\x9a\x08\x00\x00\
\x00\x00\x06\x00\x00\x00\x0cReset Con\
fig\x07\x00\x00\x00\x10GlobalCo\
nfigCard\x01\x03\x00\x00\x00\x08\x91\xcd\
\x8a-\x8a-[\x9a\x08\x00\x00\x00\x00\x06\x00\x00\x00\x0c\
Reset Config\x07\x00\x00\x00\
\x0fGlobalConfigTab\
\x01\x03\x00\x00\x00\x04S\xd6m\x88\x08\x00\x00\x00\x00\x06\
\x00\x00\x00\x06Cancel\x07\x00\x00\x00\x0bH\
wndChooser\x01\x03\x00\x00\x00\x08\
\x90xS\xd6\x89\x96z\x97\x08\x00\x00\x00\x00\x06\x00\x00\
\x00\x0dChoose Window\x07\
\x00\x00\x00\x0bHwndChooser\x01\
\x03\x00\x00\x00\x04x\xba\x8a\x8d\x08\x00\x00\x00\x00\x06\x00\
\x00\x00\x07Confirm\x07\x00\x00\x00\x0bH\
wndChooser\x01\x03\x00\x00\x00\x0c\
\x00{\x00}\x00 ]\xf2\x90xS\xd6\x08\x00\x00\x00\
\x00\x06\x00\x00\x00\x0b{} Selecte\
d\x07\x00\x00\x00\x0bHwndChoose\
r\x01\x03\x00\x00\x00\x04S\xd6m\x88\x08\x00\x00\x00\x00\
\x06\x00\x00\x00\x06Cancel\x07\x00\x00\x00\x13\
ImportWarningDia\
log\x01\x03\x00\x00\x00\x04x\xba\x8a\x8d\x08\x00\x00\
\x00\x00\x06\x00\x00\x00\x07Confirm\x07\x00\
\x00\x00\x13ImportWarning\
Dialog\x01\x03\x00\x00\x00\x1cb\x11N\x86\
\x89\xe3\x98\xa8\x96\xaaN&^\x0cg\x1b\x5c\x0eQe\
kd\x81sg,0\x02\x08\x00\x00\x00\x00\x06\x00\x00\
\x006I understand t\
he risks and wan\
t to import this\
 script.\x07\x00\x00\x00\x13Imp\
ortWarningDialog\
\x01\x03\x00\x00\x00x\x8a\xcbx\xbaO\xdd`\xa8O\xe1\
N\xfb\x81sg,v|^\x03\x80\x05\xff\x0cg*\
}\x93\x9aW\x8bIv\x84\x81sg,S\xef\x80\xfd\
g\x03\xff\x08OFN\x0d\x96Pe\xbc\xff\x09z\xca\
S\xd6`\xa8v\x84^3b6\x00/exd\xda\
\x00/\x91\xd1\x93\x22\xff\x0cx4X\xde`\xa8v\x84\
exd\xda\xff\x0cb\x16d\x0dX\xde\x00/c\xa7\
R6`\xa8v\x84\x8a\x08{\x97j_0\x02\x08\x00\
\x00\x00\x00\x06\x00\x00\x00\xabMake sur\
e that you trust\
 the script publ\
isher, unverifie\
d script can and\
 not limited to \
steal your accou\
nt/ data money, \
destroy your dat\
a, harm/ control\
ling your comput\
er.\x07\x00\x00\x00\x13ImportWa\
rningDialog\x01\x03\x00\x00\x00\
\x04\x8bfTJ\x08\x00\x00\x00\x00\x06\x00\x00\x00\x07W\
arning\x07\x00\x00\x00\x13Impor\
tWarningDialog\x01\x03\
\x00\x00\x00\x10b@g\x09j\x94hH\x00 \x00(\
\x00*\x00)\x08\x00\x00\x00\x00\x06\x00\x00\x00\x0dAl\
l Files (*)\x07\x00\x00\x00\x14\
LabelAndFileSele\
ctor\x01\x03\x00\x00\x00\x04p\x0f\x89\xbd\x08\x00\
\x00\x00\x00\x06\x00\x00\x00\x06Browse\x07\x00\
\x00\x00\x14LabelAndFileS\
elector\x01\x03\x00\x00\x00\x08\x90xd\
\xc7j\x94hH\x08\x00\x00\x00\x00\x06\x00\x00\x00\x0bS\
elect File\x07\x00\x00\x00\x14L\
abelAndFileSelec\
tor\x01\x03\x00\x00\x00\x10\x90xd\xc7j\x94h\
Hb\x16\x8c\xc7e\x99Y>\x08\x00\x00\x00\x00\x06\x00\
\x00\x00\x15Select File o\
r Folder\x07\x00\x00\x00\x14Lab\
elAndFileSelecto\
r\x01\x03\x00\x00\x00\x0a\x90xd\xc7\x8c\xc7e\x99Y\
>\x08\x00\x00\x00\x00\x06\x00\x00\x00\x0dSelec\
t Folder\x07\x00\x00\x00\x14Lab\
elAndFileSelecto\
r\x01\x03\x00\x00\x00\x08RM_\x80\x8a-[\x9a\x08\
\x00\x00\x00\x00\x06\x00\x00\x00\x0cGo to C\
onfig\x07\x00\x00\x00\x0eLabelA\
ndGlobal\x01\x03\x00\x00\x00\x02T&\
\x08\x00\x00\x00\x00\x06\x00\x00\x00\x02No\x07\x00\x00\x00\
\x14LabelAndSwitchB\
utton\x01\x03\x00\x00\x00\x02f/\x08\x00\x00\
\x00\x00\x06\x00\x00\x00\x03Yes\x07\x00\x00\x00\x14L\
abelAndSwitchBut\
ton\x01\x03\x00\x00\x00\x0e\x00D\x00i\x00s\x00\
c\x00o\x00r\x00d\x08\x00\x00\x00\x00\x06\x00\x00\x00\
\x07Discord\x07\x00\x00\x00\x08Lin\
ksBar\x01\x03\x00\x00\x00\x08^8\x89\x8bU\
O\x98L\x08\x00\x00\x00\x00\x06\x00\x00\x00\x03FAQ\
\x07\x00\x00\x00\x08LinksBar\x01\x03\x00\
\x00\x00\x0c\x00G\x00i\x00t\x00H\x00u\x00b\x08\
\x00\x00\x00\x00\x06\x00\x00\x00\x06GitHub\x07\
\x00\x00\x00\x08LinksBar\x01\x03\x00\x00\
\x00\x0cR\x06N\xabN\x0b\x8f\x09\x90#}P\x08\x00\
\x00\x00\x00\x06\x00\x00\x00\x05Share\x07\x00\x00\
\x00\x08LinksBar\x01\x03\x00\x00\x00\x16\
R\x06N\xab\x90#}P]\xf2\x89\x07\x88\xfdR0\
Rj\x8c\xbc|?\x08\x00\x00\x00\x00\x06\x00\x00\x00\x1e\
Share Link copie\
d to clipboard\x07\x00\
\x00\x00\x08LinksBar\x01\x03\x00\x00\x00\
\x04\x8d\x0aR\xa9\x08\x00\x00\x00\x00\x06\x00\x00\x00\x07S\
ponsor\x07\x00\x00\x00\x08Links\
Bar\x01\x03\x00\x00\x00\x08Qh\x90\xe8}\x1aR\
%\x08\x00\x00\x00\x00\x06\x00\x00\x00\x0aAll L\
evels\x07\x00\x00\x00\x09LogWin\
dow\x01\x03\x00\x00\x00\x04n\x05\x96d\x08\x00\x00\
\x00\x00\x06\x00\x00\x00\x05Clear\x07\x00\x00\x00\
\x09LogWindow\x01\x03\x00\x00\x00\x04\
\x95\xdc\x95\x89\x08\x00\x00\x00\x00\x06\x00\x00\x00\x05Cl\
ose\x07\x00\x00\x00\x09LogWindo\
w\x01\x03\x00\x00\x00\x04b\xd6f\xf3\x08\x00\x00\x00\x00\
\x06\x00\x00\x00\x04Drag\x07\x00\x00\x00\x09Lo\
gWindow\x01\x03\x00\x00\x00\x0e{\xe9\x90\
xe\xe5\x8a\x8c\x00.\x00.\x00.\x08\x00\x00\x00\x00\
\x06\x00\x00\x00\x0eFilter logs\
...\x07\x00\x00\x00\x09LogWindo\
w\x01\x03\x00\x00\x00\x08\x95\x8bU_e\xe5\x8a\x8c\x08\
\x00\x00\x00\x00\x06\x00\x00\x00\x09Open Lo\
gs\x07\x00\x00\x00\x09LogWindow\
\x01\x03\x00\x00\x00\x04f\xabP\x5c\x08\x00\x00\x00\x00\x06\
\x00\x00\x00\x05Pause\x07\x00\x00\x00\x09Lo\
gWindow\x01\x03\x00\x00\x00\x04\x7fn\x98\
\x02\x08\x00\x00\x00\x00\x06\x00\x00\x00\x03Pin\x07\x00\
\x00\x00\x09LogWindow\x01\x03\x00\x00\
\x00\x04~|~\x8c\x08\x00\x00\x00\x00\x06\x00\x00\x00\x06\
Resume\x07\x00\x00\x00\x09LogWi\
ndow\x01\x03\x00\x00\x00\x08S\xd6m\x88\x7fn\
\x98\x02\x08\x00\x00\x00\x00\x06\x00\x00\x00\x05Unpi\
n\x07\x00\x00\x00\x09LogWindow\x01\
\x03\x00\x00\x00\x08g\xe5w\x0be\xe5\x8a\x8c\x08\x00\x00\
\x00\x00\x06\x00\x00\x00\x08View Log\x07\
\x00\x00\x00\x09LogWindow\x01\x03\x00\
\x00\x00 {I_\x85\x00 \x00o\x00k\x00-\x00\
s\x00c\x00r\x00i\x00p\x00t\x00.\x00l\x00\
o\x00g\x08\x00\x00\x00\x00\x06\x00\x00\x00\x19Wai\
ting for ok-scri\
pt.log\x07\x00\x00\x00\x09LogWi\
ndow\x01\x03\x00\x00\x00\x02{F\x08\x00\x00\x00\
\x00\x06\x00\x00\x00\x07records\x07\x00\x00\
\x00\x09LogWindow\x01\x03\x00\x00\x00\
\x04\x95\xdce\xbc\x08\x00\x00\x00\x00\x06\x00\x00\x00\x05A\
bout\x07\x00\x00\x00\x0aMainWin\
dow\x01\x03\x00\x00\x00\x08b*W\x16e\xb9_\
\x0f\x08\x00\x00\x00\x00\x06\x00\x00\x00\x07Captu\
re\x07\x00\x00\x00\x0aMainWindo\
w\x01\x03\x00\x00\x00\x08b*W\x16\x93/\x8a\xa4\x08\
\x00\x00\x00\x00\x06\x00\x00\x00\x0dCapture\
 Error\x07\x00\x00\x00\x0aMainW\
indow\x01\x03\x00\x00\x00\x08\x95\x8bv|]\
\xe5Qw\x08\x00\x00\x00\x00\x06\x00\x00\x00\x05Deb\
ug\x07\x00\x00\x00\x0aMainWindo\
w\x01\x03\x00\x00\x00\x04\x93/\x8a\xa4\x08\x00\x00\x00\x00\
\x06\x00\x00\x00\x05Error\x07\x00\x00\x00\x0aM\
ainWindow\x01\x03\x00\x00\x00\x04\x90\
\x00Q\xfa\x08\x00\x00\x00\x00\x06\x00\x00\x00\x04Exi\
t\x07\x00\x00\x00\x0aMainWindow\
\x01\x03\x00\x00\x00\x04c\xd0y:\x08\x00\x00\x00\x00\x06\
\x00\x00\x00\x04Info\x07\x00\x00\x00\x0aMai\
nWindow\x01\x03\x00\x00\x00\x08]\xf2f\
\xabP\x5c0\x02\x08\x00\x00\x00\x00\x06\x00\x00\x00\x0eP\
ause Success.\x07\x00\x00\
\x00\x0aMainWindow\x01\x03\x00\x00\
\x00\x1e\x8a\xcbj\xa2g\xe5\x90Jb2\x89\x96z\x97\
f/T&]\xf2kcx\xba\x90xS\xd6\xff\x01\
\x08\x00\x00\x00\x00\x06\x00\x00\x00;Please\
 check whether t\
he game window i\
s selected corre\
ctly!\x07\x00\x00\x00\x0aMainWi\
ndow\x01\x03\x00\x00\x00\x06kc_\x0frH\
\x08\x00\x00\x00\x00\x06\x00\x00\x00\x07Releas\
e\x07\x00\x00\x00\x0aMainWindow\
\x01\x03\x00\x00\x00\x0aW\xf7\x88Lz\x0b_\x0fx\xbc\
\x08\x00\x00\x00\x00\x06\x00\x00\x00\x08Run Co\
de\x07\x00\x00\x00\x0aMainWindo\
w\x01\x03\x00\x00\x00\x08\x8a\x08R\x83N\xfbR\xd9\x08\
\x00\x00\x00\x00\x06\x00\x00\x00\x08Schedul\
e\x07\x00\x00\x00\x0aMainWindow\
\x01\x03\x00\x00\x00\x04\x81sg,\x08\x00\x00\x00\x00\x06\
\x00\x00\x00\x06Script\x07\x00\x00\x00\x0aM\
ainWindow\x01\x03\x00\x00\x00\x04\x8a\
-[\x9a\x08\x00\x00\x00\x00\x06\x00\x00\x00\x08Set\
tings\x07\x00\x00\x00\x0aMainWi\
ndow\x01\x03\x00\x00\x00\x0aU_R\xd5b\x10\
R\x9f0\x02\x08\x00\x00\x00\x00\x06\x00\x00\x00\x0eSt\
art Success.\x07\x00\x00\x00\
\x0aMainWindow\x01\x03\x00\x00\x00\
\x04N\xfbR\xd9\x08\x00\x00\x00\x00\x06\x00\x00\x00\x05T\
asks\x07\x00\x00\x00\x0aMainWin\
dow\x01\x03\x00\x00\x00\x04j!g\x7f\x08\x00\x00\
\x00\x00\x06\x00\x00\x00\x09Templates\
\x07\x00\x00\x00\x0aMainWindow\x01\
\x03\x00\x00\x008\x90\x19f/N\x00k>QM\x8c\
\xbb\x8e\xdf\x9a\xd4\xff\x0cY\x82g\x9c`\xa8f/N\
\xd8\x8c\xbb\x8c\xfc\x8c\xb7v\x84\xff\x0c\x8a\xcbT\x11\x8c\
\xe3[\xb6u3\x8a\xcb\x90\x00k>\xff\x01\x08\x00\x00\
\x00\x00\x06\x00\x00\x00ZThis is a\
 free software. \
If you purchased\
 this anywhere, \
request a refund\
 from the seller\
.\x07\x00\x00\x00\x0aMainWindow\
\x01\x03\x00\x00\x00\x08SsfB\x89\xf8v|\x08\x00\
\x00\x00\x00\x06\x00\x00\x00\x08Triggers\
\x07\x00\x00\x00\x0aMainWindow\x01\
\x03\x00\x00\x00\x08rHg,f\xf4e\xb0\x08\x00\x00\
\x00\x00\x06\x00\x00\x00\x06Update\x07\x00\x00\
\x00\x0aMainWindow\x01\x03\x00\x00\
\x00\x04U_u(\x08\x00\x00\x00\x00\x06\x00\x00\x00\x06\
\xe6\xbf\x80\xe6\xb4\xbb\x07\x00\x00\x00\x0aMainW\
indow\x01\x03\x00\x00\x00\x0cR*\x96d\x00\
 \x00(\x00D\x00)\x08\x00\x00\x00\x00\x06\x00\x00\x00\
\x0aDelete (D)\x07\x00\x00\x00\x0c\
MarkUpWindow\x01\x03\x00\x00\
\x00\x0c~j\x88\xfd\x00 \x00(\x00R\x00)\x08\x00\
\x00\x00\x00\x06\x00\x00\x00\x08Draw (R)\
\x07\x00\x00\x00\x0cMarkUpWindo\
w\x01\x03\x00\x00\x00\x0aj\x19l\xe8}\xe8\x8f/V\
h\x08\x00\x00\x00\x00\x06\x00\x00\x00\x0dMarku\
p Editor\x07\x00\x00\x00\x0cMar\
kUpWindow\x01\x03\x00\x00\x00\x0eO\
\xeee9\x00 \x00(\x96\xd9d\xca\x00)\x08\x00\x00\
\x00\x00\x06\x00\x00\x00\x15Modify (D\
ouble Click)\x07\x00\x00\x00\
\x0cMarkUpWindow\x01\x03\x00\
\x00\x00\x10S\xf3\x93u\x9e\xded\xca\x89\x07\x88\xfd\x98\
O\x82r\x08\x00\x00\x00\x00\x06\x00\x00\x00\x19Rig\
ht click to copy\
 color\x07\x00\x00\x00\x0cMarkU\
pWindow\x01\x03\x00\x00\x00\x04x\xba\x8a\
\x8d\x08\x00\x00\x00\x00\x06\x00\x00\x00\x07Confi\
rm\x07\x00\x00\x00\x0dMessageWi\
ndow\x01\x03\x00\x00\x00\x04e\xb0X\x9e\x08\x00\
\x00\x00\x00\x06\x00\x00\x00\x03Add\x07\x00\x00\x00\x10\
ModifyListDialog\
\x01\x03\x00\x00\x00\x08S\xefu(\x90x\x98\x05\x08\x00\
\x00\x00\x00\x06\x00\x00\x00\x11Availabl\
e Options\x07\x00\x00\x00\x10Mo\
difyListDialog\x01\x03\
\x00\x00\x00\x04S\xd6m\x88\x08\x00\x00\x00\x00\x06\x00\x00\
\x00\x06Cancel\x07\x00\x00\x00\x10Mod\
ifyListDialog\x01\x03\x00\
\x00\x00\x10\x9e\xded\xca\x90x\x98\x05N\xe5e\xb0X\
\x9e0\x02\x08\x00\x00\x00\x00\x06\x00\x00\x00\x1aCli\
ck an option to \
add it.\x07\x00\x00\x00\x10Modi\
fyListDialog\x01\x03\x00\x00\
\x00\x04x\xba\x8a\x8d\x08\x00\x00\x00\x00\x06\x00\x00\x00\x07\
Confirm\x07\x00\x00\x00\x10Modi\
fyListDialog\x01\x03\x00\x00\
\x00\x04O\xeee9\x08\x00\x00\x00\x00\x06\x00\x00\x00\x06\
Modify\x07\x00\x00\x00\x10Modif\
yListDialog\x01\x03\x00\x00\x00\
\x04N\x0by\xfb\x08\x00\x00\x00\x00\x06\x00\x00\x00\x09M\
ove Down\x07\x00\x00\x00\x10Mod\
ifyListDialog\x01\x03\x00\
\x00\x00\x04N\x0ay\xfb\x08\x00\x00\x00\x00\x06\x00\x00\x00\
\x07Move Up\x07\x00\x00\x00\x10Mod\
ifyListDialog\x01\x03\x00\
\x00\x00\x04y\xfb\x96d\x08\x00\x00\x00\x00\x06\x00\x00\x00\
\x06Remove\x07\x00\x00\x00\x10Modi\
fyListDialog\x01\x03\x00\x00\
\x00\x08]\xf2\x90x\x90x\x98\x05\x08\x00\x00\x00\x00\x06\
\x00\x00\x00\x10Selected Opt\
ions\x07\x00\x00\x00\x10ModifyL\
istDialog\x01\x03\x00\x00\x00\x04O\
\xeee9\x08\x00\x00\x00\x00\x06\x00\x00\x00\x06Mod\
ify\x07\x00\x00\x00\x0eModifyLi\
stItem\x01\x03\x00\x00\x00\x12\x00(\x000\
\x00 \x00=\x00 ]\xf2y\x81u(\x00)\x08\x00\
\x00\x00\x00\x06\x00\x00\x00\x0e(0 = dis\
abled)\x07\x00\x00\x00\x18Modif\
yScheduleTaskDia\
log\x01\x03\x00\x00\x00\x08\x002\x004\x5c\x0ff\
B\x08\x00\x00\x00\x00\x06\x00\x00\x00\x0324h\x07\x00\
\x00\x00\x18ModifySchedul\
eTaskDialog\x01\x03\x00\x00\x00\
\x1cN\xfbR\xd9[\x8cb\x10_\x8c\x81\xeaR\xd5\x90\
\x00Q\xfa\x00 \x00(\x00-\x00e\x00)\x08\x00\x00\
\x00\x00\x06\x00\x00\x00\x1eAuto exit\
 after task done\
 (-e)\x07\x00\x00\x00\x18Modify\
ScheduleTaskDial\
og\x01\x03\x00\x00\x00\x04S\xd6m\x88\x08\x00\x00\x00\
\x00\x06\x00\x00\x00\x06Cancel\x07\x00\x00\x00\
\x18ModifyScheduleT\
askDialog\x01\x03\x00\x00\x00\x06\x81\
\xea[\x9a\x7f\xa9\x08\x00\x00\x00\x00\x06\x00\x00\x00\x06C\
ustom\x07\x00\x00\x00\x18Modify\
ScheduleTaskDial\
og\x01\x03\x00\x00\x00\x0a\x81\xea[\x9a\x7f\xa9\x95\x93\
\x96\x94\x08\x00\x00\x00\x00\x06\x00\x00\x00\x0fCust\
om Interval\x07\x00\x00\x00\x18\
ModifyScheduleTa\
skDialog\x01\x03\x00\x00\x00\x04k\xcf\
Y)\x08\x00\x00\x00\x00\x06\x00\x00\x00\x05Dail\
y\x07\x00\x00\x00\x18ModifySche\
duleTaskDialog\x01\x03\
\x00\x00\x00\x02Y)\x08\x00\x00\x00\x00\x06\x00\x00\x00\x04\
Days\x07\x00\x00\x00\x18ModifyS\
cheduleTaskDialo\
g\x01\x03\x00\x00\x00\x04\x5c\x0ffB\x08\x00\x00\x00\x00\
\x06\x00\x00\x00\x04Hour\x07\x00\x00\x00\x18Mo\
difyScheduleTask\
Dialog\x01\x03\x00\x00\x00\x04\x5c\x0ffB\
\x08\x00\x00\x00\x00\x06\x00\x00\x00\x05Hours\x07\
\x00\x00\x00\x18ModifySchedu\
leTaskDialog\x01\x03\x00\x00\
\x00\x04R\x06\x94\x18\x08\x00\x00\x00\x00\x06\x00\x00\x00\x06\
Minute\x07\x00\x00\x00\x18Modif\
yScheduleTaskDia\
log\x01\x03\x00\x00\x00\x04O\xeee9\x08\x00\x00\
\x00\x00\x06\x00\x00\x00\x06Modify\x07\x00\x00\
\x00\x18ModifySchedule\
TaskDialog\x01\x03\x00\x00\x00\x0c\
O\xeee9\x8a\x08R\x83N\xfbR\xd9\x08\x00\x00\x00\
\x00\x06\x00\x00\x00\x14Modify Sch\
edule Task\x07\x00\x00\x00\x18M\
odifyScheduleTas\
kDialog\x01\x03\x00\x00\x00\x04k\xcfg\
\x08\x08\x00\x00\x00\x00\x06\x00\x00\x00\x07Month\
ly\x07\x00\x00\x00\x18ModifySch\
eduleTaskDialog\x01\
\x03\x00\x00\x00\x04N\x00k!\x08\x00\x00\x00\x00\x06\x00\
\x00\x00\x04Once\x07\x00\x00\x00\x18Modi\
fyScheduleTaskDi\
alog\x01\x03\x00\x00\x00\x08\x95\x8bY\xcbfB\
\x95\x93\x08\x00\x00\x00\x00\x06\x00\x00\x00\x0aStar\
t Time\x07\x00\x00\x00\x18Modif\
yScheduleTaskDia\
log\x01\x03\x00\x00\x00\x08U_R\xd5\x90x\x98\
\x05\x08\x00\x00\x00\x00\x06\x00\x00\x00\x0fStart\
up Options\x07\x00\x00\x00\x18M\
odifyScheduleTas\
kDialog\x01\x03\x00\x00\x00\x12N\xfbR\
\xd9}\x22_\x15\x00 \x00(\x00-\x00t\x00)\x08\
\x00\x00\x00\x00\x06\x00\x00\x00\x0fTask In\
dex (-t)\x07\x00\x00\x00\x18Mod\
ifyScheduleTaskD\
ialog\x01\x03\x00\x00\x00\x08N\xfbR\xd9T\
\x0dz1\x08\x00\x00\x00\x00\x06\x00\x00\x00\x09Tas\
k Name\x07\x00\x00\x00\x18Modif\
yScheduleTaskDia\
log\x01\x03\x00\x00\x00\x04\x8d\x85fB\x08\x00\x00\
\x00\x00\x06\x00\x00\x00\x07Timeout\x07\x00\
\x00\x00\x18ModifySchedul\
eTaskDialog\x01\x03\x00\x00\x00\
\x08\x89\xf8v|\x98^W\x8b\x08\x00\x00\x00\x00\x06\x00\
\x00\x00\x0cTrigger Type\x07\
\x00\x00\x00\x18ModifySchedu\
leTaskDialog\x01\x03\x00\x00\
\x00\x04k\xcfTh\x08\x00\x00\x00\x00\x06\x00\x00\x00\x06\
Weekly\x07\x00\x00\x00\x18Modif\
yScheduleTaskDia\
log\x01\x03\x00\x00\x00\x18\x5c\x0ffB\x00 \x00\
(\x000\x00 \x00=\x00 q!\x96PR6\x00\
)\x08\x00\x00\x00\x00\x06\x00\x00\x00\x15hours\
 (0 = unlimited)\
\x07\x00\x00\x00\x18ModifySched\
uleTaskDialog\x01\x03\x00\
\x00\x00\x08\x90xS\xd6\x89\x96z\x97\x08\x00\x00\x00\x00\
\x06\x00\x00\x00\x0dChoose Wind\
ow\x07\x00\x00\x00\x0eOneTimeTa\
skTab\x01\x03\x00\x00\x00\x06]\xf2[\x8cb\
\x10\x08\x00\x00\x00\x00\x06\x00\x00\x00\x09Compl\
eted\x07\x00\x00\x00\x0eOneTime\
TaskTab\x01\x03\x00\x00\x00\x04\x8c\xc7\x8a\
\x0a\x08\x00\x00\x00\x00\x06\x00\x00\x00\x04Info\x07\
\x00\x00\x00\x0eOneTimeTaskT\
ab\x01\x03\x00\x00\x00\x06W\xf7\x88LN-\x08\x00\
\x00\x00\x00\x06\x00\x00\x00\x07Running\x07\
\x00\x00\x00\x0eOneTimeTaskT\
ab\x01\x03\x00\x00\x00\x02P<\x08\x00\x00\x00\x00\x06\
\x00\x00\x00\x05Value\x07\x00\x00\x00\x0eOn\
eTimeTaskTab\x01\x03\x00\x00\
\x00\x04\x93/\x8a\xa4\x08\x00\x00\x00\x00\x06\x00\x00\x00\x03\
app\x07\x00\x00\x00\x10QCoreApp\
lication\x01\x03\x00\x00\x00\x14O`\
x\xba[\x9a\x89\x81R*\x96dN\xfbR\xd9U\xce\
\xff\x1f\x08\x00\x00\x00\x00\x06\x00\x00\x00$Are \
you sure you wan\
t to delete task\
\x07\x00\x00\x00\x0fScheduleTas\
kTab\x01\x03\x00\x00\x00\x04S\xd6m\x88\x08\x00\
\x00\x00\x00\x06\x00\x00\x00\x06Cancel\x07\x00\
\x00\x00\x0fScheduleTaskT\
ab\x01\x03\x00\x00\x00\x08Ru^\xfaN\xfbR\xd9\
\x08\x00\x00\x00\x00\x06\x00\x00\x00\x0bCreate\
 Task\x07\x00\x00\x00\x0fSchedu\
leTaskTab\x01\x03\x00\x00\x00\x04R\
*\x96d\x08\x00\x00\x00\x00\x06\x00\x00\x00\x06Del\
ete\x07\x00\x00\x00\x0fSchedule\
TaskTab\x01\x03\x00\x00\x00\x08R*\x96\
dN\xfbR\xd9\x08\x00\x00\x00\x00\x06\x00\x00\x00\x0bD\
elete Task\x07\x00\x00\x00\x0fS\
cheduleTaskTab\x01\x03\
\x00\x00\x00\x04\x93/\x8a\xa4\x08\x00\x00\x00\x00\x06\x00\x00\
\x00\x05Error\x07\x00\x00\x00\x0fSche\
duleTaskTab\x01\x03\x00\x00\x00\
\x0cRu^\xfaN\xfbR\xd9Y1eW\x08\x00\x00\
\x00\x00\x06\x00\x00\x00\x15Failed to\
 create task\x07\x00\x00\x00\
\x0fScheduleTaskTab\
\x01\x03\x00\x00\x00\x0cR*\x96dN\xfbR\xd9Y1\
eW\x08\x00\x00\x00\x00\x06\x00\x00\x00\x15Fail\
ed to delete tas\
k\x07\x00\x00\x00\x0fScheduleTa\
skTab\x01\x03\x00\x00\x00\x0cR\xa0\x8f\x09N\
\xfbR\xd9Y1eW\x08\x00\x00\x00\x00\x06\x00\x00\x00\
\x14Failed to load \
tasks\x07\x00\x00\x00\x0fSchedu\
leTaskTab\x01\x03\x00\x00\x00\x0cO\
\xeee9N\xfbR\xd9Y1eW\x08\x00\x00\x00\x00\
\x06\x00\x00\x00\x15Failed to m\
odify task\x07\x00\x00\x00\x0fS\
cheduleTaskTab\x01\x03\
\x00\x00\x00\x1cO\xeee9N\xfbR\xd9Y1eW\
\xff\x1aq!l\xd5R*\x96d\x82\x0aN\xfbR\xd9\
\x08\x00\x00\x00\x00\x06\x00\x00\x00-Failed\
 to modify task:\
 cannot delete o\
ld task\x07\x00\x00\x00\x0fSche\
duleTaskTab\x01\x03\x00\x00\x00\
\x12bS\x95\x8bO\xeee9\x5c\x0d\x8aqhFY\
1eW\x08\x00\x00\x00\x00\x06\x00\x00\x00\x1cFai\
led to open modi\
fy dialog\x07\x00\x00\x00\x0fSc\
heduleTaskTab\x01\x03\x00\
\x00\x00\x10R\x07c\xdbN\xfbR\xd9r\xc0aKY\
1eW\x08\x00\x00\x00\x00\x06\x00\x00\x00\x15Fai\
led to toggle ta\
sk\x07\x00\x00\x00\x0fScheduleT\
askTab\x01\x03\x00\x00\x00\x04R7e\xb0\
\x08\x00\x00\x00\x00\x06\x00\x00\x00\x07Refres\
h\x07\x00\x00\x00\x0fScheduleTa\
skTab\x01\x03\x00\x00\x00\x08R7e\xb0Y\
1eW\x08\x00\x00\x00\x00\x06\x00\x00\x00\x0eRef\
resh failed\x07\x00\x00\x00\x0f\
ScheduleTaskTab\x01\
\x03\x00\x00\x00\x08\x8a\x08R\x83N\xfbR\xd9\x08\x00\x00\
\x00\x00\x06\x00\x00\x00\x0eSchedule \
Tasks\x07\x00\x00\x00\x0fSchedu\
leTaskTab\x01\x03\x00\x00\x00\x04b\
\x10R\x9f\x08\x00\x00\x00\x00\x06\x00\x00\x00\x07Suc\
cess\x07\x00\x00\x00\x0fSchedul\
eTaskTab\x01\x03\x00\x00\x00\x0cN\xfb\
R\xd9Ru^\xfab\x10R\x9f\x08\x00\x00\x00\x00\x06\
\x00\x00\x00\x19Task created\
 successfully\x07\x00\x00\
\x00\x0fScheduleTaskTa\
b\x01\x03\x00\x00\x00\x0cN\xfbR\xd9R*\x96db\
\x10R\x9f\x08\x00\x00\x00\x00\x06\x00\x00\x00\x19Tas\
k deleted succes\
sfully\x07\x00\x00\x00\x0fSched\
uleTaskTab\x01\x03\x00\x00\x00\x0a\
N\xfbR\xd9]\xf2y\x81u(\x08\x00\x00\x00\x00\x06\
\x00\x00\x00\x0dTask disable\
d\x07\x00\x00\x00\x0fScheduleTa\
skTab\x01\x03\x00\x00\x00\x0aN\xfbR\xd9]\
\xf2U_u(\x08\x00\x00\x00\x00\x06\x00\x00\x00\x0cT\
ask enabled\x07\x00\x00\x00\x0f\
ScheduleTaskTab\x01\
\x03\x00\x00\x00\x0cN\xfbR\xd9O\xeee9b\x10R\
\x9f\x08\x00\x00\x00\x00\x06\x00\x00\x00\x1aTask \
modified success\
fully\x07\x00\x00\x00\x0fSchedu\
leTaskTab\x01\x03\x00\x00\x00\x10}\
\xe9[XN-g*b~R0N\xfbR\xd9\x08\
\x00\x00\x00\x00\x06\x00\x00\x00\x17Task no\
t found in cache\
\x07\x00\x00\x00\x0fScheduleTas\
kTab\x01\x03\x00\x00\x00\x0aN\xfbR\xd9]\xf2\
R7e\xb0\x08\x00\x00\x00\x00\x06\x00\x00\x00\x0fTa\
sks refreshed\x07\x00\x00\
\x00\x0fScheduleTaskTa\
b\x01\x03\x00\x00\x00\x04d\xcdO\x5c\x08\x00\x00\x00\x00\
\x06\x00\x00\x00\x07Actions\x07\x00\x00\x00\
\x11ScheduleTaskTab\
le\x01\x03\x00\x00\x00\x06\x81\xea[\x9a\x7f\xa9\x08\x00\
\x00\x00\x00\x06\x00\x00\x00\x06Custom\x07\x00\
\x00\x00\x11ScheduleTaskT\
able\x01\x03\x00\x00\x00\x04k\xcfY)\x08\x00\
\x00\x00\x00\x06\x00\x00\x00\x05Daily\x07\x00\x00\
\x00\x11ScheduleTaskTa\
ble\x01\x03\x00\x00\x00\x04R*\x96d\x08\x00\x00\
\x00\x00\x06\x00\x00\x00\x06Delete\x07\x00\x00\
\x00\x11ScheduleTaskTa\
ble\x01\x03\x00\x00\x00\x06]\xf2y\x81u(\x08\
\x00\x00\x00\x00\x06\x00\x00\x00\x08Disable\
d\x07\x00\x00\x00\x11ScheduleTa\
skTable\x01\x03\x00\x00\x00\x06]\xf2U\
_u(\x08\x00\x00\x00\x00\x06\x00\x00\x00\x07Ena\
bled\x07\x00\x00\x00\x11Schedul\
eTaskTable\x01\x03\x00\x00\x00\x04\
O\xeee9\x08\x00\x00\x00\x00\x06\x00\x00\x00\x06Mo\
dify\x07\x00\x00\x00\x11Schedul\
eTaskTable\x01\x03\x00\x00\x00\x04\
k\xcfg\x08\x08\x00\x00\x00\x00\x06\x00\x00\x00\x07Mo\
nthly\x07\x00\x00\x00\x11Schedu\
leTaskTable\x01\x03\x00\x00\x00\
\x08N\x0bk!\x90K\x88L\x08\x00\x00\x00\x00\x06\x00\
\x00\x00\x08Next Run\x07\x00\x00\x00\x11\
ScheduleTaskTabl\
e\x01\x03\x00\x00\x00\x04N\x00k!\x08\x00\x00\x00\x00\
\x06\x00\x00\x00\x04Once\x07\x00\x00\x00\x11Sc\
heduleTaskTable\x01\
\x03\x00\x00\x00\x08n\x96P\x99\x5c1}\xd2\x08\x00\x00\
\x00\x00\x06\x00\x00\x00\x05Ready\x07\x00\x00\x00\
\x11ScheduleTaskTab\
le\x01\x03\x00\x00\x00\x06\x90K\x88LN-\x08\x00\
\x00\x00\x00\x06\x00\x00\x00\x07Running\x07\
\x00\x00\x00\x11ScheduleTask\
Table\x01\x03\x00\x00\x00\x04r\xc0aK\x08\
\x00\x00\x00\x00\x06\x00\x00\x00\x06Status\x07\
\x00\x00\x00\x11ScheduleTask\
Table\x01\x03\x00\x00\x00\x08N\xfbR\xd9T\
\x0dz1\x08\x00\x00\x00\x00\x06\x00\x00\x00\x09Tas\
k Name\x07\x00\x00\x00\x11Sched\
uleTaskTable\x01\x03\x00\x00\
\x00\x08\x89\xf8v|\x98^W\x8b\x08\x00\x00\x00\x00\x06\
\x00\x00\x00\x0cTrigger Type\
\x07\x00\x00\x00\x11ScheduleTas\
kTable\x01\x03\x00\x00\x00\x04g*w\xe5\
\x08\x00\x00\x00\x00\x06\x00\x00\x00\x07Unknow\
n\x07\x00\x00\x00\x11ScheduleTa\
skTable\x01\x03\x00\x00\x00\x04k\xcfT\
h\x08\x00\x00\x00\x00\x06\x00\x00\x00\x06Weekl\
y\x07\x00\x00\x00\x11ScheduleTa\
skTable\x01\x03\x00\x00\x004\x00A\x00\
D\x00B\x00 b*W\x16\x00 \x00(e/c\
\xf4\x80\xccfo0\x01v\xf8[\xb9`'\x9a\xd80\
\x01\x90\x1f^\xa6ab0\x01\x9a\xd8^\xf6\x90r\x00\
)\x08\x00\x00\x00\x00\x06\x00\x00\x00@ADB(S\
upports Backgrou\
nd, Slow, High C\
ompatibility, Hi\
gh Latency)\x07\x00\x00\x00\x15\
SelectCaptureLis\
tView\x01\x03\x00\x00\x00\x22\x00B\x00i\x00\
t\x00B\x00l\x00t\x00 \x00-\x00 g\x00_\
\xeb\xff\x0cQ|[\xb9`'g\x00]\xee\x08\x00\x00\
\x00\x00\x06\x00\x00\x00\x06BitBlt\x07\x00\x00\
\x00\x15SelectCaptureL\
istView\x01\x03\x00\x00\x006\x00B\x00\
i\x00t\x00B\x00l\x00t\x00_\x00R\x00e\x00\
n\x00d\x00e\x00r\x00F\x00u\x00l\x00l\x00\
 \x00-\x00 ab\xff\x0cQ|[\xb9`'g\
\x00Y}\x08\x00\x00\x00\x00\x06\x00\x00\x00\x11Bit\
Blt_RenderFull\x07\x00\
\x00\x00\x15SelectCapture\
ListView\x01\x03\x00\x00\x00\x0ap\x0f\
\x89\xbdVhb*W\x16\x08\x00\x00\x00\x00\x06\x00\x00\
\x00\x0fBrowser Captur\
e\x07\x00\x00\x00\x15SelectCapt\
ureListView\x01\x03\x00\x00\x00\
\x18\x00D\x00X\x00G\x00I\x00 \x00-\x00 g\
\x00ab\xff\x0cY\x07u(\x08\x00\x00\x00\x00\x06\x00\
\x00\x00\x04DXGI\x07\x00\x00\x00\x15Sele\
ctCaptureListVie\
w\x01\x03\x00\x00\x00(j!d\xecVh\x89\x96z\
\x97\x00 \x00(e/c\xf4\x80\xccfo0\x01\x90\
\x1f^\xa6_\xeb0\x01ON^\xf6\x90r\x00)\x08\
\x00\x00\x00\x00\x06\x00\x00\x007Emulato\
r Window(Support\
s Background, Fa\
st, Low Latency)\
\x07\x00\x00\x00\x15SelectCaptu\
reListView\x01\x03\x00\x00\x00\x08\
\x90Jb2\x89\x96z\x97\x08\x00\x00\x00\x00\x06\x00\x00\
\x00\x0bGame Window\x07\x00\x00\
\x00\x15SelectCaptureL\
istView\x01\x03\x00\x00\x008S\x9fu\
\x1f\x00 \x00(\x00M\x00u\x00M\x00u\x00P\x00\
l\x00a\x00y\x00e\x00r\x00 \x001\x002\x00\
 rHg,\x00 \x00>\x00=\x00 \x004\x00\
.\x000\x00)\x08\x00\x00\x00\x00\x06\x00\x00\x00!I\
pc (MuMuPlayer12\
 version >= 4.0)\
\x07\x00\x00\x00\x15SelectCaptu\
reListView\x01\x03\x00\x00\x00\x1e\
\x00W\x00G\x00C\x00 \x00-\x00 \x00>\x00=\
\x00W\x00i\x00n\x001\x000\xff\x0c_\xeb\x08\x00\
\x00\x00\x00\x06\x00\x00\x00\x03WGC\x07\x00\x00\x00\x15\
SelectCaptureLis\
tView\x01\x03\x00\x00\x00&\x00A\x00D\x00\
B\x00I\x00n\x00t\x00e\x00r\x00a\x00c\x00\
t\x00i\x00o\x00n\x00 \x00-\x00 T\x0eS\
\xf0\x08\x00\x00\x00\x00\x06\x00\x00\x00\x0eADBIn\
teraction\x07\x00\x00\x00\x19Se\
lectInteractionL\
istView\x01\x03\x00\x00\x00.\x00B\x00\
r\x00o\x00w\x00s\x00e\x00r\x00I\x00n\x00\
t\x00e\x00r\x00a\x00c\x00t\x00i\x00o\x00\
n\x00 \x00-\x00 T\x0eS\xf0\x08\x00\x00\x00\x00\
\x06\x00\x00\x00\x12BrowserInte\
raction\x07\x00\x00\x00\x19Sele\
ctInteractionLis\
tView\x01\x03\x00\x00\x004\x00G\x00e\x00\
n\x00s\x00h\x00i\x00n\x00 \x00-\x00 T\
\x0eS\xf0\xff\x0ce/c\x01\x90\xe8R\x06\x00 \x00\
U\x00n\x00i\x00t\x00y\x00 n8b\x0f\x08\
\x00\x00\x00\x00\x06\x00\x00\x00\x07Genshin\
\x07\x00\x00\x00\x19SelectInter\
actionListView\x01\x03\
\x00\x00\x00:\x00P\x00o\x00s\x00t\x00M\x00e\
\x00s\x00s\x00a\x00g\x00e\x00 \x00-\x00 \
T\x0eS\xf0\xff\x0cQ|[\xb9Y'Y\x1aep\
^\x94u(T\x8c\x5c\x11epn8b\x0f\x08\x00\
\x00\x00\x00\x06\x00\x00\x00\x0bPostMess\
age\x07\x00\x00\x00\x19SelectIn\
teractionListVie\
w\x01\x03\x00\x00\x00.\x00P\x00y\x00D\x00i\x00\
r\x00e\x00c\x00t\x00 \x00-\x00 RMS\
\xf0\xff\x0c\x00P\x00y\x00n\x00p\x00u\x00t\x00\
 Y\x07u(\x08\x00\x00\x00\x00\x06\x00\x00\x00\x08P\
yDirect\x07\x00\x00\x00\x19Sele\
ctInteractionLis\
tView\x01\x03\x00\x00\x00\x22\x00P\x00y\x00\
n\x00p\x00u\x00t\x00 \x00-\x00 RMS\
\xf0\xff\x0cQ|[\xb9`'g\x00Y}\x08\x00\x00\
\x00\x00\x06\x00\x00\x00\x06Pynput\x07\x00\x00\
\x00\x19SelectInteract\
ionListView\x01\x03\x00\x00\x00\
\x04\x95\xdce\xbc\x08\x00\x00\x00\x00\x06\x00\x00\x00\x05A\
bout\x07\x00\x00\x00\x0aSetting\
Tab\x01\x03\x00\x00\x00\x08\x8e\xdf\x9a\xd4\x8a-[\
\x9a\x08\x00\x00\x00\x00\x06\x00\x00\x00\x0aApp C\
onfig\x07\x00\x00\x00\x0aSettin\
gTab\x01\x03\x00\x00\x00\x08\x8e\xdf\x9a\xd4\x8a-\
[\x9a\x08\x00\x00\x00\x00\x06\x00\x00\x00\x0cApp \
Settings\x07\x00\x00\x00\x0aSet\
tingTab\x01\x03\x00\x00\x00\x0ca\xc9u\
(z\x0b_\x0fN;\x98L\x08\x00\x00\x00\x00\x06\x00\
\x00\x00\x11Application T\
heme\x07\x00\x00\x00\x0aSetting\
Tab\x01\x03\x00\x00\x00\x12\x8b\x8af\xf4a\xc9u\
(z\x0b_\x0fv\x84Y\x16\x89\xc0\x08\x00\x00\x00\x00\
\x06\x00\x00\x00(Change the \
appearance of th\
e application\x07\x00\x00\
\x00\x0aSettingTab\x01\x03\x00\x00\
\x00\x08j\xa2g\xe5f\xf4e\xb0\x08\x00\x00\x00\x00\x06\
\x00\x00\x00\x0cCheck update\
\x07\x00\x00\x00\x0aSettingTab\x01\
\x03\x00\x00\x00\x12\x8a-[\x9a\x5c\x07W(\x91\xcdU\
__\x8cu\x1feH\x08\x00\x00\x00\x00\x06\x00\x00\x00\
(Configuration t\
akes effect afte\
r restart\x07\x00\x00\x00\x0aSe\
ttingTab\x01\x03\x00\x00\x00\x04m\xf1\
\x82r\x08\x00\x00\x00\x00\x06\x00\x00\x00\x04Dark\
\x07\x00\x00\x00\x0aSettingTab\x01\
\x03\x00\x00\x00Hc\xa2}\x22e\xb0R\x9f\x80\xfdN\
&[x\x7f\xd2g\x09\x95\xdc\x00 \x00P\x00y\x00\
Q\x00t\x00-\x00F\x00l\x00u\x00e\x00n\x00\
t\x00-\x00W\x00i\x00d\x00g\x00e\x00t\x00\
s\x00 v\x84[\xe6u(b\x80]\xe7\x08\x00\x00\
\x00\x00\x06\x00\x00\x00EDiscover \
new features and\
 learn useful ti\
ps about PyQt-Fl\
uent-Widgets\x07\x00\x00\x00\
\x0aSettingTab\x01\x03\x00\x00\x00\
\x04\x8a\xaaf\x0e\x08\x00\x00\x00\x00\x06\x00\x00\x00\x04H\
elp\x07\x00\x00\x00\x0aSettingT\
ab\x01\x03\x00\x00\x00\x04\x8a\x9e\x8a\x00\x08\x00\x00\x00\
\x00\x06\x00\x00\x00\x08Language\x07\x00\
\x00\x00\x0aSettingTab\x01\x03\x00\
\x00\x00\x04m\xfa\x82r\x08\x00\x00\x00\x00\x06\x00\x00\x00\
\x05Light\x07\x00\x00\x00\x0aSetti\
ngTab\x01\x03\x00\x00\x00\x0c\x95\x8bU_\x8a\
\xaaf\x0e\x98\x01\x97b\x08\x00\x00\x00\x00\x06\x00\x00\x00\
\x0eOpen help page\x07\
\x00\x00\x00\x0aSettingTab\x01\x03\
\x00\x00\x00\x0c\x90xd\xc7`\xa8v\x84\x8a\x9e\x8a\x00\
\x08\x00\x00\x00\x00\x06\x00\x00\x00\x1bSet yo\
ur preferred lan\
guage\x07\x00\x00\x00\x0aSettin\
gTab\x01\x03\x00\x00\x00\x16\x8a-[\x9a\x00 \
\x00U\x00I\x00 v\x84POY}\x8a\x9e\x8a\x00\
\x08\x00\x00\x00\x00\x06\x00\x00\x00\x22Set yo\
ur preferred lan\
guage for UI\x07\x00\x00\x00\
\x0aSettingTab\x01\x03\x00\x00\x00\
\x04\x8a-[\x9a\x08\x00\x00\x00\x00\x06\x00\x00\x00\x08S\
ettings\x07\x00\x00\x00\x0aSett\
ingTab\x01\x03\x00\x00\x00\x08f\xf4e\xb0\
b\x10R\x9f\x08\x00\x00\x00\x00\x06\x00\x00\x00\x14Up\
dated successful\
ly\x07\x00\x00\x00\x0aSettingTa\
b\x01\x03\x00\x00\x00\x0cO\x7fu(|\xfb}q\x8a\
-[\x9a\x08\x00\x00\x00\x00\x06\x00\x00\x00\x12Use\
 system setting\x07\
\x00\x00\x00\x0aSettingTab\x01\x03\
\x00\x00\x00\x04rHg,\x08\x00\x00\x00\x00\x06\x00\x00\
\x00\x07Version\x07\x00\x00\x00\x0aSe\
ttingTab\x01\x03\x00\x00\x00\x08Qh\
\x90\xe8f\xabP\x5c\x08\x00\x00\x00\x00\x06\x00\x00\x00\x09\
Pause All\x07\x00\x00\x00\x0bSt\
artButton\x01\x03\x00\x00\x00\x08Q\
h\x90\xe8\x95\x8bY\xcb\x08\x00\x00\x00\x00\x06\x00\x00\x00\
\x09Start All\x07\x00\x00\x00\x0bS\
tartButton\x01\x03\x00\x00\x00\x04\
b*W\x16\x08\x00\x00\x00\x00\x06\x00\x00\x00\x07Ca\
pture\x07\x00\x00\x00\x09StartC\
ard\x01\x03\x00\x00\x00\x08S/Q\xfae\xe5\x8a\
\x8c\x08\x00\x00\x00\x00\x06\x00\x00\x00\x0bExpor\
t Logs\x07\x00\x00\x00\x09Start\
Card\x01\x03\x00\x00\x00\x0e\x90Jb2\x89\x96\
z\x97]\xf2\x96\xe2}\xda\x08\x00\x00\x00\x00\x06\x00\x00\
\x00\x18Game Window Di\
sconnected\x07\x00\x00\x00\x09S\
tartCard\x01\x03\x00\x00\x00\x08[\x89\
\x88\xddv\xee\x93\x04\x08\x00\x00\x00\x00\x06\x00\x00\x00\x0e\
Install Folder\x07\x00\
\x00\x00\x09StartCard\x01\x03\x00\x00\
\x00\x04f\xabP\x5c\x08\x00\x00\x00\x00\x06\x00\x00\x00\x05\
Pause\x07\x00\x00\x00\x09StartC\
ard\x01\x03\x00\x00\x00&]\xf2f\xabP\x5c\xff\
\x1a\x00P\x00C\x00 rH\x90Jb2\x89\x96z\
\x97_\xc5\x98\x08W(g\x00RM\x5cd\xff\x01\x08\
\x00\x00\x00\x00\x06\x00\x00\x00(Paused:\
 PC Game Window \
Must Be in Front\
!\x07\x00\x00\x00\x09StartCard\x01\
\x03\x00\x00\x00\x08\x91\xcde\xb0ett\x06\x08\x00\x00\
\x00\x00\x06\x00\x00\x00\x07Refresh\x07\x00\
\x00\x00\x09StartCard\x01\x03\x00\x00\
\x00\x06W\xf7\x88LN-\x08\x00\x00\x00\x00\x06\x00\x00\
\x00\x07Running\x07\x00\x00\x00\x09St\
artCard\x01\x03\x00\x00\x00\x04\x95\x8bY\
\xcb\x08\x00\x00\x00\x00\x06\x00\x00\x00\x05Start\
\x07\x00\x00\x00\x09StartCard\x01\x03\
\x00\x00\x00\x08U_R\xd5\x90Jb2\x08\x00\x00\x00\
\x00\x06\x00\x00\x00\x0aStart Game\
\x07\x00\x00\x00\x09StartCard\x01\x03\
\x00\x00\x00\x0cSsfB\x89\xf8v|N\xfbR\xd9\
\x08\x00\x00\x00\x00\x06\x00\x00\x00\x0dTrigge\
r Tasks\x07\x00\x00\x00\x09Star\
tCard\x01\x03\x00\x00\x00\x12\x9e\xded\xca\x90\
xS\xd6N\xfbR\xd9N\xe5\x95\x8bY\xcb\x08\x00\x00\
\x00\x00\x06\x00\x00\x00\x1eWaiting f\
or task to be en\
abled\x07\x00\x00\x00\x09StartC\
ard\x01\x03\x00\x00\x000\xff\x0c\x8a\xcbx\xba\x8a\
\x8d\x90Jb2\x89\x96z\x97f/T&\x88\xab~\
.e>0\x01\x96\xb1\x85\xcfb\x16\x8d\x85Q\xfa\x87\
\xa2^U{\xc4W\x0d0\x02\x08\x00\x00\x00\x00\x06\x00\
\x00\x00?, check if ga\
me windows is mi\
nimized, resized\
 or out of scree\
n.\x07\x00\x00\x00\x0fStartCont\
roller\x01\x03\x00\x00\x00*\xff\x0ce/\
c\xf4v\x84g\x00ON\x89\xe3g\x90^\xa6p\xba\
\x00 \x00{\x00m\x00i\x00n\x00_\x00s\x00i\
\x00z\x00e\x00}\x08\x00\x00\x00\x00\x06\x00\x00\x00,\
, the supported \
min resolution i\
s {min_size}\x07\x00\x00\x00\
\x0fStartController\
\x01\x03\x00\x00\x006\xff\x0ce/c\xf4v\x84\x89\x96\
z\x97k\xd4O\x8bp\xba\x00 \x00{\x00s\x00u\
\x00p\x00p\x00o\x00r\x00t\x00e\x00d\x00_\
\x00r\x00a\x00t\x00i\x00o\x00}\x08\x00\x00\x00\
\x00\x06\x00\x00\x00*, the supp\
orted ratio is {\
supported_ratio}\
\x07\x00\x00\x00\x0fStartContro\
ller\x01\x03\x00\x00\x00,\x98oy:\x8a-\
[\x9aN-v\x84\x81\xeaR\xd5\x00 \x00H\x00D\
\x00R\x00 ]\xf2\x95\x8bU_\xff\x0c\x8a\xcbQH\
\x95\xdc\x95\x890\x02\x08\x00\x00\x00\x00\x06\x00\x00\x00.\
Auto HDR is enab\
led, please turn\
 it off first.\x07\x00\
\x00\x00\x0fStartControll\
er\x01\x03\x00\x00\x008\x98oy:\x8a-[\x9a\
N-v\x84\x81\xeaR\xd5\x00 \x00H\x00D\x00R\
\x00 ]\xf2\x95\x8bU_\xff\x0cS\xef\x80\xfd\x5c\x0e\
\x81\xf4N\xfbR\xd9W\xf7\x88Lup^8\xff\x01\
\x08\x00\x00\x00\x00\x06\x00\x00\x004Auto H\
DR is enabled, t\
asks might not w\
ork correctly!\x07\x00\
\x00\x00\x0fStartControll\
er\x01\x03\x00\x00\x00 q!l\xd5U_R\xd5\
\x90Jb2\xff\x0c\x8a\xcbx\xba\x8a\x8d\x90Jb2\
]\xf2[\x89\x88\xdd\xff\x01\x08\x00\x00\x00\x00\x06\x00\x00\
\x001Can't start ga\
me, make sure th\
e game is instal\
led\x07\x00\x00\x00\x0fStartCon\
troller\x01\x03\x00\x00\x00\x18b*W\
\x16Y1eW\xff\x0c\x8a\xcbj\xa2g\xe5\x90Jb\
2\x89\x96z\x97\x08\x00\x00\x00\x00\x06\x00\x00\x00(C\
apture failed, p\
lease check game\
 window\x07\x00\x00\x00\x0fStar\
tController\x01\x03\x00\x00\x00\
\x18j!d\xecVhg*\x90#}\xda\xff\x0c\x8a\
\xcbQHU_R\xd5\xff\x01\x08\x00\x00\x00\x00\x06\x00\
\x00\x004Emulator is n\
ot connected, st\
art the emulator\
 first!\x07\x00\x00\x00\x0fStar\
tController\x01\x03\x00\x00\x00\
\x10\x00G\x00P\x00U\x00 \x9aER\xd5\x8bfT\
J\x08\x00\x00\x00\x00\x06\x00\x00\x00\x12GPU D\
river Warning\x07\x00\x00\
\x00\x0fStartControlle\
r\x01\x03\x00\x00\x00\x1cq!l\xd5U_R\xd5\x90\
Jb2\xff\x0c\x8a\xcbbKR\xd5\x95\x8bU_\x90\
Jb2\x08\x00\x00\x00\x00\x06\x00\x00\x004Gam\
e path does not \
exist, Please op\
en game manually\
!\x07\x00\x00\x00\x0fStartContr\
oller\x01\x03\x00\x00\x00*N\x0de/c\
\xf4v\xeeRM\x89\xe3g\x90^\xa6\x00 \x00{\x00\
r\x00e\x00s\x00o\x00l\x00u\x00t\x00i\x00\
o\x00n\x00}\x08\x00\x00\x00\x00\x06\x00\x00\x00-G\
ame resolution {\
resolution} is n\
ot supported\x07\x00\x00\x00\
\x0fStartController\
\x01\x03\x00\x00\x00T{\xc4g,W\x16rG\x8f\x09\
QeY1eW\xff\x0c\x8a\xcb\x91\xcde\xb0[\x89\
\x88\xdd0\x02\x00(\x8a\xcbR\xffe>\x7fne\xbc\
0\x0cN\x0b\x8f\x090\x0d{IS\xef\x80\xfdg\x03\
\x81\xeaR\xd5R*\x96dW\x16rGv\x84\x8c\xc7\
e\x99Y>Qg0\x02\x00)\x08\x00\x00\x00\x00\x06\
\x00\x00\x00\x5cImage resour\
ce load failed, \
please try insta\
ll again.(Don't \
put the app in D\
ownloads folder)\
\x07\x00\x00\x00\x0fStartContro\
ller\x01\x03\x00\x00\x00\x10g*\x90xS\xd6\
\x90Jb2\x89\x96z\x97\xff\x01\x08\x00\x00\x00\x00\x06\
\x00\x00\x00\x11No game sele\
cted!\x07\x00\x00\x00\x0fStartC\
ontroller\x01\x03\x00\x00\x00:\x00\
P\x00C\x00 rH\x97\x00\x89\x81{\xa1t\x06T\
\xe1k\x0a\x96P\xff\x0c\x8a\xcbN\xe5{\xa1t\x06T\
\xe1k\x0a\x96P\x91\xcde\xb0U_R\xd5kda\
\xc9u(z\x0b_\x0f\xff\x01\x08\x00\x00\x00\x00\x06\x00\
\x00\x00TPC version re\
quires admin pri\
vileges, Please \
restart this app\
 with admin priv\
ileges!\x07\x00\x00\x00\x0fStar\
tController\x01\x03\x00\x00\x00\
F\x89\xe3g\x90^\xa6\x00 \x00{\x00r\x00e\x00\
s\x00o\x00l\x00u\x00t\x00i\x00o\x00n\x00\
}\x00 j\xa2g\xe5Y1eW\xff\x0c\x90\xe8R\
\x06N\xfbR\xd9S\xef\x80\xfdq!l\xd5kc^\
8\x90KO\x5c\xff\x01\x08\x00\x00\x00\x00\x06\x00\x00\x00\
JResolution {res\
olution} check f\
ailed, some task\
s might not work\
 correctly!\x07\x00\x00\x00\x0f\
StartController\x01\
\x03\x00\x00\x00(v\xeeRMv\x84\x90Jb2b\
\x16j!d\xecVhN\x0de/c\xf4b@\x90\
xv\x84b*W\x16e\xb9_\x0f\xff\x01\x08\x00\x00\
\x00\x00\x06\x00\x00\x00DSelected \
capture method i\
s not supported \
by the game or y\
our system!\x07\x00\x00\x00\x0f\
StartController\x01\
\x03\x00\x00\x00 U_R\xd5\x90Jb2Y1e\
W\xff\x0c\x8a\xcbQHbKR\xd5U_R\xd5\x90\
Jb2\xff\x01\x08\x00\x00\x00\x00\x06\x00\x00\x00*S\
tart game failed\
, please start g\
ame first\x07\x00\x00\x00\x0fSt\
artController\x01\x03\x00\
\x00\x00\x0aU_R\xd5\x90>fB\xff\x01\x08\x00\x00\
\x00\x00\x06\x00\x00\x00\x13Start gam\
e timeout!\x07\x00\x00\x00\x0fS\
tartController\x01\x03\
\x00\x00\x008\x90Jb2\x89\x96z\x97]\xf2g\x00\
\x5c\x0fS\x16b\x16\x90\xe8R\x06\x8d\x85Q\xfa\x87\xa2\
^U{\xc4W\x0d\xff\x0c\x8a\xcbR\xffO\x7fu(\
shOTQh\x87\xa2^U\xff\x01\x08\x00\x00\x00\
\x00\x06\x00\x00\x00KWindow is \
minimized or out\
 of screen, and \
do NOT use full-\
screen exclusive\
!\x07\x00\x00\x00\x0fStartContr\
oller\x01\x03\x00\x00\x004\x89\x96z\x97]\
\xf2g\x00\x5c\x0fS\x16b\x16\x8d\x85Q\xfa\x87\xa2^\
U{\xc4W\x0d\xff\x0c\x8a\xcbR\xffO\x7fu(s\
hOTQh\x87\xa2^Uj!_\x0f\xff\x01\x08\
\x00\x00\x00\x00\x06\x00\x00\x00OWindow \
is minimized or \
out of screen, a\
nd don't use ful\
l-screen exclusi\
ve mode!\x07\x00\x00\x00\x0fSta\
rtController\x01\x03\x00\x00\
\x00@\x00W\x00i\x00n\x00d\x00o\x00w\x00s\
\x00 \x98oy:\x8a-[\x9aN-v\x84Y\x1c\
\x95\x93QI}\xda\x00/\x8bww<j!_\x0f\
]\xf2\x95\x8bU_\xff\x0c\x8a\xcbQH\x95\xdc\x95\x89\
0\x02\x08\x00\x00\x00\x00\x06\x00\x00\x009Wind\
ows night light \
is enabled, plea\
se turn it off f\
irst.\x07\x00\x00\x00\x0fStartC\
ontroller\x01\x03\x00\x00\x00L\x00\
W\x00i\x00n\x00d\x00o\x00w\x00s\x00 \x98\
oy:\x8a-[\x9aN-v\x84Y\x1c\x95\x93Q\
I}\xda\x00/\x8bww<j!_\x0f]\xf2\x95\
\x8bU_\xff\x0cN\xfbR\xd9S\xef\x80\xfdq!l\
\xd5kc^8\x90KO\x5c\xff\x01\x08\x00\x00\x00\x00\
\x06\x00\x00\x00?Windows nig\
ht light is enab\
led, tasks might\
 not work correc\
tly!\x07\x00\x00\x00\x0fStartCo\
ntroller\x01\x03\x00\x00\x00@\x00{\
\x00v\x00e\x00n\x00d\x00o\x00r\x00}\x00 \
\x00{\x00f\x00e\x00a\x00t\x00u\x00r\x00e\
\x00}\x00 ]\xf2U_u(\xff\x0cS\xef\x80\xfd\
\x5c\x0e\x81\xf4R\x9f\x80\xfdup^8\xff\x01\x08\x00\
\x00\x00\x00\x06\x00\x00\x009{vendor}\
 {feature} is en\
abled and may ca\
use malfunctions\
!\x07\x00\x00\x00\x0fStartContr\
oller\x01\x03\x00\x00\x00\x1e\x00{\x00}\x00\
 g*\x90#}\xda\xff\x0c\x8a\xcb\x90xS\xd6\x90\
Jb2\x89\x96z\x970\x02\x08\x00\x00\x00\x00\x06\x00\
\x00\x003{} is not con\
nected, please s\
elect the game w\
indow.\x07\x00\x00\x00\x0fStart\
Controller\x01\x03\x00\x00\x00\x06\
\x8f\x09QeN-\x08\x00\x00\x00\x00\x06\x00\x00\x00\x07\
Loading\x07\x00\x00\x00\x12Star\
tLoadingDialog\x01\x03\
\x00\x00\x002kcW(U_R\xd5\xff\x0c\x00{\
\x00s\x00e\x00c\x00o\x00n\x00d\x00s\x00_\
\x00l\x00e\x00f\x00t\x00}\x00 y\xd2_\x8c\
\x90>fB0\x02\x08\x00\x00\x00\x00\x06\x00\x00\x00/\
Starting, timeou\
t after {seconds\
_left} seconds.\x07\
\x00\x00\x00\x12StartLoading\
Dialog\x01\x03\x00\x00\x00\x12\x00A\x00n\
\x00d\x00r\x00o\x00i\x00d\x00 rH\x08\x00\
\x00\x00\x00\x06\x00\x00\x00\x07Android\x07\
\x00\x00\x00\x08StartTab\x01\x03\x00\x00\
\x00\x04b*W\x16\x08\x00\x00\x00\x00\x06\x00\x00\x00\x07\
Capture\x07\x00\x00\x00\x08Star\
tTab\x01\x03\x00\x00\x00\x08b*W\x16e\xb9\
_\x0f\x08\x00\x00\x00\x00\x06\x00\x00\x00\x0eCapt\
ure Method\x07\x00\x00\x00\x08S\
tartTab\x01\x03\x00\x00\x00\x0c\x90xd\
\xc7N\x92R\xd5e\xb9_\x0f\x08\x00\x00\x00\x00\x06\x00\
\x00\x00\x12Choose Intera\
ction\x07\x00\x00\x00\x08StartT\
ab\x01\x03\x00\x00\x00\x08\x90xS\xd6\x89\x96z\x97\
\x08\x00\x00\x00\x00\x06\x00\x00\x00\x0dChoose\
 Window\x07\x00\x00\x00\x08Star\
tTab\x01\x03\x00\x00\x00\x06]\xf2\x90#}\xda\
\x08\x00\x00\x00\x00\x06\x00\x00\x00\x09Connec\
ted\x07\x00\x00\x00\x08StartTab\
\x01\x03\x00\x00\x00\x08\x95\x8bv|]\xe5Qw\x08\x00\
\x00\x00\x00\x06\x00\x00\x00\x05Debug\x07\x00\x00\
\x00\x08StartTab\x01\x03\x00\x00\x00\x0a\
\x96d\x93/a\xf8mnz\x97\x08\x00\x00\x00\x00\x06\
\x00\x00\x00\x0dDebug Overla\
y\x07\x00\x00\x00\x08StartTab\x01\x03\
\x00\x00\x00\x0aP\x5cu(j\x19\x8a\x18hF\x08\x00\
\x00\x00\x00\x06\x00\x00\x00\x0dDisable \
Boxes\x07\x00\x00\x00\x08StartT\
ab\x01\x03\x00\x00\x00\x06]\xf2\x96\xe2}\xda\x08\x00\
\x00\x00\x00\x06\x00\x00\x00\x0cDisconne\
cted\x07\x00\x00\x00\x08StartTa\
b\x01\x03\x00\x00\x00\x06j!d\xecVh\x08\x00\x00\
\x00\x00\x06\x00\x00\x00\x08Emulator\x07\
\x00\x00\x00\x08StartTab\x01\x03\x00\x00\
\x00\x0aU_u(j\x19\x8a\x18hF\x08\x00\x00\x00\
\x00\x06\x00\x00\x00\x0cEnable Box\
es\x07\x00\x00\x00\x08StartTab\x01\
\x03\x00\x00\x00\x08S/Q\xfae\xe5\x8a\x8c\x08\x00\x00\
\x00\x00\x06\x00\x00\x00\x0bExport Lo\
gs\x07\x00\x00\x00\x08StartTab\x01\
\x03\x00\x00\x00\x0e\x96\xb1\x85\xcfa\xf8mnz\x97e\
\xe5\x8a\x8c\x08\x00\x00\x00\x00\x06\x00\x00\x00\x13Hid\
e Log on Overlay\
\x07\x00\x00\x00\x08StartTab\x01\x03\x00\
\x00\x00\x08[\x89\x88\xddv\xee\x93\x04\x08\x00\x00\x00\x00\
\x06\x00\x00\x00\x0eInstall Fol\
der\x07\x00\x00\x00\x08StartTab\
\x01\x03\x00\x00\x00\x08e\xe5\x8a\x8cv\xee\x93\x04\x08\x00\
\x00\x00\x00\x06\x00\x00\x00\x0aLog Fold\
er\x07\x00\x00\x00\x08StartTab\x01\
\x03\x00\x00\x00\x08\x95\x8bU_e\xe5\x8a\x8c\x08\x00\x00\
\x00\x00\x06\x00\x00\x00\x09Open Logs\
\x07\x00\x00\x00\x08StartTab\x01\x03\x00\
\x00\x00\x08\x00P\x00C\x00 rH\x08\x00\x00\x00\x00\
\x06\x00\x00\x00\x02PC\x07\x00\x00\x00\x08Star\
tTab\x01\x03\x00\x00\x00\x08\x91\xcde\xb0et\
t\x06\x08\x00\x00\x00\x00\x06\x00\x00\x00\x07Refr\
esh\x07\x00\x00\x00\x08StartTab\
\x01\x03\x00\x00\x00\x0ckcW(\x91\xcde\xb0et\
t\x06\x08\x00\x00\x00\x00\x06\x00\x00\x00\x0aRefr\
eshing\x07\x00\x00\x00\x08Start\
Tab\x01\x03\x00\x00\x00\x08b*W\x16v\xee\x93\
\x04\x08\x00\x00\x00\x00\x06\x00\x00\x00\x11Scree\
nshot Folder\x07\x00\x00\x00\
\x08StartTab\x01\x03\x00\x00\x00\x10W\
(a\xf8mnz\x97\x98oy:e\xe5\x8a\x8c\x08\
\x00\x00\x00\x00\x06\x00\x00\x00\x13Show Lo\
g on Overlay\x07\x00\x00\x00\
\x08StartTab\x01\x03\x00\x00\x00\x08g\
\xe5w\x0be\xe5\x8a\x8c\x08\x00\x00\x00\x00\x06\x00\x00\x00\
\x08View Log\x07\x00\x00\x00\x08St\
artTab\x01\x03\x00\x00\x00:\x00N\x00P\
\x00Uc\xa8t\x06\x93/\x8a\xa4\xff\x0c`\xa8S\xef\
\x80\xfd\x97\x00\x89\x81f\xf4e\xb0\x00I\x00n\x00t\
\x00e\x00l\x00 \x00N\x00P\x00U\x9aER\xd5\
z\x0b_\x0f\xff\x01\x08\x00\x00\x00\x00\x06\x00\x00\x00C\
NPU inferring Er\
ror, you might n\
eed to update th\
e Intel NPU driv\
er!\x07\x00\x00\x00\x04Task\x01\x03\x00\x00\
\x00\x04\x93/\x8a\xa4\x08\x00\x00\x00\x00\x06\x00\x00\x00\x05\
Error\x07\x00\x00\x00\x0bTaskBu\
ttons\x01\x03\x00\x00\x00*\x90Jb2\x89\
\x96z\x97g*\x90#}\xda\xff\x0c\x8a\xcb\x90xS\
\xd6\x90Jb2\x89\x96z\x97T\x8cb*W\x16e\
\xb9_\x0f0\x02\x08\x00\x00\x00\x00\x06\x00\x00\x00OG\
ame window is no\
t connected, ple\
ase select the g\
ame window and c\
apture method.\x07\x00\
\x00\x00\x0bTaskButtons\x01\x03\
\x00\x00\x00\x04f\xabP\x5c\x08\x00\x00\x00\x00\x06\x00\x00\
\x00\x05Pause\x07\x00\x00\x00\x0bTask\
Buttons\x01\x03\x00\x00\x00\x04~|~\
\x8c\x08\x00\x00\x00\x00\x06\x00\x00\x00\x06Resum\
e\x07\x00\x00\x00\x0bTaskButton\
s\x01\x03\x00\x00\x00\x04\x95\x8bY\xcb\x08\x00\x00\x00\x00\
\x06\x00\x00\x00\x05Start\x07\x00\x00\x00\x0bT\
askButtons\x01\x03\x00\x00\x00\x04\
P\x5ckb\x08\x00\x00\x00\x00\x06\x00\x00\x00\x04St\
op\x07\x00\x00\x00\x0bTaskButto\
ns\x01\x03\x00\x00\x00\x18`\xa8x\xba[\x9a\x89\x81\
R*\x96d\x00 \x00{\x00}\x00 U\xce\xff\x1f\
\x08\x00\x00\x00\x00\x06\x00\x00\x00\x22Are yo\
u sure you want \
to delete {}\x07\x00\x00\x00\
\x08TaskCard\x01\x03\x00\x00\x00\x04R\
*\x96d\x08\x00\x00\x00\x00\x06\x00\x00\x00\x06Del\
ete\x07\x00\x00\x00\x08TaskCard\
\x01\x03\x00\x00\x00\x08R*\x96dN\xfbR\xd9\x08\x00\
\x00\x00\x00\x06\x00\x00\x00\x0bDelete T\
ask\x07\x00\x00\x00\x08TaskCard\
\x01\x03\x00\x00\x00\x06g*U_u(\x08\x00\x00\x00\
\x00\x06\x00\x00\x00\x08Disabled\x07\x00\
\x00\x00\x08TaskCard\x01\x03\x00\x00\x00\
\x04}\xe8\x8f/\x08\x00\x00\x00\x00\x06\x00\x00\x00\x04E\
dit\x07\x00\x00\x00\x08TaskCard\
\x01\x03\x00\x00\x00\x06]\xf2U_u(\x08\x00\x00\x00\
\x00\x06\x00\x00\x00\x07Enabled\x07\x00\x00\
\x00\x08TaskCard\x01\x03\x00\x00\x00\x08\
O\x7fu(\x8a\xaaf\x0e\x08\x00\x00\x00\x00\x06\x00\x00\
\x00\x0cInstructions\x07\x00\
\x00\x00\x08TaskCard\x01\x03\x00\x00\x00\
\x04f\xabP\x5c\x08\x00\x00\x00\x00\x06\x00\x00\x00\x05P\
ause\x07\x00\x00\x00\x08TaskCar\
d\x01\x03\x00\x00\x00\x08\x91\xcd\x8a-\x8a-[\x9a\x08\
\x00\x00\x00\x00\x06\x00\x00\x00\x0cReset C\
onfig\x07\x00\x00\x00\x08TaskCa\
rd\x01\x03\x00\x00\x00\x04~|~\x8c\x08\x00\x00\x00\
\x00\x06\x00\x00\x00\x06Resume\x07\x00\x00\x00\
\x08TaskCard\x01\x03\x00\x00\x00\x04\x95\
\x8bY\xcb\x08\x00\x00\x00\x00\x06\x00\x00\x00\x05Sta\
rt\x07\x00\x00\x00\x08TaskCard\x01\
\x03\x00\x00\x00\x04P\x5ckb\x08\x00\x00\x00\x00\x06\x00\
\x00\x00\x04Stop\x07\x00\x00\x00\x08Task\
Card\x01\x03\x00\x00\x00&{I_\x85\x00 \
\x00{\x00t\x00a\x00s\x00k\x00_\x00n\x00a\
\x00m\x00e\x00}\x00 N\xfbR\xd9[\x8cb\x10\
\x08\x00\x00\x00\x00\x06\x00\x00\x00,Waitin\
g for {task_name\
} task to be com\
pleted\x07\x00\x00\x00\x08TaskC\
ard\x01\x03\x00\x00\x00\x04P\x5cu(\x08\x00\x00\
\x00\x00\x06\x00\x00\x00\x07Disable\x07\x00\
\x00\x00\x0cTaskOpButton\x01\
\x03\x00\x00\x00\x04U_u(\x08\x00\x00\x00\x00\x06\x00\
\x00\x00\x06Enable\x07\x00\x00\x00\x0cTa\
skOpButton\x01\x03\x00\x00\x00\x08\
\x90xS\xd6\x89\x96z\x97\x08\x00\x00\x00\x00\x06\x00\x00\
\x00\x0dChoose Window\x07\
\x00\x00\x00\x07TaskTab\x01\x03\x00\x00\x00\
\x06]\xf2[\x8cb\x10\x08\x00\x00\x00\x00\x06\x00\x00\x00\
\x09Completed\x07\x00\x00\x00\x07T\
askTab\x01\x03\x00\x00\x00\x08^\xfaz\xcb\
N\xfbR\xd9\x08\x00\x00\x00\x00\x06\x00\x00\x00\x0bCr\
eate Task\x07\x00\x00\x00\x07Ta\
skTab\x01\x03\x00\x00\x00\x04\x8c\xc7\x8a\x0a\x08\
\x00\x00\x00\x00\x06\x00\x00\x00\x04Info\x07\x00\x00\
\x00\x07TaskTab\x01\x03\x00\x00\x00\x06W\
\xf7\x88LN-\x08\x00\x00\x00\x00\x06\x00\x00\x00\x07R\
unning\x07\x00\x00\x00\x07TaskT\
ab\x01\x03\x00\x00\x00\x0a]\xf2W\xf7\x88LfB\
\x95\x93\x08\x00\x00\x00\x00\x06\x00\x00\x00\x0cTime\
 Elapsed\x07\x00\x00\x00\x07Tas\
kTab\x01\x03\x00\x00\x00\x02P<\x08\x00\x00\x00\
\x00\x06\x00\x00\x00\x05Value\x07\x00\x00\x00\x07\
TaskTab\x01\x03\x00\x00\x00\x04S\xd6m\
\x88\x08\x00\x00\x00\x00\x06\x00\x00\x00\x06Cance\
l\x07\x00\x00\x00\x13TemplateIn\
putDialog\x01\x03\x00\x00\x00\x04x\
\xba\x8a\x8d\x08\x00\x00\x00\x00\x06\x00\x00\x00\x07Con\
firm\x07\x00\x00\x00\x13Templat\
eInputDialog\x01\x03\x00\x00\
\x00\x1ax\xba[\x9a\x89\x81R*\x96d\x00 \x00'\
\x00{\x00}\x00'\x00 U\xce\xff\x1f\x08\x00\x00\x00\
\x00\x06\x00\x00\x00%Are you su\
re you want to d\
elete '{}'?\x07\x00\x00\x00\x0b\
TemplateTab\x01\x03\x00\x00\x00\
\x04S\xd6m\x88\x08\x00\x00\x00\x00\x06\x00\x00\x00\x06C\
ancel\x07\x00\x00\x00\x0bTempla\
teTab\x01\x03\x00\x00\x00\x08x\xba\x8a\x8dR\
*\x96d\x08\x00\x00\x00\x00\x06\x00\x00\x00\x0eCon\
firm Delete\x07\x00\x00\x00\x0b\
TemplateTab\x01\x03\x00\x00\x00\
\x04R*\x96d\x08\x00\x00\x00\x00\x06\x00\x00\x00\x06D\
elete\x07\x00\x00\x00\x0bTempla\
teTab\x01\x03\x00\x00\x00\x0ab*W\x16Y\
1eW0\x02\x08\x00\x00\x00\x00\x06\x00\x00\x00\x18F\
ailed to capture\
 frame.\x07\x00\x00\x00\x0bTemp\
lateTab\x01\x03\x00\x00\x00\x10u\x1fb\
\x10j\x19|dR\x17\x82\x09j\x94hH\x08\x00\x00\
\x00\x00\x06\x00\x00\x00\x18Generate \
label enum file\x07\
\x00\x00\x00\x0bTemplateTab\x01\
\x03\x00\x00\x00\x0cW\x16rG]\xf2R*\x96d0\
\x02\x08\x00\x00\x00\x00\x06\x00\x00\x00\x0eImage\
 deleted.\x07\x00\x00\x00\x0bTe\
mplateTab\x01\x03\x00\x00\x00>v\
\xf8\x5c\x0d\x8d\xef_\x91q!eH0\x02{\xc4O\
\x8b\xff\x1a\x00o\x00k\x00_\x00t\x00a\x00s\x00\
k\x00s\x00/\x00L\x00a\x00b\x00e\x00l\x00\
E\x00n\x00u\x00m\x00.\x00p\x00y\x08\x00\x00\
\x00\x00\x06\x00\x00\x005Invalid r\
elative path. Ex\
ample: ok_tasks/\
LabelEnum.py\x07\x00\x00\x00\
\x0bTemplateTab\x01\x03\x00\x00\
\x00\x04j\x19l\xe8\x08\x00\x00\x00\x00\x06\x00\x00\x00\x06\
Markup\x07\x00\x00\x00\x0bTempl\
ateTab\x01\x03\x00\x00\x00\x12l\x92g\x09\
j\x19l\xe8\x97\x00\x89\x81Q2[X0\x02\x08\x00\
\x00\x00\x00\x06\x00\x00\x00\x17No annot\
ations to save.\x07\
\x00\x00\x00\x0bTemplateTab\x01\
\x03\x00\x00\x00\x1eb*W\x16e\xb9_\x0fN\x0dS\
\xefu(0\x02\x8a\xcbQHU_R\xd5b*W\
\x160\x02\x08\x00\x00\x00\x00\x06\x00\x00\x008No \
capture method a\
vailable. Please\
 start capture f\
irst.\x07\x00\x00\x00\x0bTempla\
teTab\x01\x03\x00\x00\x00\x08f\xabq!{\
\xc4g,\x08\x00\x00\x00\x00\x06\x00\x00\x00\x10No \
templates yet\x07\x00\x00\
\x00\x0bTemplateTab\x01\x03\x00\
\x00\x00\x04x\xba[\x9a\x08\x00\x00\x00\x00\x06\x00\x00\x00\
\x02OK\x07\x00\x00\x00\x0bTemplate\
Tab\x01\x03\x00\x00\x00\x18\x8d\xef_\x91v\xf8\x5c\
\x0de\xbc]\xe5O\x5cS@h9v\xee\x93\x040\
\x02\x08\x00\x00\x00\x00\x06\x00\x00\x00'Path \
is relative to t\
he workspace roo\
t.\x07\x00\x00\x00\x0bTemplateT\
ab\x01\x03\x00\x00\x00:v\xf8\x5c\x0d\x8d\xef_\x91\
\xff\x0cO\x8bY\x82\xff\x1a\x00o\x00k\x00_\x00t\
\x00a\x00s\x00k\x00s\x00/\x00L\x00a\x00b\
\x00e\x00l\x00E\x00n\x00u\x00m\x00.\x00p\
\x00y\x08\x00\x00\x00\x00\x06\x00\x00\x00)Rela\
tive path, e.g. \
ok_tasks/LabelEn\
um.py\x07\x00\x00\x00\x0bTempla\
teTab\x01\x03\x00\x00\x00\x04Q2[X\x08\
\x00\x00\x00\x00\x06\x00\x00\x00\x04Save\x07\x00\x00\
\x00\x0bTemplateTab\x01\x03\x00\
\x00\x00\x06Q2[XR0\x08\x00\x00\x00\x00\x06\x00\
\x00\x00\x07Save To\x07\x00\x00\x00\x0bT\
emplateTab\x01\x03\x00\x00\x00\x12\
Q2[Xb\x10R\x9fR0\x00:\x00 \x00{\
\x00}\x08\x00\x00\x00\x00\x06\x00\x00\x00\x22Save\
 completed succe\
ssfully to: {}\x07\x00\
\x00\x00\x0bTemplateTab\x01\x03\
\x00\x00\x00\x04b*W\x16\x08\x00\x00\x00\x00\x06\x00\x00\
\x00\x0aScreenshot\x07\x00\x00\x00\
\x0bTemplateTab\x01\x03\x00\x00\
\x00\x12b*W\x16]\xf2Q2[X\x00:\x00 \
\x00{\x00}\x08\x00\x00\x00\x00\x06\x00\x00\x00\x14Sc\
reenshot saved: \
{}\x07\x00\x00\x00\x0bTemplateT\
ab\x01\x03\x00\x00\x00\x16c\x09T\x0dz1b\x16\
R\x06\x98^d\x1c\x5c\x0b\x00.\x00.\x00.\x08\x00\
\x00\x00\x00\x06\x00\x00\x00\x1dSearch b\
y name or catego\
ry...\x07\x00\x00\x00\x0bTempla\
teTab\x01\x03\x00\x00\x00\x04b\x10R\x9f\x08\
\x00\x00\x00\x00\x06\x00\x00\x00\x07Success\
\x07\x00\x00\x00\x0bTemplateTab\
\x01\x03\x00\x00\x00\x08d\xf7S\xd6b*W\x16\x08\x00\
\x00\x00\x00\x06\x00\x00\x00\x0fTake Scr\
eenshot\x07\x00\x00\x00\x0bTemp\
lateTab\x01\x03\x00\x00\x00\x1a\x00a\x00\
s\x00s\x00e\x00t\x00s\x00 \x00(shz\
\xcba\xc9u(\x00)\x08\x00\x00\x00\x00\x06\x00\x00\x00\
\x17assets (standal\
one app)\x07\x00\x00\x00\x0bTem\
plateTab\x01\x03\x00\x00\x00,\x00o\
\x00k\x00_\x00t\x00a\x00s\x00k\x00s\x00/\
\x00a\x00s\x00s\x00e\x00t\x00s\x00 \x00(\
\x81\xea\x8a\x02\x81sg,\x00)\x08\x00\x00\x00\x00\x06\
\x00\x00\x00 ok_tasks/ass\
ets (custom scri\
pts)\x07\x00\x00\x00\x0bTemplat\
eTab\x01\x03\x00\x00\x004x\xba[\x9a\x89\x81\
f\xf4e\xb0\x81\xf3\x00 \x00{\x00v\x00e\x00r\
\x00s\x00i\x00o\x00n\x00}\x00 \x00{\x00t\
\x00y\x00p\x00e\x00}\x00 U\xce\xff\x1f\x08\x00\
\x00\x00\x00\x06\x00\x00\x004Are you \
sure you want to\
 update to {vers\
ion} {type}?\x07\x00\x00\x00\
\x0bVersionCard\x01\x03\x00\x00\
\x00\x14j\xa2g\xe5f\xf4e\xb0fBv|u\x1f\
\x93/\x8a\xa4\xff\x01\x08\x00\x00\x00\x00\x06\x00\x00\x00\x17\
Check for update\
 error!\x07\x00\x00\x00\x0bVers\
ionCard\x01\x03\x00\x00\x00\x0aj\xa2g\
\xe5e\xb0rHg,\x08\x00\x00\x00\x00\x06\x00\x00\x00\
\x11Check for updat\
es\x07\x00\x00\x00\x0bVersionCa\
rd\x01\x03\x00\x00\x00\x0ckcW(j\xa2g\xe5\
f\xf4e\xb0\x08\x00\x00\x00\x00\x06\x00\x00\x00\x14Ch\
ecking for updat\
es\x07\x00\x00\x00\x0bVersionCa\
rd\x01\x03\x00\x00\x00\x06\x95\x8bv|rH\x08\x00\
\x00\x00\x00\x06\x00\x00\x00\x05Debug\x07\x00\x00\
\x00\x0bVersionCard\x01\x03\x00\
\x00\x002N\x0b\x8f\x09N-\xff\x1a\x00{\x00p\x00\
r\x00o\x00g\x00r\x00e\x00s\x00s\x00}\x00\
 \x00{\x00p\x00e\x00r\x00c\x00e\x00n\x00\
t\x00}\x00%\x08\x00\x00\x00\x00\x06\x00\x00\x00!D\
ownloading {prog\
ress} {percent}%\
\x07\x00\x00\x00\x0bVersionCard\
\x01\x03\x00\x00\x00\x0cv|s\xfee\xb0rHg,\
\xff\x01\x08\x00\x00\x00\x00\x06\x00\x00\x00\x12Foun\
d new version!\x07\x00\
\x00\x00\x0bVersionCard\x01\x03\
\x00\x00\x00\x04\x8c\xc7\x8a\x0a\x08\x00\x00\x00\x00\x06\x00\x00\
\x00\x04Info\x07\x00\x00\x00\x0bVersi\
onCard\x01\x03\x00\x00\x00\x06kc_\x0f\
rH\x08\x00\x00\x00\x00\x06\x00\x00\x00\x07Rele\
ase\x07\x00\x00\x00\x0bVersionC\
ard\x01\x03\x00\x00\x00\x12v\xeeRM]\xf2f\
/g\x00e\xb0rHg,\xff\x01\x08\x00\x00\x00\x00\
\x06\x00\x00\x00\x1bThis is the\
 newest version!\
\x07\x00\x00\x00\x0bVersionCard\
\x01\x03\x00\x00\x00\x08z\xcbSsf\xf4e\xb0\x08\x00\
\x00\x00\x00\x06\x00\x00\x00\x0aUpdate N\
ow\x07\x00\x00\x00\x0bVersionCa\
rd\x01\x03\x00\x00\x00(f\xf4e\xb0\x81\xf3\x00 \
\x00{\x00v\x00e\x00r\x00s\x00i\x00o\x00n\
\x00}\x00 \x00{\x00t\x00y\x00p\x00e\x00}\
\x08\x00\x00\x00\x00\x06\x00\x00\x00\x1aUpdate\
 to {version} {t\
ype}\x07\x00\x00\x00\x0bVersion\
Card\x01\x03\x00\x00\x00\x04c\xd0y:\x08\x00\
\x00\x00\x00\x06\x00\x00\x00\x05Alert\x07\x00\x00\
\x00\x03app\x01\x03\x00\x00\x00\x0e]\xf2f\xf4e\
\xb0\x81\xf3rHg,\xff\x1a\x08\x00\x00\x00\x00\x06\x00\
\x00\x00\x1bAlready updat\
ed to version:\x07\x00\
\x00\x00\x03app\x01\x03\x00\x00\x00(]\xf2g\x09\
S\xe6N\x00P\x0bW\xf7\x88LP\x0b\x9a\xd4kc\
W(\x90KO\x5c\xff\x0c\x8a\xcbbKR\xd5}P\
g_0\x02\x08\x00\x00\x00\x00\x06\x00\x00\x00#An\
other instance i\
s already runnin\
g\x07\x00\x00\x00\x03app\x01\x03\x00\x00\x00\x5ca\
\xc9u(z\x0b_\x0fU_R\xd5\x93/\x8a\xa40\
\x02\x8a\xcb\x5c\x07[\x89\x88\xdd\x8c\xc7e\x99Y>e\
\xb0X\x9e\x81\xf3\x00 \x00W\x00i\x00n\x00d\x00\
o\x00w\x00s\x00 \x00D\x00e\x00f\x00e\x00\
n\x00d\x00e\x00r\x00 v}T\x0dU\xaeN\
&\x91\xcde\xb0[\x89\x88\xdd\xff\x1a\x08\x00\x00\x00\x00\
\x06\x00\x00\x00fApp startup\
 error. Please a\
dd the installat\
ion folder to th\
e Windows Defend\
er whitelist and\
 reinstall:\x07\x00\x00\x00\x03\
app\x01\x03\x00\x00\x00\x04\x81\xeaR\xd5\x08\x00\x00\
\x00\x00\x06\x00\x00\x00\x04Auto\x07\x00\x00\x00\x03\
app\x01\x03\x00\x00\x00\x12\x81\xeaR\xd5\x8a\xbfe\
t\x90Jb2\x89\xe3g\x90^\xa6\x08\x00\x00\x00\x00\
\x06\x00\x00\x00\x17Auto Resize\
 Game Window\x07\x00\x00\x00\
\x03app\x01\x03\x00\x00\x00\x0c\x81\xeaR\xd5U_\
R\xd5\x90Jb2\x08\x00\x00\x00\x00\x06\x00\x00\x00\x0f\
Auto Start Game\x07\
\x00\x00\x00\x03app\x01\x03\x00\x00\x00\x1aa\xc9u\
(z\x0b_\x0fU_R\xd5fB\x81\xeaR\xd5U\
_R\xd5\x90Jb2\x08\x00\x00\x00\x00\x06\x00\x00\x00\
\x1fAuto Start Game\
 When App Starts\
\x07\x00\x00\x00\x03app\x01\x03\x00\x00\x00\x14V\xe0\
\x90Jb2\x95\xdc\x95\x89\x80\x0c\x81\xeaR\xd5\x95\xdc\
\x95\x89\x08\x00\x00\x00\x00\x06\x00\x00\x00\x1dAuto\
 exit because ga\
me exited\x07\x00\x00\x00\x03ap\
p\x01\x03\x00\x00\x00\x08W\xfag,\x8a-[\x9a\x08\
\x00\x00\x00\x00\x06\x00\x00\x00\x0dBasic O\
ptions\x07\x00\x00\x00\x03app\x01\x03\
\x00\x00\x00\x06n,\x8afrH\x08\x00\x00\x00\x00\x06\
\x00\x00\x00\x0cBeta Version\
\x07\x00\x00\x00\x03app\x01\x03\x00\x00\x00\x04j!\
|\xca\x08\x00\x00\x00\x00\x06\x00\x00\x00\x04Blur\
\x07\x00\x00\x00\x03app\x01\x03\x00\x00\x00\x0a\x90n\
d\xcbo\x14{\x97l\xd5\x08\x00\x00\x00\x00\x06\x00\x00\
\x00\x0eBlur Algorithm\
\x07\x00\x00\x00\x03app\x01\x03\x00\x00\x006j!\
|\xca\x90Jb2\x00 \x00U\x00I\x00D\x00 \
{IV\xfa[\x9aQg[\xb9N\xe5^\xf6\x95w\
\x00 \x00O\x00L\x00E\x00D\x00 \x87\xa2^U\
X\xfdT}\x08\x00\x00\x00\x00\x06\x00\x00\x00&Bl\
ur Game UID etc \
to enhance OLED \
life\x07\x00\x00\x00\x03app\x01\x03\x00\x00\
\x00\x0c\x90nd\xcbj\xa2g\xe5\x95\x93\x96\x94\x08\x00\
\x00\x00\x00\x06\x00\x00\x00\x0dBlur Int\
erval\x07\x00\x00\x00\x03app\x01\x03\x00\
\x00\x00\x1eb~N\x0dR0\x00 \x00P\x00y\x00\
t\x00h\x00o\x00n\x00 \x00v\x00e\x00n\x00\
v\x08\x00\x00\x00\x00\x06\x00\x00\x00\x16Can't\
 find python ven\
v\x07\x00\x00\x00\x03app\x01\x03\x00\x00\x00\x04S\
\xd6m\x88\x08\x00\x00\x00\x00\x06\x00\x00\x00\x06Can\
cel\x07\x00\x00\x00\x03app\x01\x03\x00\x00\x00\
\x0ab*W\x16_qh<s\x87\x08\x00\x00\x00\x00\
\x06\x00\x00\x00\x12Capture Fra\
me Rate\x07\x00\x00\x00\x03app\x01\
\x03\x00\x00\x00\x08b*W\x16^\xf6\x90r\x08\x00\x00\
\x00\x00\x06\x00\x00\x00\x0fCapture L\
atency\x07\x00\x00\x00\x03app\x01\x03\
\x00\x00\x00\x04W\x0bQg\x08\x00\x00\x00\x00\x06\x00\x00\
\x00\x05China\x07\x00\x00\x00\x03app\x01\
\x03\x00\x00\x00\x04x\xba\x8a\x8d\x08\x00\x00\x00\x00\x06\x00\
\x00\x00\x07Confirm\x07\x00\x00\x00\x03a\
pp\x01\x03\x00\x00\x00\x16^\xfaz\xcb\x00 \x00v\
\x00e\x00n\x00v\x00 Y1eW0\x02\x08\x00\
\x00\x00\x00\x06\x00\x00\x00\x13Create v\
env failed.\x07\x00\x00\x00\x03\
app\x01\x03\x00\x00\x00\x12R*\x96dv\xf8O\
\x9dYWN\xf6b\x10R\x9f\xff\x01\x08\x00\x00\x00\x00\
\x06\x00\x00\x00\x1cDelete depe\
ndencies success\
!\x07\x00\x00\x00\x03app\x01\x03\x00\x00\x00\x04\x8a\
:e\xb7\x08\x00\x00\x00\x00\x06\x00\x00\x00\x09Dia\
gnosis\x07\x00\x00\x00\x03app\x01\x03\
\x00\x00\x00\x0cU_u(j!|\xca\x90nd\xcb\
\x08\x00\x00\x00\x00\x06\x00\x00\x00\x0bEnable\
 Blur\x07\x00\x00\x00\x03app\x01\x03\x00\
\x00\x00\x04\x93/\x8a\xa4\x08\x00\x00\x00\x00\x06\x00\x00\x00\
\x05Error\x07\x00\x00\x00\x03app\x01\x03\
\x00\x00\x00\x0a[\x8cb\x10_\x8c\x90\x00Q\xfa\x08\x00\
\x00\x00\x00\x06\x00\x00\x00\x0fExit Aft\
er Task\x07\x00\x00\x00\x03app\x01\
\x03\x00\x00\x00\x1a\x90Jb2\x95\xdc\x95\x89fB\x81\
\xeaR\xd5\x90\x00Q\xfaa\xc9u(z\x0b_\x0f\x08\
\x00\x00\x00\x00\x06\x00\x00\x00\x18Exit Ap\
p when Game Exit\
s\x07\x00\x00\x00\x03app\x01\x03\x00\x00\x00\x22V\
\xe0\x90Jb2]\xf2\x95\xdc\x95\x89\xff\x0ca\xc9u\
(z\x0b_\x0f\x5c\x07\x81\xeaR\xd5\x90\x00Q\xfa\xff\
\x01\x08\x00\x00\x00\x00\x06\x00\x00\x00\x18Exit \
because game exi\
ted\x07\x00\x00\x00\x03app\x01\x03\x00\x00\x00\
\x1c[\x8cb\x10N\xfbR\xd9_\x8c\x90\x00Q\xfa\x90\
Jb2T\x8ca\xc9u(z\x0b_\x0f\x08\x00\x00\
\x00\x00\x06\x00\x00\x00?Exit the \
Game and the App\
 after Successfu\
lly Executing th\
e Task\x07\x00\x00\x00\x03app\x01\x03\
\x00\x00\x00\x0eW\xf7\x88L[\x8cub_\x8c\x90\x00\
Q\xfa\x08\x00\x00\x00\x00\x06\x00\x00\x00\x14Exit\
_After_Execution\
\x07\x00\x00\x00\x03app\x01\x03\x00\x00\x00\x12\x8b\x80\
S\xd6rHg,n\x05U\xaeY1eW\xff\x01\
\x08\x00\x00\x00\x00\x06\x00\x00\x00 Fetch \
remote version l\
ist error!\x07\x00\x00\x00\x03a\
pp\x01\x03\x00\x00\x00\x08~=_qh<ex\
\x08\x00\x00\x00\x00\x06\x00\x00\x00\x0bFrame \
Count\x07\x00\x00\x00\x03app\x01\x03\x00\
\x00\x00\x0a\x89\x96z\x97\x89\xe3g\x90^\xa6\x08\x00\x00\
\x00\x00\x06\x00\x00\x00\x0fGame Reso\
lution\x07\x00\x00\x00\x03app\x01\x03\
\x00\x00\x00\x08\x90Jb2\x97\xf3eH\x08\x00\x00\x00\
\x00\x06\x00\x00\x00\x0aGame Sound\
\x07\x00\x00\x00\x03app\x01\x03\x00\x00\x00\x04Qh\
t\x03\x08\x00\x00\x00\x00\x06\x00\x00\x00\x06Glob\
al\x07\x00\x00\x00\x03app\x01\x03\x00\x00\x00\x06\
_\xebcw\x93u\x08\x00\x00\x00\x00\x06\x00\x00\x00\x06\
HotKey\x07\x00\x00\x00\x03app\x01\x03\
\x00\x00\x000X\x9eR\xa0\x95\x93\x96\x94N\xe5\x96M\
ON\x00 \x00C\x00P\x00U\x00/\x00G\x00P\
\x00U\x00 O\x7fu(s\x87\x00 \x00(k\xeb\
y\xd2\x00)\x08\x00\x00\x00\x00\x06\x00\x00\x00JIn\
crease Delay bet\
ween Trigger Tas\
ks to Reduce CPU\
/GPU Usage(Milli\
seconds)\x07\x00\x00\x00\x03app\
\x01\x03\x00\x00\x00\x04\x8c\xc7\x8a\x0a\x08\x00\x00\x00\x00\x06\
\x00\x00\x00\x04Info\x07\x00\x00\x00\x03app\
\x01\x03\x00\x00\x00\x08Qg[\xb9Xk\x88\xdc\x08\x00\
\x00\x00\x00\x06\x00\x00\x00\x07Inpaint\x07\
\x00\x00\x00\x03app\x01\x03\x00\x00\x008[\x89\x88\
\xddv\xf8O\x9dYWN\xf6Y1eW\xff\x0c\x8a\
\xcbV\x17\x8aff\xf4c\xdbf\xf4e\xb0O\x86n\
\x90\xff\x0cb\x16\x91\xcde\xb0N\x0b\x8f\x09[\x8ce\
trH\xff\x01\x08\x00\x00\x00\x00\x06\x00\x00\x00]I\
nstall dependenc\
ies failed, try \
changing the upd\
ate source, or r\
e-download the f\
ull version!\x07\x00\x00\x00\
\x03app\x01\x03\x00\x00\x00:[\x89\x88\xddv\xee\
\x93\x04\x00 \x00{\x00p\x00a\x00t\x00h\x00}\
\x00 _\xc5\x98\x08p\xba\x82\xf1e\x87\x8d\xef_\x91\
\xff\x0c\x8a\xcby\xfbR\xd5\x81\xf3QvN\xd6\x8d\xef\
_\x910\x02\x08\x00\x00\x00\x00\x06\x00\x00\x00AIn\
stall dir {path}\
 must be an Engl\
ish path, move t\
o another path.\x07\
\x00\x00\x00\x03app\x01\x03\x00\x00\x00\x10U_R\
\xd5_\x8c\x95\xdc\x95\x89U_R\xd5Vh\x08\x00\x00\
\x00\x00\x06\x00\x00\x00\x19Kill Laun\
cher After Start\
\x07\x00\x00\x00\x03app\x01\x03\x00\x00\x00\x14O\x7f\
u(\x00 \x00D\x00X\x001\x001\x00 U_\
R\xd5\x08\x00\x00\x00\x00\x06\x00\x00\x00\x10Laun\
ch with DX11\x07\x00\x00\x00\
\x03app\x01\x03\x00\x00\x00\x06\x8a\x18a\xb6\x9a\xd4\
\x08\x00\x00\x00\x00\x06\x00\x00\x00\x06Memory\
\x07\x00\x00\x00\x03app\x01\x03\x00\x00\x00\x1au(\
e\xbc\x90nd\xcb\x8a-[\x9aS@W\xdfv\x84\
\x86Ut\x06e\xb9_\x0f\x08\x00\x00\x00\x00\x06\x00\x00\
\x00'Method used to\
 obscure configu\
red areas\x07\x00\x00\x00\x03ap\
p\x01\x03\x00\x00\x00\x1c\x9e\xded\xca\x95\xdc\x95\x89c\
\x09\x92\x15fBg\x00\x5c\x0fS\x16\x81\xf3|\xfb}\
qS#\x08\x00\x00\x00\x00\x06\x00\x00\x00+Min\
imize Window to \
System Tray when\
 Closing\x07\x00\x00\x00\x03app\
\x01\x03\x00\x00\x00\x10\x90Jb2W(\x80\xccfo\
fB\x97\x5c\x97\xf3\x08\x00\x00\x00\x00\x06\x00\x00\x00\x1d\
Mute Game while \
in Background\x07\x00\x00\
\x00\x03app\x01\x03\x00\x00\x00\x1ag\x09e\xb0r\
Hg,\x00 \x00{\x00}\x00 S\xefO\x9bf\
\xf4e\xb0\xff\x01\x08\x00\x00\x00\x00\x06\x00\x00\x00\x18N\
ew Version {} Av\
ailable\x07\x00\x00\x00\x03app\x01\
\x03\x00\x00\x00\x02T&\x08\x00\x00\x00\x00\x06\x00\x00\x00\
\x02No\x07\x00\x00\x00\x03app\x01\x03\x00\x00\x00\
\x02q!\x08\x00\x00\x00\x00\x06\x00\x00\x00\x04Non\
e\x07\x00\x00\x00\x03app\x01\x03\x00\x00\x00\x0ce\
\x87[W\x8f\xa8\x8bX^\xf6\x90r\x08\x00\x00\x00\x00\
\x06\x00\x00\x00\x0bOCR Latency\
\x07\x00\x00\x00\x03app\x01\x03\x00\x00\x00\x04d\xcd\
O\x5c\x08\x00\x00\x00\x00\x06\x00\x00\x00\x09Oper\
ation\x07\x00\x00\x00\x03app\x01\x03\x00\
\x00\x00\x14]\xf2f\xabP\x5c\xff\x1a\x90Jb2]\
\xf2\x95\xdc\x95\x89\xff\x01\x08\x00\x00\x00\x00\x06\x00\x00\x00\
\x1aPaused because \
game exited\x07\x00\x00\x00\x03\
app\x01\x03\x00\x00\x00,]\xf2f\xabP\x5c\xff\
\x1a\x90Jb2\x89\x96z\x97]\xf2g\x00\x5c\x0fS\
\x16b\x16\x90\xe8R\x06\x8d\x85Q\xfa\x87\xa2^U{\
\xc4W\x0d\xff\x01\x08\x00\x00\x00\x00\x06\x00\x00\x009P\
aused because ga\
me window is min\
imized or out of\
 screen!\x07\x00\x00\x00\x03app\
\x01\x03\x00\x00\x00\x08eH\x80\xfdn,\x8af\x08\x00\
\x00\x00\x00\x06\x00\x00\x00\x10Performa\
nce Test\x07\x00\x00\x00\x03app\
\x01\x03\x00\x00\x00P\x8a\xcbW(\x00 \x00M\x00u\
\x00M\x00u\x00 j!d\xecVh\x00 \x00[\
\x8a-[\x9a\x00]\x00-\x00>\x00[QvN\xd6\
\x8a-[\x9a\x00]\x00 N-\x95\xdc\x95\x89\x00 \
\x00[\x80\xccfoc\x9bj_fBO\xddc\x01\
W\xf7\x88L\x00]\x08\x00\x00\x00\x00\x06\x00\x00\x00C\
Please turn off \
enable backgroun\
d keep alive in \
MuMuPlayer setti\
ngs\x07\x00\x00\x00\x03app\x01\x03\x00\x00\x00\
\x0a\x86Ut\x06_qh<s\x87\x08\x00\x00\x00\x00\
\x06\x00\x00\x00\x12Process Fra\
me Rate\x07\x00\x00\x00\x03app\x01\
\x03\x00\x00\x00\x1c\x86Ut\x06_\x8c\x90nd\xcb\x5c\
dv\x84f\xf4e\xb0\x95\x93\x96\x94\xff\x08y\xd2\xff\
\x09\x08\x00\x00\x00\x00\x06\x00\x00\x00)Secon\
ds between proce\
ssed overlay upd\
ates\x07\x00\x00\x00\x03app\x01\x03\x00\x00\
\x00\x06zi[\x9arH\x08\x00\x00\x00\x00\x06\x00\x00\
\x00\x0eStable Version\
\x07\x00\x00\x00\x03app\x01\x03\x00\x00\x00\x0eU_\
R\xd5z\x0b_\x0fup^8\xff\x1a\x08\x00\x00\x00\
\x00\x06\x00\x00\x00\x14Start App \
Exception:\x07\x00\x00\x00\x03a\
pp\x01\x03\x00\x00\x00\x10\x95\x8bY\xcbN\x0b\x8f\x09\
v\xf8O\x9dYWN\xf6\x08\x00\x00\x00\x00\x06\x00\x00\
\x00\x11Start download\
ing\x07\x00\x00\x00\x03app\x01\x03\x00\x00\x00\
\x0a\x95\x8bY\xcb\x00/P\x5ckb\x08\x00\x00\x00\x00\
\x06\x00\x00\x00\x0aStart/Stop\x07\
\x00\x00\x00\x03app\x01\x03\x00\x00\x00\x06]\xf2P\
\x5ckb\x08\x00\x00\x00\x00\x06\x00\x00\x00\x07Sto\
pped\x07\x00\x00\x00\x03app\x01\x03\x00\x00\
\x00&b\x10R\x9fW\xf7\x88LN\xfbR\xd9\xff\x0c\
kcW(\x90\x00Q\xfa\x90Jb2T\x8ca\xc9\
u(z\x0b_\x0f\xff\x01\x08\x00\x00\x00\x00\x06\x00\x00\
\x001Successfully E\
xecuted Task, Ex\
iting Game and A\
pp!\x07\x00\x00\x00\x03app\x01\x03\x00\x00\x00\
$R\x07c\xdbN\x0dT\x0cv\x84\x00 \x00W\x00\
i\x00n\x00d\x00o\x00w\x00s\x00 b*W\
\x16e\xb9_\x0f\x08\x00\x00\x00\x00\x06\x00\x00\x000S\
witch between di\
fferent Windows \
capture methods\x07\
\x00\x00\x00\x03app\x01\x03\x00\x00\x00\x16v\xeej\
\x19z\x97S\xe3o\xc0m;\xff\x1a`b_\xa9\x93\
\x04\x88\xfd\x08\x00\x00\x00\x00\x06\x00\x00\x00'Tar\
get window activ\
e: Recording res\
umed\x07\x00\x00\x00\x03app\x01\x03\x00\x00\
\x00\x18v\xeej\x19z\x97S\xe3\x97^o\xc0m;\
\xff\x1af\xabP\x5c\x93\x04\x88\xfd\x08\x00\x00\x00\x00\x06\
\x00\x00\x00(Target windo\
w inactive: Reco\
rding paused\x07\x00\x00\x00\
\x03app\x01\x03\x00\x00\x00\x0ce\x87[W\x8f\xa8\
\x8bX}Pg\x9c\x08\x00\x00\x00\x00\x06\x00\x00\x00\x05\
Texts\x07\x00\x00\x00\x03app\x01\x03\x00\
\x00\x00\x18v\xeeRMrHg,\x00 \x00{\x00\
}\x00 _\xc5\x98\x08f\xf4e\xb0\x08\x00\x00\x00\x00\
\x06\x00\x00\x00&The current\
 version {} must\
 be updated\x07\x00\x00\x00\x03\
app\x01\x03\x00\x00\x00\x0a\x89\xf8v|Vh\x95\
\x93\x96\x94\x08\x00\x00\x00\x00\x06\x00\x00\x00\x10Tri\
gger Interval\x07\x00\x00\
\x00\x03app\x01\x03\x00\x00\x00\x0af\xf4e\xb0Q\
g[\xb9\xff\x1a\x08\x00\x00\x00\x00\x06\x00\x00\x00\x08U\
pdates:\x07\x00\x00\x00\x03app\x01\
\x03\x00\x00\x00\x16O\x7fu(\x00 \x00D\x00i\x00\
r\x00e\x00c\x00t\x00M\x00L\x08\x00\x00\x00\x00\
\x06\x00\x00\x00\x0cUse DirectM\
L\x07\x00\x00\x00\x03app\x01\x03\x00\x00\x004Y\
\x82g\x9c`\xa8g\x09\x8f\x03Y'\x98oy:\x8a\
\x18a\xb6\x9a\xd4v\x84\x98oy:Sa\xff\x0cS\
\xef\x90x0\x0cf/0\x0dN\xe5c\xd0SGe\
H\x80\xfd\x08\x00\x00\x00\x00\x06\x00\x00\x00\x1eUse\
 GPU to Improve \
Performance\x07\x00\x00\x00\x03\
app\x01\x03\x00\x00\x00\x08\x89\x96z\x97\x8a-[\
\x9a\x08\x00\x00\x00\x00\x06\x00\x00\x00\x0dWindo\
w Config\x07\x00\x00\x00\x03app\
\x01\x03\x00\x00\x00\x18\x00W\x00i\x00n\x00d\x00o\
\x00w\x00s\x00 b*W\x16e\xb9_\x0f\x08\x00\
\x00\x00\x00\x06\x00\x00\x00\x0fWindows \
Capture\x07\x00\x00\x00\x03app\x01\
\x03\x00\x00\x00\x02f/\x08\x00\x00\x00\x00\x06\x00\x00\x00\
\x03Yes\x07\x00\x00\x00\x03app\x01\x03\x00\x00\
\x00\x0c\x00{\x00}\x00 U_R\xd5Vh\x08\x00\
\x00\x00\x00\x06\x00\x00\x00\x0b{} Launc\
her\x07\x00\x00\x00\x03app\x01\
\x00\x00\xc1=\
<\
\xb8d\x18\xca\xef\x9c\x95\xcd!\x1c\xbf`\xa1\xbd\xdd\xa7\
\x00\x00\x00\x05ko_KRB\x00\x00\x13\x88\x00\x00\
\x05;\x00\x00\x09E\x00\x00\x05;\x00\x00 \xa5\x00\x00\
\x05;\x00\x00\x90A\x00\x00\x05C\x00\x00\x84I\x00\x00\
\x05O\x00\x00Dt\x00\x00\x05O\x00\x00\xa5\xb1\x00\x00\
\x07\xb2\x00\x00<f\x00\x005\xa8\x00\x00\x0bQ\x00\x00\
5\xa8\x00\x00Q\x85\x00\x00E\x82\x00\x00\x17\xc3\x00\x00\
G\xa4\x00\x00\x05\xf9\x00\x00G\xa4\x00\x00N\xca\x00\x00\
Ih\x00\x00\x18K\x00\x00Ja\x00\x00E\x05\x00\x00\
Q\xc9\x00\x00\x1f\x14\x00\x00S\x82\x00\x00 |\x00\x00\
S\x82\x00\x00\x83\xf3\x00\x00V\xfe\x00\x00Gg\x00\x00\
Y\xbe\x00\x00#^\x00\x00[\xb3\x00\x00f\x06\x00\x00\
_\xc3\x00\x00D\xa5\x00\x00_\xc3\x00\x00\xadG\x00\x00\
hp\x00\x00X\x0e\x00\x00ih\x00\x00+D\x00\x00\
u\xa2\x00\x008\xdf\x00\x04<4\x00\x00\x8f\xff\x00\x04\
\x8c\xaf\x00\x00\x99\x97\x00\x04\x93\xc2\x00\x00\x9b<\x00\x04\
\x98,\x00\x00\x12`\x00\x04\x9c\xb9\x00\x00dO\x00\x04\
\xa8\x8b\x00\x00\x074\x00\x04\xa8\x8b\x00\x00j\xc0\x00\x04\
\xa9\x03\x00\x00\x0dz\x00\x04\xa9\x03\x00\x00S&\x00\x04\
\xb8w\x00\x00F\xa7\x00\x04\xbb\x04\x00\x00\x88\xa9\x00\x04\
\xcf\x04\x00\x00Iw\x00\x04\xd0%\x00\x00\x1c}\x00\x04\
\xec0\x00\x00k\xa9\x00\x04\xf6\xc2\x00\x00\x0d\xad\x00\x04\
\xf6\xc2\x00\x00SY\x00\x05\x04\xcf\x00\x00I\x9e\x00\x05\
\x04\xcf\x00\x00W\x87\x00\x05\x04\xcf\x00\x00\x8b]\x00\x05\
\x04\xcf\x00\x00\x96\x96\x00\x05\x04\xcf\x00\x00\xa1\xe8\x00\x05\
VE\x00\x00\xa5\xd1\x00\x05d\x95\x00\x00\x0e\xdc\x00\x05\
d\x95\x00\x00T\xb9\x00\x05d\x95\x00\x00`\xd9\x00\x05\
\x98\xc5\x00\x00#\x85\x00\x05\x98\xc5\x00\x00\x91s\x00\x05\
\xab`\x00\x00%\xdc\x00\x05\xab`\x00\x00\x87\x92\x00\x05\
\xab`\x00\x00\x89\xd9\x00\x06\x87\x9b\x00\x00+\x18\x00\x06\
\xd0D\x00\x00/\xfc\x00\x07F\xc5\x00\x007\xea\x00\x0a\
\xf2\xce\x00\x00fU\x00\x0bN\x8e\x00\x00}\x22\x00\x16\
\xad\x8d\x00\x00\x16\x0b\x00\x18Y\x81\x00\x00|U\x00&\
\x9ed\x00\x003\xfb\x00+d\x91\x00\x00oo\x00=\
G\xa5\x00\x00lf\x00=\xfa\x15\x00\x00\x08o\x00C\
\x00\xa7\x00\x00u\xc7\x00D'\xc5\x00\x008\x16\x00G\
\x96\xc4\x00\x00H\x93\x00G\x96\xc4\x00\x00h\xef\x00H\
,\x94\x00\x00\x97\xe2\x00I\xf0A\x00\x00\x9d2\x00J\
+\x82\x00\x00FW\x00J6\x95\x00\x00F\x80\x00J\
d\x95\x00\x001\xc9\x00J\x809\x00\x00\x0dD\x00J\
\x809\x00\x00R\xf0\x00J\x809\x00\x00_t\x00J\
\xb9\xb7\x00\x00I!\x00J\xb9\xb7\x00\x00\x81\xd8\x00J\
\xb9\xb7\x00\x00\x95\xa8\x00L\x99b\x00\x00IO\x00L\
\x99b\x00\x00Yj\x00L\x99b\x00\x00\x86.\x00L\
\x99b\x00\x00\x9eQ\x00N\xbf\xa5\x00\x00\x1d*\x00O\
l\x93\x00\x00\x0d\xe2\x00Ol\x93\x00\x00S\x8e\x00R\
\xfd\xf4\x00\x00\x07b\x00R\xfd\xf4\x00\x00k\xfd\x00T\
l\x95\x00\x00\x1f\xd3\x00V\x80\x04\x00\x00\xa2\x08\x00V\
\x8c\x95\x00\x00G<\x00V\x8c\x95\x00\x00oB\x00V\
\x8c\x95\x00\x00\x87\x10\x00V\x8c\x95\x00\x00\x89-\x00V\
\xae\xc2\x00\x00![\x00X\xb7\xb9\x00\x00a\x09\x00Y\
\xe8\x85\x00\x00Ed\x00Z\x8a#\x00\x00K\xa7\x00Z\
\xa8\x94\x00\x00pI\x00Z\xa8\x94\x00\x00\x87i\x00Z\
\xa8\x94\x00\x00\x89\xb3\x00Z\xcf\xb3\x00\x00\xabV\x00Z\
\xec5\x00\x00\x07\x8f\x00\x5cV\xfe\x00\x00G\xb4\x00\x5c\
\x83\xb5\x00\x00W\xe4\x00\x5c\x83\xb5\x00\x00\x8b\xde\x00i\
2\xb4\x00\x00.8\x00j/\x9b\x00\x00-\x1f\x00v\
vN\x00\x00&\xd0\x00v\x8c\x95\x00\x009L\x00z\
+\xc0\x00\x00;9\x00z\xe0e\x00\x00;\xed\x00}\
\x9e\x01\x00\x00u)\x00\x81(i\x00\x00b\x7f\x00\x85\
7\xe7\x00\x00D7\x00\x8d\x9c\x0e\x00\x00f\xbd\x00\x97\
\x96\x04\x00\x00_\xd3\x00\x97\x96\x04\x00\x00\x88z\x00\xaf\
\x88w\x00\x00\x01\x9f\x00\xc0\xb8\x84\x00\x001\x08\x00\xcd\
&\x11\x00\x00\x009\x01\x10\xaa^\x00\x00Kn\x01!\
\xadg\x00\x00[A\x01*\xd0\x97\x00\x00\x09\xe7\x01*\
\xd0\x97\x00\x00>\xe7\x01*\xd0\x97\x00\x00?$\x01*\
\xd0\x97\x00\x00\x89W\x016$q\x00\x00~\x82\x01<\
\xdf5\x00\x00\xac\x85\x01?\xf9>\x00\x00\x9dv\x01@\
\x1dG\x00\x00H\x11\x01C`n\x00\x00$%\x01L\
\x05#\x00\x00\x95#\x01c\xaa\x09\x00\x00\x10\x96\x01c\
\xaa\x09\x00\x00V\xc3\x01d\xa2o\x00\x00)\x13\x01t\
#\xfd\x00\x00\x91\xcc\x01\x80\xad\x22\x00\x00o\x0c\x01\x80\
\xad\x22\x00\x00\x83\x8d\x01\xaa\xde>\x00\x00\xa3\x00\x01\xb8\
\x13D\x00\x00\x17u\x01\xc1\xf0\x05\x00\x00^_\x01\xca\
E\x8f\x00\x00\x06\x87\x01\xcaE\x8f\x00\x00\x8cf\x01\xd4\
VT\x00\x00\xa6K\x01\xd7k\xaa\x00\x00\xa8\xce\x01\xe7\
\xf5T\x00\x00jW\x01\xfb0\xd4\x00\x00\x82z\x02\x06\
F5\x00\x00;\xa9\x02\x0b\x08\x8e\x00\x00K\xfd\x02\x19\
\xde;\x00\x00X:\x021\xe1\x8e\x00\x00@\x86\x024\
\xfb\xbe\x00\x00\x1d\xcf\x028s\xd2\x00\x00+k\x028\
\xd4R\x00\x00\x9e$\x02;\xe2\x87\x00\x00\x98R\x02C\
\x04~\x00\x00'\xcd\x02l\x99\x03\x00\x00\xa87\x02q\
6u\x00\x00\x9a\x00\x02v\xb8\x09\x00\x00e\x83\x02\xad\
pR\x00\x00NM\x02\xd9@\xf9\x00\x00\xa5\xf1\x02\xdc\
 Q\x00\x00\x9f\xf8\x02\xe7 \xf5\x00\x00\x06\xf7\x02\xe7\
 \xf5\x00\x00\x18\xd4\x02\xe7 \xf5\x00\x00\x8c\xf5\x03\x00\
(\x14\x00\x00\xaa\x91\x03\x09\xa2\x9e\x00\x00't\x03\x15\
*u\x00\x00\x1cE\x03%\xdek\x00\x00[\xa5\x03C\
L9\x00\x00\x1c\xa5\x03K\xef\xe5\x00\x00:,\x03O\
\x17\x85\x00\x00=@\x03P\xba\x9e\x00\x00I\xc5\x03S\
\xb0\xcb\x00\x00\x0cf\x03W\xb0\x17\x00\x00\x7f\xe4\x03X\
\x11u\x00\x00j\x1e\x03]\xe0\x17\x00\x00\x1f9\x03d\
\xa1\xce\x00\x00F\xcf\x03v\xe01\x00\x00v\x13\x03\x8d\
\x17\xe3\x00\x00\x82\xdc\x03\x9d\xfdE\x00\x00g\xa4\x03\xc5\
\xefz\x00\x00\x18\x9c\x03\xcc\xfa\xa3\x00\x00\x02a\x03\xcd\
G\xa5\x00\x002\x01\x03\xee\xf3\xfa\x00\x00#\xe9\x04\x14\
S\xf5\x00\x00\x12\xf8\x04\x1b\xf0d\x00\x00\xa7(\x04(\
U\xc4\x00\x00\xaa\xf0\x04K+\x03\x00\x00N\xf6\x04L\
\xedM\x00\x00\x97v\x04d`5\x00\x007\x15\x04e\
\xafi\x00\x00\x0eM\x04e\xafi\x00\x00T\x81\x04e\
\xafi\x00\x00`p\x04lu\x90\x00\x00Pa\x04r\
\x80\xd4\x00\x00WU\x04r\x80\xd4\x00\x00\x8b\x01\x04r\
\xd0\x03\x00\x00K\xcf\x04\x87p\xc8\x00\x001d\x04\x8f\
\x07Y\x00\x00d\xa7\x04\x90\x894\x00\x00c/\x04\x94\
\xa8\x84\x00\x00v\xa3\x04\x98I\xbc\x00\x00\x06&\x04\x98\
I\xbc\x00\x00\x08F\x04\x98I\xbc\x00\x00\x0a\x1e\x04\x98\
I\xbc\x00\x00\x0b\xf8\x04\x98I\xbc\x00\x00\x10\xf0\x04\x98\
I\xbc\x00\x00\x18r\x04\x98I\xbc\x00\x00?`\x04\x98\
I\xbc\x00\x00@!\x04\x98I\xbc\x00\x00O>\x04\x98\
I\xbc\x00\x00R,\x04\x98I\xbc\x00\x00X\x9c\x04\x98\
I\xbc\x00\x00\x8c\x01\x04\x98I\xbc\x00\x00\x8c\xcb\x04\x98\
I\xbc\x00\x00\x9c\x9d\x04\x99n\x95\x00\x00C.\x04\xa0\
\xb2*\x00\x00%\x91\x04\xa1L\x85\x00\x00%K\x04\xa2\
\xcb\xd7\x00\x00i\x17\x04\xa8\xb8\xa5\x00\x00\x0c/\x04\xac\
,\xa5\x00\x00Y\x03\x04\xac,\xa5\x00\x00_\xa3\x04\xac\
,\xa5\x00\x00\x88!\x04\xac,\xa5\x00\x00\x8d-\x04\xac\
\xab]\x00\x00\x0c\xb7\x04\xac\xab]\x00\x00Rc\x04\xac\
\xab]\x00\x00_<\x04\xc2\x8f\xa2\x00\x00\x82\xad\x04\xc4\
y%\x00\x00\x8a\xa3\x04\xcfv\x94\x00\x00\x1bA\x04\xd1\
\x1fR\x00\x00\x83\xc2\x04\xd5P\xa4\x00\x003\xc3\x04\xd5\
Z\xc4\x00\x004\x89\x04\xd5n\xc4\x00\x004\xfc\x04\xe0\
\x8f\xb2\x00\x00E5\x04\xe3X|\x00\x00\xa0\xe4\x04\xe6\
\xf1\xdf\x00\x00\x94:\x04\xedY\xc4\x00\x00\x15_\x04\xf4\
\x18N\x00\x00&/\x04\xf6\x91\xc9\x00\x00\xa1\x08\x04\xfa\
\x12\xa3\x00\x00\xa4J\x05\x14\x8d9\x00\x00N\x03\x05\x17\
60\x00\x00\x1f\xfe\x05\x22?\xe9\x00\x00l\xb4\x05#\
k\x81\x00\x00\x85|\x05(J\xd3\x00\x00F%\x051\
\x10\xbe\x00\x00:\xb1\x056\x8ay\x00\x00\x9c\xfb\x058\
\x92\xc0\x00\x00\x8e\xea\x05<F\x99\x00\x00\xa4&\x05@\
\x5c\xa5\x00\x00\x0e\x18\x05@\x5c\xa5\x00\x00S\xc4\x05B\
\xdd\xac\x00\x00\xacK\x05E\xaf\xd9\x00\x00O\xf8\x05E\
\xaf\xd9\x00\x00Q\x07\x05E\xaf\xd9\x00\x00S\xf9\x05E\
\xaf\xd9\x00\x00`@\x05K\xe0\xd4\x00\x00\x81\xac\x05_\
/R\x00\x004K\x05fj\xa7\x00\x00\xa9\x0a\x05o\
/\xe3\x00\x00Z)\x05v*I\x00\x00Uw\x05\x80\
W\xc4\x00\x00h\x8f\x05\x8b\xa6\x84\x00\x00!\xf0\x05\x8c\
F\xc5\x00\x00P\x97\x05\x8c\xac5\x00\x00G\x8c\x05\x8c\
\xac5\x00\x00\x87?\x05\x8c\xac5\x00\x00\x89\x8c\x05\x93\
\xca\x17\x00\x00eF\x05\x9a\x90t\x00\x00K\x16\x05\x9c\
}.\x00\x00\x92\xa6\x05\xa6\xecX\x00\x000$\x05\xaa\
\x8b\xc3\x00\x00ao\x05\xac\xdcQ\x00\x00\x04\xb0\x05\xb4\
\x98\xde\x00\x00!\x84\x05\xbd\xf7S\x00\x002\xe5\x05\xc6\
\xa8\xa5\x00\x00M\x01\x05\xd4\x8fX\x00\x00-\x89\x05\xd6\
\x03\xff\x00\x006X\x05\xdb\xc29\x00\x00\x10_\x05\xdb\
\xc29\x00\x00V\x8c\x05\xdb\xc29\x00\x00bO\x05\xdd\
\xf9D\x00\x00\x1dU\x05\xdf\xba\xba\x00\x00\x09j\x05\xe0\
Kg\x00\x00*0\x05\xe7\x0c5\x00\x00l%\x06\x09\
\xcd\xf4\x00\x00z\xb7\x06#\xc0[\x00\x00;h\x06,\
\xce\xa9\x00\x00 \xcb\x06.!\xe5\x00\x00<\x1c\x06.\
\x8e)\x00\x00w6\x06QV\xe9\x00\x00\xa1,\x06e\
2`\x00\x00:\xf8\x06\x80\xab\x84\x00\x00\x1d\x94\x06\x81\
6D\x00\x00\xa5\x16\x06\x95x>\x00\x00i\xbd\x06\xa2\
\x1a]\x00\x00\x87\xba\x06\xa8\xa9\xaa\x00\x00\xac!\x06\xac\
Wc\x00\x002\xa7\x06\xae\xa4>\x00\x00\x8fg\x06\xb0\
\xbe\xae\x00\x00\x02\x9a\x06\xb0\xbe\xae\x00\x00\xa8\x9e\x06\xb5\
\x04\x22\x00\x0038\x06\xb8\x91\xde\x00\x00%\x06\x06\xbb\
]a\x00\x00{\x86\x06\xc4y%\x00\x00/3\x06\xc9\
\xb1\x80\x00\x007\xb2\x06\xd0\xbaQ\x00\x00\xa2/\x06\xe3\
v\xd4\x00\x00.s\x06\xe8\xc3G\x00\x00t\xb9\x07\x05\
\xe4d\x00\x00\xa0R\x07\x09W\xa2\x00\x005r\x07\x0c\
HY\x00\x00\x16\xd6\x07\x11\x5c$\x00\x00\x14\xf2\x07\x1f\
\x97[\x00\x00\x19\xd5\x074'\x12\x00\x00M\xc7\x077\
3\xdb\x00\x00\x9f7\x07Io~\x00\x00\xa0\x83\x07P\
\xb3\xaa\x00\x00\x1c\xf4\x07Wf\x07\x00\x00\x99\xb7\x07^\
\xb4t\x00\x00\xa0\xb6\x07h\x80$\x00\x00\x12\x85\x07\x85\
\x93\xd1\x00\x00\x94\xd6\x07\x9a\x96,\x00\x009\xfa\x07\xa9\
\xbc\x84\x00\x00^\xbe\x07\xab\x06\x13\x00\x00_\x0b\x07\xab\
\x08\x98\x00\x00<\xf6\x07\xab\x1aR\x00\x00=\x96\x07\xb4\
5q\x00\x00}\xbf\x07\xb5\xe2\xfb\x00\x00\x0ay\x07\xb5\
\xe2\xfb\x00\x00\x197\x07\xb7U\xe4\x00\x00p\xd9\x07\xdf\
\x0e\xf3\x00\x00\x14\xae\x07\xe3\xfd\x9b\x00\x00Z\xba\x07\xe5\
$\xf3\x00\x00\x9d\xff\x08\x03\xeft\x00\x00\x09\x95\x08\x09\
\x7fd\x00\x00\x09\x07\x08\x0abr\x00\x00>$\x08\x18\
B%\x00\x00\xa5g\x08=\xe1s\x00\x00iH\x08B\
\xf3Q\x00\x00\x9d\xb7\x08E=\x0e\x00\x00\x00\xcf\x08E\
=\x0e\x00\x00\x9b\x0e\x08Fk\xe2\x00\x00\xadd\x08J\
\x95A\x00\x00sz\x08K\x95\xb4\x00\x00\x80\xac\x08N\
\xb2\xf5\x00\x00k\xd2\x08i5\xf4\x00\x00\xaby\x08i\
\x8d\x8c\x00\x00*X\x08n\xd9n\x00\x00\x80\x1a\x08u\
`l\x00\x00\xab\xed\x08\x81(\x11\x00\x00z\x0d\x08\x89\
)\xf9\x00\x00M\x90\x08\x96\x1e\x8c\x00\x00n/\x08\x9a\
E\xee\x00\x003s\x08\xa2\x93\xc7\x00\x00\x97>\x08\xb4\
\xac\x0e\x00\x00q/\x08\xbah\xc3\x00\x00Hl\x08\xbd\
\x8c\xc8\x00\x00[\xf4\x08\xbd\x8c\xc8\x00\x00o\xef\x08\xbd\
\x8c\xc8\x00\x00\x84l\x08\xc2\xb8\xc5\x00\x00J\x8a\x08\xc2\
\xb8\xc5\x00\x00\x96\xbe\x08\xcce\x97\x00\x00\x84\x98\x08\xce\
\x01\x9e\x00\x008\x9b\x08\xd6t\x12\x00\x00\x84\xcb\x08\xfd\
\xd9#\x00\x00L\xcc\x09\x06\xb5i\x00\x00\x93m\x09\x0b\
I\xc9\x00\x00\x1a\xcb\x09\x16(\xb1\x00\x00xg\x09)\
\xe2\x83\x00\x00n\x8b\x09)\xe2\x83\x00\x00\x83\x0f\x09+\
`\xfc\x00\x00c\x91\x090\x8f%\x00\x00\x95\xd3\x096\
vN\x00\x00'\x22\x09?h\x89\x00\x00\x0b\x89\x09?\
h\x89\x00\x00Q\xbd\x09J*\xb9\x00\x00\x03e\x09Q\
\xd8\xce\x00\x00\x8e\x01\x09Z\x7f\xad\x00\x00\x92Z\x09\x5c\
\xa9e\x00\x00\x00\x00\x09`\x06\xb5\x00\x00\x0fU\x09`\
\x06\xb5\x00\x00T\xf0\x09a~\xb5\x00\x00pp\x09k\
\xd7]\x00\x00\x01\x02\x09m\xf9T\x00\x00\x1bo\x09q\
\x01\xe0\x00\x00\xa9A\x09\x87\xbc\xc5\x00\x00H\xbb\x09\x87\
\xbc\xc5\x00\x00nb\x09\x87\xbc\xc5\x00\x00\x80\xde\x09\x88\
\xbd\xa3\x00\x00j\xe9\x09\x8cu\xff\x00\x00\x91\x9b\x09\x91\
\xe0\x92\x00\x005\xa4\x09\x9cu\xa3\x00\x00\x16\x99\x09\xaa\
\xaa\x89\x00\x00\x90\xec\x09\xb2\xf0\x1e\x00\x007t\x09\xc5\
P\x17\x00\x00W\xb2\x09\xc5P\x17\x00\x00a:\x09\xc5\
P\x17\x00\x00p\x1c\x09\xc5P\x17\x00\x00\x8b\x81\x09\xc5\
\xb8\x8a\x00\x00\x98\xb3\x09\xd1\x8d\xf1\x00\x00{=\x09\xd5\
\x1e\xb5\x00\x00\x12(\x09\xd5\x1e\xb5\x00\x00U\xc9\x09\xd5\
\x1e\xb5\x00\x00a\x9f\x09\xd7\xa4d\x00\x00,\x1a\x09\xde\
\xd1\x8d\x00\x00q\xde\x09\xeb\xbf\xb5\x00\x00J\xeb\x09\xfd\
]\xb5\x00\x00\x10\x1a\x09\xfd]\xb5\x00\x00VG\x09\xfd\
]\xb5\x00\x00a\xd8\x0a\x10d-\x00\x00\x17$\x0a\x1e\
e\xb4\x00\x00]x\x0a!\xa6o\x00\x00\x17\xec\x0a\x22\
\xd2k\x00\x009{\x0a0\xab\x94\x00\x00\x1b\xae\x0a<\
j+\x00\x00\x0f\x13\x0a=\x0e\x95\x00\x00Ce\x0a?\
#\x1b\x00\x00\x11\xa5\x0a?#\x1b\x00\x00\x1a\x12\x0a?\
#\x1b\x00\x00X\xca\x0a?#\x1b\x00\x00\x8b,\x0a?\
j[\x00\x00\x1aG\x0a?j[\x00\x00Y1\x0a?\
j[\x00\x00\x88H\x0aZ\xcc\xc5\x00\x008]\x0a_\
\xbe\x83\x00\x000\x86\x0aa\x13>\x00\x00\x86W\x0ad\
\xd0\xcd\x00\x00\x06V\x0ad\xd0\xcd\x00\x00\x0aK\x0ad\
\xd0\xcd\x00\x00\x11u\x0ad\xd0\xcd\x00\x00?\xbf\x0ad\
\xd0\xcd\x00\x00@S\x0ad\xd0\xcd\x00\x00N\x9d\x0ad\
\xd0\xcd\x00\x00O\xc8\x0ad\xd0\xcd\x00\x00\x8c3\x0ad\
\xd0\xcd\x00\x00\x9dS\x0ae\xb9\x1c\x00\x00\x19\x0c\x0ah\
\xf6\xd5\x00\x000\xc4\x0aiA\x82\x00\x00C\xa3\x0am\
\x82\xfc\x00\x00>\x5c\x0atg\x19\x00\x00\x11\xdf\x0av\
\x1d\x99\x00\x00\x1fd\x0avZ2\x00\x00E\xfd\x0aw\
r\xd7\x00\x00\x07\xbc\x0ay_\x07\x00\x00(-\x0a\x84\
\xfb\xa8\x00\x00*\xd4\x0a\x95m\xe4\x00\x00/e\x0a\x96\
ke\x00\x00\x0e\x85\x0a\x9a\xaaZ\x00\x00\x01\xe0\x0a\xa2\
\xfa7\x00\x00\xac\xd9\x0a\xa7\xd1>\x00\x00A\x1c\x0a\xad\
gY\x00\x00\x85\x07\x0a\xb6v\xe4\x00\x00\xa9m\x0a\xb9\
\x9c\xf3\x00\x00&\x04\x0a\xb9\x9c\xf3\x00\x00\x5c\xa3\x0a\xb9\
\x9c\xf3\x00\x00\x93\x05\x0a\xbe J\x00\x00\x08\xa9\x0a\xd0\
_d\x00\x00\x930\x0a\xd2\xc0\xe5\x00\x00-\xee\x0a\xd8\
\xc4\x11\x00\x00x\x14\x0a\xdb\x09\xe4\x00\x00\xa3\xa9\x0a\xe1\
\xb0\x85\x00\x00\x9b\x90\x0a\xe7\x93\x14\x00\x00n\xc2\x0a\xe8\
\xd6\x1e\x00\x00\x90g\x0a\xebf\x09\x00\x00B\xe6\x0a\xff\
e\xee\x00\x00\x8f\x16\x0b\x03\xc6\x94\x00\x00\x0f\xdc\x0b\x03\
\xc6\x94\x00\x00V\x09\x0b\x09yE\x00\x00.\xc0\x0b\x09\
ye\x00\x00\x8as\x0b\x09\xa6\xc4\x00\x00D\xd3\x0b%\
\xf5\x11\x00\x00\x05\xc2\x0b08\xf9\x00\x00\x14F\x0b6\
\x01k\x00\x00Y\xe0\x0b6\x08+\x00\x00Y\x97\x0bH\
B\xd9\x00\x00\x0b\x00\x0bHB\xd9\x00\x00Q4\x0b`\
\xb6\xd5\x00\x00=\xe0\x0bc\xe2\x94\x00\x00t$\x0bd\
\xdd\xbd\x00\x00\x1b\xe9\x0b\x883H\x00\x00,\xe4\x0b\x8f\
\xdd\xb2\x00\x00<\x8c\x0b\x91\x1f\xcc\x00\x00\x13\xc3\x0b\x92\
\x14 \x00\x00*\x93\x0b\x997\x8e\x00\x00\x7f?\x0b\x9e\
\x96Y\x00\x00m@\x0b\xab\x94\x0e\x00\x00\x81;\x0b\xb7\
p\xde\x00\x00 /\x0b\xbd\xf2c\x00\x00\x95b\x0b\xc0\
\x05\xe4\x00\x00\x92(\x0b\xc2\x05\xe4\x00\x009\xbc\x0b\xc5\
\x09q\x00\x00\x05\x8b\x0b\xcb\x00\xae\x00\x00$\xb0\x0b\xdb\
\x22C\x00\x00\x9a7\x0b\xe3\xea\x81\x00\x00\x96\xeb\x0b\xee\
\x00\xe4\x00\x00E\x9a\x0c\x01\x9e\xd1\x00\x00\xa6\x9b\x0c\x04\
\xa05\x00\x00J\xba\x0c\x05\x83\x83\x00\x00\x16c\x0c\x05\
\x83\x83\x00\x00G\x0b\x0c\x05\x83\x83\x00\x00\x84\x19\x0c\x10\
\xbf.\x00\x00\x8dW\x0c\x13\xf8\xce\x00\x00\x0a\xaf\x0c\x15\
*\xee\x00\x00r\xf6\x0c!\x99\xcb\x00\x00\x9er\x0c*\
$W\x00\x00?\x8a\x0c*$W\x00\x00W\x1d\x0c*\
$W\x00\x00\x81z\x0c*$W\x00\x00\x8a\xd0\x0cB\
\x17\xa3\x00\x00\x82>\x0cG\x92\xf4\x00\x00`\x0b\x0cG\
\x92\xf4\x00\x00\x88\xce\x0cJfY\x00\x00:y\x0cR\
V\x8e\x00\x00b\x16\x0cV\x8c\xe5\x00\x00<\xc1\x0cV\
\xb7\xad\x00\x00\x19j\x0cX\x09e\x00\x00\xa7\xfb\x0cZ\
\xcf\x1d\x00\x00\x15\xa5\x0c^T\xf9\x00\x00\x11\x1f\x0co\
\x11\x8b\x00\x00\x05O\x0cu\x02\xbe\x00\x00P'\x0cu\
K\x99\x00\x00\x82\x04\x0cz\xc3\x9e\x00\x00\x13\x7f\x0cz\
\xdb7\x00\x00\xa4\xab\x0c{\x85\x9f\x00\x00(j\x0c\x80\
\x8a\x83\x00\x00#\xad\x0c\x84\xfes\x00\x00\xaa\x1b\x0c\x88\
\xfa>\x00\x00\xa6&\x0c\x90\xd8\xbc\x00\x00\x9c\x0e\x0c\x92\
\xbc\xa1\x00\x00y9\x0c\x97\x12\xac\x00\x00m\xf6\x0c\x9a\
\x01\xda\x00\x00)\xd7\x0c\xa1\xa9\x84\x00\x0054\x0c\xa3\
\x80I\x00\x00MY\x0c\xa4\x91\xb5\x00\x002N\x0c\xa8\
h\x87\x00\x00m\x89\x0c\xa9_$\x00\x00?\xea\x0c\xbb\
\x01s\x00\x00KC\x0c\xbb\x01s\x00\x00m\x15\x0c\xc9\
\xa0\x0e\x00\x00m\xcc\x0c\xce\x0f\x1f\x00\x00\x22\x1a\x0c\xdf\
\x8d\xc8\x00\x00\x08\x0f\x0c\xee\xd9[\x00\x00Zq\x0c\xf6\
\x5c\xfe\x00\x00`\xa1\x0d\x04,\xaf\x00\x009\x08\x0d\x05\
Rs\x00\x00\x12\xc2\x0d\x18\x90\xf2\x00\x00C\xf7\x0d\x1f\
N\x94\x00\x00\x5c'\x0d1\x07\xc5\x00\x00\xad\x06\x0d4\
\xb3\xee\x00\x00>\x9a\x0dGc\xb4\x00\x00\x81\x06\x0dL\
\xdb\xf1\x00\x00\xa9\x92\x0dU\x94\xe2\x00\x004\xc1\x0dZ\
\xca\xe7\x00\x005\xe2\x0d\x5c\xa9\x15\x00\x00,v\x0d\x5c\
\xec2\x00\x006\x1d\x0d_\xd6C\x00\x00.\xf5\x0d\x89\
P\x17\x00\x00*\x05\x0d\x89P\x17\x00\x00B\xb3\x0d\x93\
x%\x00\x00\x02\x1e\x0d\xa1\xc7\xc9\x00\x00\x83E\x0d\xac\
z\xf3\x00\x00\x13:\x0d\xb0\x8e\xd4\x00\x00h#\x0d\xc5\
\x9e\xbe\x00\x00g1\x0d\xd3\x034\x00\x00\x9e\xef\x0d\xd5\
\xf0#\x00\x00P\xc6\x0d\xfc\x13'\x00\x006\x90\x0e\x0d\
Dn\x00\x00\x1e_\x0e\x11\x9a\xe6\x00\x00\x9cC\x0e!\
}d\x00\x00\x89\xfe\x0e/\xa2t\x00\x00\x13\xf6\x0e1\
\xac*\x00\x00\x98\x03\x0e;\xcd\x81\x00\x00\xa3\xee\x0eD\
\xcd+\x00\x00T0\x0eF\xc4\xc3\x00\x00/\xb2\x0eb\
\xa1\xae\x00\x00\x9f\xbe\x0ee@\x89\x00\x00\x93\xc6\x0eg\
\x84\xbb\x00\x006\xd1\x0er\xa2\x0e\x00\x00\x22\xb8\x0e\xaf\
o\xc3\x00\x00\x88\xfa\x0e\xb17\x93\x00\x00\x5cg\x0e\xbf\
\xdf:\x00\x00\x08\xdb\x0e\xcb%\xa2\x00\x00H\xeb\x0e\xd3\
\x02\xed\x00\x00rh\x0e\xe1~\xa3\x00\x00\x0f\x96\x0e\xe1\
~\xa3\x00\x00U1\x0e\xf3\x11C\x00\x00\x9a\xdf\x0f\x03\
\xb7\xa1\x00\x00\x96L\x0f\x07gi\x00\x00\x5c\xd2\x0f\x0e\
\x89.\x00\x00Om\x0f\x19\x22<\x00\x00\x0c\xf6\x0f\x19\
\x22<\x00\x00R\xa2\x0f s\xf1\x00\x00\x04S\x0f!\
o\xdd\x00\x00\x02\xcf\x0f'\xf1\xfb\x00\x00\x04)\x0f'\
\xf1\xfb\x00\x00M.\x0f3\x9a\x85\x00\x00\x8d\xad\x0f9\
@\xe8\x00\x00\x04\x86\x0fL\xa1\xb3\x00\x00\x1f\x9d\x0fW\
\xb8i\x00\x00^\x0b\x0fX\x1aC\x00\x00\xa7\x5c\x0fn\
1U\x00\x00d\x08\x0f\x85\xef\xbe\x00\x00&\x7f\x0f\x8a\
3\xb5\x00\x00i{\x0f\x93gi\x00\x00]%\x0f\x96\
\xf2!\x00\x00J\x00\x0f\x98N\xf4\x00\x00\x8b\xac\x0f\x99\
+e\x00\x00\x9c\xbf\x0f\x9eH$\x00\x00\x9a\x8c\x0f\xa1\
3H\x00\x00-N\x0f\xadN]\x00\x00\x9b\x5c\x0f\xc0\
w!\x00\x00\x05\x00\x0f\xc9X\x97\x00\x00G\xe1\x0f\xc9\
X\x97\x00\x00\x85M\x0f\xcc\xa8\xc4\x00\x00\x1a|\x0f\xd4\
\x9eI\x00\x00\x8eI\x0f\xd5U\xb3\x00\x00p\xa2\x0f\xef\
/\xd4\x00\x00]\xc3\x0f\xf4\xee^\x00\x00+\xd3\x0f\xf5\
]#\x00\x00\x9e\xa7i\x00\x00\xad\x91\x03\x00\x00\x00\x0e\
\xbc\x84\xc8\x04\x00 \xc5\xc5\xb3p\xc7t\xd2\xb8\x08\x00\
\x00\x00\x00\x06\x00\x00\x00\x0eVersion \
Update\x07\x00\x00\x00\x08@defa\
ult\x01\x03\x00\x00\x00H\x00{\x00k\x00e\x00\
y\x00}\x00 \xc7@\x00(\xb2\x94\x00)\x00 \xc7\
 \xd6\xa8\xd5X\xc9\xc0\x00 \xc5J\xc2\xb5\xb2\xc8\xb2\
\xe4\x00.\x00 \xb2\xe8\xcd\x95\xd0\xa4\x00 \xc1$\xc8\
\x15\xc7D\x00 \xd6U\xc7x\xd5X\xc18\xc6\x94\x00\
!\x08\x00\x00\x00\x00\x06\x00\x00\x001{key}\
 is invalid, ple\
ase check the ho\
tkey config!\x07\x00\x00\x00\
\x08@default\x01\x03\x00\x00\x00\x0a\xbc\
\xa0\xd0\xc0\x00 \xbc\x84\xc8\x04\x08\x00\x00\x00\x00\x06\x00\
\x00\x00\x0cBeta Version\x07\
\x00\x00\x00\x08AboutTab\x01\x03\x00\x00\
\x00P\xb2\xe4\xc6\xb4\xad\xf8\xb8\x08\xc7t\xb4\xdc\x00 \
\xc11\xac\xf5\x00 \x00{\x00f\x00r\x00o\x00m\
\x00_\x00v\x00e\x00r\x00s\x00i\x00o\x00n\
\x00}\x00 \x00-\x00>\x00 \x00{\x00t\x00o\
\x00_\x00v\x00e\x00r\x00s\x00i\x00o\x00n\
\x00}\x08\x00\x00\x00\x00\x06\x00\x00\x000Down\
grade success {f\
rom_version} -> \
{to_version}\x07\x00\x00\x00\
\x08AboutTab\x01\x03\x00\x00\x00\x16\xb5\
\x14\xbc\x84\xad\xf8\x00 \xbc\x84\xc8\x04\x00 \xb2\xe4\xc6\
\xb4\xb8\x5c\xb4\xdc\x08\x00\x00\x00\x00\x06\x00\x00\x00\x0eD\
ownload Debug\x07\x00\x00\
\x00\x08AboutTab\x01\x03\x00\x00\x00\x12\
\xb2\xe4\xc6\xb4\xb8\x5c\xb4\xdc\x00 \xc6$\xb9X\x00:\
\x00 \x08\x00\x00\x00\x00\x06\x00\x00\x00\x0fDown\
load Error:\x07\x00\x00\x00\x08\
AboutTab\x01\x03\x00\x00\x00\x16\xb9\xb4\
\xb9\xac\xc2\xa4\x00 \xbc\x84\xc8\x04\x00 \xb2\xe4\xc6\xb4\
\xb8\x5c\xb4\xdc\x08\x00\x00\x00\x00\x06\x00\x00\x00\x10Do\
wnload Release\x07\x00\
\x00\x00\x08AboutTab\x01\x03\x00\x00\x00\
\x0e\xad\x00\xb8(\x00 \xd5\x04\xb8\x5c\xc8\x1d\xd2\xb8\x08\
\x00\x00\x00\x00\x06\x00\x00\x00\x0eOther P\
rojects\x07\x00\x00\x00\x08Abou\
tTab\x01\x03\x00\x00\x00\x0a\xc5H\xc8\x15\x00 \
\xbc\x84\xc8\x04\x08\x00\x00\x00\x00\x06\x00\x00\x00\x0eSt\
able Version\x07\x00\x00\x00\
\x08AboutTab\x01\x03\x00\x00\x00L\xc5\
\xc5\xb3p\xc7t\xd2\xb8\x00 \xc11\xac\xf5\x00 \x00\
{\x00f\x00r\x00o\x00m\x00_\x00v\x00e\x00\
r\x00s\x00i\x00o\x00n\x00}\x00 \x00-\x00\
>\x00 \x00{\x00t\x00o\x00_\x00v\x00e\x00\
r\x00s\x00i\x00o\x00n\x00}\x08\x00\x00\x00\x00\
\x06\x00\x00\x00-Update succ\
ess {from_versio\
n} -> {to_versio\
n}\x07\x00\x00\x00\x08AboutTab\x01\
\x03\x00\x00\x00Z\xac\x8c\xc7\x84\x00 \x00I\x00D\x00\
(\xc6\x08\x00:\x00 \x001\x000\x002\x006\x00\
3\x000\x006\x001\x002\x003\x004\x005\x00\
)\xb2\x94\x00 \xc7t\x00 \xac\xc4\xc8\x15\xc5\xd0\x00\
 \xad\xc0\xc1\x8d\xb4\x18\xc5\xb4\x00 \xbc\xc0\xac\xbd\xd5\
`\x00 \xc2\x18\x00 \xc5\xc6\xc2\xb5\xb2\xc8\xb2\xe4\x08\
\x00\x00\x00\x00\x06\x00\x00\x00L\xe4\xbd\xa0\xe7\x9a\x84\xe6\
\xb8\xb8\xe6\x88\x8f\xe7\xbc\x96\xe5\x8f\xb7, \xe5\xa6\x82\
102630612345, \xe5\xb0\
\x86\xe4\xbc\x9a\xe7\xbb\x91\xe5\xae\x9a\xe6\xad\xa4\xe8\xb4\xa6\
\xe5\x8f\xb7\xe4\xbd\xbf\xe7\x94\xa8\xe6\x97\xa0\xe6\xb3\x95\xe6\
\x9b\xb4\xe6\x94\xb9\x07\x00\x00\x00\x09ActWin\
dow\x01\x03\x00\x00\x00\x06\xd6\x5c\xc11\xd6T\x08\
\x00\x00\x00\x00\x06\x00\x00\x00\x06\xe6\xbf\x80\xe6\xb4\xbb\x07\
\x00\x00\x00\x09ActWindow\x01\x03\x00\
\x00\x00\x0c\xd6\x5c\xc11\xd6T\x00 \xcfT\xb4\xdc\x08\
\x00\x00\x00\x00\x06\x00\x00\x00\x09\xe6\xbf\x80\xe6\xb4\xbb\xe7\
\xa0\x81\x07\x00\x00\x00\x09ActWindow\
\x01\x03\x00\x00\x00\x06\xcc\xb4\xd5\xd8\xd3\x10\x08\x00\x00\x00\
\x00\x06\x00\x00\x00\x06\xe8\xaf\x95\xe7\x94\xa8\x07\x00\x00\x00\
\x09ActWindow\x01\x03\x00\x00\x00\x1c\
\xac\x8c\xc7\x84\x00 \x00I\x00D\xb9|\x00 \xc7\x85\
\xb8%\xd5t\xc8\xfc\xc18\xc6\x94\x00!\x08\x00\x00\x00\
\x00\x06\x00\x00\x00\x16\xe8\xaf\xb7\xe8\xbe\x93\xe5\x85\xa5\xe6\
\xb8\xb8\xe6\x88\x8f\xe7\xbc\x96\xe5\x8f\xb7!\x07\x00\x00\x00\
\x09ActWindow\x01\x03\x00\x00\x00\x1e\
\xd6\x5c\xc11\xd6T\x00 \xcfT\xb4\xdc\xb9|\x00 \
\xc7\x85\xb8%\xd5t\xc8\xfc\xc18\xc6\x94\x00!\x08\x00\
\x00\x00\x00\x06\x00\x00\x00\x13\xe8\xaf\xb7\xe8\xbe\x93\xe5\x85\
\xa5\xe6\xbf\x80\xe6\xb4\xbb\xe7\xa0\x81!\x07\x00\x00\x00\x09\
ActWindow\x01\x03\x00\x00\x00\x12\xc1\
\x8c\xd5\x04\xd2\xb8\xc6\xe8\xc5\xb4\x00 \xd6\x5c\xc11\xd6\
T\x08\x00\x00\x00\x00\x06\x00\x00\x00\x0c\xe8\xbd\xaf\xe4\xbb\
\xb6\xe6\xbf\x80\xe6\xb4\xbb\x07\x00\x00\x00\x09ActW\
indow\x01\x03\x00\x00\x00\x0c\xc7x\xc9\x9d\x00\
 \xc2\xe4\xd3(\x00!\x08\x00\x00\x00\x00\x06\x00\x00\x00\
\x0d\xe9\xaa\x8c\xe8\xaf\x81\xe5\xa4\xb1\xe8\xb4\xa5!\x07\x00\
\x00\x00\x09ActWindow\x01\x03\x00\x00\
\x00\x0c\xc7x\xc9\x9d\x00 \xc11\xac\xf5\x00!\x08\x00\
\x00\x00\x00\x06\x00\x00\x00\x0d\xe9\xaa\x8c\xe8\xaf\x81\xe6\x88\
\x90\xe5\x8a\x9f!\x07\x00\x00\x00\x09ActWin\
dow\x01\x03\x00\x00\x00\x04\xcd\x94\xac\x00\x08\x00\x00\
\x00\x00\x06\x00\x00\x00\x03Add\x07\x00\x00\x00\x11A\
ddTextMessageBox\
\x01\x03\x00\x00\x00\x04\xcd\xe8\xc1\x8c\x08\x00\x00\x00\x00\x06\
\x00\x00\x00\x06Cancel\x07\x00\x00\x00\x11A\
ddTextMessageBox\
\x01\x03\x00\x00\x00\x04\xd6U\xc7x\x08\x00\x00\x00\x00\x06\
\x00\x00\x00\x07Confirm\x07\x00\x00\x00\x11\
AddTextMessageBo\
x\x01\x03\x00\x00\x00&\x00'\x00{\x00}\x00'\x00\
 \xc7D\x00(\xb9|\x00)\x00 \xc0\xad\xc8\x1c\xd5\
X\xc2\xdc\xac\xa0\xc2\xb5\xb2\xc8\xaeL\x00?\x08\x00\x00\
\x00\x00\x06\x00\x00\x00%Are you s\
ure you want to \
delete '{}'?\x07\x00\x00\x00\
\x10AnnotationCanva\
s\x01\x03\x00\x00\x00\x0a\xc0\xad\xc8\x1c\x00 \xd6U\xc7\
x\x08\x00\x00\x00\x00\x06\x00\x00\x00\x0eConfi\
rm Delete\x07\x00\x00\x00\x10An\
notationCanvas\x01\x03\
\x00\x00\x00\x06\xc5\xb4\xb4a\xac\x8c\x08\x00\x00\x00\x00\x06\
\x00\x00\x00\x04Dark\x07\x00\x00\x00\x0fApp\
ConfigWidget\x01\x03\x00\x00\
\x00\x04\xbc\x1d\xac\x8c\x08\x00\x00\x00\x00\x06\x00\x00\x00\x05\
Light\x07\x00\x00\x00\x0fAppCon\
figWidget\x01\x03\x00\x00\x00\x04\xd1\
L\xb9\xc8\x08\x00\x00\x00\x00\x06\x00\x00\x00\x05The\
me\x07\x00\x00\x00\x0fAppConfig\
Widget\x01\x03\x00\x00\x00\x1e\x00'\x00{\
\x00}\x00'\x00 \xc5\xd0\x00 \xc7t\xbb\xf8\x00 \
\xc8t\xc7\xac\xd5i\xb2\xc8\xb2\xe4\x08\x00\x00\x00\x00\x06\
\x00\x00\x00\x16Already exis\
ts in '{}'\x07\x00\x00\x00\x0aB\
BoxDialog\x01\x03\x00\x00\x00\x0c\xbc\
\x14\xc6\xb4\xb5)\x00 \xbc\x15\xc2\xa4\x08\x00\x00\x00\x00\
\x06\x00\x00\x00\x0cBounding Bo\
x\x07\x00\x00\x00\x0aBBoxDialog\
\x01\x03\x00\x00\x00\x04\xcd\xe8\xc1\x8c\x08\x00\x00\x00\x00\x06\
\x00\x00\x00\x06Cancel\x07\x00\x00\x00\x0aB\
BoxDialog\x01\x03\x00\x00\x00\x0e\xce\
t\xd1L\xac\xe0\xb9\xac\x00 \xc7t\xb9\x84\x08\x00\x00\
\x00\x00\x06\x00\x00\x00\x0dCategory \
name\x07\x00\x00\x00\x0aBBoxDia\
log\x01\x03\x00\x00\x00\x0a\xcet\xd1L\xac\xe0\xb9\
\xac\x00:\x08\x00\x00\x00\x00\x06\x00\x00\x00\x09Cat\
egory:\x07\x00\x00\x00\x0aBBoxD\
ialog\x01\x03\x00\x00\x00\x06\xb1\x92\xc7t\x00\
:\x08\x00\x00\x00\x00\x06\x00\x00\x00\x07Heigh\
t:\x07\x00\x00\x00\x0aBBoxDialo\
g\x01\x03\x00\x00\x00\x12\xc7t\xb9\x84\xc7@\x00 \xd5\
D\xc2\x18\xc7\x85\xb2\xc8\xb2\xe4\x08\x00\x00\x00\x00\x06\x00\
\x00\x00\x0dName required\
\x07\x00\x00\x00\x0aBBoxDialog\x01\
\x03\x00\x00\x00\x04\xd6U\xc7x\x08\x00\x00\x00\x00\x06\x00\
\x00\x00\x02OK\x07\x00\x00\x00\x0aBBoxDi\
alog\x01\x03\x00\x00\x00\x06\xb1\x08\xbeD\x00:\
\x08\x00\x00\x00\x00\x06\x00\x00\x00\x06Width:\
\x07\x00\x00\x00\x0aBBoxDialog\x01\
\x03\x00\x00\x00\x1c\xc2\xdc\xc7\x91\x00 \xbaT\xb2t\xc5\
\xd0\x00 \xbc\x14\xb8\x5c\xac\x00\xae0\x00 \xcd\x94\xac\
\x00\x08\x00\x00\x00\x00\x06\x00\x00\x00\x17Add S\
tart Menu Shortc\
ut\x07\x00\x00\x00\x0aConfigCar\
d\x01\x03\x00\x00\x00\x0c\xc1$\xc8\x15\x00 \xcd\x08\xae\
0\xd6T\x08\x00\x00\x00\x00\x06\x00\x00\x00\x0cRes\
et Config\x07\x00\x00\x00\x0aCo\
nfigCard\x01\x03\x00\x00\x00\x04\xcd\xe8\
\xc1\x8c\x08\x00\x00\x00\x00\x06\x00\x00\x00\x06Canc\
el\x07\x00\x00\x00\x0eCopyTaskD\
ialog\x01\x03\x00\x00\x00\x04\xd6U\xc7x\x08\
\x00\x00\x00\x00\x06\x00\x00\x00\x07Confirm\
\x07\x00\x00\x00\x0eCopyTaskDia\
log\x01\x03\x00\x00\x00\x0a\xc7\x91\xc5\xc5\x00 \xbc\
\xf5\xc0\xac\x08\x00\x00\x00\x00\x06\x00\x00\x00\x09Cop\
y Task\x07\x00\x00\x00\x0eCopyT\
askDialog\x01\x03\x00\x00\x00\x18\xbc\
\xf5\xc0\xac\xd5`\x00 \xc7\x91\xc5\xc5\x00 \xc1 \xd0\
\xdd\x00.\x00.\x00.\x08\x00\x00\x00\x00\x06\x00\x00\x00\
\x16Select task to \
copy...\x07\x00\x00\x00\x0eCopy\
TaskDialog\x01\x03\x00\x00\x00\x16\
\x00(\x000\x00 \x00=\x00 \xbeD\xd6\x5c\xc11\
\xd6T\xb4(\x00)\x08\x00\x00\x00\x00\x06\x00\x00\x00\x0e\
(0 = disabled)\x07\x00\
\x00\x00\x18CreateSchedul\
eTaskDialog\x01\x03\x00\x00\x00\
\x08\x002\x004\xc2\xdc\xac\x04\x08\x00\x00\x00\x00\x06\x00\
\x00\x00\x0324h\x07\x00\x00\x00\x18Creat\
eScheduleTaskDia\
log\x01\x03\x00\x00\x00$\xc7\x91\xc5\xc5\x00 \xc6\
D\xb8\xcc\x00 \xd6\xc4\x00 \xc7\x90\xb3\xd9\x00 \xc8\
\x85\xb8\xcc\x00 \x00(\x00-\x00e\x00)\x08\x00\x00\
\x00\x00\x06\x00\x00\x00\x1eAuto exit\
 after task done\
 (-e)\x07\x00\x00\x00\x18Create\
ScheduleTaskDial\
og\x01\x03\x00\x00\x00\x04\xcd\xe8\xc1\x8c\x08\x00\x00\x00\
\x00\x06\x00\x00\x00\x06Cancel\x07\x00\x00\x00\
\x18CreateScheduleT\
askDialog\x01\x03\x00\x00\x00\x04\xc0\
\xdd\xc11\x08\x00\x00\x00\x00\x06\x00\x00\x00\x06Cre\
ate\x07\x00\x00\x00\x18CreateSc\
heduleTaskDialog\
\x01\x03\x00\x00\x00\x10\xc6\x08\xc5}\x00 \xc7\x91\xc5\xc5\
\x00 \xc0\xdd\xc11\x08\x00\x00\x00\x00\x06\x00\x00\x00\x14\
Create Schedule \
Task\x07\x00\x00\x00\x18CreateS\
cheduleTaskDialo\
g\x01\x03\x00\x00\x00\x0c\xc0\xac\xc6\xa9\xc7\x90\x00 \xc8\
\x15\xc7X\x08\x00\x00\x00\x00\x06\x00\x00\x00\x06Cus\
tom\x07\x00\x00\x00\x18CreateSc\
heduleTaskDialog\
\x01\x03\x00\x00\x00\x12\xc0\xac\xc6\xa9\xc7\x90\x00 \xc8\x15\
\xc7X\x00 \xac\x04\xac\xa9\x08\x00\x00\x00\x00\x06\x00\x00\
\x00\x0fCustom Interva\
l\x07\x00\x00\x00\x18CreateSche\
duleTaskDialog\x01\x03\
\x00\x00\x00\x04\xb9\xe4\xc7|\x08\x00\x00\x00\x00\x06\x00\x00\
\x00\x05Daily\x07\x00\x00\x00\x18Crea\
teScheduleTaskDi\
alog\x01\x03\x00\x00\x00\x02\xc7|\x08\x00\x00\x00\
\x00\x06\x00\x00\x00\x04Days\x07\x00\x00\x00\x18C\
reateScheduleTas\
kDialog\x01\x03\x00\x00\x00\x04\xc2\xdc\xac\
\x04\x08\x00\x00\x00\x00\x06\x00\x00\x00\x04Hour\x07\
\x00\x00\x00\x18CreateSchedu\
leTaskDialog\x01\x03\x00\x00\
\x00\x04\xc2\xdc\xac\x04\x08\x00\x00\x00\x00\x06\x00\x00\x00\x05\
Hours\x07\x00\x00\x00\x18Create\
ScheduleTaskDial\
og\x01\x03\x00\x00\x00\x02\xbd\x84\x08\x00\x00\x00\x00\x06\
\x00\x00\x00\x06Minute\x07\x00\x00\x00\x18C\
reateScheduleTas\
kDialog\x01\x03\x00\x00\x00\x04\xb9\xe4\xc6\
\xd4\x08\x00\x00\x00\x00\x06\x00\x00\x00\x07Month\
ly\x07\x00\x00\x00\x18CreateSch\
eduleTaskDialog\x01\
\x03\x00\x00\x00\x18\xc0\xac\xc6\xa9\x00 \xac\x00\xb2\xa5\xd5\
\x5c\x00 \xc7\x91\xc5\xc5\x00 \xc5\xc6\xc7L\x08\x00\x00\
\x00\x00\x06\x00\x00\x00\x12No tasks \
available\x07\x00\x00\x00\x18Cr\
eateScheduleTask\
Dialog\x01\x03\x00\x00\x00\x06\xd5\x5c\x00 \
\xbc\x88\x08\x00\x00\x00\x00\x06\x00\x00\x00\x04Once\
\x07\x00\x00\x00\x18CreateSched\
uleTaskDialog\x01\x03\x00\
\x00\x00\x0a\xc7\x91\xc5\xc5\x00 \xc1 \xd0\xdd\x08\x00\x00\
\x00\x00\x06\x00\x00\x00\x0bSelect Ta\
sk\x07\x00\x00\x00\x18CreateSch\
eduleTaskDialog\x01\
\x03\x00\x00\x00\x0a\xc2\xdc\xc7\x91\x00 \xc2\xdc\xac\x04\x08\
\x00\x00\x00\x00\x06\x00\x00\x00\x0aStart T\
ime\x07\x00\x00\x00\x18CreateSc\
heduleTaskDialog\
\x01\x03\x00\x00\x00\x0a\xc2\xdc\xc7\x91\x00 \xc65\xc1X\
\x08\x00\x00\x00\x00\x06\x00\x00\x00\x0fStartu\
p Options\x07\x00\x00\x00\x18Cr\
eateScheduleTask\
Dialog\x01\x03\x00\x00\x00\x0a\xc2\xdc\xac\x04\
\x00 \xcd\x08\xac\xfc\x08\x00\x00\x00\x00\x06\x00\x00\x00\x07\
Timeout\x07\x00\x00\x00\x18Crea\
teScheduleTaskDi\
alog\x01\x03\x00\x00\x00\x0c\xd2\xb8\xb9\xac\xacp\
\x00 \xc7 \xd6\x15\x08\x00\x00\x00\x00\x06\x00\x00\x00\x0c\
Trigger Type\x07\x00\x00\x00\
\x18CreateScheduleT\
askDialog\x01\x03\x00\x00\x00\x04\xb9\
\xe4\xc8\xfc\x08\x00\x00\x00\x00\x06\x00\x00\x00\x06Wee\
kly\x07\x00\x00\x00\x18CreateSc\
heduleTaskDialog\
\x01\x03\x00\x00\x00\x18\xc2\xdc\xac\x04\x00 \x00(\x000\
\x00 \x00=\x00 \xbb4\xc8\x1c\xd5\x5c\x00)\x08\x00\
\x00\x00\x00\x06\x00\x00\x00\x15hours (0\
 = unlimited)\x07\x00\x00\
\x00\x18CreateSchedule\
TaskDialog\x01\x03\x00\x00\x00\x04\
\xcd\xe8\xc1\x8c\x08\x00\x00\x00\x00\x06\x00\x00\x00\x06Ca\
ncel\x07\x00\x00\x00\x10CreateT\
askDialog\x01\x03\x00\x00\x00\x18\xd0\
t\xb7\x98\xc2\xa4\x00 \xc7t\xb9\x84\x00 \x00(\xc6\
\x01\xc5\xb4\xb9\xcc\x00)\x08\x00\x00\x00\x00\x06\x00\x00\x00\
\x19Class Name (Eng\
lish only)\x07\x00\x00\x00\x10C\
reateTaskDialog\x01\
\x03\x00\x00\x00\x04\xd6U\xc7x\x08\x00\x00\x00\x00\x06\x00\
\x00\x00\x07Confirm\x07\x00\x00\x00\x10C\
reateTaskDialog\x01\
\x03\x00\x00\x00\x0a\xc7\x91\xc5\xc5\x00 \xc0\xdd\xc11\x08\
\x00\x00\x00\x00\x06\x00\x00\x00\x0bCreate \
Task\x07\x00\x00\x00\x10CreateT\
askDialog\x01\x03\x00\x00\x00\x0e\xc1\
$\xba\x85\x00 \x00(\xc1 \xd0\xdd\x00)\x08\x00\x00\
\x00\x00\x06\x00\x00\x00\x16Descripti\
on (Optional)\x07\x00\x00\
\x00\x10CreateTaskDial\
og\x01\x03\x00\x00\x00\x0a\xc7\x91\xc5\xc5\x00 \xc7t\
\xb9\x84\x08\x00\x00\x00\x00\x06\x00\x00\x00\x09Task\
 Name\x07\x00\x00\x00\x10Create\
TaskDialog\x01\x03\x00\x00\x00\x04\
\xd68\xcd\x9c\x08\x00\x00\x00\x00\x06\x00\x00\x00\x04Ca\
ll\x07\x00\x00\x00\x08DebugTab\x01\
\x03\x00\x00\x00\x0e\xc2\xa4\xd0l\xb9\xb0\xc0\xf7\x00 \xce\
\xa1\xcc\x98\x08\x00\x00\x00\x00\x06\x00\x00\x00\x12Cap\
ture Screenshot\x07\
\x00\x00\x00\x08DebugTab\x01\x03\x00\x00\
\x00\x0a\xce\xa1\xcc\x98\x00 \xc11\xac\xf5\x08\x00\x00\x00\
\x00\x06\x00\x00\x00\x0fCapture Su\
ccess\x07\x00\x00\x00\x08DebugT\
ab\x01\x03\x00\x00\x00\x10\xce\xa1\xcc\x98\xac\x00\x00 \
\xbeD\xc5\xb4\xc7\x88\xc7L\x08\x00\x00\x00\x00\x06\x00\x00\
\x00\x15Capture return\
ed None\x07\x00\x00\x00\x08Debu\
gTab\x01\x03\x00\x00\x00\x16\x00i\x001\x008\
\x00n\x00 \xd3\x0c\xc7|\x00 \xce\xf4\xd3\x0c\xc7|\
\x08\x00\x00\x00\x00\x06\x00\x00\x00\x12Conver\
t i18n files\x07\x00\x00\x00\
\x08DebugTab\x01\x03\x00\x00\x00\x14\x00\
T\x00a\x00s\x00k\x00 \xd5h\xc2\x18\x00 \xd6\
8\xcd\x9c\x08\x00\x00\x00\x00\x06\x00\x00\x00\x13Deb\
ug Task Function\
\x07\x00\x00\x00\x08DebugTab\x01\x03\x00\
\x00\x00\x0c\xb5\x14\xbc\x84\xad\xf8\x00 \xb3\xc4\xadl\x08\
\x00\x00\x00\x00\x06\x00\x00\x00\x0aDebug T\
ool\x07\x00\x00\x00\x08DebugTab\
\x01\x03\x00\x00\x00\x1a\xc2\xa4\xd0l\xb9\xb0\xc0\xf7\x00 \
\xc1 \xd0\xdd\x00 \xb6\x10\xb2\x94\x00 \xb4\xdc\xb8m\
\x08\x00\x00\x00\x00\x06\x00\x00\x00\x19Drop o\
r Select Screens\
hot\x07\x00\x00\x00\x08DebugTab\
\x01\x03\x00\x00\x00,\xc2\xa4\xb8\x08\xb4\xdc\x00 \xb3d\
\xd5\x04\x00(\xb2\xe8\xcd\x95\xd0\xa4\x00:\x00C\x00t\
\x00r\x00l\x00+\x00A\x00l\x00t\x00+\x00D\
\x00)\x08\x00\x00\x00\x00\x06\x00\x00\x00\x1fDump\
 Threads(HotKey:\
Ctrl+Alt+D)\x07\x00\x00\x00\x08\
DebugTab\x01\x03\x00\x00\x00\x14\x00i\
\x001\x008\x00n\x00 \xd3\x0c\xc7|\x00 \xc0\xdd\
\xc11\x08\x00\x00\x00\x00\x06\x00\x00\x00\x13Gene\
rate i18n files\x07\
\x00\x00\x00\x08DebugTab\x01\x03\x00\x00\
\x000\xce\xa1\xcc\x98\x00 \xbc)\xc2\xdd\xc7D\x00 \
\xc0\xac\xc6\xa9\xd5`\x00 \xc2\x18\x00 \xc5\xc6\xacp\
\xb0\x98\x00 \xc1 \xd0\xdd\xb4\x18\xc9\xc0\x00 \xc5J\
\xc7L\x08\x00\x00\x00\x00\x06\x00\x00\x00 No C\
apture Available\
 or Selected\x07\x00\x00\x00\
\x08DebugTab\x01\x03\x00\x00\x00\x18\x00\
O\x00C\x00R\xc7t\x00 \xadl\xc11\xb4\x18\xc9\
\xc0\x00 \xc5J\xc7L\x08\x00\x00\x00\x00\x06\x00\x00\x00\
\x11No OCR configur\
ed\x07\x00\x00\x00\x08DebugTab\x01\
\x03\x00\x00\x000\xc1\x8d\xc11\x00 \xb6\x10\xb2\x94\x00\
 \xd5h\xc2\x18\x00 \xc5\xc6\xc7L\x00:\x00 \x00\
{\x00f\x00u\x00n\x00c\x00_\x00n\x00a\x00\
m\x00e\x00}\x08\x00\x00\x00\x00\x06\x00\x00\x00\x19N\
o such attr: {fu\
nc_name}\x07\x00\x00\x00\x08Deb\
ugTab\x01\x03\x00\x00\x00&\x00O\x00C\x00\
R\x00 \xd68\xcd\x9c\x00 \xc11\xac\xf5\x00:\x00\
 \x00{\x00r\x00e\x00s\x00u\x00l\x00t\x00\
}\x08\x00\x00\x00\x00\x06\x00\x00\x00\x15OCR s\
uccess: {result}\
\x07\x00\x00\x00\x08DebugTab\x01\x03\x00\
\x00\x00\x10\xb8\x5c\xad\xf8\x00 \xd3\xf4\xb3T\x00 \xc5\
\xf4\xae0\x08\x00\x00\x00\x00\x06\x00\x00\x00\x09Ope\
n Logs\x07\x00\x00\x00\x08Debug\
Tab\x01\x03\x00\x00\x00\x0e\xc2\xa4\xd0l\xb9\xb0\xc0\
\xf7\x00 \xc1 \xd0\xdd\x08\x00\x00\x00\x00\x06\x00\x00\x00\
\x12Select Screensh\
ots\x07\x00\x00\x00\x08DebugTab\
\x01\x03\x00\x00\x00\x16\xd5h\xc2\x18\x00 \xb6\x10\xb2\x94\
\x00 \xc1\x8d\xc11\x00 \xc7\x85\xb8%\x08\x00\x00\x00\
\x00\x06\x00\x00\x00\x1bType a fun\
ction or propert\
y\x07\x00\x00\x00\x08DebugTab\x01\x03\
\x00\x00\x00\x1e\xd68\xcd\x9c\x00 \xc11\xac\xf5\x00:\
\x00 \x00{\x00r\x00e\x00s\x00u\x00l\x00t\
\x00}\x08\x00\x00\x00\x00\x06\x00\x00\x00\x16call\
 success: {resul\
t}\x07\x00\x00\x00\x08DebugTab\x01\
\x03\x00\x00\x00\x1c\x00{\x00n\x00u\x00m\x00}\xac\
\x1c\x00 \xc7t\xbb\xf8\xc9\xc0\x00 \xc1 \xd0\xdd\xb4\
(\x08\x00\x00\x00\x00\x06\x00\x00\x00\x15{num}\
 images selected\
\x07\x00\x00\x00\x08DebugTab\x01\x03\x00\
\x00\x00\x06\x00A\x00D\x00B\x08\x00\x00\x00\x00\x06\x00\
\x00\x00\x03ADB\x07\x00\x00\x00\x0bEditT\
askTab\x01\x03\x00\x00\x00\x1c\x00{\x00}\
\x00 \xb9|\x00 \xc0\xad\xc8\x1c\xd5X\xc2\xdc\xac\xa0\
\xc2\xb5\xb2\xc8\xaeL\x00?\x08\x00\x00\x00\x00\x06\x00\x00\
\x00#Are you sure y\
ou want to delet\
e {}?\x07\x00\x00\x00\x0bEditTa\
skTab\x01\x03\x00\x00\x00\x04\xbc\x15\xc2\xa4\x08\
\x00\x00\x00\x00\x06\x00\x00\x00\x03Box\x07\x00\x00\x00\
\x0bEditTaskTab\x01\x03\x00\x00\
\x00\x04\xcd\xe8\xc1\x8c\x08\x00\x00\x00\x00\x06\x00\x00\x00\x06\
Cancel\x07\x00\x00\x00\x0bEditT\
askTab\x01\x03\x00\x00\x00\x0c\xc7\x91\xc5\xc5\
\x00 \xc1 \xd0\xdd\x00:\x08\x00\x00\x00\x00\x06\x00\x00\
\x00\x0cChoose Task:\x07\x00\
\x00\x00\x0bEditTaskTab\x01\x03\
\x00\x00\x00\x0a\xc0\xad\xc8\x1c\x00 \xd6U\xc7x\x08\x00\
\x00\x00\x00\x06\x00\x00\x00\x0eConfirm \
Delete\x07\x00\x00\x00\x0bEditT\
askTab\x01\x03\x00\x00\x00\x04\xc8\x1c\xc5\xb4\
\x08\x00\x00\x00\x00\x06\x00\x00\x00\x07Contro\
l\x07\x00\x00\x00\x0bEditTaskTa\
b\x01\x03\x00\x00\x00\x0a\xc7\x91\xc5\xc5\x00 \xbc\xf5\xc0\
\xac\x08\x00\x00\x00\x00\x06\x00\x00\x00\x09Copy \
Task\x07\x00\x00\x00\x0bEditTas\
kTab\x01\x03\x00\x00\x00*\x00{\x00}\x00 \
\xc7X\x00 \xc1\x8c\xc2\xa4\x00 \xd3\x0c\xc7|\xc7D\
\x00 \xcc>\xc7D\x00 \xc2\x18\x00 \xc5\xc6\xc2\xb5\
\xb2\xc8\xb2\xe4\x08\x00\x00\x00\x00\x06\x00\x00\x00!Co\
uld not find sou\
rce file for {}\x07\
\x00\x00\x00\x0bEditTaskTab\x01\
\x03\x00\x00\x00\x0e\xc0\xc8\x00 \xc7\x91\xc5\xc5\x00 \xc0\
\xdd\xc11\x08\x00\x00\x00\x00\x06\x00\x00\x00\x0fCre\
ate New Task\x07\x00\x00\x00\
\x0bEditTaskTab\x01\x03\x00\x00\
\x00\x0a\xc7\x91\xc5\xc5\x00 \xc0\xdd\xc11\x08\x00\x00\x00\
\x00\x06\x00\x00\x00\x0bCreate Tas\
k\x07\x00\x00\x00\x0bEditTaskTa\
b\x01\x03\x00\x00\x00\x0a\xc7\x91\xc5\xc5\x00 \xc0\xad\xc8\
\x1c\x08\x00\x00\x00\x00\x06\x00\x00\x00\x0bDelet\
e Task\x07\x00\x00\x00\x0bEditT\
askTab\x01\x03\x00\x00\x00\x14\xc2\xa4\xd0l\
\xb9\xbd\xd2\xb8\x00 \xd4\x5c\xc2\xdc\x00 \xc7t\xb9\x84\
\x08\x00\x00\x00\x00\x06\x00\x00\x00\x1bDispla\
y name for the s\
cript\x07\x00\x00\x00\x0bEditTa\
skTab\x01\x03\x00\x00\x00(\xc6\x01\xc5\xb4\x00\
,\x00 \xc2+\xc7\x90\x00 \xbc\x0f\x00 \xc7 \xd6\
\xa8\xd5\x5c\x00 \xd3\x0c\xc7|\xba\x85\x00 \xbb8\xc7\
\x90\xb9\xcc\x08\x00\x00\x00\x00\x06\x00\x00\x00.Eng\
lish, numbers an\
d valid filename\
 chars only\x07\x00\x00\x00\x0b\
EditTaskTab\x01\x03\x00\x00\x00\
\x08\xb0\xb4\xbc\xf4\xb0\xb4\xae0\x08\x00\x00\x00\x00\x06\x00\
\x00\x00\x06Export\x07\x00\x00\x00\x0bEd\
itTaskTab\x01\x03\x00\x00\x00\x12\xc2\
\xa4\xd0l\xb9\xbd\xd2\xb8\x00 \xb0\xb4\xbc\xf4\xb0\xb4\xae\
0\x08\x00\x00\x00\x00\x06\x00\x00\x00\x0dExpor\
t Script\x07\x00\x00\x00\x0bEdi\
tTaskTab\x01\x03\x00\x00\x00\x0e\xb0\xb4\
\xbc\xf4\xb0\xb4\xae0\x00 \xc2\xe4\xd3(\x08\x00\x00\x00\
\x00\x06\x00\x00\x00\x0dExport fai\
led\x07\x00\x00\x00\x0bEditTask\
Tab\x01\x03\x00\x00\x00\x1e\xc1\x8c\xc2\xa4\x00 \xd3\
\x0c\xc7|\x00 \xc7}\xae0\x00 \xc2\xe4\xd3(\x00\
:\x00 \x00{\x00}\x08\x00\x00\x00\x00\x06\x00\x00\x00\
\x1eFailed to read \
source file: {}\x07\
\x00\x00\x00\x0bEditTaskTab\x01\
\x03\x00\x00\x00\x0a\xc8\x00\xc7\xa5\x00 \xc2\xe4\xd3(\x08\
\x00\x00\x00\x00\x06\x00\x00\x00\x0eFailed \
to save\x07\x00\x00\x00\x0bEdit\
TaskTab\x01\x03\x00\x00\x00\x04\xd3\x0c\xc7\
|\x08\x00\x00\x00\x00\x06\x00\x00\x00\x04File\x07\
\x00\x00\x00\x0bEditTaskTab\x01\
\x03\x00\x00\x00\x18\xd3\x0c\xc7|\xc7t\x00 \xc6x\xbd\
\x80\xc5\xd0\xc1\x1c\x00 \xbc\xc0\xac\xbd\xb4(\x08\x00\x00\
\x00\x00\x06\x00\x00\x00\x17File Chan\
ged Externally\x07\x00\
\x00\x00\x0bEditTaskTab\x01\x03\
\x00\x00\x00\x0c\xd3\x0c\xc7|\x00 \xc7t\xb9\x84\x00:\
\x08\x00\x00\x00\x00\x06\x00\x00\x00\x0aFile N\
ame:\x07\x00\x00\x00\x0bEditTas\
kTab\x01\x03\x00\x00\x00\x06\xac\x00\xc7t\xb4\xdc\
\x08\x00\x00\x00\x00\x06\x00\x00\x00\x05Guide\x07\
\x00\x00\x00\x0bEditTaskTab\x01\
\x03\x00\x00\x00\x12\xc2\xa4\xd0l\xb9\xbd\xd2\xb8\x00 \xac\
\x00\xc88\xc6$\xae0\x08\x00\x00\x00\x00\x06\x00\x00\x00\
\x0dImport Script\x07\x00\
\x00\x00\x0bEditTaskTab\x01\x03\
\x00\x00\x00\x0e\xac\x00\xc88\xc6$\xae0\x00 \xc2\xe4\
\xd3(\x08\x00\x00\x00\x00\x06\x00\x00\x00\x0dImpo\
rt failed\x07\x00\x00\x00\x0bEd\
itTaskTab\x01\x03\x00\x00\x00<\xd0\
t\xb7\x98\xc2\xa4\x00 \xc7t\xb9\x84\xc7t\x00 \xc7\
 \xd6\xa8\xd5X\xc9\xc0\x00 \xc5J\xc2\xb5\xb2\xc8\xb2\
\xe4\x00.\x00 \xc6\x01\xbb8\xc7\x90\xb9\xcc\x00 \xc0\
\xac\xc6\xa9\xd5X\xc18\xc6\x94\x00.\x08\x00\x00\x00\x00\
\x06\x00\x00\x004Invalid Cla\
ss Name. Must be\
 English charact\
ers only.\x07\x00\x00\x00\x0bEd\
itTaskTab\x01\x03\x00\x00\x00J\xc7\
\x98\xba\xbb\xb4\x1c\x00 \xd3\x0c\xc7|\x00 \xc7t\xb9\
\x84\xc7\x85\xb2\xc8\xb2\xe4\x00.\x00 \xc6\x01\xc5\xb4\x00\
,\x00 \xc2+\xc7\x90\x00,\x00 \xbc\x11\xc9\x04\x00\
,\x00 \xd5X\xc7t\xd5\x08\xb9\xcc\x00 \xc0\xac\xc6\
\xa9\xd5X\xc18\xc6\x94\x00.\x08\x00\x00\x00\x00\x06\x00\
\x00\x00KInvalid file \
name. Use Englis\
h letters, numbe\
rs, underscores,\
 hyphens only.\x07\x00\
\x00\x00\x0bEditTaskTab\x01\x03\
\x00\x00\x00\x02\xd0\xa4\x08\x00\x00\x00\x00\x06\x00\x00\x00\x03\
Key\x07\x00\x00\x00\x0bEditTask\
Tab\x01\x03\x00\x00\x00\x04\xb8\x5c\xaeE\x08\x00\x00\
\x00\x00\x06\x00\x00\x00\x07Logging\x07\x00\
\x00\x00\x0bEditTaskTab\x01\x03\
\x00\x00\x00\x0a\xbb4\xd5\x5c\x00 \xbc\x18\xbc\xf5\x08\x00\
\x00\x00\x00\x06\x00\x00\x00\x0fLoop inf\
initely\x07\x00\x00\x00\x0bEdit\
TaskTab\x01\x03\x00\x00\x00\x0a\x00x\xbc\
\x88\x00 \xbc\x18\xbc\xf5\x08\x00\x00\x00\x00\x06\x00\x00\x00\
\x0cLoop x times\x07\x00\x00\
\x00\x0bEditTaskTab\x01\x03\x00\
\x00\x00\x06\xb9\xc8\xc6\xb0\xc2\xa4\x08\x00\x00\x00\x00\x06\x00\
\x00\x00\x05Mouse\x07\x00\x00\x00\x0bEdi\
tTaskTab\x01\x03\x00\x00\x00\x0a\xbc\x18\
\xbc\xf5\x00 \xc5\xc6\xc7L\x08\x00\x00\x00\x00\x06\x00\x00\
\x00\x07No loop\x07\x00\x00\x00\x0bEd\
itTaskTab\x01\x03\x00\x00\x00\x1a\xb0\
\xb4\xbc\xf4\xb0\xbc\x00 \xc7\x91\xc5\xc5\xc7t\x00 \xc5\
\xc6\xc2\xb5\xb2\xc8\xb2\xe4\x00.\x08\x00\x00\x00\x00\x06\x00\
\x00\x00\x13No tasks to e\
xport.\x07\x00\x00\x00\x0bEditT\
askTab\x01\x03\x00\x00\x00\x06\x00O\x00C\
\x00R\x08\x00\x00\x00\x00\x06\x00\x00\x00\x03OCR\x07\
\x00\x00\x00\x0bEditTaskTab\x01\
\x03\x00\x00\x00\x04\xd6U\xc7x\x08\x00\x00\x00\x00\x06\x00\
\x00\x00\x02OK\x07\x00\x00\x00\x0bEditTa\
skTab\x01\x03\x00\x00\x00F\x00O\x00K\x00\
S\x00c\x00r\x00i\x00p\x00t\x00 \xd3\x0c\xc7\
|\x00 \x00(\x00*\x00.\x00o\x00k\x00s\x00\
c\x00r\x00i\x00p\x00t\x00)\x00;\x00;\xba\
\xa8\xb4\xe0\x00 \xd3\x0c\xc7|\x00 \x00(\x00*\x00\
)\x08\x00\x00\x00\x00\x06\x00\x00\x00*OKScr\
ipt Files (*.oks\
cript);;All File\
s (*)\x07\x00\x00\x00\x0bEditTa\
skTab\x01\x03\x00\x00\x00\x04\xae0\xd0\xc0\x08\
\x00\x00\x00\x00\x06\x00\x00\x00\x05Other\x07\x00\
\x00\x00\x0bEditTaskTab\x01\x03\
\x00\x00\x00\x22\xcd\x5c\xc1\x8c\x00 \xd5X\xb0\x98\xc7X\
\x00 \xc7\x91\xc5\xc5\xc7D\x00 \xc1 \xd0\xdd\xd5X\
\xc18\xc6\x94\x00.\x08\x00\x00\x00\x00\x06\x00\x00\x00*\
Please select at\
 least one task \
to export.\x07\x00\x00\x00\x0bE\
ditTaskTab\x01\x03\x00\x00\x00\x04\
\xb1y\xd6T\x08\x00\x00\x00\x00\x06\x00\x00\x00\x06Re\
cord\x07\x00\x00\x00\x0bEditTas\
kTab\x01\x03\x00\x00\x00F\xb1y\xd6T\xd5X\
\xbat\x00 \xd6\x04\xc7\xac\x00 \xc2\xa4\xd0l\xb9\xbd\
\xd2\xb8\x00 \xb8\x5c\xc9\xc1\xc7t\x00 \xb3n\xc5\xb4\
\xc5\x0c\xc6\xcc\xc9\xd1\xb2\xc8\xb2\xe4\x00.\x00 \xac\xc4\
\xc1\x8d\xd5X\xc2\xdc\xac\xa0\xc2\xb5\xb2\xc8\xaeL\x00?\
\x08\x00\x00\x00\x00\x06\x00\x00\x008Record\
 will override t\
he current scrip\
t logic. Continu\
e?\x07\x00\x00\x00\x0bEditTaskT\
ab\x01\x03\x00\x00\x00H\xcc=\x00 \x00'\x00{\
\x00h\x00w\x00n\x00d\x00_\x00n\x00a\x00m\
\x00e\x00}\x00'\xc7t\x00(\xac\x00\x00)\x00 \
\xd6\x5c\xc11\xd6T\xb4\x18\xbat\x00 \xb1y\xd6T\
\xac\x00\x00 \xc2\xdc\xc7\x91\xb4)\xb2\xc8\xb2\xe4\x00.\
\x08\x00\x00\x00\x00\x06\x00\x00\x00>Record\
ing will start w\
hen window '{hwn\
d_name}' becomes\
 active.\x07\x00\x00\x00\x0bEdi\
tTaskTab\x01\x03\x00\x00\x00\x04\xc2\xe4\
\xd5\x89\x08\x00\x00\x00\x00\x06\x00\x00\x00\x03Run\x07\
\x00\x00\x00\x0bEditTaskTab\x01\
\x03\x00\x00\x00\x04\xc8\x00\xc7\xa5\x08\x00\x00\x00\x00\x06\x00\
\x00\x00\x04Save\x07\x00\x00\x00\x0bEdit\
TaskTab\x01\x03\x00\x00\x00\x10\xbc\xc0\xac\
\xbd\x00 \xc0\xac\xd5m\x00 \xc8\x00\xc7\xa5\x08\x00\x00\
\x00\x00\x06\x00\x00\x00\x0cSave Chan\
ges\x07\x00\x00\x00\x0bEditTask\
Tab\x01\x03\x00\x00\x00\x10\xc2\xa4\xd0l\xb9\xbd\xd2\
\xb8\x00 \xc7t\xb9\x84\x00:\x08\x00\x00\x00\x00\x06\x00\
\x00\x00\x0cScript Name:\x07\
\x00\x00\x00\x0bEditTaskTab\x01\
\x03\x00\x00\x00:\xc2\xa4\xd0l\xb9\xbd\xd2\xb8\xac\x00\x00\
 \xb2\xe4\xc6\xb4\xb8\x5c\xb4\xdc\x00 \xd3\xf4\xb3T\xc5\
\xd0\x00 \xc11\xac\xf5\xc8\x01\xc7<\xb8\x5c\x00 \xb0\
\xb4\xbc\xf4\xb0\xb4\xc8L\xc2\xb5\xb2\xc8\xb2\xe4\x00.\x08\
\x00\x00\x00\x00\x06\x00\x00\x001Script \
exported success\
fully to Downloa\
ds folder.\x07\x00\x00\x00\x0bE\
ditTaskTab\x01\x03\x00\x00\x00\x1e\
\xc2\xa4\xd0l\xb9\xbd\xd2\xb8\x00 \xc7t\xb9\x84\xc7@\
\x00 \xd5D\xc2\x18\xc7\x85\xb2\xc8\xb2\xe4\x00.\x08\x00\
\x00\x00\x00\x06\x00\x00\x00\x18Script n\
ame is required.\
\x07\x00\x00\x00\x0bEditTaskTab\
\x01\x03\x00\x00\x00\x12\xd1\x5c\xd5\x0c\xb9\xbf\x00 \xac\x80\
\xc0\xc9\x00.\x00.\x00.\x08\x00\x00\x00\x00\x06\x00\x00\
\x00\x13Search templat\
es...\x07\x00\x00\x00\x0bEditTa\
skTab\x01\x03\x00\x00\x00\x14\xc2\xa4\xd0l\xb9\
\xbd\xd2\xb8\x00 \xd3\x0c\xc7|\x00 \xc1 \xd0\xdd\x08\
\x00\x00\x00\x00\x06\x00\x00\x00\x12Select \
Script File\x07\x00\x00\x00\x0b\
EditTaskTab\x01\x03\x00\x00\x00\
\x14\xb0\xb4\xbc\xf4\xb0\xbc\x00 \xc7\x91\xc5\xc5\x00 \xc1\
 \xd0\xdd\x00:\x08\x00\x00\x00\x00\x06\x00\x00\x00\x17S\
elect tasks to e\
xport:\x07\x00\x00\x00\x0bEditT\
askTab\x01\x03\x00\x00\x00\x04\xc9\x11\xc9\xc0\
\x08\x00\x00\x00\x00\x06\x00\x00\x00\x04Stop\x07\x00\
\x00\x00\x0bEditTaskTab\x01\x03\
\x00\x00\x00\x04\xc11\xac\xf5\x08\x00\x00\x00\x00\x06\x00\x00\
\x00\x07Success\x07\x00\x00\x00\x0bEd\
itTaskTab\x01\x03\x00\x00\x00\x1a\xc7\
\x91\xc5\xc5\x00 \xc7t\xb9\x84\xc7@\x00 \xd5D\xc2\
\x18\xc7\x85\xb2\xc8\xb2\xe4\x00.\x08\x00\x00\x00\x00\x06\x00\
\x00\x00\x16Task Name is \
required.\x07\x00\x00\x00\x0bEd\
itTaskTab\x01\x03\x00\x00\x00\x18\xc7\
\x91\xc5\xc5\xc7t\x00 \xbc\xf5\xc0\xac\xb4\x18\xc5\xc8\xc2\
\xb5\xb2\xc8\xb2\xe4\x00.\x08\x00\x00\x00\x00\x06\x00\x00\x00\
\x19Task copied suc\
cessfully.\x07\x00\x00\x00\x0bE\
ditTaskTab\x01\x03\x00\x00\x00\x18\
\xc7\x91\xc5\xc5\xc7t\x00 \xc0\xdd\xc11\xb4\x18\xc5\xc8\
\xc2\xb5\xb2\xc8\xb2\xe4\x00.\x08\x00\x00\x00\x00\x06\x00\x00\
\x00\x1aTask created s\
uccessfully.\x07\x00\x00\x00\
\x0bEditTaskTab\x01\x03\x00\x00\
\x00\x18\xc7\x91\xc5\xc5\xc7t\x00 \xc0\xad\xc8\x1c\xb4\x18\
\xc5\xc8\xc2\xb5\xb2\xc8\xb2\xe4\x00.\x08\x00\x00\x00\x00\x06\
\x00\x00\x00\x1aTask deleted\
 successfully.\x07\x00\
\x00\x00\x0bEditTaskTab\x01\x03\
\x00\x00\x00 \xc7\x91\xc5\xc5\x00 \xd3\x0c\xc7|\xc7t\
\x00 \xc7t\xbb\xf8\x00 \xc8t\xc7\xac\xd5i\xb2\xc8\
\xb2\xe4\x00.\x08\x00\x00\x00\x00\x06\x00\x00\x00\x19Ta\
sk file already \
exists.\x07\x00\x00\x00\x0bEdit\
TaskTab\x01\x03\x00\x00\x00&\xc7\x91\xc5\
\xc5\xc7t\x00 \xc11\xac\xf5\xc8\x01\xc7<\xb8\x5c\x00\
 \xc7\xac\xadl\xc11\xb4\x18\xc5\xc8\xc2\xb5\xb2\xc8\xb2\
\xe4\x00.\x08\x00\x00\x00\x00\x06\x00\x00\x00\x1aTas\
k rebuilt succes\
sfully.\x07\x00\x00\x00\x0bEdit\
TaskTab\x01\x03\x00\x00\x00\x0c\xd1\x5c\xd5\
\x0c\xb9\xbf\x00 \xb9\xe4\xcem\x08\x00\x00\x00\x00\x06\x00\
\x00\x00\x11Template Matc\
hing\x07\x00\x00\x00\x0bEditTas\
kTab\x01\x03\x00\x00\x00J\xd6\x04\xc7\xac\x00 \
\xc7\x91\xc5\xc5\xc5\xd0\x00 \xc8\x00\xc7\xa5\xb4\x18\xc9\xc0\
\x00 \xc5J\xc7@\x00 \xbc\xc0\xac\xbd\x00 \xc0\xac\
\xd5m\xc7t\x00 \xc7\x88\xc2\xb5\xb2\xc8\xb2\xe4\x00.\
\x00 \xc8\x00\xc7\xa5\xd5X\xc2\xdc\xac\xa0\xc2\xb5\xb2\xc8\
\xaeL\x00?\x08\x00\x00\x00\x00\x06\x00\x00\x00?Th\
e current task h\
as unsaved chang\
es. Do you want \
to save them?\x07\x00\x00\
\x00\x0bEditTaskTab\x01\x03\x00\
\x00\x00T\xd3\x0c\xc7|\xc7t\x00 \xc6x\xbd\x80\xc5\
\xd0\xc1\x1c\x00 \xc2\x18\xc8\x15\xb4\x18\xc5\xc8\xc2\xb5\xb2\
\xc8\xb2\xe4\x00.\x00 \xc8\x00\xc7\xa5\xd5X\xc9\xc0\x00\
 \xc5J\xc7@\x00 \xbc\xc0\xac\xbd\x00 \xc0\xac\xd5\
m\xc7D\x00 \xb3n\xc5\xb4\xc4\xf0\xc2\xdc\xac\xa0\xc2\
\xb5\xb2\xc8\xaeL\x00?\x08\x00\x00\x00\x00\x06\x00\x00\x00\
PThe file was mo\
dified externall\
y. Do you want t\
o overwrite your\
 unsaved changes\
?\x07\x00\x00\x00\x0bEditTaskTa\
b\x01\x03\x00\x00\x00\x06\xbc\x84\xc8\x04\x00:\x08\x00\x00\
\x00\x00\x06\x00\x00\x00\x08Version:\x07\
\x00\x00\x00\x0bEditTaskTab\x01\
\x03\x00\x00\x00\x04\xac\xbd\xac\xe0\x08\x00\x00\x00\x00\x06\x00\
\x00\x00\x07Warning\x07\x00\x00\x00\x0bE\
ditTaskTab\x01\x03\x00\x00\x00\x02\
\xcc=\x08\x00\x00\x00\x00\x06\x00\x00\x00\x06Wind\
ow\x07\x00\x00\x00\x0bEditTaskT\
ab\x01\x03\x00\x00\x00\x12\x00a\x00d\x00b\x00_\
\x00s\x00h\x00e\x00l\x00l\x08\x00\x00\x00\x00\x06\
\x00\x00\x00\x09adb_shell\x07\x00\x00\
\x00\x0bEditTaskTab\x01\x03\x00\
\x00\x00\x16\x00a\x00d\x00b\x00_\x00u\x00i\x00\
_\x00d\x00u\x00m\x00p\x08\x00\x00\x00\x00\x06\x00\
\x00\x00\x0badb_ui_dump\x07\x00\
\x00\x00\x0bEditTaskTab\x01\x03\
\x00\x00\x00\x18\x00a\x00d\x00d\x00_\x00t\x00e\
\x00x\x00t\x00_\x00f\x00i\x00x\x08\x00\x00\x00\
\x00\x06\x00\x00\x00\x0cadd_text_f\
ix\x07\x00\x00\x00\x0bEditTaskT\
ab\x01\x03\x00\x00\x00\x08\x00b\x00a\x00c\x00k\
\x08\x00\x00\x00\x00\x06\x00\x00\x00\x04back\x07\x00\
\x00\x00\x0bEditTaskTab\x01\x03\
\x00\x00\x00\x04\xc0\xc1\xc7\x90\x08\x00\x00\x00\x00\x06\x00\x00\
\x00\x03box\x07\x00\x00\x00\x0bEditTa\
skTab\x01\x03\x00\x00\x000\x00b\x00o\x00\
x\x00_\x00i\x00n\x00_\x00h\x00o\x00r\x00\
i\x00z\x00o\x00n\x00t\x00a\x00l\x00_\x00\
c\x00e\x00n\x00t\x00e\x00r\x08\x00\x00\x00\x00\
\x06\x00\x00\x00\x18box_in_hori\
zontal_center\x07\x00\x00\
\x00\x0bEditTaskTab\x01\x03\x00\
\x00\x00\x1a\x00b\x00o\x00x\x00_\x00o\x00f\x00\
_\x00s\x00c\x00r\x00e\x00e\x00n\x08\x00\x00\
\x00\x00\x06\x00\x00\x00\x0dbox_of_sc\
reen\x07\x00\x00\x00\x0bEditTas\
kTab\x01\x03\x00\x00\x00(\x00b\x00o\x00x\
\x00_\x00o\x00f\x00_\x00s\x00c\x00r\x00e\
\x00e\x00n\x00_\x00s\x00c\x00a\x00l\x00e\
\x00d\x08\x00\x00\x00\x00\x06\x00\x00\x00\x14box_\
of_screen_scaled\
\x07\x00\x00\x00\x0bEditTaskTab\
\x01\x03\x00\x00\x004\x00c\x00a\x00l\x00c\x00u\
\x00l\x00a\x00t\x00e\x00_\x00c\x00o\x00l\
\x00o\x00r\x00_\x00p\x00e\x00r\x00c\x00e\
\x00n\x00t\x00a\x00g\x00e\x08\x00\x00\x00\x00\x06\
\x00\x00\x00\x1acalculate_co\
lor_percentage\x07\x00\
\x00\x00\x0bEditTaskTab\x01\x03\
\x00\x00\x00\x12\x00c\x00l\x00e\x00a\x00r\x00_\
\x00b\x00o\x00x\x08\x00\x00\x00\x00\x06\x00\x00\x00\x09\
clear_box\x07\x00\x00\x00\x0bEd\
itTaskTab\x01\x03\x00\x00\x00\x0a\x00\
c\x00l\x00i\x00c\x00k\x08\x00\x00\x00\x00\x06\x00\
\x00\x00\x05click\x07\x00\x00\x00\x0bEdi\
tTaskTab\x01\x03\x00\x00\x00\x12\x00c\
\x00l\x00i\x00c\x00k\x00_\x00b\x00o\x00x\
\x08\x00\x00\x00\x00\x06\x00\x00\x00\x09click_\
box\x07\x00\x00\x00\x0bEditTask\
Tab\x01\x03\x00\x00\x00.\x00c\x00l\x00i\x00\
c\x00k\x00_\x00b\x00o\x00x\x00_\x00i\x00\
f\x00_\x00n\x00a\x00m\x00e\x00_\x00m\x00\
a\x00t\x00c\x00h\x08\x00\x00\x00\x00\x06\x00\x00\x00\
\x17click_box_if_na\
me_match\x07\x00\x00\x00\x0bEdi\
tTaskTab\x01\x03\x00\x00\x00\x1c\x00c\
\x00l\x00i\x00c\x00k\x00_\x00r\x00e\x00l\
\x00a\x00t\x00i\x00v\x00e\x08\x00\x00\x00\x00\x06\
\x00\x00\x00\x0eclick_relati\
ve\x07\x00\x00\x00\x0bEditTaskT\
ab\x01\x03\x00\x00\x00\x12\x00c\x00l\x00i\x00p\
\x00b\x00o\x00a\x00r\x00d\x08\x00\x00\x00\x00\x06\
\x00\x00\x00\x09clipboard\x07\x00\x00\
\x00\x0bEditTaskTab\x01\x03\x00\
\x00\x00\x1e\x00c\x00r\x00e\x00a\x00t\x00e\x00\
_\x00s\x00h\x00o\x00r\x00t\x00c\x00u\x00\
t\x08\x00\x00\x00\x00\x06\x00\x00\x00\x0fcreat\
e_shortcut\x07\x00\x00\x00\x0bE\
ditTaskTab\x01\x03\x00\x00\x00\x0e\
\x00d\x00i\x00s\x00a\x00b\x00l\x00e\x08\x00\
\x00\x00\x00\x06\x00\x00\x00\x07disable\x07\
\x00\x00\x00\x0bEditTaskTab\x01\
\x03\x00\x00\x00\x14\x00d\x00r\x00a\x00w\x00_\x00\
b\x00o\x00x\x00e\x00s\x08\x00\x00\x00\x00\x06\x00\
\x00\x00\x0adraw_boxes\x07\x00\x00\
\x00\x0bEditTaskTab\x01\x03\x00\
\x00\x00\x0c\x00e\x00n\x00a\x00b\x00l\x00e\x08\
\x00\x00\x00\x00\x06\x00\x00\x00\x06enable\x07\
\x00\x00\x00\x0bEditTaskTab\x01\
\x03\x00\x00\x00\x1e\x00e\x00n\x00s\x00u\x00r\x00\
e\x00_\x00i\x00n\x00_\x00f\x00r\x00o\x00\
n\x00t\x08\x00\x00\x00\x00\x06\x00\x00\x00\x0fens\
ure_in_front\x07\x00\x00\x00\
\x0bEditTaskTab\x01\x03\x00\x00\
\x00\x1c\x00f\x00e\x00a\x00t\x00u\x00r\x00e\
\x00_\x00e\x00x\x00i\x00s\x00t\x00s\x08\x00\
\x00\x00\x00\x06\x00\x00\x00\x0efeature_\
exists\x07\x00\x00\x00\x0bEditT\
askTab\x01\x03\x00\x00\x00\x04\xcc>\xae0\
\x08\x00\x00\x00\x00\x06\x00\x00\x00\x04find\x07\x00\
\x00\x00\x0bEditTaskTab\x01\x03\
\x00\x00\x00,\x00f\x00i\x00n\x00d\x00_\x00b\
\x00e\x00s\x00t\x00_\x00m\x00a\x00t\x00c\
\x00h\x00_\x00i\x00n\x00_\x00b\x00o\x00x\
\x08\x00\x00\x00\x00\x06\x00\x00\x00\x16find_b\
est_match_in_box\
\x07\x00\x00\x00\x0bEditTaskTab\
\x01\x03\x00\x00\x00\x14\x00f\x00i\x00n\x00d\x00_\
\x00b\x00o\x00x\x00e\x00s\x08\x00\x00\x00\x00\x06\
\x00\x00\x00\x0afind_boxes\x07\x00\
\x00\x00\x0bEditTaskTab\x01\x03\
\x00\x00\x00\x18\x00f\x00i\x00n\x00d\x00_\x00f\
\x00e\x00a\x00t\x00u\x00r\x00e\x08\x00\x00\x00\
\x00\x06\x00\x00\x00\x0cfind_featu\
re\x07\x00\x00\x00\x0bEditTaskT\
ab\x01\x03\x00\x00\x00(\x00f\x00i\x00n\x00d\
\x00_\x00f\x00e\x00a\x00t\x00u\x00r\x00e\
\x00_\x00a\x00n\x00d\x00_\x00s\x00e\x00t\
\x08\x00\x00\x00\x00\x06\x00\x00\x00\x14find_f\
eature_and_set\x07\x00\
\x00\x00\x0bEditTaskTab\x01\x03\
\x00\x00\x00.\x00f\x00i\x00n\x00d\x00_\x00f\
\x00i\x00r\x00s\x00t\x00_\x00m\x00a\x00t\
\x00c\x00h\x00_\x00i\x00n\x00_\x00b\x00o\
\x00x\x08\x00\x00\x00\x00\x06\x00\x00\x00\x17find\
_first_match_in_\
box\x07\x00\x00\x00\x0bEditTask\
Tab\x01\x03\x00\x00\x00\x10\x00f\x00i\x00n\x00\
d\x00_\x00o\x00n\x00e\x08\x00\x00\x00\x00\x06\x00\
\x00\x00\x08find_one\x07\x00\x00\x00\x0b\
EditTaskTab\x01\x03\x00\x00\x00\
\x1e\x00g\x00e\x00t\x00_\x00b\x00o\x00x\x00\
_\x00b\x00y\x00_\x00n\x00a\x00m\x00e\x08\
\x00\x00\x00\x00\x06\x00\x00\x00\x0fget_box\
_by_name\x07\x00\x00\x00\x0bEdi\
tTaskTab\x01\x03\x00\x00\x00&\x00g\
\x00e\x00t\x00_\x00f\x00e\x00a\x00t\x00u\
\x00r\x00e\x00_\x00b\x00y\x00_\x00n\x00a\
\x00m\x00e\x08\x00\x00\x00\x00\x06\x00\x00\x00\x13ge\
t_feature_by_nam\
e\x07\x00\x00\x00\x0bEditTaskTa\
b\x01\x03\x00\x00\x00\x14\x00g\x00e\x00t\x00_\x00\
s\x00t\x00a\x00t\x00u\x00s\x08\x00\x00\x00\x00\
\x06\x00\x00\x00\x0aget_status\x07\
\x00\x00\x00\x0bEditTaskTab\x01\
\x03\x00\x00\x00\x22\x00g\x00e\x00t\x00_\x00t\x00\
a\x00s\x00k\x00_\x00b\x00y\x00_\x00c\x00\
l\x00a\x00s\x00s\x08\x00\x00\x00\x00\x06\x00\x00\x00\
\x11get_task_by_cla\
ss\x07\x00\x00\x00\x0bEditTaskT\
ab\x01\x03\x00\x00\x00\x12\x00g\x00o\x00_\x00t\
\x00o\x00_\x00t\x00a\x00b\x08\x00\x00\x00\x00\x06\
\x00\x00\x00\x09go_to_tab\x07\x00\x00\
\x00\x0bEditTaskTab\x01\x03\x00\
\x00\x00 \x00h\x00e\x00i\x00g\x00h\x00t\x00\
_\x00o\x00f\x00_\x00s\x00c\x00r\x00e\x00\
e\x00n\x08\x00\x00\x00\x00\x06\x00\x00\x00\x10hei\
ght_of_screen\x07\x00\x00\
\x00\x0bEditTaskTab\x01\x03\x00\
\x00\x00\x10\x00i\x00n\x00f\x00o\x00_\x00a\x00\
d\x00d\x08\x00\x00\x00\x00\x06\x00\x00\x00\x08inf\
o_add\x07\x00\x00\x00\x0bEditTa\
skTab\x01\x03\x00\x00\x00 \x00i\x00n\x00\
f\x00o\x00_\x00a\x00d\x00d\x00_\x00t\x00\
o\x00_\x00l\x00i\x00s\x00t\x08\x00\x00\x00\x00\
\x06\x00\x00\x00\x10info_add_to\
_list\x07\x00\x00\x00\x0bEditTa\
skTab\x01\x03\x00\x00\x00\x14\x00i\x00n\x00\
f\x00o\x00_\x00c\x00l\x00e\x00a\x00r\x08\
\x00\x00\x00\x00\x06\x00\x00\x00\x0ainfo_cl\
ear\x07\x00\x00\x00\x0bEditTask\
Tab\x01\x03\x00\x00\x00\x10\x00i\x00n\x00f\x00\
o\x00_\x00g\x00e\x00t\x08\x00\x00\x00\x00\x06\x00\
\x00\x00\x08info_get\x07\x00\x00\x00\x0b\
EditTaskTab\x01\x03\x00\x00\x00\
\x12\x00i\x00n\x00f\x00o\x00_\x00i\x00n\x00\
c\x00r\x08\x00\x00\x00\x00\x06\x00\x00\x00\x09inf\
o_incr\x07\x00\x00\x00\x0bEditT\
askTab\x01\x03\x00\x00\x00\x10\x00i\x00n\
\x00f\x00o\x00_\x00s\x00e\x00t\x08\x00\x00\x00\
\x00\x06\x00\x00\x00\x08info_set\x07\x00\
\x00\x00\x0bEditTaskTab\x01\x03\
\x00\x00\x00\x14\x00i\x00n\x00p\x00u\x00t\x00_\
\x00t\x00e\x00x\x00t\x08\x00\x00\x00\x00\x06\x00\x00\
\x00\x0ainput_text\x07\x00\x00\x00\
\x0bEditTaskTab\x01\x03\x00\x00\
\x00\x0c\x00i\x00s\x00_\x00a\x00d\x00b\x08\x00\
\x00\x00\x00\x06\x00\x00\x00\x06is_adb\x07\x00\
\x00\x00\x0bEditTaskTab\x01\x03\
\x00\x00\x00\x14\x00i\x00s\x00_\x00b\x00r\x00o\
\x00w\x00s\x00e\x00r\x08\x00\x00\x00\x00\x06\x00\x00\
\x00\x0ais_browser\x07\x00\x00\x00\
\x0bEditTaskTab\x01\x03\x00\x00\
\x00\x12\x00l\x00o\x00g\x00_\x00d\x00e\x00b\
\x00u\x00g\x08\x00\x00\x00\x00\x06\x00\x00\x00\x09lo\
g_debug\x07\x00\x00\x00\x0bEdit\
TaskTab\x01\x03\x00\x00\x00\x12\x00l\x00\
o\x00g\x00_\x00e\x00r\x00r\x00o\x00r\x08\
\x00\x00\x00\x00\x06\x00\x00\x00\x09log_err\
or\x07\x00\x00\x00\x0bEditTaskT\
ab\x01\x03\x00\x00\x00\x10\x00l\x00o\x00g\x00_\
\x00i\x00n\x00f\x00o\x08\x00\x00\x00\x00\x06\x00\x00\
\x00\x08log_info\x07\x00\x00\x00\x0bE\
ditTaskTab\x01\x03\x00\x00\x00\x16\
\x00l\x00o\x00g\x00_\x00w\x00a\x00r\x00n\
\x00i\x00n\x00g\x08\x00\x00\x00\x00\x06\x00\x00\x00\x0b\
log_warning\x07\x00\x00\x00\x0b\
EditTaskTab\x01\x03\x00\x00\x00\
\x18\x00m\x00i\x00d\x00d\x00l\x00e\x00_\x00\
c\x00l\x00i\x00c\x00k\x08\x00\x00\x00\x00\x06\x00\
\x00\x00\x0cmiddle_click\x07\
\x00\x00\x00\x0bEditTaskTab\x01\
\x03\x00\x00\x00*\x00m\x00i\x00d\x00d\x00l\x00\
e\x00_\x00c\x00l\x00i\x00c\x00k\x00_\x00\
r\x00e\x00l\x00a\x00t\x00i\x00v\x00e\x08\
\x00\x00\x00\x00\x06\x00\x00\x00\x15middle_\
click_relative\x07\x00\
\x00\x00\x0bEditTaskTab\x01\x03\
\x00\x00\x00\x14\x00m\x00o\x00u\x00s\x00e\x00_\
\x00d\x00o\x00w\x00n\x08\x00\x00\x00\x00\x06\x00\x00\
\x00\x0amouse_down\x07\x00\x00\x00\
\x0bEditTaskTab\x01\x03\x00\x00\
\x00\x10\x00m\x00o\x00u\x00s\x00e\x00_\x00u\
\x00p\x08\x00\x00\x00\x00\x06\x00\x00\x00\x08mous\
e_up\x07\x00\x00\x00\x0bEditTas\
kTab\x01\x03\x00\x00\x00\x08\x00m\x00o\x00v\
\x00e\x08\x00\x00\x00\x00\x06\x00\x00\x00\x04move\
\x07\x00\x00\x00\x0bEditTaskTab\
\x01\x03\x00\x00\x00\x1a\x00m\x00o\x00v\x00e\x00_\
\x00r\x00e\x00l\x00a\x00t\x00i\x00v\x00e\
\x08\x00\x00\x00\x00\x06\x00\x00\x00\x0dmove_r\
elative\x07\x00\x00\x00\x0bEdit\
TaskTab\x01\x03\x00\x00\x00\x14\x00n\x00\
e\x00x\x00t\x00_\x00f\x00r\x00a\x00m\x00\
e\x08\x00\x00\x00\x00\x06\x00\x00\x00\x0anext_\
frame\x07\x00\x00\x00\x0bEditTa\
skTab\x01\x03\x00\x00\x00\x18\x00n\x00o\x00\
t\x00i\x00f\x00i\x00c\x00a\x00t\x00i\x00\
o\x00n\x08\x00\x00\x00\x00\x06\x00\x00\x00\x0cnot\
ification\x07\x00\x00\x00\x0bEd\
itTaskTab\x01\x03\x00\x00\x00\x06\x00\
o\x00c\x00r\x08\x00\x00\x00\x00\x06\x00\x00\x00\x03o\
cr\x07\x00\x00\x00\x0bEditTaskT\
ab\x01\x03\x00\x00\x00\x18\x00o\x00u\x00t\x00_\
\x00o\x00f\x00_\x00r\x00a\x00t\x00i\x00o\
\x08\x00\x00\x00\x00\x06\x00\x00\x00\x0cout_of\
_ratio\x07\x00\x00\x00\x0bEditT\
askTab\x01\x03\x00\x00\x00\x0a\x00p\x00a\
\x00u\x00s\x00e\x08\x00\x00\x00\x00\x06\x00\x00\x00\x05\
pause\x07\x00\x00\x00\x0bEditTa\
skTab\x01\x03\x00\x00\x00\x16\x00r\x00i\x00\
g\x00h\x00t\x00_\x00c\x00l\x00i\x00c\x00\
k\x08\x00\x00\x00\x00\x06\x00\x00\x00\x0bright\
_click\x07\x00\x00\x00\x0bEditT\
askTab\x01\x03\x00\x00\x00\x14\x00s\x00c\
\x00r\x00e\x00e\x00n\x00s\x00h\x00o\x00t\
\x08\x00\x00\x00\x00\x06\x00\x00\x00\x0ascreen\
shot\x07\x00\x00\x00\x0bEditTas\
kTab\x01\x03\x00\x00\x00\x0c\x00s\x00c\x00r\
\x00o\x00l\x00l\x08\x00\x00\x00\x00\x06\x00\x00\x00\x06\
scroll\x07\x00\x00\x00\x0bEditT\
askTab\x01\x03\x00\x00\x00\x1e\x00s\x00c\
\x00r\x00o\x00l\x00l\x00_\x00r\x00e\x00l\
\x00a\x00t\x00i\x00v\x00e\x08\x00\x00\x00\x00\x06\
\x00\x00\x00\x0fscroll_relat\
ive\x07\x00\x00\x00\x0bEditTask\
Tab\x01\x03\x00\x00\x00\x10\x00s\x00e\x00n\x00\
d\x00_\x00k\x00e\x00y\x08\x00\x00\x00\x00\x06\x00\
\x00\x00\x08send_key\x07\x00\x00\x00\x0b\
EditTaskTab\x01\x03\x00\x00\x00\
\x1a\x00s\x00e\x00n\x00d\x00_\x00k\x00e\x00\
y\x00_\x00d\x00o\x00w\x00n\x08\x00\x00\x00\x00\
\x06\x00\x00\x00\x0dsend_key_do\
wn\x07\x00\x00\x00\x0bEditTaskT\
ab\x01\x03\x00\x00\x00\x16\x00s\x00e\x00n\x00d\
\x00_\x00k\x00e\x00y\x00_\x00u\x00p\x08\x00\
\x00\x00\x00\x06\x00\x00\x00\x0bsend_key\
_up\x07\x00\x00\x00\x0bEditTask\
Tab\x01\x03\x00\x00\x00\x0a\x00s\x00l\x00e\x00\
e\x00p\x08\x00\x00\x00\x00\x06\x00\x00\x00\x05sle\
ep\x07\x00\x00\x00\x0bEditTaskT\
ab\x01\x03\x00\x00\x00\x16\x00s\x00l\x00e\x00e\
\x00p\x00_\x00c\x00h\x00e\x00c\x00k\x08\x00\
\x00\x00\x00\x06\x00\x00\x00\x0bsleep_ch\
eck\x07\x00\x00\x00\x0bEditTask\
Tab\x01\x03\x00\x00\x00\x18\x00s\x00t\x00a\x00\
r\x00t\x00_\x00d\x00e\x00v\x00i\x00c\x00\
e\x08\x00\x00\x00\x00\x06\x00\x00\x00\x0cstart\
_device\x07\x00\x00\x00\x0bEdit\
TaskTab\x01\x03\x00\x00\x00\x0a\x00s\x00\
w\x00i\x00p\x00e\x08\x00\x00\x00\x00\x06\x00\x00\x00\
\x05swipe\x07\x00\x00\x00\x0bEditT\
askTab\x01\x03\x00\x00\x00\x1c\x00s\x00w\
\x00i\x00p\x00e\x00_\x00r\x00e\x00l\x00a\
\x00t\x00i\x00v\x00e\x08\x00\x00\x00\x00\x06\x00\x00\
\x00\x0eswipe_relative\
\x07\x00\x00\x00\x0bEditTaskTab\
\x01\x03\x00\x00\x00\x04\x00t\x00r\x08\x00\x00\x00\x00\x06\
\x00\x00\x00\x02tr\x07\x00\x00\x00\x0bEditT\
askTab\x01\x03\x00\x00\x00\x0e\x00t\x00r\
\x00i\x00g\x00g\x00e\x00r\x08\x00\x00\x00\x00\x06\
\x00\x00\x00\x07trigger\x07\x00\x00\x00\x0b\
EditTaskTab\x01\x03\x00\x00\x00\
\x0e\x00u\x00n\x00p\x00a\x00u\x00s\x00e\x08\
\x00\x00\x00\x00\x06\x00\x00\x00\x07unpause\
\x07\x00\x00\x00\x0bEditTaskTab\
\x01\x03\x00\x00\x00\x1c\x00w\x00a\x00i\x00t\x00_\
\x00c\x00l\x00i\x00c\x00k\x00_\x00b\x00o\
\x00x\x08\x00\x00\x00\x00\x06\x00\x00\x00\x0ewait\
_click_box\x07\x00\x00\x00\x0bE\
ditTaskTab\x01\x03\x00\x00\x00$\
\x00w\x00a\x00i\x00t\x00_\x00c\x00l\x00i\
\x00c\x00k\x00_\x00f\x00e\x00a\x00t\x00u\
\x00r\x00e\x08\x00\x00\x00\x00\x06\x00\x00\x00\x12wa\
it_click_feature\
\x07\x00\x00\x00\x0bEditTaskTab\
\x01\x03\x00\x00\x00\x1c\x00w\x00a\x00i\x00t\x00_\
\x00c\x00l\x00i\x00c\x00k\x00_\x00o\x00c\
\x00r\x08\x00\x00\x00\x00\x06\x00\x00\x00\x0ewait\
_click_ocr\x07\x00\x00\x00\x0bE\
ditTaskTab\x01\x03\x00\x00\x00\x18\
\x00w\x00a\x00i\x00t\x00_\x00f\x00e\x00a\
\x00t\x00u\x00r\x00e\x08\x00\x00\x00\x00\x06\x00\x00\
\x00\x0cwait_feature\x07\x00\
\x00\x00\x0bEditTaskTab\x01\x03\
\x00\x00\x00\x10\x00w\x00a\x00i\x00t\x00_\x00o\
\x00c\x00r\x08\x00\x00\x00\x00\x06\x00\x00\x00\x08wa\
it_ocr\x07\x00\x00\x00\x0bEditT\
askTab\x01\x03\x00\x00\x00\x14\x00w\x00a\
\x00i\x00t\x00_\x00u\x00n\x00t\x00i\x00l\
\x08\x00\x00\x00\x00\x06\x00\x00\x00\x0await_u\
ntil\x07\x00\x00\x00\x0bEditTas\
kTab\x01\x03\x00\x00\x00\x1e\x00w\x00i\x00d\
\x00t\x00h\x00_\x00o\x00f\x00_\x00s\x00c\
\x00r\x00e\x00e\x00n\x08\x00\x00\x00\x00\x06\x00\x00\
\x00\x0fwidth_of_scree\
n\x07\x00\x00\x00\x0bEditTaskTa\
b\x01\x03\x00\x00\x00\x0c\xc1$\xc8\x15\x00 \xcd\x08\xae\
0\xd6T\x08\x00\x00\x00\x00\x06\x00\x00\x00\x0cRes\
et Config\x07\x00\x00\x00\x10Gl\
obalConfigCard\x01\x03\
\x00\x00\x00\x0c\xc1$\xc8\x15\x00 \xcd\x08\xae0\xd6T\
\x08\x00\x00\x00\x00\x06\x00\x00\x00\x0cReset \
Config\x07\x00\x00\x00\x0fGloba\
lConfigTab\x01\x03\x00\x00\x00\x04\
\xcd\xe8\xc1\x8c\x08\x00\x00\x00\x00\x06\x00\x00\x00\x06Ca\
ncel\x07\x00\x00\x00\x0bHwndCho\
oser\x01\x03\x00\x00\x00\x08\xcc=\x00 \xc1 \
\xd0\xdd\x08\x00\x00\x00\x00\x06\x00\x00\x00\x0dChoo\
se Window\x07\x00\x00\x00\x0bHw\
ndChooser\x01\x03\x00\x00\x00\x04\xd6\
U\xc7x\x08\x00\x00\x00\x00\x06\x00\x00\x00\x07Con\
firm\x07\x00\x00\x00\x0bHwndCho\
oser\x01\x03\x00\x00\x00\x0c\x00{\x00}\x00 \
\xc1 \xd0\xdd\xb4(\x08\x00\x00\x00\x00\x06\x00\x00\x00\x0b\
{} Selected\x07\x00\x00\x00\x0b\
HwndChooser\x01\x03\x00\x00\x00\
\x04\xcd\xe8\xc1\x8c\x08\x00\x00\x00\x00\x06\x00\x00\x00\x06C\
ancel\x07\x00\x00\x00\x13Import\
WarningDialog\x01\x03\x00\
\x00\x00\x04\xd6U\xc7x\x08\x00\x00\x00\x00\x06\x00\x00\x00\
\x07Confirm\x07\x00\x00\x00\x13Imp\
ortWarningDialog\
\x01\x03\x00\x00\x008\xc7\x04\xd5\xd8\xc7D\x00 \xc7x\
\xc9\xc0\xd5X\xac\xe0\x00 \xc7t\x00 \xc2\xa4\xd0l\
\xb9\xbd\xd2\xb8\xb9|\x00 \xac\x00\xc88\xc6$\xae0\
\xb9|\x00 \xc6\xd0\xd5i\xb2\xc8\xb2\xe4\x00.\x08\x00\
\x00\x00\x00\x06\x00\x00\x006I unders\
tand the risks a\
nd want to impor\
t this script.\x07\x00\
\x00\x00\x13ImportWarning\
Dialog\x01\x03\x00\x00\x00\xc4\xc2\xa4\xd0l\
\xb9\xbd\xd2\xb8\x00 \xac\x8c\xc2\xdc\xc7\x90\xb9|\x00 \
\xc2\xe0\xb8\xb0\xd5X\xb2\x94\xc9\xc0\x00 \xd6U\xc7x\
\xd5X\xc2\xed\xc2\xdc\xc6$\x00.\x00 \xd6U\xc7x\
\xb4\x18\xc9\xc0\x00 \xc5J\xc7@\x00 \xc2\xa4\xd0l\
\xb9\xbd\xd2\xb8\xb2\x94\x00 \xac\xc4\xc8\x15\x00/\xb3p\
\xc7t\xd10\x00/\xae\x08\xc8\x04\x00 \xb3\xc4\xc6\xa9\
\x00,\x00 \xb3p\xc7t\xd10\x00 \xd3\x0c\xad4\
\x00,\x00 \xce\xf4\xd4\xe8\xd10\x00 \xc1\x90\xc0\xc1\
\x00/\xc8\x1c\xc5\xb4\x00 \xb4\xf1\xc7D\x00 \xd3\xec\
\xd5h\xd5X\xb4\x18\x00 \xc7t\xc5\xd0\x00 \xadm\
\xd5\x5c\xb4\x18\xc9\xc0\x00 \xc5J\xb2\x94\x00 \xc7\x04\
\xd5\xd8\xc7t\x00 \xc7\x88\xc2\xb5\xb2\xc8\xb2\xe4\x00.\
\x08\x00\x00\x00\x00\x06\x00\x00\x00\xabMake s\
ure that you tru\
st the script pu\
blisher, unverif\
ied script can a\
nd not limited t\
o steal your acc\
ount/ data money\
, destroy your d\
ata, harm/ contr\
olling your comp\
uter.\x07\x00\x00\x00\x13Import\
WarningDialog\x01\x03\x00\
\x00\x00\x04\xac\xbd\xac\xe0\x08\x00\x00\x00\x00\x06\x00\x00\x00\
\x07Warning\x07\x00\x00\x00\x13Imp\
ortWarningDialog\
\x01\x03\x00\x00\x00\x12\xba\xa8\xb4\xe0\x00 \xd3\x0c\xc7|\
\x00 \x00(\x00*\x00)\x08\x00\x00\x00\x00\x06\x00\x00\
\x00\x0dAll Files (*)\x07\
\x00\x00\x00\x14LabelAndFile\
Selector\x01\x03\x00\x00\x00\x08\xcc>\
\xc5D\xbc\xf4\xae0\x08\x00\x00\x00\x00\x06\x00\x00\x00\x06\
Browse\x07\x00\x00\x00\x14Label\
AndFileSelector\x01\
\x03\x00\x00\x00\x0a\xd3\x0c\xc7|\x00 \xc1 \xd0\xdd\x08\
\x00\x00\x00\x00\x06\x00\x00\x00\x0bSelect \
File\x07\x00\x00\x00\x14LabelAn\
dFileSelector\x01\x03\x00\
\x00\x00\x16\xd3\x0c\xc7|\x00 \xb6\x10\xb2\x94\x00 \xd3\
\xf4\xb3T\x00 \xc1 \xd0\xdd\x08\x00\x00\x00\x00\x06\x00\
\x00\x00\x15Select File o\
r Folder\x07\x00\x00\x00\x14Lab\
elAndFileSelecto\
r\x01\x03\x00\x00\x00\x0a\xd3\xf4\xb3T\x00 \xc1 \xd0\
\xdd\x08\x00\x00\x00\x00\x06\x00\x00\x00\x0dSelec\
t Folder\x07\x00\x00\x00\x14Lab\
elAndFileSelecto\
r\x01\x03\x00\x00\x00\x0e\xc1$\xc8\x15\xc7<\xb8\x5c\x00\
 \xc7t\xb3\xd9\x08\x00\x00\x00\x00\x06\x00\x00\x00\x0cG\
o to Config\x07\x00\x00\x00\x0e\
LabelAndGlobal\x01\x03\
\x00\x00\x00\x06\xc5D\xb2\xc8\xc6\x94\x08\x00\x00\x00\x00\x06\
\x00\x00\x00\x02No\x07\x00\x00\x00\x14Label\
AndSwitchButton\x01\
\x03\x00\x00\x00\x02\xc6\x08\x08\x00\x00\x00\x00\x06\x00\x00\x00\
\x03Yes\x07\x00\x00\x00\x14LabelAn\
dSwitchButton\x01\x03\x00\
\x00\x00\x0e\x00D\x00i\x00s\x00c\x00o\x00r\x00\
d\x08\x00\x00\x00\x00\x06\x00\x00\x00\x07Disco\
rd\x07\x00\x00\x00\x08LinksBar\x01\
\x03\x00\x00\x00\x10\xc7\x90\xc8\xfc\x00 \xbb;\xb2\x94\x00\
 \xc9\xc8\xbb8\x08\x00\x00\x00\x00\x06\x00\x00\x00\x03F\
AQ\x07\x00\x00\x00\x08LinksBar\x01\
\x03\x00\x00\x00\x0c\x00G\x00i\x00t\x00H\x00u\x00\
b\x08\x00\x00\x00\x00\x06\x00\x00\x00\x06GitHu\
b\x07\x00\x00\x00\x08LinksBar\x01\x03\
\x00\x00\x00\x14\xb2\xe4\xc6\xb4\xb8\x5c\xb4\xdc\x00 \xb9\xc1\
\xd0l\x00 \xac\xf5\xc7 \x08\x00\x00\x00\x00\x06\x00\x00\
\x00\x05Share\x07\x00\x00\x00\x08Link\
sBar\x01\x03\x00\x00\x00(\xac\xf5\xc7 \x00 \
\xb9\xc1\xd0l\xac\x00\x00 \xd0t\xb9\xbd\xbc\xf4\xb4\xdc\
\xc5\xd0\x00 \xbc\xf5\xc0\xac\xb4\x18\xc5\xc8\xc2\xb5\xb2\xc8\
\xb2\xe4\x08\x00\x00\x00\x00\x06\x00\x00\x00\x1eShar\
e Link copied to\
 clipboard\x07\x00\x00\x00\x08L\
inksBar\x01\x03\x00\x00\x00\x04\xd6\xc4\xc6\
\xd0\x08\x00\x00\x00\x00\x06\x00\x00\x00\x07Spons\
or\x07\x00\x00\x00\x08LinksBar\x01\
\x03\x00\x00\x00\x0a\xba\xa8\xb4\xe0\x00 \xb8\x08\xbc\xa8\x08\
\x00\x00\x00\x00\x06\x00\x00\x00\x0aAll Lev\
els\x07\x00\x00\x00\x09LogWindo\
w\x01\x03\x00\x00\x00\x06\xc9\xc0\xc6\xb0\xae0\x08\x00\x00\
\x00\x00\x06\x00\x00\x00\x05Clear\x07\x00\x00\x00\
\x09LogWindow\x01\x03\x00\x00\x00\x04\
\xb2\xeb\xae0\x08\x00\x00\x00\x00\x06\x00\x00\x00\x05Cl\
ose\x07\x00\x00\x00\x09LogWindo\
w\x01\x03\x00\x00\x00\x06\xb4\xdc\xb7\x98\xad\xf8\x08\x00\x00\
\x00\x00\x06\x00\x00\x00\x04Drag\x07\x00\x00\x00\x09\
LogWindow\x01\x03\x00\x00\x00\x10\xb8\
\x5c\xad\xf8\x00 \xd5D\xd10\x00.\x00.\x00.\x08\
\x00\x00\x00\x00\x06\x00\x00\x00\x0eFilter \
logs...\x07\x00\x00\x00\x09LogW\
indow\x01\x03\x00\x00\x00\x0a\xb8\x5c\xad\xf8\x00\
 \xc5\xf4\xae0\x08\x00\x00\x00\x00\x06\x00\x00\x00\x09O\
pen Logs\x07\x00\x00\x00\x09Log\
Window\x01\x03\x00\x00\x00\x08\xc7|\xc2\xdc\
\xc8\x15\xc9\xc0\x08\x00\x00\x00\x00\x06\x00\x00\x00\x05Pa\
use\x07\x00\x00\x00\x09LogWindo\
w\x01\x03\x00\x00\x00\x04\xac\xe0\xc8\x15\x08\x00\x00\x00\x00\
\x06\x00\x00\x00\x03Pin\x07\x00\x00\x00\x09Log\
Window\x01\x03\x00\x00\x00\x04\xc7\xac\xac\x1c\
\x08\x00\x00\x00\x00\x06\x00\x00\x00\x06Resume\
\x07\x00\x00\x00\x09LogWindow\x01\x03\
\x00\x00\x00\x0a\xac\xe0\xc8\x15\x00 \xd5t\xc8\x1c\x08\x00\
\x00\x00\x00\x06\x00\x00\x00\x05Unpin\x07\x00\x00\
\x00\x09LogWindow\x01\x03\x00\x00\x00\
\x0a\xb8\x5c\xad\xf8\x00 \xbc\xf4\xae0\x08\x00\x00\x00\x00\
\x06\x00\x00\x00\x08View Log\x07\x00\x00\
\x00\x09LogWindow\x01\x03\x00\x00\x00\
$\x00o\x00k\x00-\x00s\x00c\x00r\x00i\x00\
p\x00t\x00.\x00l\x00o\x00g\x00 \xb3\x00\xae\
0\x00 \xc9\x11\x08\x00\x00\x00\x00\x06\x00\x00\x00\x19W\
aiting for ok-sc\
ript.log\x07\x00\x00\x00\x09Log\
Window\x01\x03\x00\x00\x00\x02\xac\x1c\x08\x00\
\x00\x00\x00\x06\x00\x00\x00\x07records\x07\
\x00\x00\x00\x09LogWindow\x01\x03\x00\
\x00\x00\x04\xc8\x15\xbc\xf4\x08\x00\x00\x00\x00\x06\x00\x00\x00\
\x05About\x07\x00\x00\x00\x0aMainW\
indow\x01\x03\x00\x00\x00\x0a\xce\xa1\xcc\x98\x00\
 \xbc)\xc2\xdd\x08\x00\x00\x00\x00\x06\x00\x00\x00\x07C\
apture\x07\x00\x00\x00\x0aMainW\
indow\x01\x03\x00\x00\x00\x0a\xce\xa1\xcc\x98\x00\
 \xc6$\xb9X\x08\x00\x00\x00\x00\x06\x00\x00\x00\x0dC\
apture Error\x07\x00\x00\x00\
\x0aMainWindow\x01\x03\x00\x00\x00\
\x0a\xac\x1c\xbc\x1c\x00 \xb3\xc4\xadl\x08\x00\x00\x00\x00\
\x06\x00\x00\x00\x05Debug\x07\x00\x00\x00\x0aM\
ainWindow\x01\x03\x00\x00\x00\x04\xc6\
$\xb9X\x08\x00\x00\x00\x00\x06\x00\x00\x00\x05Err\
or\x07\x00\x00\x00\x0aMainWindo\
w\x01\x03\x00\x00\x00\x04\xc8\x85\xb8\xcc\x08\x00\x00\x00\x00\
\x06\x00\x00\x00\x04Exit\x07\x00\x00\x00\x0aMa\
inWindow\x01\x03\x00\x00\x00\x04\xc8\x15\
\xbc\xf4\x08\x00\x00\x00\x00\x06\x00\x00\x00\x04Info\
\x07\x00\x00\x00\x0aMainWindow\x01\
\x03\x00\x00\x00\x0e\xc7|\xc2\xdc\x00 \xc9\x11\xc9\xc0\xb4\
(\x00.\x08\x00\x00\x00\x00\x06\x00\x00\x00\x0ePau\
se Success.\x07\x00\x00\x00\x0a\
MainWindow\x01\x03\x00\x00\x000\
\xac\x8c\xc7\x84\x00 \xcc=\xc7t\x00 \xc6,\xbc\x14\
\xb9t\xac\x8c\x00 \xc1 \xd0\xdd\xb4\x18\xc5\xc8\xb2\x94\
\xc9\xc0\x00 \xd6U\xc7x\xd5X\xc18\xc6\x94\x00!\
\x08\x00\x00\x00\x00\x06\x00\x00\x00;Please\
 check whether t\
he game window i\
s selected corre\
ctly!\x07\x00\x00\x00\x0aMainWi\
ndow\x01\x03\x00\x00\x00\x0a\xc5H\xc8\x15\x00 \
\xbc\x84\xc8\x04\x08\x00\x00\x00\x00\x06\x00\x00\x00\x07Re\
lease\x07\x00\x00\x00\x0aMainWi\
ndow\x01\x03\x00\x00\x00\x0a\xcfT\xb4\xdc\x00 \
\xc2\xe4\xd5\x89\x08\x00\x00\x00\x00\x06\x00\x00\x00\x08Ru\
n Code\x07\x00\x00\x00\x0aMainW\
indow\x01\x03\x00\x00\x00\x04\xc7|\xc8\x15\x08\
\x00\x00\x00\x00\x06\x00\x00\x00\x08Schedul\
e\x07\x00\x00\x00\x0aMainWindow\
\x01\x03\x00\x00\x00\x08\xc2\xa4\xd0l\xb9\xbd\xd2\xb8\x08\x00\
\x00\x00\x00\x06\x00\x00\x00\x06Script\x07\x00\
\x00\x00\x0aMainWindow\x01\x03\x00\
\x00\x00\x04\xc1$\xc8\x15\x08\x00\x00\x00\x00\x06\x00\x00\x00\
\x08Settings\x07\x00\x00\x00\x0aMa\
inWindow\x01\x03\x00\x00\x00\x0c\xc2\xdc\
\xc7\x91\x00 \xc11\xac\xf5\x00.\x08\x00\x00\x00\x00\x06\
\x00\x00\x00\x0eStart Succes\
s.\x07\x00\x00\x00\x0aMainWindo\
w\x01\x03\x00\x00\x00\x04\xc7\x91\xc5\xc5\x08\x00\x00\x00\x00\
\x06\x00\x00\x00\x05Tasks\x07\x00\x00\x00\x0aM\
ainWindow\x01\x03\x00\x00\x00\x06\xd1\
\x5c\xd5\x0c\xb9\xbf\x08\x00\x00\x00\x00\x06\x00\x00\x00\x09T\
emplates\x07\x00\x00\x00\x0aMai\
nWindow\x01\x03\x00\x00\x00V\xc7t\xac\
\x83\xc7@\x00 \xbb4\xb8\xcc\x00 \xc1\x8c\xd5\x04\xd2\
\xb8\xc6\xe8\xc5\xb4\xc7\x85\xb2\xc8\xb2\xe4\x00.\x00 \xb9\
\xcc\xc5}\x00 \xadl\xb9\xe4\xd5X\xc1h\xb2\xe4\xba\
t\x00 \xd3\x10\xb9\xe4\xc7\x90\xc5\xd0\xac\x8c\x00 \xd6\
X\xbd\x88\xc7D\x00 \xc6\x94\xcc\xad\xd5X\xc18\xc6\
\x94\x00.\x08\x00\x00\x00\x00\x06\x00\x00\x00ZThi\
s is a free soft\
ware. If you pur\
chased this anyw\
here, request a \
refund from the \
seller.\x07\x00\x00\x00\x0aMain\
Window\x01\x03\x00\x00\x00\x0e\xc2\xe4\xc2\xdc\
\xac\x04\x00 \xd2\xb8\xb9\xac\xacp\x08\x00\x00\x00\x00\x06\
\x00\x00\x00\x08Triggers\x07\x00\x00\x00\
\x0aMainWindow\x01\x03\x00\x00\x00\
\x08\xc5\xc5\xb3p\xc7t\xd2\xb8\x08\x00\x00\x00\x00\x06\x00\
\x00\x00\x06Update\x07\x00\x00\x00\x0aMa\
inWindow\x01\x03\x00\x00\x00\x06\xd6\x5c\
\xc11\xd6T\x08\x00\x00\x00\x00\x06\x00\x00\x00\x06\xe6\xbf\
\x80\xe6\xb4\xbb\x07\x00\x00\x00\x0aMainWin\
dow\x01\x03\x00\x00\x00\x0c\xc0\xad\xc8\x1c\x00 \x00\
(\x00D\x00)\x08\x00\x00\x00\x00\x06\x00\x00\x00\x0aD\
elete (D)\x07\x00\x00\x00\x0cMa\
rkUpWindow\x01\x03\x00\x00\x00\x0e\
\xad\xf8\xb9\xac\xae0\x00 \x00(\x00R\x00)\x08\x00\
\x00\x00\x00\x06\x00\x00\x00\x08Draw (R)\
\x07\x00\x00\x00\x0cMarkUpWindo\
w\x01\x03\x00\x00\x00\x0e\xb9\xc8\xd0l\xc5\xc5\x00 \xd3\
\xb8\xc9\xd1\xae0\x08\x00\x00\x00\x00\x06\x00\x00\x00\x0dM\
arkup Editor\x07\x00\x00\x00\
\x0cMarkUpWindow\x01\x03\x00\
\x00\x00\x14\xc2\x18\xc8\x15\x00 \x00(\xb3T\xbe\x14\x00\
 \xd0t\xb9\xad\x00)\x08\x00\x00\x00\x00\x06\x00\x00\x00\
\x15Modify (Double \
Click)\x07\x00\x00\x00\x0cMarkU\
pWindow\x01\x03\x00\x00\x00\x16\xc6\xb0\xd0\
t\xb9\xad\xc7<\xb8\x5c\x00 \xc0\xc9\xc0\xc1\x00 \xbc\
\xf5\xc0\xac\x08\x00\x00\x00\x00\x06\x00\x00\x00\x19Rig\
ht click to copy\
 color\x07\x00\x00\x00\x0cMarkU\
pWindow\x01\x03\x00\x00\x00\x04\xd6U\xc7\
x\x08\x00\x00\x00\x00\x06\x00\x00\x00\x07Confi\
rm\x07\x00\x00\x00\x0dMessageWi\
ndow\x01\x03\x00\x00\x00\x04\xcd\x94\xac\x00\x08\x00\
\x00\x00\x00\x06\x00\x00\x00\x03Add\x07\x00\x00\x00\x10\
ModifyListDialog\
\x01\x03\x00\x00\x00\x12\xc0\xac\xc6\xa9\x00 \xac\x00\xb2\xa5\
\xd5\x5c\x00 \xc65\xc1X\x08\x00\x00\x00\x00\x06\x00\x00\
\x00\x11Available Opti\
ons\x07\x00\x00\x00\x10ModifyLi\
stDialog\x01\x03\x00\x00\x00\x04\xcd\xe8\
\xc1\x8c\x08\x00\x00\x00\x00\x06\x00\x00\x00\x06Canc\
el\x07\x00\x00\x00\x10ModifyLis\
tDialog\x01\x03\x00\x00\x00\x1c\xcd\x94\xac\
\x00\xd5`\x00 \xc65\xc1X\xc7D\x00 \xd0t\xb9\
\xad\xd5X\xc18\xc6\x94\x00.\x08\x00\x00\x00\x00\x06\x00\
\x00\x00\x1aClick an opti\
on to add it.\x07\x00\x00\
\x00\x10ModifyListDial\
og\x01\x03\x00\x00\x00\x04\xd6U\xc7x\x08\x00\x00\x00\
\x00\x06\x00\x00\x00\x07Confirm\x07\x00\x00\
\x00\x10ModifyListDial\
og\x01\x03\x00\x00\x00\x04\xc2\x18\xc8\x15\x08\x00\x00\x00\
\x00\x06\x00\x00\x00\x06Modify\x07\x00\x00\x00\
\x10ModifyListDialo\
g\x01\x03\x00\x00\x00\x0c\xc5D\xb7\x98\xb8\x5c\x00 \xc7\
t\xb3\xd9\x08\x00\x00\x00\x00\x06\x00\x00\x00\x09Mov\
e Down\x07\x00\x00\x00\x10Modif\
yListDialog\x01\x03\x00\x00\x00\
\x0a\xc7\x04\xb8\x5c\x00 \xc7t\xb3\xd9\x08\x00\x00\x00\x00\
\x06\x00\x00\x00\x07Move Up\x07\x00\x00\x00\
\x10ModifyListDialo\
g\x01\x03\x00\x00\x00\x04\xc8\x1c\xacp\x08\x00\x00\x00\x00\
\x06\x00\x00\x00\x06Remove\x07\x00\x00\x00\x10\
ModifyListDialog\
\x01\x03\x00\x00\x00\x0c\xc1 \xd0\xdd\xd5\x5c\x00 \xc65\
\xc1X\x08\x00\x00\x00\x00\x06\x00\x00\x00\x10Sele\
cted Options\x07\x00\x00\x00\
\x10ModifyListDialo\
g\x01\x03\x00\x00\x00\x04\xc2\x18\xc8\x15\x08\x00\x00\x00\x00\
\x06\x00\x00\x00\x06Modify\x07\x00\x00\x00\x0e\
ModifyListItem\x01\x03\
\x00\x00\x00\x16\x00(\x000\x00 \x00=\x00 \xbeD\
\xd6\x5c\xc11\xd6T\xb4(\x00)\x08\x00\x00\x00\x00\x06\
\x00\x00\x00\x0e(0 = disable\
d)\x07\x00\x00\x00\x18ModifySch\
eduleTaskDialog\x01\
\x03\x00\x00\x00\x08\x002\x004\xc2\xdc\xac\x04\x08\x00\x00\
\x00\x00\x06\x00\x00\x00\x0324h\x07\x00\x00\x00\x18M\
odifyScheduleTas\
kDialog\x01\x03\x00\x00\x00$\xc7\x91\xc5\
\xc5\x00 \xc6D\xb8\xcc\x00 \xd6\xc4\x00 \xc7\x90\xb3\
\xd9\x00 \xc8\x85\xb8\xcc\x00 \x00(\x00-\x00e\x00\
)\x08\x00\x00\x00\x00\x06\x00\x00\x00\x1eAuto \
exit after task \
done (-e)\x07\x00\x00\x00\x18Mo\
difyScheduleTask\
Dialog\x01\x03\x00\x00\x00\x04\xcd\xe8\xc1\x8c\
\x08\x00\x00\x00\x00\x06\x00\x00\x00\x06Cancel\
\x07\x00\x00\x00\x18ModifySched\
uleTaskDialog\x01\x03\x00\
\x00\x00\x0c\xc0\xac\xc6\xa9\xc7\x90\x00 \xc8\x15\xc7X\x08\
\x00\x00\x00\x00\x06\x00\x00\x00\x06Custom\x07\
\x00\x00\x00\x18ModifySchedu\
leTaskDialog\x01\x03\x00\x00\
\x00\x12\xc0\xac\xc6\xa9\xc7\x90\x00 \xc8\x15\xc7X\x00 \
\xac\x04\xac\xa9\x08\x00\x00\x00\x00\x06\x00\x00\x00\x0fCu\
stom Interval\x07\x00\x00\
\x00\x18ModifySchedule\
TaskDialog\x01\x03\x00\x00\x00\x04\
\xb9\xe4\xc7|\x08\x00\x00\x00\x00\x06\x00\x00\x00\x05Da\
ily\x07\x00\x00\x00\x18ModifySc\
heduleTaskDialog\
\x01\x03\x00\x00\x00\x02\xc7|\x08\x00\x00\x00\x00\x06\x00\x00\
\x00\x04Days\x07\x00\x00\x00\x18Modif\
yScheduleTaskDia\
log\x01\x03\x00\x00\x00\x04\xc2\xdc\xac\x04\x08\x00\x00\
\x00\x00\x06\x00\x00\x00\x04Hour\x07\x00\x00\x00\x18\
ModifyScheduleTa\
skDialog\x01\x03\x00\x00\x00\x04\xc2\xdc\
\xac\x04\x08\x00\x00\x00\x00\x06\x00\x00\x00\x05Hour\
s\x07\x00\x00\x00\x18ModifySche\
duleTaskDialog\x01\x03\
\x00\x00\x00\x02\xbd\x84\x08\x00\x00\x00\x00\x06\x00\x00\x00\x06\
Minute\x07\x00\x00\x00\x18Modif\
yScheduleTaskDia\
log\x01\x03\x00\x00\x00\x04\xc2\x18\xc8\x15\x08\x00\x00\
\x00\x00\x06\x00\x00\x00\x06Modify\x07\x00\x00\
\x00\x18ModifySchedule\
TaskDialog\x01\x03\x00\x00\x00\x10\
\xc6\x08\xc5}\x00 \xc7\x91\xc5\xc5\x00 \xc2\x18\xc8\x15\
\x08\x00\x00\x00\x00\x06\x00\x00\x00\x14Modify\
 Schedule Task\x07\x00\
\x00\x00\x18ModifySchedul\
eTaskDialog\x01\x03\x00\x00\x00\
\x04\xb9\xe4\xc6\xd4\x08\x00\x00\x00\x00\x06\x00\x00\x00\x07M\
onthly\x07\x00\x00\x00\x18Modif\
yScheduleTaskDia\
log\x01\x03\x00\x00\x00\x06\xd5\x5c\x00 \xbc\x88\x08\
\x00\x00\x00\x00\x06\x00\x00\x00\x04Once\x07\x00\x00\
\x00\x18ModifySchedule\
TaskDialog\x01\x03\x00\x00\x00\x0a\
\xc2\xdc\xc7\x91\x00 \xc2\xdc\xac\x04\x08\x00\x00\x00\x00\x06\
\x00\x00\x00\x0aStart Time\x07\x00\
\x00\x00\x18ModifySchedul\
eTaskDialog\x01\x03\x00\x00\x00\
\x0a\xc2\xdc\xc7\x91\x00 \xc65\xc1X\x08\x00\x00\x00\x00\
\x06\x00\x00\x00\x0fStartup Opt\
ions\x07\x00\x00\x00\x18ModifyS\
cheduleTaskDialo\
g\x01\x03\x00\x00\x00\x16\xc7\x91\xc5\xc5\x00 \xc7x\xb3\
q\xc2\xa4\x00 \x00(\x00-\x00t\x00)\x08\x00\x00\
\x00\x00\x06\x00\x00\x00\x0fTask Inde\
x (-t)\x07\x00\x00\x00\x18Modif\
yScheduleTaskDia\
log\x01\x03\x00\x00\x00\x0a\xc7\x91\xc5\xc5\x00 \xc7\
t\xb9\x84\x08\x00\x00\x00\x00\x06\x00\x00\x00\x09Tas\
k Name\x07\x00\x00\x00\x18Modif\
yScheduleTaskDia\
log\x01\x03\x00\x00\x00\x0a\xc2\xdc\xac\x04\x00 \xcd\
\x08\xac\xfc\x08\x00\x00\x00\x00\x06\x00\x00\x00\x07Tim\
eout\x07\x00\x00\x00\x18ModifyS\
cheduleTaskDialo\
g\x01\x03\x00\x00\x00\x0c\xd2\xb8\xb9\xac\xacp\x00 \xc7\
 \xd6\x15\x08\x00\x00\x00\x00\x06\x00\x00\x00\x0cTri\
gger Type\x07\x00\x00\x00\x18Mo\
difyScheduleTask\
Dialog\x01\x03\x00\x00\x00\x04\xb9\xe4\xc8\xfc\
\x08\x00\x00\x00\x00\x06\x00\x00\x00\x06Weekly\
\x07\x00\x00\x00\x18ModifySched\
uleTaskDialog\x01\x03\x00\
\x00\x00\x18\xc2\xdc\xac\x04\x00 \x00(\x000\x00 \x00\
=\x00 \xbb4\xc8\x1c\xd5\x5c\x00)\x08\x00\x00\x00\x00\
\x06\x00\x00\x00\x15hours (0 = \
unlimited)\x07\x00\x00\x00\x18M\
odifyScheduleTas\
kDialog\x01\x03\x00\x00\x00\x08\xcc=\x00\
 \xc1 \xd0\xdd\x08\x00\x00\x00\x00\x06\x00\x00\x00\x0dC\
hoose Window\x07\x00\x00\x00\
\x0eOneTimeTaskTab\x01\
\x03\x00\x00\x00\x06\xc6D\xb8\xcc\xb4(\x08\x00\x00\x00\x00\
\x06\x00\x00\x00\x09Completed\x07\x00\
\x00\x00\x0eOneTimeTaskTa\
b\x01\x03\x00\x00\x00\x04\xc8\x15\xbc\xf4\x08\x00\x00\x00\x00\
\x06\x00\x00\x00\x04Info\x07\x00\x00\x00\x0eOn\
eTimeTaskTab\x01\x03\x00\x00\
\x00\x08\xc2\xe4\xd5\x89\x00 \xc9\x11\x08\x00\x00\x00\x00\x06\
\x00\x00\x00\x07Running\x07\x00\x00\x00\x0e\
OneTimeTaskTab\x01\x03\
\x00\x00\x00\x02\xac\x12\x08\x00\x00\x00\x00\x06\x00\x00\x00\x05\
Value\x07\x00\x00\x00\x0eOneTim\
eTaskTab\x01\x03\x00\x00\x00\x04\xc6$\
\xb9X\x08\x00\x00\x00\x00\x06\x00\x00\x00\x03app\x07\
\x00\x00\x00\x10QCoreApplica\
tion\x01\x03\x00\x00\x00\x1a\xc7\x91\xc5\xc5\xc7D\
\x00 \xc0\xad\xc8\x1c\xd5X\xc2\xdc\xac\xa0\xc2\xb5\xb2\xc8\
\xaeL\x00?\x08\x00\x00\x00\x00\x06\x00\x00\x00$Ar\
e you sure you w\
ant to delete ta\
sk\x07\x00\x00\x00\x0fScheduleT\
askTab\x01\x03\x00\x00\x00\x04\xcd\xe8\xc1\x8c\
\x08\x00\x00\x00\x00\x06\x00\x00\x00\x06Cancel\
\x07\x00\x00\x00\x0fScheduleTas\
kTab\x01\x03\x00\x00\x00\x0a\xc7\x91\xc5\xc5\x00 \
\xc0\xdd\xc11\x08\x00\x00\x00\x00\x06\x00\x00\x00\x0bCr\
eate Task\x07\x00\x00\x00\x0fSc\
heduleTaskTab\x01\x03\x00\
\x00\x00\x04\xc0\xad\xc8\x1c\x08\x00\x00\x00\x00\x06\x00\x00\x00\
\x06Delete\x07\x00\x00\x00\x0fSche\
duleTaskTab\x01\x03\x00\x00\x00\
\x0a\xc7\x91\xc5\xc5\x00 \xc0\xad\xc8\x1c\x08\x00\x00\x00\x00\
\x06\x00\x00\x00\x0bDelete Task\
\x07\x00\x00\x00\x0fScheduleTas\
kTab\x01\x03\x00\x00\x00\x04\xc6$\xb9X\x08\x00\
\x00\x00\x00\x06\x00\x00\x00\x05Error\x07\x00\x00\
\x00\x0fScheduleTaskTa\
b\x01\x03\x00\x00\x00\x10\xc7\x91\xc5\xc5\x00 \xc0\xdd\xc1\
1\x00 \xc2\xe4\xd3(\x08\x00\x00\x00\x00\x06\x00\x00\x00\
\x15Failed to creat\
e task\x07\x00\x00\x00\x0fSched\
uleTaskTab\x01\x03\x00\x00\x00\x10\
\xc7\x91\xc5\xc5\x00 \xc0\xad\xc8\x1c\x00 \xc2\xe4\xd3(\
\x08\x00\x00\x00\x00\x06\x00\x00\x00\x15Failed\
 to delete task\x07\
\x00\x00\x00\x0fScheduleTask\
Tab\x01\x03\x00\x00\x00\x10\xc7\x91\xc5\xc5\x00 \xb8\
\x5c\xb4\xdc\x00 \xc2\xe4\xd3(\x08\x00\x00\x00\x00\x06\x00\
\x00\x00\x14Failed to loa\
d tasks\x07\x00\x00\x00\x0fSche\
duleTaskTab\x01\x03\x00\x00\x00\
\x10\xc7\x91\xc5\xc5\x00 \xc2\x18\xc8\x15\x00 \xc2\xe4\xd3\
(\x08\x00\x00\x00\x00\x06\x00\x00\x00\x15Faile\
d to modify task\
\x07\x00\x00\x00\x0fScheduleTas\
kTab\x01\x03\x00\x00\x006\xc7\x91\xc5\xc5\x00 \
\xc2\x18\xc8\x15\x00 \xc2\xe4\xd3(\x00:\x00 \xc7t\
\xc8\x04\x00 \xc7\x91\xc5\xc5\xc7D\x00 \xc0\xad\xc8\x1c\
\xd5`\x00 \xc2\x18\x00 \xc5\xc6\xc2\xb5\xb2\xc8\xb2\xe4\
\x08\x00\x00\x00\x00\x06\x00\x00\x00-Failed\
 to modify task:\
 cannot delete o\
ld task\x07\x00\x00\x00\x0fSche\
duleTaskTab\x01\x03\x00\x00\x00\
$\xc2\x18\xc8\x15\x00 \xb3\x00\xd6T\x00 \xc0\xc1\xc7\
\x90\xb9|\x00 \xc5\xf4\xc9\xc0\x00 \xba\xbb\xd5\x88\xc2\
\xb5\xb2\xc8\xb2\xe4\x08\x00\x00\x00\x00\x06\x00\x00\x00\x1cF\
ailed to open mo\
dify dialog\x07\x00\x00\x00\x0f\
ScheduleTaskTab\x01\
\x03\x00\x00\x00\x16\xc7\x91\xc5\xc5\x00 \xc0\xc1\xd0\xdc\x00\
 \xc8\x04\xd6X\x00 \xc2\xe4\xd3(\x08\x00\x00\x00\x00\
\x06\x00\x00\x00\x15Failed to t\
oggle task\x07\x00\x00\x00\x0fS\
cheduleTaskTab\x01\x03\
\x00\x00\x00\x08\xc0\xc8\xb8\x5c\xac\xe0\xceh\x08\x00\x00\x00\
\x00\x06\x00\x00\x00\x07Refresh\x07\x00\x00\
\x00\x0fScheduleTaskTa\
b\x01\x03\x00\x00\x00\x0e\xc0\xc8\xb8\x5c\xac\xe0\xceh\x00\
 \xc2\xe4\xd3(\x08\x00\x00\x00\x00\x06\x00\x00\x00\x0eR\
efresh failed\x07\x00\x00\
\x00\x0fScheduleTaskTa\
b\x01\x03\x00\x00\x00\x0a\xc6\x08\xc5}\x00 \xc7\x91\xc5\
\xc5\x08\x00\x00\x00\x00\x06\x00\x00\x00\x0eSched\
ule Tasks\x07\x00\x00\x00\x0fSc\
heduleTaskTab\x01\x03\x00\
\x00\x00\x04\xc11\xac\xf5\x08\x00\x00\x00\x00\x06\x00\x00\x00\
\x07Success\x07\x00\x00\x00\x0fSch\
eduleTaskTab\x01\x03\x00\x00\
\x00\x16\xc7\x91\xc5\xc5\xc7t\x00 \xc0\xdd\xc11\xb4\x18\
\xc5\xc8\xc2\xb5\xb2\xc8\xb2\xe4\x08\x00\x00\x00\x00\x06\x00\x00\
\x00\x19Task created s\
uccessfully\x07\x00\x00\x00\x0f\
ScheduleTaskTab\x01\
\x03\x00\x00\x00\x16\xc7\x91\xc5\xc5\xc7t\x00 \xc0\xad\xc8\
\x1c\xb4\x18\xc5\xc8\xc2\xb5\xb2\xc8\xb2\xe4\x08\x00\x00\x00\x00\
\x06\x00\x00\x00\x19Task delete\
d successfully\x07\x00\
\x00\x00\x0fScheduleTaskT\
ab\x01\x03\x00\x00\x00\x1a\xc7\x91\xc5\xc5\xc7t\x00 \
\xbeD\xd6\x5c\xc11\xd6T\xb4\x18\xc5\xc8\xc2\xb5\xb2\xc8\
\xb2\xe4\x08\x00\x00\x00\x00\x06\x00\x00\x00\x0dTask\
 disabled\x07\x00\x00\x00\x0fSc\
heduleTaskTab\x01\x03\x00\
\x00\x00\x18\xc7\x91\xc5\xc5\xc7t\x00 \xd6\x5c\xc11\xd6\
T\xb4\x18\xc5\xc8\xc2\xb5\xb2\xc8\xb2\xe4\x08\x00\x00\x00\x00\
\x06\x00\x00\x00\x0cTask enable\
d\x07\x00\x00\x00\x0fScheduleTa\
skTab\x01\x03\x00\x00\x00\x16\xc7\x91\xc5\xc5\xc7\
t\x00 \xc2\x18\xc8\x15\xb4\x18\xc5\xc8\xc2\xb5\xb2\xc8\xb2\
\xe4\x08\x00\x00\x00\x00\x06\x00\x00\x00\x1aTask \
modified success\
fully\x07\x00\x00\x00\x0fSchedu\
leTaskTab\x01\x03\x00\x00\x00$\xce\
\x90\xc2\xdc\xc5\xd0\xc1\x1c\x00 \xc7\x91\xc5\xc5\xc7D\x00\
 \xcc>\xc7D\x00 \xc2\x18\x00 \xc5\xc6\xc2\xb5\xb2\
\xc8\xb2\xe4\x08\x00\x00\x00\x00\x06\x00\x00\x00\x17Tas\
k not found in c\
ache\x07\x00\x00\x00\x0fSchedul\
eTaskTab\x01\x03\x00\x00\x00\x1a\xc7\x91\
\xc5\xc5\xc7t\x00 \xc0\xc8\xb8\x5c\xac\xe0\xceh\xb4\x18\
\xc5\xc8\xc2\xb5\xb2\xc8\xb2\xe4\x08\x00\x00\x00\x00\x06\x00\x00\
\x00\x0fTasks refreshe\
d\x07\x00\x00\x00\x0fScheduleTa\
skTab\x01\x03\x00\x00\x00\x04\xc7\x91\xc5\xc5\x08\
\x00\x00\x00\x00\x06\x00\x00\x00\x07Actions\
\x07\x00\x00\x00\x11ScheduleTas\
kTable\x01\x03\x00\x00\x00\x0c\xc0\xac\xc6\xa9\
\xc7\x90\x00 \xc8\x15\xc7X\x08\x00\x00\x00\x00\x06\x00\x00\
\x00\x06Custom\x07\x00\x00\x00\x11Sch\
eduleTaskTable\x01\x03\
\x00\x00\x00\x04\xb9\xe4\xc7|\x08\x00\x00\x00\x00\x06\x00\x00\
\x00\x05Daily\x07\x00\x00\x00\x11Sche\
duleTaskTable\x01\x03\x00\
\x00\x00\x04\xc0\xad\xc8\x1c\x08\x00\x00\x00\x00\x06\x00\x00\x00\
\x06Delete\x07\x00\x00\x00\x11Sche\
duleTaskTable\x01\x03\x00\
\x00\x00\x0a\xbeD\xd6\x5c\xc11\xd6T\xb4(\x08\x00\x00\
\x00\x00\x06\x00\x00\x00\x08Disabled\x07\
\x00\x00\x00\x11ScheduleTask\
Table\x01\x03\x00\x00\x00\x08\xd6\x5c\xc11\xd6\
T\xb4(\x08\x00\x00\x00\x00\x06\x00\x00\x00\x07Ena\
bled\x07\x00\x00\x00\x11Schedul\
eTaskTable\x01\x03\x00\x00\x00\x04\
\xc2\x18\xc8\x15\x08\x00\x00\x00\x00\x06\x00\x00\x00\x06Mo\
dify\x07\x00\x00\x00\x11Schedul\
eTaskTable\x01\x03\x00\x00\x00\x04\
\xb9\xe4\xc6\xd4\x08\x00\x00\x00\x00\x06\x00\x00\x00\x07Mo\
nthly\x07\x00\x00\x00\x11Schedu\
leTaskTable\x01\x03\x00\x00\x00\
\x0a\xb2\xe4\xc7L\x00 \xc2\xe4\xd5\x89\x08\x00\x00\x00\x00\
\x06\x00\x00\x00\x08Next Run\x07\x00\x00\
\x00\x11ScheduleTaskTa\
ble\x01\x03\x00\x00\x00\x06\xd5\x5c\x00 \xbc\x88\x08\
\x00\x00\x00\x00\x06\x00\x00\x00\x04Once\x07\x00\x00\
\x00\x11ScheduleTaskTa\
ble\x01\x03\x00\x00\x00\x06\xc9\x00\xbeD\xb4(\x08\
\x00\x00\x00\x00\x06\x00\x00\x00\x05Ready\x07\x00\
\x00\x00\x11ScheduleTaskT\
able\x01\x03\x00\x00\x00\x08\xc2\xe4\xd5\x89\x00 \
\xc9\x11\x08\x00\x00\x00\x00\x06\x00\x00\x00\x07Runn\
ing\x07\x00\x00\x00\x11Schedule\
TaskTable\x01\x03\x00\x00\x00\x04\xc0\
\xc1\xd0\xdc\x08\x00\x00\x00\x00\x06\x00\x00\x00\x06Sta\
tus\x07\x00\x00\x00\x11Schedule\
TaskTable\x01\x03\x00\x00\x00\x0a\xc7\
\x91\xc5\xc5\x00 \xc7t\xb9\x84\x08\x00\x00\x00\x00\x06\x00\
\x00\x00\x09Task Name\x07\x00\x00\x00\
\x11ScheduleTaskTab\
le\x01\x03\x00\x00\x00\x0c\xd2\xb8\xb9\xac\xacp\x00 \
\xc7 \xd6\x15\x08\x00\x00\x00\x00\x06\x00\x00\x00\x0cTr\
igger Type\x07\x00\x00\x00\x11S\
cheduleTaskTable\
\x01\x03\x00\x00\x00\x0c\xc5L\x00 \xc2\x18\x00 \xc5\xc6\
\xc7L\x08\x00\x00\x00\x00\x06\x00\x00\x00\x07Unkn\
own\x07\x00\x00\x00\x11Schedule\
TaskTable\x01\x03\x00\x00\x00\x04\xb9\
\xe4\xc8\xfc\x08\x00\x00\x00\x00\x06\x00\x00\x00\x06Wee\
kly\x07\x00\x00\x00\x11Schedule\
TaskTable\x01\x03\x00\x00\x00F\x00\
A\x00D\x00B\x00(\xbc1\xad\xf8\xb7|\xc6\xb4\xb4\
\xdc\x00 \xc9\xc0\xc6\xd0\x00,\x00 \xb2\x90\xb9\xbc\x00\
,\x00 \xb1\x92\xc7@\x00 \xd68\xd6X\xc11\x00\
,\x00 \xb1\x92\xc7@\x00 \xc9\xc0\xc5\xf0\x00 \xc2\
\xdc\xac\x04\x00)\x08\x00\x00\x00\x00\x06\x00\x00\x00@A\
DB(Supports Back\
ground, Slow, Hi\
gh Compatibility\
, High Latency)\x07\
\x00\x00\x00\x15SelectCaptur\
eListView\x01\x03\x00\x00\x002\x00\
B\x00i\x00t\x00B\x00l\x00t\x00 \x00-\x00\
 \xac\x00\xc7\xa5\x00 \xbe`\xb9\x84\x00,\x00 \xd6\
8\xd6X\xc11\x00 \xac\x00\xc7\xa5\x00 \xb0\xae\xc7\
L\x08\x00\x00\x00\x00\x06\x00\x00\x00\x06BitBl\
t\x07\x00\x00\x00\x15SelectCapt\
ureListView\x01\x03\x00\x00\x00\
<\x00B\x00i\x00t\x00B\x00l\x00t\x00_\x00\
R\x00e\x00n\x00d\x00e\x00r\x00F\x00u\x00\
l\x00l\x00 \x00-\x00 \xb2\x90\xb9\xbc\x00,\x00\
 \xac\x00\xc7\xa5\x00 \xd68\xd6X\xb4(\x08\x00\x00\
\x00\x00\x06\x00\x00\x00\x11BitBlt_Re\
nderFull\x07\x00\x00\x00\x15Sel\
ectCaptureListVi\
ew\x01\x03\x00\x00\x00\x0e\xbe\x0c\xb7|\xc6\xb0\xc8\x00\
\x00 \xce\xa1\xcc\x98\x08\x00\x00\x00\x00\x06\x00\x00\x00\x0f\
Browser Capture\x07\
\x00\x00\x00\x15SelectCaptur\
eListView\x01\x03\x00\x00\x00*\x00\
D\x00X\x00G\x00I\x00 \x00-\x00 \xac\x00\xc7\
\xa5\x00 \xb2\x90\xb9\xbc\x00,\x00 \xbc1\xc5\xc5\xc7\
<\xb8\x5c\x00 \xc0\xac\xc6\xa9\x08\x00\x00\x00\x00\x06\x00\
\x00\x00\x04DXGI\x07\x00\x00\x00\x15Sele\
ctCaptureListVie\
w\x01\x03\x00\x00\x00>\xc5\xd0\xbb\xac\xb8\x08\xc7t\xd1\
0\x00 \xcc=\x00(\xbc1\xad\xf8\xb7|\xc6\xb4\xb4\
\xdc\x00 \xc9\xc0\xc6\xd0\x00,\x00 \xbe`\xb9\x84\x00\
,\x00 \xb0\xae\xc7@\x00 \xc9\xc0\xc5\xf0\x00 \xc2\
\xdc\xac\x04\x00)\x08\x00\x00\x00\x00\x06\x00\x00\x007E\
mulator Window(S\
upports Backgrou\
nd, Fast, Low La\
tency)\x07\x00\x00\x00\x15Selec\
tCaptureListView\
\x01\x03\x00\x00\x00\x08\xac\x8c\xc7\x84\x00 \xcc=\x08\x00\
\x00\x00\x00\x06\x00\x00\x00\x0bGame Win\
dow\x07\x00\x00\x00\x15SelectCa\
ptureListView\x01\x03\x00\
\x00\x008\xb1$\xc7t\xd2\xf0\xbe\x0c\x00(\x00M\x00\
u\x00M\x00u\x00P\x00l\x00a\x00y\x00e\x00\
r\x001\x002\x00 \xbc\x84\xc8\x04\x00 \x00>\x00\
=\x00 \x004\x00.\x000\x00)\x08\x00\x00\x00\x00\
\x06\x00\x00\x00!Ipc (MuMuPl\
ayer12 version >\
= 4.0)\x07\x00\x00\x00\x15Selec\
tCaptureListView\
\x01\x03\x00\x00\x00\x22\x00W\x00G\x00C\x00 \x00-\
\x00 \x00>\x00=\x00W\x00i\x00n\x001\x000\
\x00,\x00 \xbe`\xb9\x84\x08\x00\x00\x00\x00\x06\x00\x00\
\x00\x03WGC\x07\x00\x00\x00\x15Select\
CaptureListView\x01\
\x03\x00\x00\x00,\x00A\x00D\x00B\x00I\x00n\x00\
t\x00e\x00r\x00a\x00c\x00t\x00i\x00o\x00\
n\x00 \x00-\x00 \xbc1\xad\xf8\xb7|\xc6\xb4\xb4\
\xdc\x08\x00\x00\x00\x00\x06\x00\x00\x00\x0eADBIn\
teraction\x07\x00\x00\x00\x19Se\
lectInteractionL\
istView\x01\x03\x00\x00\x004\x00B\x00\
r\x00o\x00w\x00s\x00e\x00r\x00I\x00n\x00\
t\x00e\x00r\x00a\x00c\x00t\x00i\x00o\x00\
n\x00 \x00-\x00 \xbc1\xad\xf8\xb7|\xc6\xb4\xb4\
\xdc\x08\x00\x00\x00\x00\x06\x00\x00\x00\x12Brows\
erInteraction\x07\x00\x00\
\x00\x19SelectInteract\
ionListView\x01\x03\x00\x00\x00\
>\x00G\x00e\x00n\x00s\x00h\x00i\x00n\x00\
 \x00-\x00 \xbc1\xad\xf8\xb7|\xc6\xb4\xb4\xdc\x00\
,\x00 \xc7|\xbd\x80\x00 \x00U\x00n\x00i\x00\
t\x00y\x00 \xac\x8c\xc7\x84\x00 \xc9\xc0\xc6\xd0\x08\
\x00\x00\x00\x00\x06\x00\x00\x00\x07Genshin\
\x07\x00\x00\x00\x19SelectInter\
actionListView\x01\x03\
\x00\x00\x00F\x00P\x00o\x00s\x00t\x00M\x00e\
\x00s\x00s\x00a\x00g\x00e\x00 \x00-\x00 \
\xbc1\xad\xf8\xb7|\xc6\xb4\xb4\xdc\x00,\x00 \xb3\x00\
\xbd\x80\xbd\x84\xc7X\x00 \xc5q\x00 \xbc\x0f\x00 \
\xc7|\xbd\x80\x00 \xac\x8c\xc7\x84\x08\x00\x00\x00\x00\x06\
\x00\x00\x00\x0bPostMessage\x07\
\x00\x00\x00\x19SelectIntera\
ctionListView\x01\x03\x00\
\x00\x006\x00P\x00y\x00D\x00i\x00r\x00e\x00\
c\x00t\x00 \x00-\x00 \xd3\xec\xad\xf8\xb7|\xc6\
\xb4\xb4\xdc\x00,\x00 \x00P\x00y\x00n\x00p\x00\
u\x00t\x00 \xbc1\xc5\xc5\x08\x00\x00\x00\x00\x06\x00\
\x00\x00\x08PyDirect\x07\x00\x00\x00\x19\
SelectInteractio\
nListView\x01\x03\x00\x00\x00,\x00\
P\x00y\x00n\x00p\x00u\x00t\x00 \x00-\x00\
 \xd3\xec\xad\xf8\xb7|\xc6\xb4\xb4\xdc\x00,\x00 \xac\
\x00\xc7\xa5\x00 \xd68\xd6X\xb4(\x08\x00\x00\x00\x00\
\x06\x00\x00\x00\x06Pynput\x07\x00\x00\x00\x19\
SelectInteractio\
nListView\x01\x03\x00\x00\x00\x04\xc8\
\x15\xbc\xf4\x08\x00\x00\x00\x00\x06\x00\x00\x00\x05Abo\
ut\x07\x00\x00\x00\x0aSettingTa\
b\x01\x03\x00\x00\x00\x08\xc5q\x00 \xc1$\xc8\x15\x08\
\x00\x00\x00\x00\x06\x00\x00\x00\x0aApp Con\
fig\x07\x00\x00\x00\x0aSettingT\
ab\x01\x03\x00\x00\x00\x08\xc5q\x00 \xc1$\xc8\x15\
\x08\x00\x00\x00\x00\x06\x00\x00\x00\x0cApp Se\
ttings\x07\x00\x00\x00\x0aSetti\
ngTab\x01\x03\x00\x00\x00\x12\xc5`\xd5\x0c\xb9\
\xac\xcf\x00\xc7t\xc1X\x00 \xd1L\xb9\xc8\x08\x00\x00\
\x00\x00\x06\x00\x00\x00\x11Applicati\
on Theme\x07\x00\x00\x00\x0aSet\
tingTab\x01\x03\x00\x00\x00\x1a\xc5`\xd5\
\x0c\xb9\xac\xcf\x00\xc7t\xc1X\xc7X\x00 \xba\xa8\xc5\
\x91\x00 \xbc\xc0\xac\xbd\x08\x00\x00\x00\x00\x06\x00\x00\x00\
(Change the appe\
arance of the ap\
plication\x07\x00\x00\x00\x0aSe\
ttingTab\x01\x03\x00\x00\x00\x0e\xc5\xc5\
\xb3p\xc7t\xd2\xb8\x00 \xd6U\xc7x\x08\x00\x00\x00\
\x00\x06\x00\x00\x00\x0cCheck upda\
te\x07\x00\x00\x00\x0aSettingTa\
b\x01\x03\x00\x00\x00\x22\xb2\xe4\xc2\xdc\x00 \xc2\xdc\xc7\
\x91\xd5X\xbat\x00 \xadl\xc11\xc7t\x00 \xc8\
\x01\xc6\xa9\xb4)\xb2\xc8\xb2\xe4\x08\x00\x00\x00\x00\x06\x00\
\x00\x00(Configuration\
 takes effect af\
ter restart\x07\x00\x00\x00\x0a\
SettingTab\x01\x03\x00\x00\x00\x06\
\xc5\xb4\xb4a\xac\x8c\x08\x00\x00\x00\x00\x06\x00\x00\x00\x04\
Dark\x07\x00\x00\x00\x0aSetting\
Tab\x01\x03\x00\x00\x00\x5c\xc0\xc8\xb8\x5c\xc6\xb4\x00\
 \xae0\xb2\xa5\xc7D\x00 \xbc\x1c\xac\xac\xd5X\xac\
\xe0\x00 \x00P\x00y\x00Q\x00t\x00-\x00F\x00\
l\x00u\x00e\x00n\x00t\x00-\x00W\x00i\x00\
d\x00g\x00e\x00t\x00s\xc5\xd0\x00 \xb3\x00\xd5\
\x5c\x00 \xc7 \xc6\xa9\xd5\x5c\x00 \xd3\x01\x00 \xbc\
0\xc6\xb0\xae0\x08\x00\x00\x00\x00\x06\x00\x00\x00ED\
iscover new feat\
ures and learn u\
seful tips about\
 PyQt-Fluent-Wid\
gets\x07\x00\x00\x00\x0aSetting\
Tab\x01\x03\x00\x00\x00\x06\xb3\xc4\xc6\xc0\xb9\xd0\x08\
\x00\x00\x00\x00\x06\x00\x00\x00\x04Help\x07\x00\x00\
\x00\x0aSettingTab\x01\x03\x00\x00\
\x00\x04\xc5\xb8\xc5\xb4\x08\x00\x00\x00\x00\x06\x00\x00\x00\x08\
Language\x07\x00\x00\x00\x0aSet\
tingTab\x01\x03\x00\x00\x00\x04\xbc\x1d\xac\
\x8c\x08\x00\x00\x00\x00\x06\x00\x00\x00\x05Light\
\x07\x00\x00\x00\x0aSettingTab\x01\
\x03\x00\x00\x00\x14\xb3\xc4\xc6\xc0\xb9\xd0\x00 \xd3\x98\xc7\
t\xc9\xc0\x00 \xc5\xf4\xae0\x08\x00\x00\x00\x00\x06\x00\
\x00\x00\x0eOpen help pag\
e\x07\x00\x00\x00\x0aSettingTab\
\x01\x03\x00\x00\x00\x14\xc1 \xd68\xd5X\xb2\x94\x00 \
\xc5\xb8\xc5\xb4\x00 \xc1$\xc8\x15\x08\x00\x00\x00\x00\x06\
\x00\x00\x00\x1bSet your pre\
ferred language\x07\
\x00\x00\x00\x0aSettingTab\x01\x03\
\x00\x00\x00 \x00U\x00I\xc5\xd0\x00 \xc0\xac\xc6\xa9\
\xd5`\x00 \xc1 \xd68\x00 \xc5\xb8\xc5\xb4\x00 \
\xc1$\xc8\x15\x08\x00\x00\x00\x00\x06\x00\x00\x00\x22Se\
t your preferred\
 language for UI\
\x07\x00\x00\x00\x0aSettingTab\x01\
\x03\x00\x00\x00\x04\xc1$\xc8\x15\x08\x00\x00\x00\x00\x06\x00\
\x00\x00\x08Settings\x07\x00\x00\x00\x0a\
SettingTab\x01\x03\x00\x00\x00\x16\
\xc11\xac\xf5\xc8\x01\xc7<\xb8\x5c\x00 \xc5\xc5\xb3p\
\xc7t\xd2\xb8\xb4(\x08\x00\x00\x00\x00\x06\x00\x00\x00\x14\
Updated successf\
ully\x07\x00\x00\x00\x0aSetting\
Tab\x01\x03\x00\x00\x00\x12\xc2\xdc\xc2\xa4\xd1\x5c\x00\
 \xc1$\xc8\x15\x00 \xc0\xac\xc6\xa9\x08\x00\x00\x00\x00\
\x06\x00\x00\x00\x12Use system \
setting\x07\x00\x00\x00\x0aSett\
ingTab\x01\x03\x00\x00\x00\x04\xbc\x84\xc8\x04\
\x08\x00\x00\x00\x00\x06\x00\x00\x00\x07Versio\
n\x07\x00\x00\x00\x0aSettingTab\
\x01\x03\x00\x00\x00\x10\xba\xa8\xb4P\x00 \xc7|\xc2\xdc\
\x00 \xc9\x11\xc9\xc0\x08\x00\x00\x00\x00\x06\x00\x00\x00\x09\
Pause All\x07\x00\x00\x00\x0bSt\
artButton\x01\x03\x00\x00\x00\x0a\xba\
\xa8\xb4P\x00 \xc2\xdc\xc7\x91\x08\x00\x00\x00\x00\x06\x00\
\x00\x00\x09Start All\x07\x00\x00\x00\
\x0bStartButton\x01\x03\x00\x00\
\x00\x04\xce\xa1\xcc\x98\x08\x00\x00\x00\x00\x06\x00\x00\x00\x07\
Capture\x07\x00\x00\x00\x09Star\
tCard\x01\x03\x00\x00\x00\x0e\xb8\x5c\xad\xf8\x00\
 \xb0\xb4\xbc\xf4\xb0\xb4\xae0\x08\x00\x00\x00\x00\x06\x00\
\x00\x00\x0bExport Logs\x07\x00\
\x00\x00\x09StartCard\x01\x03\x00\x00\
\x00\x14\xac\x8c\xc7\x84\x00 \xcc=\x00 \xc5\xf0\xac\xb0\
\x00 \xb0J\xae@\x08\x00\x00\x00\x00\x06\x00\x00\x00\x18\
Game Window Disc\
onnected\x07\x00\x00\x00\x09Sta\
rtCard\x01\x03\x00\x00\x00\x0a\xc1$\xceX\
\x00 \xd3\xf4\xb3T\x08\x00\x00\x00\x00\x06\x00\x00\x00\x0e\
Install Folder\x07\x00\
\x00\x00\x09StartCard\x01\x03\x00\x00\
\x00\x0a\xc7|\xc2\xdc\x00 \xc9\x11\xc9\xc0\x08\x00\x00\x00\
\x00\x06\x00\x00\x00\x05Pause\x07\x00\x00\x00\x09\
StartCard\x01\x03\x00\x00\x00:\xc7\
|\xc2\xdc\x00 \xc9\x11\xc9\xc0\xb4(\x00:\x00 \x00\
P\x00C\x00 \xac\x8c\xc7\x84\x00 \xcc=\xc7t\x00\
 \xc8\x04\xbat\xc5\xd0\x00 \xc7\x88\xc5\xb4\xc5|\x00\
 \xd5i\xb2\xc8\xb2\xe4\x00!\x08\x00\x00\x00\x00\x06\x00\
\x00\x00(Paused: PC Ga\
me Window Must B\
e in Front!\x07\x00\x00\x00\x09\
StartCard\x01\x03\x00\x00\x00\x08\xc0\
\xc8\xb8\x5c\xac\xe0\xceh\x08\x00\x00\x00\x00\x06\x00\x00\x00\
\x07Refresh\x07\x00\x00\x00\x09Sta\
rtCard\x01\x03\x00\x00\x00\x08\xc2\xe4\xd5\x89\
\x00 \xc9\x11\x08\x00\x00\x00\x00\x06\x00\x00\x00\x07Ru\
nning\x07\x00\x00\x00\x09StartC\
ard\x01\x03\x00\x00\x00\x04\xc2\xdc\xc7\x91\x08\x00\x00\
\x00\x00\x06\x00\x00\x00\x05Start\x07\x00\x00\x00\
\x09StartCard\x01\x03\x00\x00\x00\x0a\
\xac\x8c\xc7\x84\x00 \xc2\xdc\xc7\x91\x08\x00\x00\x00\x00\x06\
\x00\x00\x00\x0aStart Game\x07\x00\
\x00\x00\x09StartCard\x01\x03\x00\x00\
\x00\x0c\xd2\xb8\xb9\xac\xacp\x00 \xc7\x91\xc5\xc5\x08\x00\
\x00\x00\x00\x06\x00\x00\x00\x0dTrigger \
Tasks\x07\x00\x00\x00\x09StartC\
ard\x01\x03\x00\x00\x00\x1a\xc2\xdc\xc7\x91\xd5`\x00\
 \xc7\x91\xc5\xc5\xc7D\x00 \xc1 \xd0\xdd\xd5X\xc1\
8\xc6\x94\x08\x00\x00\x00\x00\x06\x00\x00\x00\x1eWai\
ting for task to\
 be enabled\x07\x00\x00\x00\x09\
StartCard\x01\x03\x00\x00\x00L\x00\
,\x00 \xac\x8c\xc7\x84\x00 \xcc=\xc7t\x00 \xcd\
\x5c\xc1\x8c\xd6T\x00,\x00 \xd0l\xae0\x00 \xc8\
p\xc8\x15\x00 \xb6\x10\xb2\x94\x00 \xd6T\xbat\x00\
 \xbc\x16\xc5\xd0\x00 \xc7\x88\xb2\x94\xc9\xc0\x00 \xd6\
U\xc7x\xd5X\xc18\xc6\x94\x00.\x08\x00\x00\x00\x00\
\x06\x00\x00\x00?, check if \
game windows is \
minimized, resiz\
ed or out of scr\
een.\x07\x00\x00\x00\x0fStartCo\
ntroller\x01\x03\x00\x00\x00:\x00,\
\x00 \xc9\xc0\xc6\xd0\xb4\x18\xb2\x94\x00 \xcd\x5c\xc1\x8c\
\x00 \xd5t\xc0\xc1\xb3\xc4\xb2\x94\x00 \x00{\x00m\
\x00i\x00n\x00_\x00s\x00i\x00z\x00e\x00}\
\x00 \xc7\x85\xb2\xc8\xb2\xe4\x08\x00\x00\x00\x00\x06\x00\x00\
\x00,, the supporte\
d min resolution\
 is {min_size}\x07\x00\
\x00\x00\x0fStartControll\
er\x01\x03\x00\x00\x00@\x00,\x00 \xc9\xc0\xc6\xd0\
\xb4\x18\xb2\x94\x00 \xbeD\xc7(\xc7@\x00 \x00{\
\x00s\x00u\x00p\x00p\x00o\x00r\x00t\x00e\
\x00d\x00_\x00r\x00a\x00t\x00i\x00o\x00}\
\x00 \xc7\x85\xb2\xc8\xb2\xe4\x08\x00\x00\x00\x00\x06\x00\x00\
\x00*, the supporte\
d ratio is {supp\
orted_ratio}\x07\x00\x00\x00\
\x0fStartController\
\x01\x03\x00\x00\x002\xc7\x90\xb3\xd9\x00 \x00H\x00D\
\x00R\xc7t\x00 \xcf\x1c\xc88\x00 \xc7\x88\xc2\xb5\
\xb2\xc8\xb2\xe4\x00.\x00 \xba<\xc8\x00\x00 \xae\xbc\
\xc8\xfc\xc18\xc6\x94\x00.\x08\x00\x00\x00\x00\x06\x00\x00\
\x00.Auto HDR is en\
abled, please tu\
rn it off first.\
\x07\x00\x00\x00\x0fStartContro\
ller\x01\x03\x00\x00\x00R\xc7\x90\xb3\xd9\x00 \
\x00H\x00D\x00R\xc7t\x00 \xcf\x1c\xc88\x00 \
\xc7\x88\xc2\xb5\xb2\xc8\xb2\xe4\x00.\x00 \xc7\x91\xc5\xc5\
\xc7t\x00 \xc6,\xbc\x14\xb9t\xac\x8c\x00 \xc7\x91\
\xb3\xd9\xd5X\xc9\xc0\x00 \xc5J\xc7D\x00 \xc2\x18\
\x00 \xc7\x88\xc2\xb5\xb2\xc8\xb2\xe4\x00!\x08\x00\x00\x00\
\x00\x06\x00\x00\x004Auto HDR i\
s enabled, tasks\
 might not work \
correctly!\x07\x00\x00\x00\x0fS\
tartController\x01\x03\
\x00\x00\x00@\xac\x8c\xc7\x84\xc7D\x00 \xc2\xdc\xc7\x91\
\xd5`\x00 \xc2\x18\x00 \xc5\xc6\xc2\xb5\xb2\xc8\xb2\xe4\
\x00.\x00 \xac\x8c\xc7\x84\xc7t\x00 \xc1$\xceX\
\xb4\x18\xc5\xc8\xb2\x94\xc9\xc0\x00 \xd6U\xc7x\xd5X\
\xc18\xc6\x94\x08\x00\x00\x00\x00\x06\x00\x00\x001Ca\
n't start game, \
make sure the ga\
me is installed\x07\
\x00\x00\x00\x0fStartControl\
ler\x01\x03\x00\x00\x00$\xce\xa1\xcc\x98\x00 \xc2\
\xe4\xd3(\x00,\x00 \xac\x8c\xc7\x84\x00 \xcc=\xc7\
D\x00 \xd6U\xc7x\xd5X\xc18\xc6\x94\x08\x00\x00\
\x00\x00\x06\x00\x00\x00(Capture f\
ailed, please ch\
eck game window\x07\
\x00\x00\x00\x0fStartControl\
ler\x01\x03\x00\x00\x00F\xc5\xd0\xbb\xac\xb8\x08\xc7\
t\xd10\xac\x00\x00 \xc5\xf0\xac\xb0\xb4\x18\xc9\xc0\x00\
 \xc5J\xc5X\xc2\xb5\xb2\xc8\xb2\xe4\x00.\x00 \xba\
<\xc8\x00\x00 \xc5\xd0\xbb\xac\xb8\x08\xc7t\xd10\xb9\
|\x00 \xc2\xdc\xc7\x91\xd5X\xc18\xc6\x94\x00!\x08\
\x00\x00\x00\x00\x06\x00\x00\x004Emulato\
r is not connect\
ed, start the em\
ulator first!\x07\x00\x00\
\x00\x0fStartControlle\
r\x01\x03\x00\x00\x00\x16\x00G\x00P\x00U\x00 \xb4\
\xdc\xb7|\xc7t\xbc\x84\x00 \xac\xbd\xac\xe0\x08\x00\x00\
\x00\x00\x06\x00\x00\x00\x12GPU Drive\
r Warning\x07\x00\x00\x00\x0fSt\
artController\x01\x03\x00\
\x00\x008\xac\x8c\xc7\x84\x00 \xac\xbd\xb8\x5c\xac\x00\x00\
 \xc5\xc6\xc2\xb5\xb2\xc8\xb2\xe4\x00.\x00 \xac\x8c\xc7\
\x84\xc7D\x00 \xc2\x18\xb3\xd9\xc7<\xb8\x5c\x00 \xc2\
\xdc\xc7\x91\xd5X\xc18\xc6\x94\x00!\x08\x00\x00\x00\x00\
\x06\x00\x00\x004Game path d\
oes not exist, P\
lease open game \
manually!\x07\x00\x00\x00\x0fSt\
artController\x01\x03\x00\
\x00\x00B\xac\x8c\xc7\x84\x00 \xd5t\xc0\xc1\xb3\xc4\x00\
 \x00{\x00r\x00e\x00s\x00o\x00l\x00u\x00\
t\x00i\x00o\x00n\x00}\xc7@\x00(\xb2\x94\x00\
)\x00 \xc9\xc0\xc6\xd0\xb4\x18\xc9\xc0\x00 \xc5J\xc2\
\xb5\xb2\xc8\xb2\xe4\x08\x00\x00\x00\x00\x06\x00\x00\x00-G\
ame resolution {\
resolution} is n\
ot supported\x07\x00\x00\x00\
\x0fStartController\
\x01\x03\x00\x00\x00^\xc7t\xbb\xf8\xc9\xc0\x00 \xb9\xac\
\xc1\x8c\xc2\xa4\x00 \xb8\x5c\xb4\xdc\x00 \xc2\xe4\xd3(\
\x00,\x00 \xb2\xe4\xc2\xdc\x00 \xc1$\xceX\xd5t\
\x00 \xbc\xf4\xc18\xc6\x94\x00.\x00 \x00(\xc5q\
\xc7D\x00 \xb2\xe4\xc6\xb4\xb8\x5c\xb4\xdc\x00 \xd3\xf4\
\xb3T\xc5\xd0\x00 \xb4P\xc9\xc0\x00 \xb9\xc8\xc18\
\xc6\x94\x00)\x08\x00\x00\x00\x00\x06\x00\x00\x00\x5cIm\
age resource loa\
d failed, please\
 try install aga\
in.(Don't put th\
e app in Downloa\
ds folder)\x07\x00\x00\x00\x0fS\
tartController\x01\x03\
\x00\x00\x00\x1e\xac\x8c\xc7\x84\xc7D\x00 \xc1 \xd0\xdd\
\xd5X\xc9\xc0\x00 \xc5J\xc5X\xc2\xb5\xb2\xc8\xb2\xe4\
\x00!\x08\x00\x00\x00\x00\x06\x00\x00\x00\x11No g\
ame selected!\x07\x00\x00\
\x00\x0fStartControlle\
r\x01\x03\x00\x00\x00Z\x00P\x00C\x00 \xbc\x84\xc8\
\x04\xc7@\x00 \xad\x00\xb9\xac\xc7\x90\x00 \xad\x8c\xd5\
\x5c\xc7t\x00 \xd5D\xc6\x94\xd5i\xb2\xc8\xb2\xe4\x00\
.\x00 \xad\x00\xb9\xac\xc7\x90\x00 \xad\x8c\xd5\x5c\xc7\
<\xb8\x5c\x00 \xc7t\x00 \xc5q\xc7D\x00 \xb2\
\xe4\xc2\xdc\x00 \xc2\xdc\xc7\x91\xd5X\xc18\xc6\x94\x00\
!\x08\x00\x00\x00\x00\x06\x00\x00\x00TPC ve\
rsion requires a\
dmin privileges,\
 Please restart \
this app with ad\
min privileges!\x07\
\x00\x00\x00\x0fStartControl\
ler\x01\x03\x00\x00\x00f\xd5t\xc0\xc1\xb3\xc4\x00\
 \x00{\x00r\x00e\x00s\x00o\x00l\x00u\x00\
t\x00i\x00o\x00n\x00}\x00 \xd6U\xc7x\x00\
 \xc2\xe4\xd3(\x00,\x00 \xc7|\xbd\x80\x00 \xc7\
\x91\xc5\xc5\xc7t\x00 \xc6,\xbc\x14\xb9t\xac\x8c\x00\
 \xc7\x91\xb3\xd9\xd5X\xc9\xc0\x00 \xc5J\xc7D\x00\
 \xc2\x18\x00 \xc7\x88\xc2\xb5\xb2\xc8\xb2\xe4\x00!\x08\
\x00\x00\x00\x00\x06\x00\x00\x00JResolut\
ion {resolution}\
 check failed, s\
ome tasks might \
not work correct\
ly!\x07\x00\x00\x00\x0fStartCon\
troller\x01\x03\x00\x00\x00B\xc1 \xd0\
\xdd\xd5\x5c\x00 \xce\xa1\xcc\x98\x00 \xbc)\xbc\x95\xc7\
t\x00 \xac\x8c\xc7\x84\x00 \xb6\x10\xb2\x94\x00 \xc2\
\xdc\xc2\xa4\xd1\x5c\xc5\xd0\xc1\x1c\x00 \xc9\xc0\xc6\xd0\xb4\
\x18\xc9\xc0\x00 \xc5J\xc2\xb5\xb2\xc8\xb2\xe4\x00!\x08\
\x00\x00\x00\x00\x06\x00\x00\x00DSelecte\
d capture method\
 is not supporte\
d by the game or\
 your system!\x07\x00\x00\
\x00\x0fStartControlle\
r\x01\x03\x00\x00\x008\xac\x8c\xc7\x84\x00 \xc2\xdc\xc7\
\x91\x00 \xc2\xe4\xd3(\x00,\x00 \xba<\xc8\x00\x00\
 \xac\x8c\xc7\x84\xc7D\x00 \xc2\x18\xb3\xd9\xc7<\xb8\
\x5c\x00 \xc2\xdc\xc7\x91\xd5X\xc18\xc6\x94\x00!\x08\
\x00\x00\x00\x00\x06\x00\x00\x00*Start g\
ame failed, plea\
se start game fi\
rst\x07\x00\x00\x00\x0fStartCon\
troller\x01\x03\x00\x00\x00\x12\xc2\xdc\xc7\
\x91\x00 \xc2\xdc\xac\x04\x00 \xcd\x08\xac\xfc\x00!\x08\
\x00\x00\x00\x00\x06\x00\x00\x00\x13Start g\
ame timeout!\x07\x00\x00\x00\
\x0fStartController\
\x01\x03\x00\x00\x00`\xac\x8c\xc7\x84\x00 \xcc=\xc7t\
\x00 \xcd\x5c\xc1\x8c\xd6T\xb4\x18\xc5\xc8\xacp\xb0\x98\
\x00 \xd6T\xbat\x00 \xbc\x16\xc5\xd0\x00 \xc7\x88\
\xc2\xb5\xb2\xc8\xb2\xe4\x00.\x00 \xc8\x04\xcc\xb4\x00 \
\xd6T\xbat\x00 \xc8\x04\xc6\xa9\x00 \xba\xa8\xb4\xdc\
\xb9|\x00 \xc0\xac\xc6\xa9\xd5X\xc9\xc0\x00 \xb9\xc8\
\xc18\xc6\x94\x00!\x08\x00\x00\x00\x00\x06\x00\x00\x00K\
Window is minimi\
zed or out of sc\
reen, and do NOT\
 use full-screen\
 exclusive!\x07\x00\x00\x00\x0f\
StartController\x01\
\x03\x00\x00\x00Z\xcc=\xc7t\x00 \xcd\x5c\xc1\x8c\xd6\
T\xb4\x18\xc5\xc8\xacp\xb0\x98\x00 \xd6T\xbat\x00\
 \xbc\x16\xc5\xd0\x00 \xc7\x88\xc2\xb5\xb2\xc8\xb2\xe4\x00\
.\x00 \xc8\x04\xcc\xb4\x00 \xd6T\xbat\x00 \xc8\
\x04\xc6\xa9\x00 \xba\xa8\xb4\xdc\xb9|\x00 \xc0\xac\xc6\
\xa9\xd5X\xc9\xc0\x00 \xb9\xc8\xc18\xc6\x94\x00!\x08\
\x00\x00\x00\x00\x06\x00\x00\x00OWindow \
is minimized or \
out of screen, a\
nd don't use ful\
l-screen exclusi\
ve mode!\x07\x00\x00\x00\x0fSta\
rtController\x01\x03\x00\x00\
\x00@\x00W\x00i\x00n\x00d\x00o\x00w\x00s\
\x00 \xc5|\xac\x04\x00 \xba\xa8\xb4\xdc\xac\x00\x00 \
\xcf\x1c\xc88\x00 \xc7\x88\xc2\xb5\xb2\xc8\xb2\xe4\x00.\
\x00 \xba<\xc8\x00\x00 \xae\xbc\xc8\xfc\xc18\xc6\x94\
\x00.\x08\x00\x00\x00\x00\x06\x00\x00\x009Wind\
ows night light \
is enabled, plea\
se turn it off f\
irst.\x07\x00\x00\x00\x0fStartC\
ontroller\x01\x03\x00\x00\x00`\x00\
W\x00i\x00n\x00d\x00o\x00w\x00s\x00 \xc5\
|\xac\x04\x00 \xba\xa8\xb4\xdc\xac\x00\x00 \xcf\x1c\xc8\
8\x00 \xc7\x88\xc2\xb5\xb2\xc8\xb2\xe4\x00.\x00 \xc7\
\x91\xc5\xc5\xc7t\x00 \xc6,\xbc\x14\xb9t\xac\x8c\x00\
 \xc7\x91\xb3\xd9\xd5X\xc9\xc0\x00 \xc5J\xc7D\x00\
 \xc2\x18\x00 \xc7\x88\xc2\xb5\xb2\xc8\xb2\xe4\x00!\x08\
\x00\x00\x00\x00\x06\x00\x00\x00?Windows\
 night light is \
enabled, tasks m\
ight not work co\
rrectly!\x07\x00\x00\x00\x0fSta\
rtController\x01\x03\x00\x00\
\x00`\x00{\x00v\x00e\x00n\x00d\x00o\x00r\
\x00}\x00 \x00{\x00f\x00e\x00a\x00t\x00u\
\x00r\x00e\x00}\x00 \xae0\xb2\xa5\xc7t\x00 \
\xd6\x5c\xc11\xd6T\xb4\x18\xc5\xb4\x00 \xc7\x88\xc5\xb4\
\x00 \xc6$\xc7\x91\xb3\xd9\xc7D\x00 \xc7|\xc7<\
\xd0\xac\x00 \xc2\x18\x00 \xc7\x88\xc2\xb5\xb2\xc8\xb2\xe4\
\x00!\x08\x00\x00\x00\x00\x06\x00\x00\x009{ven\
dor} {feature} i\
s enabled and ma\
y cause malfunct\
ions!\x07\x00\x00\x00\x0fStartC\
ontroller\x01\x03\x00\x00\x00N\x00\
{\x00}\xac\x8c\xc7\x84\x00 \xcc=\xc7t\x00 \xc5\
\xf0\xac\xb0\xb4\x18\xc9\xc0\x00 \xc5J\xc5X\xc2\xb5\xb2\
\xc8\xb2\xe4\x00.\x00 \xac\x8c\xc7\x84\x00 \xcc=\xac\
\xfc\x00 \xce\xa1\xcc\x98\x00 \xbc)\xbc\x95\xc7D\x00\
 \xc1 \xd0\xdd\xd5X\xc18\xc6\x94\x00.\x08\x00\x00\
\x00\x00\x06\x00\x00\x003{} is not\
 connected, plea\
se select the ga\
me window.\x07\x00\x00\x00\x0fS\
tartController\x01\x03\
\x00\x00\x00\x08\xb8\x5c\xb5)\x00 \xc9\x11\x08\x00\x00\x00\
\x00\x06\x00\x00\x00\x07Loading\x07\x00\x00\
\x00\x12StartLoadingDi\
alog\x01\x03\x00\x00\x00<\xc2\xdc\xc7\x91\x00 \
\xc9\x11\x00,\x00 \x00{\x00s\x00e\x00c\x00o\
\x00n\x00d\x00s\x00_\x00l\x00e\x00f\x00t\
\x00}\xcd\x08\x00 \xd6\xc4\x00 \xc2\xdc\xac\x04\x00 \
\xcd\x08\xac\xfc\x00.\x08\x00\x00\x00\x00\x06\x00\x00\x00/\
Starting, timeou\
t after {seconds\
_left} seconds.\x07\
\x00\x00\x00\x12StartLoading\
Dialog\x01\x03\x00\x00\x00\x0e\x00A\x00n\
\x00d\x00r\x00o\x00i\x00d\x08\x00\x00\x00\x00\x06\
\x00\x00\x00\x07Android\x07\x00\x00\x00\x08\
StartTab\x01\x03\x00\x00\x00\x04\xce\xa1\
\xcc\x98\x08\x00\x00\x00\x00\x06\x00\x00\x00\x07Capt\
ure\x07\x00\x00\x00\x08StartTab\
\x01\x03\x00\x00\x00\x0a\xce\xa1\xcc\x98\x00 \xbc)\xc2\xdd\
\x08\x00\x00\x00\x00\x06\x00\x00\x00\x0eCaptur\
e Method\x07\x00\x00\x00\x08Sta\
rtTab\x01\x03\x00\x00\x00\x10\xc0\xc1\xd68\x00\
 \xc7\x91\xc6\xa9\x00 \xc1 \xd0\xdd\x08\x00\x00\x00\x00\
\x06\x00\x00\x00\x12Choose Inte\
raction\x07\x00\x00\x00\x08Star\
tTab\x01\x03\x00\x00\x00\x08\xcc=\x00 \xc1 \
\xd0\xdd\x08\x00\x00\x00\x00\x06\x00\x00\x00\x0dChoo\
se Window\x07\x00\x00\x00\x08St\
artTab\x01\x03\x00\x00\x00\x06\xc5\xf0\xac\xb0\
\xb4(\x08\x00\x00\x00\x00\x06\x00\x00\x00\x09Conn\
ected\x07\x00\x00\x00\x08StartT\
ab\x01\x03\x00\x00\x00\x0a\xac\x1c\xbc\x1c\x00 \xb3\xc4\
\xadl\x08\x00\x00\x00\x00\x06\x00\x00\x00\x05Debu\
g\x07\x00\x00\x00\x08StartTab\x01\x03\
\x00\x00\x00\x10\xb5\x14\xbc\x84\xad\xf8\x00 \xc6$\xbc\x84\
\xb8\x08\xc7t\x08\x00\x00\x00\x00\x06\x00\x00\x00\x0dDe\
bug Overlay\x07\x00\x00\x00\x08\
StartTab\x01\x03\x00\x00\x00\x12\xbc\x15\
\xc2\xa4\x00 \xc0\xac\xc6\xa9\x00 \xc5H\x00 \xd5h\
\x08\x00\x00\x00\x00\x06\x00\x00\x00\x0dDisabl\
e Boxes\x07\x00\x00\x00\x08Star\
tTab\x01\x03\x00\x00\x00\x0a\xc5\xf0\xac\xb0\x00 \
\xb0J\xae@\x08\x00\x00\x00\x00\x06\x00\x00\x00\x0cDi\
sconnected\x07\x00\x00\x00\x08S\
tartTab\x01\x03\x00\x00\x00\x0a\xc5\xd0\xbb\
\xac\xb8\x08\xc7t\xd10\x08\x00\x00\x00\x00\x06\x00\x00\x00\
\x08Emulator\x07\x00\x00\x00\x08St\
artTab\x01\x03\x00\x00\x00\x0a\xbc\x15\xc2\xa4\
\x00 \xc0\xac\xc6\xa9\x08\x00\x00\x00\x00\x06\x00\x00\x00\x0c\
Enable Boxes\x07\x00\x00\x00\
\x08StartTab\x01\x03\x00\x00\x00\x0e\xb8\
\x5c\xad\xf8\x00 \xb0\xb4\xbc\xf4\xb0\xb4\xae0\x08\x00\x00\
\x00\x00\x06\x00\x00\x00\x0bExport Lo\
gs\x07\x00\x00\x00\x08StartTab\x01\
\x03\x00\x00\x00\x18\xc6$\xbc\x84\xb8\x08\xc7t\xc5\xd0\x00\
 \xb8\x5c\xad\xf8\x00 \xc2(\xae0\xae0\x08\x00\x00\
\x00\x00\x06\x00\x00\x00\x13Hide Log \
on Overlay\x07\x00\x00\x00\x08S\
tartTab\x01\x03\x00\x00\x00\x0a\xc1$\xce\
X\x00 \xd3\xf4\xb3T\x08\x00\x00\x00\x00\x06\x00\x00\x00\
\x0eInstall Folder\x07\
\x00\x00\x00\x08StartTab\x01\x03\x00\x00\
\x00\x0a\xb8\x5c\xad\xf8\x00 \xd3\xf4\xb3T\x08\x00\x00\x00\
\x00\x06\x00\x00\x00\x0aLog Folder\
\x07\x00\x00\x00\x08StartTab\x01\x03\x00\
\x00\x00\x06\x00O\x00C\x00R\x08\x00\x00\x00\x00\x06\x00\
\x00\x00\x03OCR\x07\x00\x00\x00\x08Start\
Tab\x01\x03\x00\x00\x00\x0a\xb8\x5c\xad\xf8\x00 \xc5\
\xf4\xae0\x08\x00\x00\x00\x00\x06\x00\x00\x00\x09Ope\
n Logs\x07\x00\x00\x00\x08Start\
Tab\x01\x03\x00\x00\x00\x04\x00P\x00C\x08\x00\x00\
\x00\x00\x06\x00\x00\x00\x02PC\x07\x00\x00\x00\x08St\
artTab\x01\x03\x00\x00\x00\x08\xc0\xc8\xb8\x5c\
\xac\xe0\xceh\x08\x00\x00\x00\x00\x06\x00\x00\x00\x07Re\
fresh\x07\x00\x00\x00\x08StartT\
ab\x01\x03\x00\x00\x00\x0c\xc0\xc8\xb8\x5c\xac\xe0\xceh\
\x00 \xc9\x11\x08\x00\x00\x00\x00\x06\x00\x00\x00\x0aRe\
freshing\x07\x00\x00\x00\x08Sta\
rtTab\x01\x03\x00\x00\x00\x0e\xc2\xa4\xd0l\xb9\
\xb0\xc0\xf7\x00 \xd3\xf4\xb3T\x08\x00\x00\x00\x00\x06\x00\
\x00\x00\x11Screenshot Fo\
lder\x07\x00\x00\x00\x08StartTa\
b\x01\x03\x00\x00\x00\x16\xc6$\xbc\x84\xb8\x08\xc7t\xc5\
\xd0\x00 \xb8\x5c\xad\xf8\x00 \xd4\x5c\xc2\xdc\x08\x00\x00\
\x00\x00\x06\x00\x00\x00\x13Show Log \
on Overlay\x07\x00\x00\x00\x08S\
tartTab\x01\x03\x00\x00\x00\x0a\xb8\x5c\xad\
\xf8\x00 \xbc\xf4\xae0\x08\x00\x00\x00\x00\x06\x00\x00\x00\
\x08View Log\x07\x00\x00\x00\x08St\
artTab\x01\x03\x00\x00\x00V\x00N\x00P\
\x00U\x00 \xcd\x94\xb8`\x00 \xc6$\xb9X\x00,\
\x00 \x00I\x00n\x00t\x00e\x00l\x00 \x00N\
\x00P\x00U\x00 \xb4\xdc\xb7|\xc7t\xbc\x84\xb9|\
\x00 \xc5\xc5\xb3p\xc7t\xd2\xb8\xd5t\xc5|\x00 \
\xd5`\x00 \xc2\x18\x00 \xc7\x88\xc2\xb5\xb2\xc8\xb2\xe4\
\x00!\x08\x00\x00\x00\x00\x06\x00\x00\x00CNPU \
inferring Error,\
 you might need \
to update the In\
tel NPU driver!\x07\
\x00\x00\x00\x04Task\x01\x03\x00\x00\x00\x04\xc6$\
\xb9X\x08\x00\x00\x00\x00\x06\x00\x00\x00\x05Erro\
r\x07\x00\x00\x00\x0bTaskButton\
s\x01\x03\x00\x00\x00J\xac\x8c\xc7\x84\x00 \xcc=\xc7\
t\x00 \xc5\xf0\xac\xb0\xb4\x18\xc9\xc0\x00 \xc5J\xc5\
X\xc2\xb5\xb2\xc8\xb2\xe4\x00.\x00 \xac\x8c\xc7\x84\x00\
 \xcc=\xac\xfc\x00 \xce\xa1\xcc\x98\x00 \xbc)\xbc\
\x95\xc7D\x00 \xc1 \xd0\xdd\xd5X\xc18\xc6\x94\x00\
.\x08\x00\x00\x00\x00\x06\x00\x00\x00OGame \
window is not co\
nnected, please \
select the game \
window and captu\
re method.\x07\x00\x00\x00\x0bT\
askButtons\x01\x03\x00\x00\x00\x0a\
\xc7|\xc2\xdc\x00 \xc9\x11\xc9\xc0\x08\x00\x00\x00\x00\x06\
\x00\x00\x00\x05Pause\x07\x00\x00\x00\x0bTa\
skButtons\x01\x03\x00\x00\x00\x04\xac\
\xc4\xc1\x8d\x08\x00\x00\x00\x00\x06\x00\x00\x00\x06Res\
ume\x07\x00\x00\x00\x0bTaskButt\
ons\x01\x03\x00\x00\x00\x04\xc2\xdc\xc7\x91\x08\x00\x00\
\x00\x00\x06\x00\x00\x00\x05Start\x07\x00\x00\x00\
\x0bTaskButtons\x01\x03\x00\x00\
\x00\x04\xc9\x11\xc9\xc0\x08\x00\x00\x00\x00\x06\x00\x00\x00\x04\
Stop\x07\x00\x00\x00\x0bTaskBut\
tons\x01\x03\x00\x00\x00(\xc8\x15\xb9\xd0\xb8\x5c\
\x00 \x00{\x00}\xc7D\x00(\xb9|\x00)\x00 \
\xc0\xad\xc8\x1c\xd5X\xc2\xdc\xac\xa0\xc2\xb5\xb2\xc8\xaeL\
\x00?\x08\x00\x00\x00\x00\x06\x00\x00\x00\x22Are \
you sure you wan\
t to delete {}\x07\x00\
\x00\x00\x08TaskCard\x01\x03\x00\x00\x00\
\x04\xc0\xad\xc8\x1c\x08\x00\x00\x00\x00\x06\x00\x00\x00\x06D\
elete\x07\x00\x00\x00\x08TaskCa\
rd\x01\x03\x00\x00\x00\x0a\xc7\x91\xc5\xc5\x00 \xc0\xad\
\xc8\x1c\x08\x00\x00\x00\x00\x06\x00\x00\x00\x0bDele\
te Task\x07\x00\x00\x00\x08Task\
Card\x01\x03\x00\x00\x00\x0a\xbeD\xd6\x5c\xc11\
\xd6T\xb4(\x08\x00\x00\x00\x00\x06\x00\x00\x00\x08Di\
sabled\x07\x00\x00\x00\x08TaskC\
ard\x01\x03\x00\x00\x00\x04\xd3\xb8\xc9\xd1\x08\x00\x00\
\x00\x00\x06\x00\x00\x00\x04Edit\x07\x00\x00\x00\x08\
TaskCard\x01\x03\x00\x00\x00\x08\xd6\x5c\
\xc11\xd6T\xb4(\x08\x00\x00\x00\x00\x06\x00\x00\x00\x07\
Enabled\x07\x00\x00\x00\x08Task\
Card\x01\x03\x00\x00\x00\x0a\xc0\xac\xc6\xa9\x00 \
\xc1$\xba\x85\x08\x00\x00\x00\x00\x06\x00\x00\x00\x0cIn\
structions\x07\x00\x00\x00\x08T\
askCard\x01\x03\x00\x00\x00\x08\xc7|\xc2\
\xdc\xc8\x15\xc9\xc0\x08\x00\x00\x00\x00\x06\x00\x00\x00\x05P\
ause\x07\x00\x00\x00\x08TaskCar\
d\x01\x03\x00\x00\x00\x0c\xc1$\xc8\x15\x00 \xcd\x08\xae\
0\xd6T\x08\x00\x00\x00\x00\x06\x00\x00\x00\x0cRes\
et Config\x07\x00\x00\x00\x08Ta\
skCard\x01\x03\x00\x00\x00\x04\xc7\xac\xac\x1c\
\x08\x00\x00\x00\x00\x06\x00\x00\x00\x06Resume\
\x07\x00\x00\x00\x08TaskCard\x01\x03\x00\
\x00\x00\x04\xc2\xdc\xc7\x91\x08\x00\x00\x00\x00\x06\x00\x00\x00\
\x05Start\x07\x00\x00\x00\x08TaskC\
ard\x01\x03\x00\x00\x00\x04\xc9\x11\xc9\xc0\x08\x00\x00\
\x00\x00\x06\x00\x00\x00\x04Stop\x07\x00\x00\x00\x08\
TaskCard\x01\x03\x00\x00\x00,\x00{\
\x00t\x00a\x00s\x00k\x00_\x00n\x00a\x00m\
\x00e\x00}\x00 \xc7\x91\xc5\xc5\x00 \xc6D\xb8\xcc\
\x00 \xb3\x00\xae0\x00 \xc9\x11\x08\x00\x00\x00\x00\x06\
\x00\x00\x00,Waiting for \
{task_name} task\
 to be completed\
\x07\x00\x00\x00\x08TaskCard\x01\x03\x00\
\x00\x00\x08\xbeD\xd6\x5c\xc11\xd6T\x08\x00\x00\x00\x00\
\x06\x00\x00\x00\x07Disable\x07\x00\x00\x00\
\x0cTaskOpButton\x01\x03\x00\
\x00\x00\x06\xd6\x5c\xc11\xd6T\x08\x00\x00\x00\x00\x06\x00\
\x00\x00\x06Enable\x07\x00\x00\x00\x0cTa\
skOpButton\x01\x03\x00\x00\x00\x08\
\xcc=\x00 \xc1 \xd0\xdd\x08\x00\x00\x00\x00\x06\x00\x00\
\x00\x0dChoose Window\x07\
\x00\x00\x00\x07TaskTab\x01\x03\x00\x00\x00\
\x06\xc6D\xb8\xcc\xb4(\x08\x00\x00\x00\x00\x06\x00\x00\x00\
\x09Completed\x07\x00\x00\x00\x07T\
askTab\x01\x03\x00\x00\x00\x0a\xc7\x91\xc5\xc5\
\x00 \xc0\xdd\xc11\x08\x00\x00\x00\x00\x06\x00\x00\x00\x0b\
Create Task\x07\x00\x00\x00\x07\
TaskTab\x01\x03\x00\x00\x00\x04\xc8\x15\xbc\
\xf4\x08\x00\x00\x00\x00\x06\x00\x00\x00\x04Info\x07\
\x00\x00\x00\x07TaskTab\x01\x03\x00\x00\x00\
\x08\xc2\xe4\xd5\x89\x00 \xc9\x11\x08\x00\x00\x00\x00\x06\x00\
\x00\x00\x07Running\x07\x00\x00\x00\x07T\
askTab\x01\x03\x00\x00\x00\x0a\xac\xbd\xac\xfc\
\x00 \xc2\xdc\xac\x04\x08\x00\x00\x00\x00\x06\x00\x00\x00\x0c\
Time Elapsed\x07\x00\x00\x00\
\x07TaskTab\x01\x03\x00\x00\x00\x02\xac\x12\
\x08\x00\x00\x00\x00\x06\x00\x00\x00\x05Value\x07\
\x00\x00\x00\x07TaskTab\x01\x03\x00\x00\x00\
\x04\xcd\xe8\xc1\x8c\x08\x00\x00\x00\x00\x06\x00\x00\x00\x06C\
ancel\x07\x00\x00\x00\x13Templa\
teInputDialog\x01\x03\x00\
\x00\x00\x04\xd6U\xc7x\x08\x00\x00\x00\x00\x06\x00\x00\x00\
\x07Confirm\x07\x00\x00\x00\x13Tem\
plateInputDialog\
\x01\x03\x00\x00\x00 \x00'\x00{\x00}\x00'\x00 \
\xb9|\x00 \xc0\xad\xc8\x1c\xd5X\xc2\xdc\xac\xa0\xc2\xb5\
\xb2\xc8\xaeL\x00?\x08\x00\x00\x00\x00\x06\x00\x00\x00%\
Are you sure you\
 want to delete \
'{}'?\x07\x00\x00\x00\x0bTempla\
teTab\x01\x03\x00\x00\x00\x04\xcd\xe8\xc1\x8c\x08\
\x00\x00\x00\x00\x06\x00\x00\x00\x06Cancel\x07\
\x00\x00\x00\x0bTemplateTab\x01\
\x03\x00\x00\x00\x0a\xc0\xad\xc8\x1c\x00 \xd6U\xc7x\x08\
\x00\x00\x00\x00\x06\x00\x00\x00\x0eConfirm\
 Delete\x07\x00\x00\x00\x0bTemp\
lateTab\x01\x03\x00\x00\x00\x04\xc0\xad\xc8\
\x1c\x08\x00\x00\x00\x00\x06\x00\x00\x00\x06Delet\
e\x07\x00\x00\x00\x0bTemplateTa\
b\x01\x03\x00\x00\x00\x1e\xd5\x04\xb8\x08\xc7\x84\x00 \xce\
\xa1\xcc\x98\xc5\xd0\x00 \xc2\xe4\xd3(\xd5\x88\xc2\xb5\xb2\
\xc8\xb2\xe4\x00.\x08\x00\x00\x00\x00\x06\x00\x00\x00\x18F\
ailed to capture\
 frame.\x07\x00\x00\x00\x0bTemp\
lateTab\x01\x03\x00\x00\x00\x1c\xb8\x08\xc7\
t\xbe\x14\x00 \x00e\x00n\x00u\x00m\x00 \xd3\
\x0c\xc7|\x00 \xc0\xdd\xc11\x08\x00\x00\x00\x00\x06\x00\
\x00\x00\x18Generate labe\
l enum file\x07\x00\x00\x00\x0b\
TemplateTab\x01\x03\x00\x00\x00\
\x1a\xc7t\xbb\xf8\xc9\xc0\xac\x00\x00 \xc0\xad\xc8\x1c\xb4\
\x18\xc5\xc8\xc2\xb5\xb2\xc8\xb2\xe4\x00.\x08\x00\x00\x00\x00\
\x06\x00\x00\x00\x0eImage delet\
ed.\x07\x00\x00\x00\x0bTemplate\
Tab\x01\x03\x00\x00\x00L\xc7\x98\xba\xbb\xb4\x1c\x00\
 \xc0\xc1\xb3\x00\x00 \xac\xbd\xb8\x5c\xc7\x85\xb2\xc8\xb2\
\xe4\x00.\x00 \xc6\x08\x00:\x00 \x00o\x00k\x00\
_\x00t\x00a\x00s\x00k\x00s\x00/\x00L\x00\
a\x00b\x00e\x00l\x00E\x00n\x00u\x00m\x00\
.\x00p\x00y\x08\x00\x00\x00\x00\x06\x00\x00\x005I\
nvalid relative \
path. Example: o\
k_tasks/LabelEnu\
m.py\x07\x00\x00\x00\x0bTemplat\
eTab\x01\x03\x00\x00\x00\x06\xb9\xc8\xd0l\xc5\xc5\
\x08\x00\x00\x00\x00\x06\x00\x00\x00\x06Markup\
\x07\x00\x00\x00\x0bTemplateTab\
\x01\x03\x00\x00\x00\x1a\xc8\x00\xc7\xa5\xd5`\x00 \xc8\xfc\
\xc1\x1d\xc7t\x00 \xc5\xc6\xc2\xb5\xb2\xc8\xb2\xe4\x00.\
\x08\x00\x00\x00\x00\x06\x00\x00\x00\x17No ann\
otations to save\
.\x07\x00\x00\x00\x0bTemplateTa\
b\x01\x03\x00\x00\x00@\xce\xa1\xcc\x98\x00 \xbc)\xbc\
\x95\xc7D\x00 \xc0\xac\xc6\xa9\xd5`\x00 \xc2\x18\x00\
 \xc5\xc6\xc2\xb5\xb2\xc8\xb2\xe4\x00.\x00 \xba<\xc8\
\x00\x00 \xce\xa1\xcc\x98\xb9|\x00 \xc2\xdc\xc7\x91\xd5\
X\xc18\xc6\x94\x00.\x08\x00\x00\x00\x00\x06\x00\x00\x00\
8No capture meth\
od available. Pl\
ease start captu\
re first.\x07\x00\x00\x00\x0bTe\
mplateTab\x01\x03\x00\x00\x00\x12\xd1\
\x5c\xd5\x0c\xb9\xbf\xc7t\x00 \xc5\xc6\xc2\xb5\xb2\xc8\xb2\
\xe4\x08\x00\x00\x00\x00\x06\x00\x00\x00\x10No te\
mplates yet\x07\x00\x00\x00\x0b\
TemplateTab\x01\x03\x00\x00\x00\
\x04\xd6U\xc7x\x08\x00\x00\x00\x00\x06\x00\x00\x00\x02O\
K\x07\x00\x00\x00\x0bTemplateTa\
b\x01\x03\x00\x00\x00>\xac\xbd\xb8\x5c\xb2\x94\x00 \xc6\
\xcc\xd0l\xc2\xa4\xd3\x98\xc7t\xc2\xa4\x00 \xb8\xe8\xd2\
\xb8\xb9|\x00 \xae0\xc9\x00\xc7<\xb8\x5c\x00 \xd5\
\x5c\x00 \xc0\xc1\xb3\x00\x00 \xac\xbd\xb8\x5c\xc7\x85\xb2\
\xc8\xb2\xe4\x00.\x08\x00\x00\x00\x00\x06\x00\x00\x00'P\
ath is relative \
to the workspace\
 root.\x07\x00\x00\x00\x0bTempl\
ateTab\x01\x03\x00\x00\x00>\xc0\xc1\xb3\x00\
\x00 \xac\xbd\xb8\x5c\x00,\x00 \xc6\x08\x00:\x00 \
\x00o\x00k\x00_\x00t\x00a\x00s\x00k\x00s\
\x00/\x00L\x00a\x00b\x00e\x00l\x00E\x00n\
\x00u\x00m\x00.\x00p\x00y\x08\x00\x00\x00\x00\x06\
\x00\x00\x00)Relative pat\
h, e.g. ok_tasks\
/LabelEnum.py\x07\x00\x00\
\x00\x0bTemplateTab\x01\x03\x00\
\x00\x00\x04\xc8\x00\xc7\xa5\x08\x00\x00\x00\x00\x06\x00\x00\x00\
\x04Save\x07\x00\x00\x00\x0bTempla\
teTab\x01\x03\x00\x00\x00\x0a\xc8\x00\xc7\xa5\x00\
 \xc7\x04\xceX\x08\x00\x00\x00\x00\x06\x00\x00\x00\x07S\
ave To\x07\x00\x00\x00\x0bTempl\
ateTab\x01\x03\x00\x00\x00\x1a\xc11\xac\xf5\
\xc8\x01\xc7<\xb8\x5c\x00 \xc8\x00\xc7\xa5\xb4(\x00:\
\x00 \x00{\x00}\x08\x00\x00\x00\x00\x06\x00\x00\x00\x22\
Save completed s\
uccessfully to: \
{}\x07\x00\x00\x00\x0bTemplateT\
ab\x01\x03\x00\x00\x00\x08\xc2\xa4\xd0l\xb9\xb0\xc0\xf7\
\x08\x00\x00\x00\x00\x06\x00\x00\x00\x0aScreen\
shot\x07\x00\x00\x00\x0bTemplat\
eTab\x01\x03\x00\x00\x00\x18\xc2\xa4\xd0l\xb9\xb0\
\xc0\xf7\x00 \xc8\x00\xc7\xa5\xb4(\x00:\x00 \x00{\
\x00}\x08\x00\x00\x00\x00\x06\x00\x00\x00\x14Scre\
enshot saved: {}\
\x07\x00\x00\x00\x0bTemplateTab\
\x01\x03\x00\x00\x00\x22\xc7t\xb9\x84\x00 \xb6\x10\xb2\x94\
\x00 \xcet\xd1L\xac\xe0\xb9\xac\xb8\x5c\x00 \xac\x80\
\xc0\xc9\x00.\x00.\x00.\x08\x00\x00\x00\x00\x06\x00\x00\
\x00\x1dSearch by name\
 or category...\x07\
\x00\x00\x00\x0bTemplateTab\x01\
\x03\x00\x00\x00\x04\xc11\xac\xf5\x08\x00\x00\x00\x00\x06\x00\
\x00\x00\x07Success\x07\x00\x00\x00\x0bT\
emplateTab\x01\x03\x00\x00\x00\x0e\
\xc2\xa4\xd0l\xb9\xb0\xc0\xf7\x00 \xcd,\xc6\x01\x08\x00\
\x00\x00\x00\x06\x00\x00\x00\x0fTake Scr\
eenshot\x07\x00\x00\x00\x0bTemp\
lateTab\x01\x03\x00\x00\x00\x22\x00a\x00\
s\x00s\x00e\x00t\x00s\x00 \x00(\xb3\xc5\xb9\
\xbd\x00 \xc2\xe4\xd5\x89\xd6\x15\x00 \xc5q\x00)\x08\
\x00\x00\x00\x00\x06\x00\x00\x00\x17assets \
(standalone app)\
\x07\x00\x00\x00\x0bTemplateTab\
\x01\x03\x00\x00\x004\x00o\x00k\x00_\x00t\x00a\
\x00s\x00k\x00s\x00/\x00a\x00s\x00s\x00e\
\x00t\x00s\x00 \x00(\xc0\xac\xc6\xa9\xc7\x90\x00 \
\xc2\xa4\xd0l\xb9\xbd\xd2\xb8\x00)\x08\x00\x00\x00\x00\x06\
\x00\x00\x00 ok_tasks/ass\
ets (custom scri\
pts)\x07\x00\x00\x00\x0bTemplat\
eTab\x01\x03\x00\x00\x00H\xc8\x15\xb9\xd0\xb8\x5c\
\x00 \x00{\x00v\x00e\x00r\x00s\x00i\x00o\
\x00n\x00}\x00 \x00{\x00t\x00y\x00p\x00e\
\x00}\x00(\xc7<\x00)\xb8\x5c\x00 \xc5\xc5\xb3p\
\xc7t\xd2\xb8\xd5X\xc2\xdc\xac\xa0\xc2\xb5\xb2\xc8\xaeL\
\x00?\x08\x00\x00\x00\x00\x06\x00\x00\x004Are \
you sure you wan\
t to update to {\
version} {type}?\
\x07\x00\x00\x00\x0bVersionCard\
\x01\x03\x00\x00\x00\x16\xc5\xc5\xb3p\xc7t\xd2\xb8\x00 \
\xd6U\xc7x\x00 \xc6$\xb9X\x00!\x08\x00\x00\x00\
\x00\x06\x00\x00\x00\x17Check for \
update error!\x07\x00\x00\
\x00\x0bVersionCard\x01\x03\x00\
\x00\x00\x0e\xc5\xc5\xb3p\xc7t\xd2\xb8\x00 \xd6U\xc7\
x\x08\x00\x00\x00\x00\x06\x00\x00\x00\x11Check\
 for updates\x07\x00\x00\x00\
\x0bVersionCard\x01\x03\x00\x00\
\x00\x12\xc5\xc5\xb3p\xc7t\xd2\xb8\x00 \xd6U\xc7x\
\x00 \xc9\x11\x08\x00\x00\x00\x00\x06\x00\x00\x00\x14Ch\
ecking for updat\
es\x07\x00\x00\x00\x0bVersionCa\
rd\x01\x03\x00\x00\x00\x06\xb5\x14\xbc\x84\xad\xf8\x08\x00\
\x00\x00\x00\x06\x00\x00\x00\x05Debug\x07\x00\x00\
\x00\x0bVersionCard\x01\x03\x00\
\x00\x008\xb2\xe4\xc6\xb4\xb8\x5c\xb4\xdc\x00 \xc9\x11\x00\
 \x00{\x00p\x00r\x00o\x00g\x00r\x00e\x00\
s\x00s\x00}\x00 \x00{\x00p\x00e\x00r\x00\
c\x00e\x00n\x00t\x00}\x00%\x08\x00\x00\x00\x00\
\x06\x00\x00\x00!Downloading\
 {progress} {per\
cent}%\x07\x00\x00\x00\x0bVersi\
onCard\x01\x03\x00\x00\x00\x18\xc0\xc8\x00 \
\xbc\x84\xc8\x04\xc7D\x00 \xcc>\xc5X\xc2\xb5\xb2\xc8\
\xb2\xe4\x00!\x08\x00\x00\x00\x00\x06\x00\x00\x00\x12Fo\
und new version!\
\x07\x00\x00\x00\x0bVersionCard\
\x01\x03\x00\x00\x00\x04\xc8\x15\xbc\xf4\x08\x00\x00\x00\x00\x06\
\x00\x00\x00\x04Info\x07\x00\x00\x00\x0bVer\
sionCard\x01\x03\x00\x00\x00\x06\xb9\xb4\
\xb9\xac\xc2\xa4\x08\x00\x00\x00\x00\x06\x00\x00\x00\x07Re\
lease\x07\x00\x00\x00\x0bVersio\
nCard\x01\x03\x00\x00\x00\x18\xc7t\xbb\xf8\x00\
 \xcd\x5c\xc2\xe0\x00 \xbc\x84\xc8\x04\xc7\x85\xb2\xc8\xb2\
\xe4\x00!\x08\x00\x00\x00\x00\x06\x00\x00\x00\x1bThi\
s is the newest \
version!\x07\x00\x00\x00\x0bVer\
sionCard\x01\x03\x00\x00\x00\x0e\xc9\xc0\
\xae\x08\x00 \xc5\xc5\xb3p\xc7t\xd2\xb8\x08\x00\x00\x00\
\x00\x06\x00\x00\x00\x0aUpdate Now\
\x07\x00\x00\x00\x0bVersionCard\
\x01\x03\x00\x00\x002\x00{\x00v\x00e\x00r\x00s\
\x00i\x00o\x00n\x00}\x00 \x00{\x00t\x00y\
\x00p\x00e\x00}\x00(\xc7<\x00)\xb8\x5c\x00 \
\xc5\xc5\xb3p\xc7t\xd2\xb8\x08\x00\x00\x00\x00\x06\x00\x00\
\x00\x1aUpdate to {ver\
sion} {type}\x07\x00\x00\x00\
\x0bVersionCard\x01\x03\x00\x00\
\x00\x04\xc5L\xb9\xbc\x08\x00\x00\x00\x00\x06\x00\x00\x00\x05\
Alert\x07\x00\x00\x00\x03app\x01\x03\x00\
\x00\x00\x1c\xc7t\xbb\xf8\x00 \xbc\x84\xc8\x04\xc7<\xb8\
\x5c\x00 \xc5\xc5\xb3p\xc7t\xd2\xb8\xb4(\x00:\x08\
\x00\x00\x00\x00\x06\x00\x00\x00\x1bAlready\
 updated to vers\
ion:\x07\x00\x00\x00\x03app\x01\x03\x00\x00\
\x00&\xb2\xe4\xb9x\x00 \xc7x\xc2\xa4\xd14\xc2\xa4\
\xac\x00\x00 \xc7t\xbb\xf8\x00 \xc2\xe4\xd5\x89\x00 \
\xc9\x11\xc7\x85\xb2\xc8\xb2\xe4\x08\x00\x00\x00\x00\x06\x00\x00\
\x00#Another instan\
ce is already ru\
nning\x07\x00\x00\x00\x03app\x01\x03\x00\
\x00\x00f\xc5q\x00 \xc2\xdc\xc7\x91\x00 \xc6$\xb9\
X\x00.\x00 \xc1$\xceX\x00 \xd3\xf4\xb3T\xb9\
|\x00 \x00W\x00i\x00n\x00d\x00o\x00w\x00\
s\x00 \x00D\x00e\x00f\x00e\x00n\x00d\x00\
e\x00r\x00 \xc6\x08\xc6x\xc5\xd0\x00 \xcd\x94\xac\
\x00\xd5X\xac\xe0\x00 \xb2\xe4\xc2\xdc\x00 \xc1$\xce\
X\xd5X\xc18\xc6\x94\x00:\x08\x00\x00\x00\x00\x06\x00\
\x00\x00fApp startup e\
rror. Please add\
 the installatio\
n folder to the \
Windows Defender\
 whitelist and r\
einstall:\x07\x00\x00\x00\x03ap\
p\x01\x03\x00\x00\x00\x04\xc7\x90\xb3\xd9\x08\x00\x00\x00\x00\
\x06\x00\x00\x00\x04Auto\x07\x00\x00\x00\x03ap\
p\x01\x03\x00\x00\x00\x1a\xac\x8c\xc7\x84\x00 \xcc=\x00\
 \xd0l\xae0\x00 \xc7\x90\xb3\xd9\x00 \xc8p\xc8\
\x08\x08\x00\x00\x00\x00\x06\x00\x00\x00\x17Auto \
Resize Game Wind\
ow\x07\x00\x00\x00\x03app\x01\x03\x00\x00\x00\x10\
\xac\x8c\xc7\x84\x00 \xc7\x90\xb3\xd9\x00 \xc2\xdc\xc7\x91\
\x08\x00\x00\x00\x00\x06\x00\x00\x00\x0fAuto S\
tart Game\x07\x00\x00\x00\x03ap\
p\x01\x03\x00\x00\x00\x1e\xc5q\x00 \xc2\xdc\xc7\x91\x00\
 \xc2\xdc\x00 \xac\x8c\xc7\x84\x00 \xc7\x90\xb3\xd9\x00\
 \xc2\xdc\xc7\x91\x08\x00\x00\x00\x00\x06\x00\x00\x00\x1fA\
uto Start Game W\
hen App Starts\x07\x00\
\x00\x00\x03app\x01\x03\x00\x00\x00\x1e\xac\x8c\xc7\x84\
\xc7t\x00 \xc8\x85\xb8\xcc\xb4\x18\xc5\xb4\x00 \xc7\x90\
\xb3\xd9\x00 \xc8\x85\xb8\xcc\xb4(\x08\x00\x00\x00\x00\x06\
\x00\x00\x00\x1dAuto exit be\
cause game exite\
d\x07\x00\x00\x00\x03app\x01\x03\x00\x00\x00\x0a\xae\
0\xbc\xf8\x00 \xc65\xc1X\x08\x00\x00\x00\x00\x06\x00\
\x00\x00\x0dBasic Options\
\x07\x00\x00\x00\x03app\x01\x03\x00\x00\x00\x0a\xbc\xa0\
\xd0\xc0\x00 \xbc\x84\xc8\x04\x08\x00\x00\x00\x00\x06\x00\x00\
\x00\x0cBeta Version\x07\x00\
\x00\x00\x03app\x01\x03\x00\x00\x00\x04\xbe\x14\xb7\xec\
\x08\x00\x00\x00\x00\x06\x00\x00\x00\x04Blur\x07\x00\
\x00\x00\x03app\x01\x03\x00\x00\x00\x0e\xac\x00\xb9\xbc\
\x00 \xc5L\xac\xe0\xb9\xac\xc9\x98\x08\x00\x00\x00\x00\x06\
\x00\x00\x00\x0eBlur Algorit\
hm\x07\x00\x00\x00\x03app\x01\x03\x00\x00\x00@\
\xac\x8c\xc7\x84\x00 \x00U\x00I\x00D\x00 \xb4\xf1\
\xc7D\x00 \xd7P\xb9\xac\xac\x8c\x00 \xd4\x5c\xc2\xdc\
\xd5X\xc5\xec\x00 \x00O\x00L\x00E\x00D\x00 \
\xc2\x18\xba\x85\xc7D\x00 \xb2\x98\xb9\xbd\xb2\xc8\xb2\xe4\
\x08\x00\x00\x00\x00\x06\x00\x00\x00&Blur G\
ame UID etc to e\
nhance OLED life\
\x07\x00\x00\x00\x03app\x01\x03\x00\x00\x00\x10\xac\x00\
\xb9\xbc\x00 \xd6U\xc7x\x00 \xac\x04\xac\xa9\x08\x00\
\x00\x00\x00\x06\x00\x00\x00\x0dBlur Int\
erval\x07\x00\x00\x00\x03app\x01\x03\x00\
\x00\x00,\x00p\x00y\x00t\x00h\x00o\x00n\x00\
 \x00v\x00e\x00n\x00v\xb9|\x00 \xcc>\xc7\
D\x00 \xc2\x18\x00 \xc5\xc6\xc2\xb5\xb2\xc8\xb2\xe4\x08\
\x00\x00\x00\x00\x06\x00\x00\x00\x16Can't f\
ind python venv\x07\
\x00\x00\x00\x03app\x01\x03\x00\x00\x00\x04\xcd\xe8\xc1\
\x8c\x08\x00\x00\x00\x00\x06\x00\x00\x00\x06Cance\
l\x07\x00\x00\x00\x03app\x01\x03\x00\x00\x00\x12\xce\
\xa1\xcc\x98\x00 \xd5\x04\xb8\x08\xc7\x84\x00 \xc1\x8d\xb3\
\xc4\x08\x00\x00\x00\x00\x06\x00\x00\x00\x12Captu\
re Frame Rate\x07\x00\x00\
\x00\x03app\x01\x03\x00\x00\x00\x10\xce\xa1\xcc\x98\x00\
 \xc9\xc0\xc5\xf0\x00 \xc2\xdc\xac\x04\x08\x00\x00\x00\x00\
\x06\x00\x00\x00\x0fCapture Lat\
ency\x07\x00\x00\x00\x03app\x01\x03\x00\x00\
\x00\x04\xc9\x11\xadm\x08\x00\x00\x00\x00\x06\x00\x00\x00\x05\
China\x07\x00\x00\x00\x03app\x01\x03\x00\
\x00\x00\x04\xd6U\xc7x\x08\x00\x00\x00\x00\x06\x00\x00\x00\
\x07Confirm\x07\x00\x00\x00\x03app\
\x01\x03\x00\x00\x00\x16\x00v\x00e\x00n\x00v\x00 \
\xc0\xdd\xc11\x00 \xc2\xe4\xd3(\x00.\x08\x00\x00\x00\
\x00\x06\x00\x00\x00\x13Create ven\
v failed.\x07\x00\x00\x00\x03ap\
p\x01\x03\x00\x00\x00\x14\xc7X\xc8t\xc11\x00 \xc0\
\xad\xc8\x1c\x00 \xc11\xac\xf5\x00!\x08\x00\x00\x00\x00\
\x06\x00\x00\x00\x1cDelete depe\
ndencies success\
!\x07\x00\x00\x00\x03app\x01\x03\x00\x00\x00\x04\xc9\
\xc4\xb2\xe8\x08\x00\x00\x00\x00\x06\x00\x00\x00\x09Dia\
gnosis\x07\x00\x00\x00\x03app\x01\x03\
\x00\x00\x00\x0a\xbe\x14\xb7\xec\x00 \xc0\xac\xc6\xa9\x08\x00\
\x00\x00\x00\x06\x00\x00\x00\x0bEnable B\
lur\x07\x00\x00\x00\x03app\x01\x03\x00\x00\x00\
\x04\xc6$\xb9X\x08\x00\x00\x00\x00\x06\x00\x00\x00\x05E\
rror\x07\x00\x00\x00\x03app\x01\x03\x00\x00\
\x00\x0e\xc7\x91\xc5\xc5\x00 \xd6\xc4\x00 \xc8\x85\xb8\xcc\
\x08\x00\x00\x00\x00\x06\x00\x00\x00\x0fExit A\
fter Task\x07\x00\x00\x00\x03ap\
p\x01\x03\x00\x00\x00\x18\xac\x8c\xc7\x84\x00 \xc8\x85\xb8\
\xcc\x00 \xc2\xdc\x00 \xc5q\x00 \xc8\x85\xb8\xcc\x08\
\x00\x00\x00\x00\x06\x00\x00\x00\x18Exit Ap\
p when Game Exit\
s\x07\x00\x00\x00\x03app\x01\x03\x00\x00\x00\x18\xac\
\x8c\xc7\x84\xc7t\x00 \xc8\x85\xb8\xcc\xb4\x18\xc5\xb4\x00\
 \xc8\x85\xb8\xcc\xb4(\x08\x00\x00\x00\x00\x06\x00\x00\x00\
\x18Exit because ga\
me exited\x07\x00\x00\x00\x03ap\
p\x01\x03\x00\x00\x000\xc7\x91\xc5\xc5\xc7t\x00 \xc1\
1\xac\xf5\xc8\x01\xc7<\xb8\x5c\x00 \xc2\xe4\xd5\x89\xb4\
\x1c\x00 \xd6\xc4\x00 \xac\x8c\xc7\x84\xac\xfc\x00 \xc5\
q\x00 \xc8\x85\xb8\xcc\x08\x00\x00\x00\x00\x06\x00\x00\x00\
?Exit the Game a\
nd the App after\
 Successfully Ex\
ecuting the Task\
\x07\x00\x00\x00\x03app\x01\x03\x00\x00\x00\x0e\xc2\xe4\
\xd5\x89\x00 \xd6\xc4\x00 \xc8\x85\xb8\xcc\x08\x00\x00\x00\
\x00\x06\x00\x00\x00\x14Exit_After\
_Execution\x07\x00\x00\x00\x03a\
pp\x01\x03\x00\x00\x00\x22\xc6\xd0\xac\xa9\x00 \xbc\x84\
\xc8\x04\x00 \xba\xa9\xb8]\x00 \xac\x00\xc88\xc6$\
\xae0\x00 \xc6$\xb9X\x00!\x08\x00\x00\x00\x00\x06\
\x00\x00\x00 Fetch remote\
 version list er\
ror!\x07\x00\x00\x00\x03app\x01\x03\x00\x00\
\x00\x0e\xcd\x1d\x00 \xd5\x04\xb8\x08\xc7\x84\x00 \xc2\x18\
\x08\x00\x00\x00\x00\x06\x00\x00\x00\x0bFrame \
Count\x07\x00\x00\x00\x03app\x01\x03\x00\
\x00\x00\x0c\xac\x8c\xc7\x84\x00 \xd5t\xc0\xc1\xb3\xc4\x08\
\x00\x00\x00\x00\x06\x00\x00\x00\x0fGame Re\
solution\x07\x00\x00\x00\x03app\
\x01\x03\x00\x00\x00\x0c\xac\x8c\xc7\x84\x00 \xc0\xac\xc6\xb4\
\xb4\xdc\x08\x00\x00\x00\x00\x06\x00\x00\x00\x0aGame\
 Sound\x07\x00\x00\x00\x03app\x01\x03\
\x00\x00\x00\x06\xae\x00\xb8\x5c\xbc\x8c\x08\x00\x00\x00\x00\x06\
\x00\x00\x00\x06Global\x07\x00\x00\x00\x03a\
pp\x01\x03\x00\x00\x00\x06\xb2\xe8\xcd\x95\xd0\xa4\x08\x00\
\x00\x00\x00\x06\x00\x00\x00\x06HotKey\x07\x00\
\x00\x00\x03app\x01\x03\x00\x00\x00Z\x00C\x00P\
\x00U\x00/\x00G\x00P\x00U\x00 \xc0\xac\xc6\xa9\
\xb7\xc9\xc7D\x00 \xc9\x04\xc7t\xae0\x00 \xc7\x04\
\xd5t\x00 \xd2\xb8\xb9\xac\xacp\x00 \xc7\x91\xc5\xc5\
\x00 \xc0\xac\xc7t\xc7X\x00 \xc9\xc0\xc5\xf0\x00 \
\xc2\xdc\xac\x04\x00 \xb2\x98\xb9\xac\xae0\x00(\xbc\x00\
\xb9\xac\xcd\x08\x00)\x08\x00\x00\x00\x00\x06\x00\x00\x00J\
Increase Delay b\
etween Trigger T\
asks to Reduce C\
PU/GPU Usage(Mil\
liseconds)\x07\x00\x00\x00\x03a\
pp\x01\x03\x00\x00\x00\x04\xc8\x15\xbc\xf4\x08\x00\x00\x00\
\x00\x06\x00\x00\x00\x04Info\x07\x00\x00\x00\x03a\
pp\x01\x03\x00\x00\x00\x08\xc7x\xd3\x98\xc7x\xd2\xb8\
\x08\x00\x00\x00\x00\x06\x00\x00\x00\x07Inpain\
t\x07\x00\x00\x00\x03app\x01\x03\x00\x00\x00\x5c\xc7\
X\xc8t\xc11\x00 \xc1$\xceX\x00 \xc2\xe4\xd3\
(\x00,\x00 \xc5\xc5\xb3p\xc7t\xd2\xb8\x00 \xc1\
\x8c\xc2\xa4\xb9|\x00 \xbc\xc0\xac\xbd\xd5X\xacp\xb0\
\x98\x00 \xc8\x04\xcc\xb4\x00 \xbc\x84\xc8\x04\xc7D\x00\
 \xb2\xe4\xc2\xdc\x00 \xb2\xe4\xc6\xb4\xb8\x5c\xb4\xdc\xd5\
t\x00 \xbc\xf4\xc18\xc6\x94\x00!\x08\x00\x00\x00\x00\
\x06\x00\x00\x00]Install dep\
endencies failed\
, try changing t\
he update source\
, or re-download\
 the full versio\
n!\x07\x00\x00\x00\x03app\x01\x03\x00\x00\x00P\
\xc1$\xceX\x00 \xac\xbd\xb8\x5c\x00 \x00{\x00p\
\x00a\x00t\x00h\x00}\xb2\x94\x00 \xc6\x01\xbb8\
\x00 \xac\xbd\xb8\x5c\xc5\xec\xc5|\x00 \xd5i\xb2\xc8\
\xb2\xe4\x00.\x00 \xb2\xe4\xb9x\x00 \xac\xbd\xb8\x5c\
\xb8\x5c\x00 \xc7t\xb3\xd9\xd5X\xc18\xc6\x94\x00.\
\x08\x00\x00\x00\x00\x06\x00\x00\x00AInstal\
l dir {path} mus\
t be an English \
path, move to an\
other path.\x07\x00\x00\x00\x03\
app\x01\x03\x00\x00\x00\x14\xc2\xdc\xc7\x91\x00 \xd6\
\xc4\x00 \xb7\xf0\xcc\x98\x00 \xc8\x85\xb8\xcc\x08\x00\x00\
\x00\x00\x06\x00\x00\x00\x19Kill Laun\
cher After Start\
\x07\x00\x00\x00\x03app\x01\x03\x00\x00\x00\x10\x00D\
\x00X\x001\x001\xb8\x5c\x00 \xc2\xdc\xc7\x91\x08\x00\
\x00\x00\x00\x06\x00\x00\x00\x10Launch w\
ith DX11\x07\x00\x00\x00\x03app\
\x01\x03\x00\x00\x00\x06\xbaT\xba\xa8\xb9\xac\x08\x00\x00\x00\
\x00\x06\x00\x00\x00\x06Memory\x07\x00\x00\x00\
\x03app\x01\x03\x00\x00\x00\x22\xc1$\xc8\x15\xb4\x1c\
\x00 \xc6\x01\xc5\xed\xc7D\x00 \xac\x00\xb9\xac\xb2\x94\
\x00 \xcc\x98\xb9\xac\x00 \xbc)\xbc\x95\x08\x00\x00\x00\
\x00\x06\x00\x00\x00'Method use\
d to obscure con\
figured areas\x07\x00\x00\
\x00\x03app\x01\x03\x00\x00\x00(\xb2\xeb\xc7D\x00\
 \xb5L\x00 \xcc=\xc7D\x00 \xc2\xdc\xc2\xa4\xd1\
\x5c\x00 \xd2\xb8\xb8\x08\xc7t\xb8\x5c\x00 \xcd\x5c\xc1\
\x8c\xd6T\x08\x00\x00\x00\x00\x06\x00\x00\x00+Min\
imize Window to \
System Tray when\
 Closing\x07\x00\x00\x00\x03app\
\x01\x03\x00\x00\x00\x1c\xbc1\xad\xf8\xb7|\xc6\xb4\xb4\xdc\
\xc5\xd0\xc1\x1c\x00 \xac\x8c\xc7\x84\x00 \xc7L\xc1\x8c\
\xacp\x08\x00\x00\x00\x00\x06\x00\x00\x00\x1dMute\
 Game while in B\
ackground\x07\x00\x00\x00\x03ap\
p\x01\x03\x00\x00\x00\x1a\xc0\xc8\x00 \xbc\x84\xc8\x04\x00\
 \x00{\x00}\x00 \xc0\xac\xc6\xa9\x00 \xac\x00\xb2\
\xa5\x08\x00\x00\x00\x00\x06\x00\x00\x00\x18New V\
ersion {} Availa\
ble\x07\x00\x00\x00\x03app\x01\x03\x00\x00\x00\
\x06\xc5D\xb2\xc8\xc6\x94\x08\x00\x00\x00\x00\x06\x00\x00\x00\
\x02No\x07\x00\x00\x00\x03app\x01\x03\x00\x00\x00\
\x04\xc5\xc6\xc7L\x08\x00\x00\x00\x00\x06\x00\x00\x00\x04N\
one\x07\x00\x00\x00\x03app\x01\x03\x00\x00\x00\
\x12\x00O\x00C\x00R\x00 \xc9\xc0\xc5\xf0\x00 \xc2\
\xdc\xac\x04\x08\x00\x00\x00\x00\x06\x00\x00\x00\x0bOCR\
 Latency\x07\x00\x00\x00\x03app\
\x01\x03\x00\x00\x00\x04\xc7\x91\xc5\xc5\x08\x00\x00\x00\x00\x06\
\x00\x00\x00\x09Operation\x07\x00\x00\
\x00\x03app\x01\x03\x00\x00\x00\x1e\xac\x8c\xc7\x84\xc7\
t\x00 \xc8\x85\xb8\xcc\xb4\x18\xc5\xb4\x00 \xc7|\xc2\
\xdc\x00 \xc9\x11\xc9\xc0\xb4(\x08\x00\x00\x00\x00\x06\x00\
\x00\x00\x1aPaused becaus\
e game exited\x07\x00\x00\
\x00\x03app\x01\x03\x00\x00\x00<\xac\x8c\xc7\x84\x00\
 \xcc=\xc7t\x00 \xcd\x5c\xc1\x8c\xd6T\xb4\x18\xc5\
\xc8\xacp\xb0\x98\x00 \xd6T\xbat\x00 \xbc\x16\xc5\
\xd0\x00 \xc7\x88\xc5\xb4\x00 \xc7|\xc2\xdc\x00 \xc9\
\x11\xc9\xc0\xb4(\x00!\x08\x00\x00\x00\x00\x06\x00\x00\x00\
9Paused because \
game window is m\
inimized or out \
of screen!\x07\x00\x00\x00\x03a\
pp\x01\x03\x00\x00\x00\x0c\xc11\xb2\xa5\x00 \xd1L\
\xc2\xa4\xd2\xb8\x08\x00\x00\x00\x00\x06\x00\x00\x00\x10Pe\
rformance Test\x07\x00\
\x00\x00\x03app\x01\x03\x00\x00\x00D\x00M\x00u\
\x00M\x00u\x00P\x00l\x00a\x00y\x00e\x00r\
\x00 \xc1$\xc8\x15\xc5\xd0\xc1\x1c\x00 \xbc1\xad\xf8\
\xb7|\xc6\xb4\xb4\xdc\x00 \xc7 \xc9\xc0\x00 \xd6\x5c\
\xc11\xd6T\xb9|\x00 \xae\xbc\xc8\xfc\xc18\xc6\x94\
\x08\x00\x00\x00\x00\x06\x00\x00\x00CPlease\
 turn off enable\
 background keep\
 alive in MuMuPl\
ayer settings\x07\x00\x00\
\x00\x03app\x01\x03\x00\x00\x00\x12\xcc\x98\xb9\xac\x00\
 \xd5\x04\xb8\x08\xc7\x84\x00 \xc1\x8d\xb3\xc4\x08\x00\x00\
\x00\x00\x06\x00\x00\x00\x12Process F\
rame Rate\x07\x00\x00\x00\x03ap\
p\x01\x03\x00\x00\x00&\xcc\x98\xb9\xac\xb4\x1c\x00 \xc6\
$\xbc\x84\xb8\x08\xc7t\x00 \xc5\xc5\xb3p\xc7t\xd2\
\xb8\x00 \xac\x04\xac\xa9\x00(\xcd\x08\x00)\x08\x00\x00\
\x00\x00\x06\x00\x00\x00)Seconds b\
etween processed\
 overlay updates\
\x07\x00\x00\x00\x03app\x01\x03\x00\x00\x00\x0a\xc5H\
\xc8\x15\x00 \xbc\x84\xc8\x04\x08\x00\x00\x00\x00\x06\x00\x00\
\x00\x0eStable Version\
\x07\x00\x00\x00\x03app\x01\x03\x00\x00\x00\x10\xc5q\
\x00 \xc2\xdc\xc7\x91\x00 \xc6\x08\xc6x\x00:\x08\x00\
\x00\x00\x00\x06\x00\x00\x00\x14Start Ap\
p Exception:\x07\x00\x00\x00\
\x03app\x01\x03\x00\x00\x00\x0e\xb2\xe4\xc6\xb4\xb8\x5c\
\xb4\xdc\x00 \xc2\xdc\xc7\x91\x08\x00\x00\x00\x00\x06\x00\x00\
\x00\x11Start download\
ing\x07\x00\x00\x00\x03app\x01\x03\x00\x00\x00\
\x0a\xc2\xdc\xc7\x91\x00/\xc9\x11\xc9\xc0\x08\x00\x00\x00\x00\
\x06\x00\x00\x00\x0aStart/Stop\x07\
\x00\x00\x00\x03app\x01\x03\x00\x00\x00\x06\xc9\x11\xc9\
\xc0\xb4(\x08\x00\x00\x00\x00\x06\x00\x00\x00\x07Sto\
pped\x07\x00\x00\x00\x03app\x01\x03\x00\x00\
\x00@\xc7\x91\xc5\xc5\xc7t\x00 \xc11\xac\xf5\xc8\x01\
\xc7<\xb8\x5c\x00 \xc2\xe4\xd5\x89\xb4\x18\xc5\xc8\xc2\xb5\
\xb2\xc8\xb2\xe4\x00.\x00 \xac\x8c\xc7\x84\xac\xfc\x00 \
\xc5q\xc7D\x00 \xc8\x85\xb8\xcc\xd5i\xb2\xc8\xb2\xe4\
\x00!\x08\x00\x00\x00\x00\x06\x00\x00\x001Succ\
essfully Execute\
d Task, Exiting \
Game and App!\x07\x00\x00\
\x00\x03app\x01\x03\x00\x00\x00.\xb2\xe4\xc5\x91\xd5\
\x5c\x00 \x00W\x00i\x00n\x00d\x00o\x00w\x00\
s\x00 \xce\xa1\xcc\x98\x00 \xbc)\xc2\xdd\x00 \xac\
\x04\xc5\xd0\x00 \xc8\x04\xd6X\x08\x00\x00\x00\x00\x06\x00\
\x00\x000Switch betwee\
n different Wind\
ows capture meth\
ods\x07\x00\x00\x00\x03app\x01\x03\x00\x00\x00\
 \xb3\x00\xc0\xc1\x00 \xcc=\x00 \xd6\x5c\xc11\xd6\
T\x00:\x00 \xb1y\xd6T\x00 \xc7\xac\xac\x1c\xb4\
(\x08\x00\x00\x00\x00\x06\x00\x00\x00'Targe\
t window active:\
 Recording resum\
ed\x07\x00\x00\x00\x03app\x01\x03\x00\x00\x00&\
\xb3\x00\xc0\xc1\x00 \xcc=\x00 \xbeD\xd6\x5c\xc11\
\x00:\x00 \xb1y\xd6T\x00 \xc7|\xc2\xdc\x00 \
\xc8\x15\xc9\xc0\xb4(\x08\x00\x00\x00\x00\x06\x00\x00\x00(\
Target window in\
active: Recordin\
g paused\x07\x00\x00\x00\x03app\
\x01\x03\x00\x00\x00\x06\xd1M\xc2\xa4\xd2\xb8\x08\x00\x00\x00\
\x00\x06\x00\x00\x00\x05Texts\x07\x00\x00\x00\x03\
app\x01\x03\x00\x00\x006\xd6\x04\xc7\xac\x00 \xbc\
\x84\xc8\x04\x00 \x00{\x00}\xc7@\x00(\xb2\x94\x00\
)\x00 \xbc\x18\xb4\xdc\xc2\xdc\x00 \xc5\xc5\xb3p\xc7\
t\xd2\xb8\xd5t\xc5|\x00 \xd5i\xb2\xc8\xb2\xe4\x08\
\x00\x00\x00\x00\x06\x00\x00\x00&The cur\
rent version {} \
must be updated\x07\
\x00\x00\x00\x03app\x01\x03\x00\x00\x00\x0c\xd2\xb8\xb9\
\xac\xacp\x00 \xac\x04\xac\xa9\x08\x00\x00\x00\x00\x06\x00\
\x00\x00\x10Trigger Inter\
val\x07\x00\x00\x00\x03app\x01\x03\x00\x00\x00\
\x0a\xc5\xc5\xb3p\xc7t\xd2\xb8\x00:\x08\x00\x00\x00\x00\
\x06\x00\x00\x00\x08Updates:\x07\x00\x00\
\x00\x03app\x01\x03\x00\x00\x00\x16\x00D\x00i\x00\
r\x00e\x00c\x00t\x00M\x00L\x00 \xc0\xac\xc6\
\xa9\x08\x00\x00\x00\x00\x06\x00\x00\x00\x0cUse D\
irectML\x07\x00\x00\x00\x03app\x01\
\x03\x00\x00\x00\x1e\x00G\x00P\x00U\xb9|\x00 \xc0\
\xac\xc6\xa9\xd5X\xc5\xec\x00 \xc11\xb2\xa5\x00 \xd5\
\xa5\xc0\xc1\x08\x00\x00\x00\x00\x06\x00\x00\x00\x1eUse\
 GPU to Improve \
Performance\x07\x00\x00\x00\x03\
app\x01\x03\x00\x00\x00\x08\xcc=\x00 \xc1$\xc8\
\x15\x08\x00\x00\x00\x00\x06\x00\x00\x00\x0dWindo\
w Config\x07\x00\x00\x00\x03app\
\x01\x03\x00\x00\x00\x1a\x00W\x00i\x00n\x00d\x00o\
\x00w\x00s\x00 \xce\xa1\xcc\x98\x00 \xbc)\xc2\xdd\
\x08\x00\x00\x00\x00\x06\x00\x00\x00\x0fWindow\
s Capture\x07\x00\x00\x00\x03ap\
p\x01\x03\x00\x00\x00\x02\xc6\x08\x08\x00\x00\x00\x00\x06\x00\
\x00\x00\x03Yes\x07\x00\x00\x00\x03app\x01\x03\
\x00\x00\x00\x0a\x00{\x00}\x00 \xb7\xf0\xcc\x98\x08\x00\
\x00\x00\x00\x06\x00\x00\x00\x0b{} Launc\
her\x07\x00\x00\x00\x03app\x01\
\x00\x00\xb0\x1b\
<\
\xb8d\x18\xca\xef\x9c\x95\xcd!\x1c\xbf`\xa1\xbd\xdd\xa7\
\x00\x00\x00\x05zh_CNB\x00\x00\x13\x98\x00\x00\
\x05;\x00\x00\x07\xe3\x00\x00\x05;\x00\x00\x1d\xdd\x00\x00\
\x05;\x00\x00\x81\x99\x00\x00\x05C\x00\x00v\xab\x00\x00\
\x05O\x00\x00;\xea\x00\x00\x05O\x00\x00\x95\x0f\x00\x00\
\x07\xb2\x00\x004\xd8\x00\x005\xa8\x00\x00\x09\xdb\x00\x00\
5\xa8\x00\x00H)\x00\x00E\x82\x00\x00\x15\xad\x00\x00\
G\xa4\x00\x00\x04\xc7\x00\x00G\xa4\x00\x00E\x9a\x00\x00\
Ih\x00\x00\x16/\x00\x00Ja\x00\x00<w\x00\x00\
Q\xc9\x00\x00\x1cX\x00\x00S\x82\x00\x00\x1d\xb4\x00\x00\
V\xfe\x00\x00>\xab\x00\x00Y\xbe\x00\x00 b\x00\x00\
[\xb3\x00\x00\x5c8\x00\x00_\xc3\x00\x00<\x17\x00\x00\
_\xc3\x00\x00\x9c\x13\x00\x00hp\x00\x00Oj\x00\x00\
ih\x00\x00'N\x00\x00u\xa2\x00\x002\x01\x00\x04\
<4\x00\x00\x81a\x00\x04\x8c\xaf\x00\x00\x8a\x1b\x00\x04\
\x93\xc2\x00\x00\x8b\xa2\x00\x04\x98,\x00\x00\x10\xac\x00\x04\
\x9c\xb9\x00\x00Z\xa1\x00\x04\xa8\x8b\x00\x00\x05\xf6\x00\x04\
\xa8\x8b\x00\x00`\x90\x00\x04\xa9\x03\x00\x00\x0b\xf0\x00\x04\
\xa9\x03\x00\x00I\xba\x00\x04\xb8w\x00\x00=\xf5\x00\x04\
\xbb\x04\x00\x00z\x9b\x00\x04\xcf\x04\x00\x00@\xad\x00\x04\
\xd0%\x00\x00\x1a\x13\x00\x04\xec0\x00\x00a_\x00\x04\
\xf6\xc2\x00\x00\x0c#\x00\x04\xf6\xc2\x00\x00I\xed\x00\x05\
\x04\xcf\x00\x00@\xd4\x00\x05\x04\xcf\x00\x00N\xe5\x00\x05\
\x04\xcf\x00\x00}5\x00\x05\x04\xcf\x00\x00\x87H\x00\x05\
\x04\xcf\x00\x00\x91\xb0\x00\x05VE\x00\x00\x95+\x00\x05\
d\x95\x00\x00\x0dB\x00\x05d\x95\x00\x00KG\x00\x05\
d\x95\x00\x00Wi\x00\x05\x98\xc5\x00\x00 \x89\x00\x05\
\x98\xc5\x00\x00\x82\xa1\x00\x05\xab`\x00\x00\x22\x9a\x00\x05\
\xab`\x00\x00y\x9a\x00\x05\xab`\x00\x00{\xbf\x00\x06\
\x87\x9b\x00\x00'&\x00\x06\xd0D\x00\x00*\xe8\x00\x07\
F\xc5\x00\x001<\x00\x0a\xf2\xce\x00\x00\x5c\x83\x00\x0b\
N\x8e\x00\x00pn\x00\x16\xad\x8d\x00\x00\x14\x01\x00\x18\
Y\x81\x00\x00o\xcb\x00&\x9ed\x00\x00.\x05\x00+\
d\x91\x00\x00d\xd3\x00=G\xa5\x00\x00b\x12\x00=\
\xfa\x15\x00\x00\x07\x1d\x00C\x00\xa7\x00\x00jI\x00D\
'\xc5\x00\x001h\x00G\x96\xc4\x00\x00?\xcf\x00G\
\x96\xc4\x00\x00^\xe9\x00H,\x94\x00\x00\x88|\x00I\
\xf0A\x00\x00\x8dd\x00J+\x82\x00\x00=\xa7\x00J\
6\x95\x00\x00=\xce\x00Jd\x95\x00\x00,K\x00J\
\x809\x00\x00\x0b\xba\x00J\x809\x00\x00I\x84\x00J\
\x809\x00\x00V\x0c\x00J\xb9\xb7\x00\x00@Y\x00J\
\xb9\xb7\x00\x00t\x8e\x00J\xb9\xb7\x00\x00\x86l\x00L\
\x99b\x00\x00@\x85\x00L\x99b\x00\x00P\xb6\x00L\
\x99b\x00\x00x\x5c\x00L\x99b\x00\x00\x8ey\x00N\
\xbf\xa5\x00\x00\x1a\xb4\x00Ol\x93\x00\x00\x0cV\x00O\
l\x93\x00\x00J \x00R\xfd\xf4\x00\x00\x06\x22\x00R\
\xfd\xf4\x00\x00a\xb1\x00Tl\x95\x00\x00\x1d\x19\x00V\
\x80\x04\x00\x00\x91\xd0\x00V\x8c\x95\x00\x00>\x84\x00V\
\x8c\x95\x00\x00d\xac\x00V\x8c\x95\x00\x00y\x1e\x00V\
\x8c\x95\x00\x00{\x1b\x00V\xae\xc2\x00\x00\x1e\x91\x00X\
\xb7\xb9\x00\x00W\x97\x00Y\xe8\x85\x00\x00<\xce\x00Z\
\x8a#\x00\x00B\xb5\x00Z\xa8\x94\x00\x00e\x8f\x00Z\
\xa8\x94\x00\x00yq\x00Z\xa8\x94\x00\x00{\x99\x00Z\
\xcf\xb3\x00\x00\x9a2\x00Z\xec5\x00\x00\x06O\x00\x5c\
V\xfe\x00\x00>\xf8\x00\x5c\x83\xb5\x00\x00O@\x00\x5c\
\x83\xb5\x00\x00}\xb0\x00i2\xb4\x00\x00)~\x00j\
/\x9b\x00\x00(\xa5\x00vvN\x00\x00#|\x00v\
\x8c\x95\x00\x002f\x00z+\xc0\x00\x003\xe9\x00z\
\xe0e\x00\x004y\x00}\x9e\x01\x00\x00i\xd7\x00\x81\
(i\x00\x00X\xfb\x00\x857\xe7\x00\x00;\xb5\x00\x8d\
\x9c\x0e\x00\x00\x5c\xe5\x00\x97\x96\x04\x00\x00Vk\x00\x97\
\x96\x04\x00\x00zp\x00\xaf\x88w\x00\x00\x01q\x00\xc0\
\xb8\x84\x00\x00+\xc0\x00\xcd&\x11\x00\x00\x003\x01\x10\
\xaa^\x00\x00B\x80\x01!\xadg\x00\x00Rc\x01*\
\xd0\x97\x00\x00\x08}\x01*\xd0\x97\x00\x006\xe3\x01*\
\xd0\x97\x00\x007\x1c\x01*\xd0\x97\x00\x00{A\x016\
$q\x00\x00q\x9e\x01<\xdf5\x00\x00\x9bA\x01?\
\xf9>\x00\x00\x8d\xa8\x01@\x1dG\x00\x00?Q\x01C\
`n\x00\x00!\x1b\x01L\x05#\x00\x00\x85\xf5\x01c\
\xaa\x09\x00\x00\x0e\xee\x01c\xaa\x09\x00\x00M?\x01d\
\xa2o\x00\x00%Y\x01t#\xfd\x00\x00\x82\xf6\x01\x80\
\xad\x22\x00\x00dx\x01\x80\xad\x22\x00\x00v\x1b\x01\xaa\
\xde>\x00\x00\x92\xa2\x01\xb8\x13D\x00\x00\x15e\x01\xc1\
\xf0\x05\x00\x00U!\x01\xcaE\x8f\x00\x00\x05U\x01\xca\
E\x8f\x00\x00~8\x01\xd4VT\x00\x00\x95\x9d\x01\xd7\
k\xaa\x00\x00\x97\xea\x01\xe7\xf5T\x00\x00`9\x01\xfb\
0\xd4\x00\x00u \x02\x06F5\x00\x004E\x02\x0b\
\x08\x8e\x00\x00C\x09\x02\x19\xde;\x00\x00O\x96\x021\
\xe1\x8e\x00\x008z\x024\xfb\xbe\x00\x00\x1bG\x028\
s\xd2\x00\x00'w\x028\xd4R\x00\x00\x8eJ\x02;\
\xe2\x87\x00\x00\x88\xe0\x02C\x04~\x00\x00$U\x02l\
\x99\x03\x00\x00\x97a\x02q6u\x00\x00\x8a|\x02v\
\xb8\x09\x00\x00[\xaf\x02\xadpR\x00\x00E#\x02\xd9\
@\xf9\x00\x00\x95I\x02\xdc Q\x00\x00\x90\x12\x02\xe7\
 \xf5\x00\x00\x05\xbb\x02\xe7 \xf5\x00\x00\x16\xb6\x02\xe7\
 \xf5\x00\x00Nt\x02\xe7 \xf5\x00\x00~\xc1\x03\x00\
(\x14\x00\x00\x99\x85\x03\x09\xa2\x9e\x00\x00$\x0c\x03\x15\
*u\x00\x00\x19\xdd\x03%\xdek\x00\x00R\xb5\x03C\
L9\x00\x00\x1a;\x03K\xef\xe5\x00\x003\x1a\x03O\
\x17\x85\x00\x005\x8e\x03P\xba\x9e\x00\x00@\xfb\x03S\
\xb0\xcb\x00\x00\x0a\xea\x03W\xb0\x17\x00\x00r\xb4\x03X\
\x11u\x00\x00`\x06\x03]\xe0\x17\x00\x00\x1c\x7f\x03d\
\xa1\xce\x00\x00>\x1b\x03v\xe01\x00\x00j\x8f\x03\x8d\
\x17\xe3\x00\x00uz\x03\x9d\xfdE\x00\x00]\xbc\x03\xab\
G\xff\x00\x00M\x97\x03\xc5\xefz\x00\x00\x16\x80\x03\xcc\
\xfa\xa3\x00\x00\x02\x15\x03\xcdG\xa5\x00\x00,{\x03\xee\
\xf3\xfa\x00\x00 \xe5\x04\x14S\xf5\x00\x00\x118\x04\x1b\
\xf0d\x00\x00\x96^\x04(U\xc4\x00\x00\x99\xda\x04K\
+\x03\x00\x00E\xc6\x04L\xedM\x00\x00\x88\x1e\x04d\
`5\x00\x000\x99\x04e\xafi\x00\x00\x0c\xc1\x04e\
\xafi\x00\x00K\x0f\x04e\xafi\x00\x00W\x02\x04l\
u\x90\x00\x00G\x13\x04r\x80\xd4\x00\x00NB\x04r\
\x80\xd4\x00\x00|\xdb\x04r\xd0\x03\x00\x00B\xdd\x04\x87\
p\xc8\x00\x00,\x02\x04\x8f\x07Y\x00\x00Z\xe7\x04\x90\
\x894\x00\x00Y\x9b\x04\x94\xa8\x84\x00\x00k\x05\x04\x98\
I\xbc\x00\x00\x04\xf4\x04\x98I\xbc\x00\x00\x06\xf4\x04\x98\
I\xbc\x00\x00\x08\xb0\x04\x98I\xbc\x00\x00\x0a|\x04\x98\
I\xbc\x00\x00\x0fF\x04\x98I\xbc\x00\x00\x16V\x04\x98\
I\xbc\x00\x007T\x04\x98I\xbc\x00\x008\x15\x04\x98\
I\xbc\x00\x00F\x04\x04\x98I\xbc\x00\x00H\xca\x04\x98\
I\xbc\x00\x00O\xec\x04\x98I\xbc\x00\x00}\xd3\x04\x98\
I\xbc\x00\x00~\x97\x04\x98I\xbc\x00\x00\x8c\xe1\x04\x99\
n\x95\x00\x00:\xb8\x04\xa0\xb2*\x00\x00\x22Q\x04\xa1\
L\x85\x00\x00\x22\x13\x04\xa2\xcb\xd7\x00\x00_\x11\x04\xa8\
\xb8\xa5\x00\x00\x0a\xb3\x04\xac,\xa5\x00\x00PQ\x04\xac\
,\xa5\x00\x00V;\x04\xac,\xa5\x00\x00z\x19\x04\xac\
,\xa5\x00\x00~\xf7\x04\xac\xab]\x00\x00\x0b7\x04\xac\
\xab]\x00\x00I\x01\x04\xac\xab]\x00\x00U\xda\x04\xc2\
\x8f\xa2\x00\x00uO\x04\xc4y%\x00\x00|\x7f\x04\xcf\
v\x94\x00\x00\x18\xf5\x04\xd1\x1fR\x00\x00vN\x04\xd5\
P\xa4\x00\x00-\xd5\x04\xd5Z\xc4\x00\x00.u\x04\xd5\
n\xc4\x00\x00.\xd6\x04\xe0\x8f\xb2\x00\x00<\x9f\x04\xe3\
X|\x00\x00\x90\xe0\x04\xe6\xf1\xdf\x00\x00\x852\x04\xed\
Y\xc4\x00\x00\x13g\x04\xf4\x18N\x00\x00\x22\xed\x04\xf6\
\x91\xc9\x00\x00\x91\x02\x04\xfa\x12\xa3\x00\x00\x93\xcc\x05\x14\
\x8d9\x00\x00D\xdf\x05\x1760\x00\x00\x1dB\x05\x22\
?\xe9\x00\x00bX\x05#k\x81\x00\x00w\xca\x05(\
J\xd3\x00\x00=w\x051\x10\xbe\x00\x003\x81\x056\
\x8ay\x00\x00\x8d5\x058\x92\xc0\x00\x00\x80x\x05<\
F\x99\x00\x00\x93\xaa\x05@\x5c\xa5\x00\x00\x0c\x8c\x05@\
\x5c\xa5\x00\x00JV\x05B\xdd\xac\x00\x00\x9b\x09\x05E\
\xaf\xd9\x00\x00F\xb2\x05E\xaf\xd9\x00\x00G\xaf\x05E\
\xaf\xd9\x00\x00J\x8b\x05E\xaf\xd9\x00\x00V\xd2\x05K\
\xe0\xd4\x00\x00tb\x05_/R\x00\x00.C\x05f\
j\xa7\x00\x00\x98$\x05o/\xe3\x00\x00Qm\x05v\
*I\x00\x00K\xff\x05\x80W\xc4\x00\x00^\x93\x05\x8b\
\xa6\x84\x00\x00\x1f \x05\x8cF\xc5\x00\x00GC\x05\x8c\
\xac5\x00\x00>\xd0\x05\x8c\xac5\x00\x00yG\x05\x8c\
\xac5\x00\x00{r\x05\x93\xca\x17\x00\x00[r\x05\x9a\
\x90t\x00\x00B,\x05\x9c}.\x00\x00\x83\xbe\x05\xa6\
\xecX\x00\x00+\x10\x05\xaa\x8b\xc3\x00\x00W\xf9\x05\xac\
\xdcQ\x00\x00\x03\xe2\x05\xb4\x98\xde\x00\x00\x1e\xba\x05\xbd\
\xf7S\x00\x00-)\x05\xc6\xa8\xa5\x00\x00C\xe9\x05\xd4\
\x8fX\x00\x00(\xfd\x05\xd6\x03\xff\x00\x000\x02\x05\xdb\
\xc29\x00\x00\x0e\xb7\x05\xdb\xc29\x00\x00M\x08\x05\xdb\
\xc29\x00\x00X\xcb\x05\xdd\xf9D\x00\x00\x1a\xdd\x05\xdf\
\xba\xba\x00\x00\x08\x08\x05\xe0Kg\x00\x00&L\x05\xe7\
\x0c5\x00\x00a\xd9\x06\x09\xcd\xf4\x00\x00ny\x06#\
\xc0[\x00\x004\x12\x06,\xce\xa9\x00\x00\x1e\x03\x06.\
!\xe5\x00\x004\xa2\x06.\x8e)\x00\x00k~\x06Q\
V\xe9\x00\x00\x91&\x06e2`\x00\x003\xb6\x06\x80\
\xab\x84\x00\x00\x1b\x12\x06\x816D\x00\x00\x94\x86\x06\x95\
x>\x00\x00_\xad\x06\xa2\x1a]\x00\x00y\xc2\x06\xa8\
\xa9\xaa\x00\x00\x9a\xdf\x06\xacWc\x00\x00,\xf7\x06\xae\
\xa4>\x00\x00\x80\xeb\x06\xb0\xbe\xae\x00\x00\x02H\x06\xb0\
\xbe\xae\x00\x00\x97\xbe\x06\xb5\x04\x22\x00\x00-j\x06\xb8\
\x91\xde\x00\x00!\xd2\x06\xbb]a\x00\x00o*\x06\xc4\
y%\x00\x00*G\x06\xc9\xb1\x80\x00\x001\x0c\x06\xd0\
\xbaQ\x00\x00\x91\xf7\x06\xe3v\xd4\x00\x00)\xad\x06\xe8\
\xc3G\x00\x00is\x07\x05\xe4d\x00\x00\x90\x5c\x07\x09\
W\xa2\x00\x00/8\x07\x0cHY\x00\x00\x14\xc0\x07\x11\
\x5c$\x00\x00\x13\x14\x07\x1f\x97[\x00\x00\x17\x9f\x074\
'\x12\x00\x00D\xa7\x0773\xdb\x00\x00\x8fg\x07I\
o~\x00\x00\x90\x85\x07P\xb3\xaa\x00\x00\x1a\x82\x07W\
f\x07\x00\x00\x8a;\x07^\xb4t\x00\x00\x90\xb6\x07h\
\x80$\x00\x00\x10\xd1\x07\x85\x93\xd1\x00\x00\x85\xb2\x07\x9a\
\x96,\x00\x002\xf0\x07\xa9\xbc\x84\x00\x00Ul\x07\xab\
\x06\x13\x00\x00U\xa9\x07\xab\x08\x98\x00\x005T\x07\xab\
\x1aR\x00\x005\xce\x07\xb45q\x00\x00q\x03\x07\xb5\
\xe2\xfb\x00\x00\x09\x0b\x07\xb5\xe2\xfb\x00\x00\x17\x17\x07\xb7\
U\xe4\x00\x00f\x1d\x07\xdf\x0e\xf3\x00\x00\x12\xd4\x07\xe3\
\xfd\x9b\x00\x00Q\xf6\x07\xe5$\xf3\x00\x00\x8e%\x08\x03\
\xeft\x00\x00\x083\x08\x09\x7fd\x00\x00\x07\xab\x08\x0a\
br\x00\x006D\x08\x18B%\x00\x00\x94\xcb\x08=\
\xe1s\x00\x00_B\x08B\xf3Q\x00\x00\x8d\xe5\x08E\
=\x0e\x00\x00\x00\xaf\x08E=\x0e\x00\x00\x8bx\x08F\
k\xe2\x00\x00\x9c0\x08J\x95A\x00\x00hr\x08K\
\x95\xb4\x00\x00sp\x08N\xb2\xf5\x00\x00a\x86\x08i\
5\xf4\x00\x00\x9a[\x08i\x8d\x8c\x00\x00&v\x08n\
\xd9n\x00\x00r\xe8\x08u`l\x00\x00\x9a\xad\x08\x81\
(\x11\x00\x00m\xeb\x08\x89)\xf9\x00\x00Dr\x08\x96\
\x1e\x8c\x00\x00c\xa9\x08\x9aE\xee\x00\x00-\x9d\x08\xa2\
\x93\xc7\x00\x00\x87\xec\x08\xb4\xac\x0e\x00\x00fi\x08\xba\
h\xc3\x00\x00?\xa8\x08\xbd\x8c\xc8\x00\x00R\xfe\x08\xbd\
\x8c\xc8\x00\x00e;\x08\xbd\x8c\xc8\x00\x00v\xd0\x08\xc2\
\xb8\xc5\x00\x00A\xa2\x08\xc2\xb8\xc5\x00\x00\x87p\x08\xcc\
e\x97\x00\x00v\xf8\x08\xce\x01\x9e\x00\x001\xd1\x08\xd6\
t\x12\x00\x00w'\x08\xfd\xd9#\x00\x00C\xba\x09\x06\
\xb5i\x00\x00\x84s\x09\x0bI\xc9\x00\x00\x18\x87\x09\x16\
(\xb1\x00\x00l\x91\x09)\xe2\x83\x00\x00d\x03\x09)\
\xe2\x83\x00\x00u\xad\x09+`\xfc\x00\x00Y\xed\x090\
\x8f%\x00\x00\x86\x97\x096vN\x00\x00#\xc4\x09?\
h\x89\x00\x00\x0a\x15\x09?h\x89\x00\x00Hc\x09J\
*\xb9\x00\x00\x03\x09\x09Q\xd8\xce\x00\x00\x7f\xab\x09Z\
\x7f\xad\x00\x00\x83x\x09\x5c\xa9e\x00\x00\x00\x00\x09`\
\x06\xb5\x00\x00\x0d\xb7\x09`\x06\xb5\x00\x00K|\x09a\
~\xb5\x00\x00e\xb6\x09k\xd7]\x00\x00\x00\xde\x09m\
\xf9T\x00\x00\x19\x1f\x09q\x01\xe0\x00\x00\x98Y\x09\x87\
\xbc\xc5\x00\x00?\xf7\x09\x87\xbc\xc5\x00\x00c\xda\x09\x87\
\xbc\xc5\x00\x00s\x9a\x09\x88\xbd\xa3\x00\x00`\xb7\x09\x8c\
u\xff\x00\x00\x82\xc9\x09\x91\xe0\x92\x00\x00/j\x09\x9c\
u\xa3\x00\x00\x14\x89\x09\xaa\xaa\x89\x00\x00\x82\x1e\x09\xb2\
\xf0\x1e\x00\x000\xda\x09\xc5P\x17\x00\x00O\x10\x09\xc5\
P\x17\x00\x00W\xc6\x09\xc5P\x17\x00\x00ed\x09\xc5\
P\x17\x00\x00}Y\x09\xc5\xb8\x8a\x00\x00\x89I\x09\xd1\
\x8d\xf1\x00\x00n\xe9\x09\xd5\x1e\xb5\x00\x00\x10v\x09\xd5\
\x1e\xb5\x00\x00LM\x09\xd5\x1e\xb5\x00\x00X)\x09\xd7\
\xa4d\x00\x00'\xec\x09\xde\xd1\x8d\x00\x00f\xfc\x09\xeb\
\xbf\xb5\x00\x00A\xfd\x09\xfd]\xb5\x00\x00\x0ev\x09\xfd\
]\xb5\x00\x00L\xc7\x09\xfd]\xb5\x00\x00X`\x0a\x10\
d-\x00\x00\x15\x06\x0a\x1ee\xb4\x00\x00Tb\x0a!\
\xa6o\x00\x00\x15\xd6\x0a\x22\xd2k\x00\x002\x8f\x0a0\
\xab\x94\x00\x00\x19T\x0a<j+\x00\x00\x0dw\x0a=\
\x0e\x95\x00\x00:\xeb\x0a?#\x1b\x00\x00\x0f\xf5\x0a?\
#\x1b\x00\x00\x17\xd8\x0a?#\x1b\x00\x00P\x1a\x0a?\
#\x1b\x00\x00}\x06\x0a?j[\x00\x00\x18\x0b\x0a?\
j[\x00\x00P\x7f\x0a?j[\x00\x00z@\x0aZ\
\xcc\xc5\x00\x001\xa1\x0a_\xbe\x83\x00\x00+X\x0aa\
\x13>\x00\x00x\x85\x0ad\xd0\xcd\x00\x00\x05$\x0ad\
\xd0\xcd\x00\x00\x08\xdd\x0ad\xd0\xcd\x00\x00\x0f\xc5\x0ad\
\xd0\xcd\x00\x007\xb3\x0ad\xd0\xcd\x00\x008G\x0ad\
\xd0\xcd\x00\x00Em\x0ad\xd0\xcd\x00\x00F\x82\x0ad\
\xd0\xcd\x00\x00~\x05\x0ad\xd0\xcd\x00\x00\x8d\x85\x0ae\
\xb9\x1c\x00\x00\x16\xec\x0ah\xf6\xd5\x00\x00+\x8c\x0ai\
A\x82\x00\x00;'\x0am\x82\xfc\x00\x006z\x0at\
g\x19\x00\x00\x10-\x0av\x1d\x99\x00\x00\x1c\xaa\x0av\
Z2\x00\x00=O\x0awr\xd7\x00\x00\x06|\x0ay\
_\x07\x00\x00$\x9d\x0a\x84\xfb\xa8\x00\x00&\xee\x0a\x95\
m\xe4\x00\x00*u\x0a\x96ke\x00\x00\x0c\xf9\x0a\x9a\
\xaaZ\x00\x00\x01\xa6\x0a\xa2\xfa7\x00\x00\x9b\xa7\x0a\xa7\
\xd1>\x00\x008\xf4\x0a\xadgY\x00\x00w]\x0a\xb6\
v\xe4\x00\x00\x98\x85\x0a\xb9\x9c\xf3\x00\x00\x22\xc2\x0a\xb9\
\x9c\xf3\x00\x00S\xa1\x0a\xb9\x9c\xf3\x00\x00\x84\x11\x0a\xbe\
 J\x00\x00\x07Q\x0a\xd0_d\x00\x00\x84<\x0a\xd2\
\xc0\xe5\x00\x00)H\x0a\xd8\xc4\x11\x00\x00lN\x0a\xdb\
\x09\xe4\x00\x00\x931\x0a\xe1\xb0\x85\x00\x00\x8b\xf0\x0a\xe7\
\x93\x14\x00\x00d4\x0a\xe8\xd6\x1e\x00\x00\x81\xbf\x0a\xeb\
f\x09\x00\x00:r\x0a\xffe\xee\x00\x00\x80\xa2\x0b\x03\
\xc6\x94\x00\x00\x0e:\x0b\x03\xc6\x94\x00\x00L\x8b\x0b\x09\
yE\x00\x00)\xe8\x0b\x09ye\x00\x00|S\x0b\x09\
\xa6\xc4\x00\x00<E\x0b%\xf5\x11\x00\x00\x04\x9c\x0b0\
8\xf9\x00\x00\x12`\x0b6\x01k\x00\x00Q(\x0b6\
\x08+\x00\x00P\xe3\x0bHB\xd9\x00\x00\x09\x8e\x0bH\
B\xd9\x00\x00G\xdc\x0b`\xb6\xd5\x00\x006\x10\x0bc\
\xe2\x94\x00\x00h\xfc\x0bd\xdd\xbd\x00\x00\x19\x89\x0b\x88\
3H\x00\x00(v\x0b\x8f\xdd\xb2\x00\x004\xfe\x0b\x91\
\x1f\xcc\x00\x00\x11\xf3\x0b\x92\x14 \x00\x00&\xb1\x0b\x99\
7\x8e\x00\x00r;\x0b\x9e\x96Y\x00\x00b\xd6\x0b\xab\
\x94\x0e\x00\x00s\xf5\x0b\xb7p\xde\x00\x00\x1do\x0b\xbd\
\xf2c\x00\x00\x860\x0b\xc0\x05\xe4\x00\x00\x83J\x0b\xc2\
\x05\xe4\x00\x002\xc2\x0b\xc5\x09q\x00\x00\x04q\x0b\xcb\
\x00\xae\x00\x00!\x88\x0b\xdb\x22C\x00\x00\x8a\xaf\x0b\xe3\
\xea\x81\x00\x00\x87\x9d\x0b\xee\x00\xe4\x00\x00<\xfc\x0c\x01\
\x9e\xd1\x00\x00\x95\xe5\x0c\x04\xa05\x00\x00A\xce\x0c\x05\
\x83\x83\x00\x00\x14U\x0c\x05\x83\x83\x00\x00>U\x0c\x05\
\x83\x83\x00\x00v}\x0c\x10\xbf.\x00\x00\x7f!\x0c\x13\
\xf8\xce\x00\x00\x09?\x0c\x15*\xee\x00\x00g\xfa\x0c!\
\x99\xcb\x00\x00\x8e\x9a\x0c*$W\x00\x007~\x0c*\
$W\x00\x00N\x0a\x0c*$W\x00\x00t0\x0c*\
$W\x00\x00|\xaa\x0cB\x17\xa3\x00\x00t\xec\x0cG\
\x92\xf4\x00\x00V\x9f\x0cG\x92\xf4\x00\x00z\xc0\x0cJ\
fY\x00\x003Q\x0cRV\x8e\x00\x00X\x9a\x0cV\
\x8c\xe5\x00\x005)\x0cV\xb7\xad\x00\x00\x17H\x0cX\
\x09e\x00\x00\x97/\x0cZ\xcf\x1d\x00\x00\x13\xa3\x0c^\
T\xf9\x00\x00\x0fu\x0co\x11\x8b\x00\x00\x04G\x0cu\
\x02\xbe\x00\x00F\xe1\x0cuK\x99\x00\x00t\xb8\x0cz\
\xc3\x9e\x00\x00\x11\xb3\x0cz\xdb7\x00\x00\x94%\x0c{\
\x85\x9f\x00\x00$\xd6\x0c\x80\x8a\x83\x00\x00 \xb1\x0c\x84\
\xfes\x00\x00\x99\x19\x0c\x88\xfa>\x00\x00\x95x\x0c\x90\
\xd8\xbc\x00\x00\x8cd\x0c\x92\xbc\xa1\x00\x00m9\x0c\x97\
\x12\xac\x00\x00cx\x0c\x9a\x01\xda\x00\x00%\xf3\x0c\xa1\
\xa9\x84\x00\x00/\x06\x0c\xa3\x80I\x00\x00D;\x0c\xa4\
\x91\xb5\x00\x00,\xb6\x0c\xa8h\x87\x00\x00c\x11\x0c\xa9\
_$\x00\x007\xde\x0c\xbb\x01s\x00\x00BU\x0c\xbb\
\x01s\x00\x00b\xab\x0c\xc9\xa0\x0e\x00\x00cN\x0c\xce\
\x0f\x1f\x00\x00\x1fJ\x0c\xdf\x8d\xc8\x00\x00\x06\xc3\x0c\xee\
\xd9[\x00\x00Q\xb1\x0c\xf6\x5c\xfe\x00\x00W3\x0d\x04\
,\xaf\x00\x0022\x0d\x05Rs\x00\x00\x11\x04\x0d\x18\
\x90\xf2\x00\x00;u\x0d\x1fN\x94\x00\x00S-\x0d1\
\x07\xc5\x00\x00\x9b\xd4\x0d4\xb3\xee\x00\x006\xac\x0dG\
c\xb4\x00\x00s\xc2\x0dL\xdb\xf1\x00\x00\x98\xaa\x0dU\
\x94\xe2\x00\x00.\xa5\x0dZ\xca\xe7\x00\x00/\xa0\x0d\x5c\
\xa9\x15\x00\x00(.\x0d\x5c\xec2\x00\x00/\xd1\x0d_\
\xd6C\x00\x00*\x17\x0d\x89P\x17\x00\x00&!\x0d\x89\
P\x17\x00\x00:?\x0d\x93x%\x00\x00\x01\xde\x0d\xa1\
\xc7\xc9\x00\x00u\xdd\x0d\xacz\xf3\x00\x00\x11t\x0d\xb0\
\x8e\xd4\x00\x00^/\x0d\xc5\x9e\xbe\x00\x00]S\x0d\xd3\
\x034\x00\x00\x8f\x15\x0d\xd5\xf0#\x00\x00Gr\x0d\xfc\
\x13'\x00\x0002\x0e\x0dDn\x00\x00\x1b\xb7\x0e\x11\
\x9a\xe6\x00\x00\x8c\x95\x0e!}d\x00\x00{\xe4\x0e/\
\xa2t\x00\x00\x12\x22\x0e1\xac*\x00\x00\x88\x9d\x0e;\
\xcd\x81\x00\x00\x93r\x0eD\xcd+\x00\x00J\xc2\x0eF\
\xc4\xc3\x00\x00*\xae\x0eb\xa1\xae\x00\x00\x8f\xd8\x0ee\
@\x89\x00\x00\x84\xc4\x0eg\x84\xbb\x00\x000e\x0er\
\xa2\x0e\x00\x00\x1f\xc4\x0e\xafo\xc3\x00\x00z\xea\x0e\xb1\
7\x93\x00\x00Sg\x0e\xbf\xdf:\x00\x00\x07\x7f\x0e\xcb\
%\xa2\x00\x00@%\x0e\xd3\x02\xed\x00\x00gz\x0e\xe1\
~\xa3\x00\x00\x0d\xf6\x0e\xe1~\xa3\x00\x00K\xbb\x0e\xf3\
\x11C\x00\x00\x8bK\x0f\x03\xb7\xa1\x00\x00\x87\x0c\x0f\x07\
gi\x00\x00S\xd0\x0f\x0e\x89.\x00\x00F3\x0f\x19\
\x22<\x00\x00\x0bp\x0f\x19\x22<\x00\x00I:\x0f \
s\xf1\x00\x00\x03\x97\x0f!o\xdd\x00\x00\x02y\x0f'\
\xf1\xfb\x00\x00\x03s\x0f'\xf1\xfb\x00\x00D\x16\x0f3\
\x9a\x85\x00\x00\x7fc\x0f9@\xe8\x00\x00\x03\xbe\x0fL\
\xa1\xb3\x00\x00\x1c\xe1\x0fW\xb8i\x00\x00T\xd7\x0fX\
\x1aC\x00\x00\x96\x8e\x0fXZD\x00\x00N\xad\x0fn\
1U\x00\x00Z^\x0f\x85\xef\xbe\x00\x00#5\x0f\x8a\
3\xb5\x00\x00_u\x0f\x93gi\x00\x00T\x19\x0f\x96\
\xf2!\x00\x00A.\x0f\x98N\xf4\x00\x00}\x82\x0f\x99\
+e\x00\x00\x8d\x03\x0f\x9eH$\x00\x00\x8a\xfe\x0f\xa1\
3H\x00\x00(\xce\x0f\xadN]\x00\x00\x8b\xc2\x0f\xc0\
w!\x00\x00\x04\x16\x0f\xc9X\x97\x00\x00?#\x0f\xc9\
X\x97\x00\x00w\x9d\x0f\xcc\xa8\xc4\x00\x00\x18>\x0f\xd4\
\x9eI\x00\x00\x7f\xe5\x0f\xd5U\xb3\x00\x00e\xe6\x0f\xef\
/\xd4\x00\x00T\x9d\x0f\xf4\xee^\x00\x00'\xb9\x0f\xf5\
]#\x00\x00\x8e\xcbi\x00\x00\x9c_\x03\x00\x00\x00\x08\
f\xf4e\xb0rHg,\x08\x00\x00\x00\x00\x06\x00\x00\
\x00\x0eVersion Update\
\x07\x00\x00\x00\x08@default\x01\x03\x00\
\x00\x00.\x00{\x00k\x00e\x00y\x00}\x00 \x8f\
\xd9y\xcdc\x09\x95.f/e\xe0eHv\x84\xff\
\x0c\x8b\xf7h\xc0g\xe5p\xed\x95.\x91M\x7fn\xff\
\x01\x08\x00\x00\x00\x00\x06\x00\x00\x001{key}\
 is invalid, ple\
ase check the ho\
tkey config!\x07\x00\x00\x00\
\x08@default\x01\x03\x00\x00\x00\x06m\
K\x8b\xd5rH\x08\x00\x00\x00\x00\x06\x00\x00\x00\x0cB\
eta Version\x07\x00\x00\x00\x08\
AboutTab\x01\x03\x00\x00\x00F\x96M\
~\xa7b\x10R\x9f\x00 \x00{\x00f\x00r\x00o\
\x00m\x00_\x00v\x00e\x00r\x00s\x00i\x00o\
\x00n\x00}\x00 \x00-\x00>\x00 \x00{\x00t\
\x00o\x00_\x00v\x00e\x00r\x00s\x00i\x00o\
\x00n\x00}\x08\x00\x00\x00\x00\x06\x00\x00\x000Do\
wngrade success \
{from_version} -\
> {to_version}\x07\x00\
\x00\x00\x08AboutTab\x01\x03\x00\x00\x00\
\x0aN\x0b\x8f}_\x00S\xd1rH\x08\x00\x00\x00\x00\
\x06\x00\x00\x00\x0eDownload De\
bug\x07\x00\x00\x00\x08AboutTab\
\x01\x03\x00\x00\x00\x0cN\x0b\x8f}\x95\x19\x8b\xef\x00:\
\x00 \x08\x00\x00\x00\x00\x06\x00\x00\x00\x0fDown\
load Error:\x07\x00\x00\x00\x08\
AboutTab\x01\x03\x00\x00\x00\x0aN\x0b\
\x8f}kc_\x0frH\x08\x00\x00\x00\x00\x06\x00\x00\
\x00\x10Download Relea\
se\x07\x00\x00\x00\x08AboutTab\x01\
\x03\x00\x00\x00\x08v\xf8Qs\x98yv\xee\x08\x00\x00\
\x00\x00\x06\x00\x00\x00\x0eOther Pro\
jects\x07\x00\x00\x00\x08AboutT\
ab\x01\x03\x00\x00\x00\x06kc_\x0frH\x08\x00\
\x00\x00\x00\x06\x00\x00\x00\x0eStable V\
ersion\x07\x00\x00\x00\x08About\
Tab\x01\x03\x00\x00\x00Ff\xf4e\xb0b\x10R\
\x9f\x00 \x00{\x00f\x00r\x00o\x00m\x00_\x00\
v\x00e\x00r\x00s\x00i\x00o\x00n\x00}\x00\
 \x00-\x00>\x00 \x00{\x00t\x00o\x00_\x00\
v\x00e\x00r\x00s\x00i\x00o\x00n\x00}\x08\
\x00\x00\x00\x00\x06\x00\x00\x00-Update \
success {from_ve\
rsion} -> {to_ve\
rsion}\x07\x00\x00\x00\x08About\
Tab\x01\x03\xff\xff\xff\xff\x08\x00\x00\x00\x00\x06\x00\
\x00\x00L\xe4\xbd\xa0\xe7\x9a\x84\xe6\xb8\xb8\xe6\x88\x8f\xe7\
\xbc\x96\xe5\x8f\xb7, \xe5\xa6\x82102630\
612345, \xe5\xb0\x86\xe4\xbc\x9a\xe7\xbb\
\x91\xe5\xae\x9a\xe6\xad\xa4\xe8\xb4\xa6\xe5\x8f\xb7\xe4\xbd\xbf\
\xe7\x94\xa8\xe6\x97\xa0\xe6\xb3\x95\xe6\x9b\xb4\xe6\x94\xb9\x07\
\x00\x00\x00\x09ActWindow\x01\x03\xff\
\xff\xff\xff\x08\x00\x00\x00\x00\x06\x00\x00\x00\x06\xe6\xbf\x80\
\xe6\xb4\xbb\x07\x00\x00\x00\x09ActWindo\
w\x01\x03\xff\xff\xff\xff\x08\x00\x00\x00\x00\x06\x00\x00\x00\
\x09\xe6\xbf\x80\xe6\xb4\xbb\xe7\xa0\x81\x07\x00\x00\x00\x09A\
ctWindow\x01\x03\xff\xff\xff\xff\x08\x00\
\x00\x00\x00\x06\x00\x00\x00\x06\xe8\xaf\x95\xe7\x94\xa8\x07\x00\
\x00\x00\x09ActWindow\x01\x03\xff\xff\
\xff\xff\x08\x00\x00\x00\x00\x06\x00\x00\x00\x16\xe8\xaf\xb7\xe8\
\xbe\x93\xe5\x85\xa5\xe6\xb8\xb8\xe6\x88\x8f\xe7\xbc\x96\xe5\x8f\
\xb7!\x07\x00\x00\x00\x09ActWindow\
\x01\x03\xff\xff\xff\xff\x08\x00\x00\x00\x00\x06\x00\x00\x00\x13\
\xe8\xaf\xb7\xe8\xbe\x93\xe5\x85\xa5\xe6\xbf\x80\xe6\xb4\xbb\xe7\
\xa0\x81!\x07\x00\x00\x00\x09ActWindo\
w\x01\x03\xff\xff\xff\xff\x08\x00\x00\x00\x00\x06\x00\x00\x00\
\x0c\xe8\xbd\xaf\xe4\xbb\xb6\xe6\xbf\x80\xe6\xb4\xbb\x07\x00\x00\
\x00\x09ActWindow\x01\x03\xff\xff\xff\
\xff\x08\x00\x00\x00\x00\x06\x00\x00\x00\x0d\xe9\xaa\x8c\xe8\xaf\
\x81\xe5\xa4\xb1\xe8\xb4\xa5!\x07\x00\x00\x00\x09Act\
Window\x01\x03\xff\xff\xff\xff\x08\x00\x00\x00\
\x00\x06\x00\x00\x00\x0d\xe9\xaa\x8c\xe8\xaf\x81\xe6\x88\x90\xe5\
\x8a\x9f!\x07\x00\x00\x00\x09ActWindo\
w\x01\x03\x00\x00\x00\x04m\xfbR\xa0\x08\x00\x00\x00\x00\
\x06\x00\x00\x00\x03Add\x07\x00\x00\x00\x11Add\
TextMessageBox\x01\x03\
\x00\x00\x00\x04S\xd6m\x88\x08\x00\x00\x00\x00\x06\x00\x00\
\x00\x06Cancel\x07\x00\x00\x00\x11Add\
TextMessageBox\x01\x03\
\x00\x00\x00\x04xn\x8b\xa4\x08\x00\x00\x00\x00\x06\x00\x00\
\x00\x07Confirm\x07\x00\x00\x00\x11Ad\
dTextMessageBox\x01\
\x03\x00\x00\x00\x1c`\xa8xn[\x9a\x89\x81R \x96\
d\x00 \x00'\x00{\x00}\x00'\x00 T\x17\xff\
\x1f\x08\x00\x00\x00\x00\x06\x00\x00\x00%Are y\
ou sure you want\
 to delete '{}'?\
\x07\x00\x00\x00\x10AnnotationC\
anvas\x01\x03\x00\x00\x00\x08xn\x8b\xa4R\
 \x96d\x08\x00\x00\x00\x00\x06\x00\x00\x00\x0eCon\
firm Delete\x07\x00\x00\x00\x10\
AnnotationCanvas\
\x01\x03\x00\x00\x00\x04m\xf1\x82r\x08\x00\x00\x00\x00\x06\
\x00\x00\x00\x04Dark\x07\x00\x00\x00\x0fApp\
ConfigWidget\x01\x03\x00\x00\
\x00\x04mE\x82r\x08\x00\x00\x00\x00\x06\x00\x00\x00\x05\
Light\x07\x00\x00\x00\x0fAppCon\
figWidget\x01\x03\x00\x00\x00\x04N\
;\x98\x98\x08\x00\x00\x00\x00\x06\x00\x00\x00\x05The\
me\x07\x00\x00\x00\x0fAppConfig\
Widget\x01\x03\x00\x00\x00\x12]\xf2[X\
W(N\x8e\x00 \x00'\x00{\x00}\x00'\x08\x00\
\x00\x00\x00\x06\x00\x00\x00\x16Already \
exists in '{}'\x07\x00\
\x00\x00\x0aBBoxDialog\x01\x03\x00\
\x00\x00\x06\x8f\xb9uLhF\x08\x00\x00\x00\x00\x06\x00\
\x00\x00\x0cBounding Box\x07\
\x00\x00\x00\x0aBBoxDialog\x01\x03\
\x00\x00\x00\x04S\xd6m\x88\x08\x00\x00\x00\x00\x06\x00\x00\
\x00\x06Cancel\x07\x00\x00\x00\x0aBBo\
xDialog\x01\x03\x00\x00\x00\x08R\x06|\
{T\x0dy\xf0\x08\x00\x00\x00\x00\x06\x00\x00\x00\x0dC\
ategory name\x07\x00\x00\x00\
\x0aBBoxDialog\x01\x03\x00\x00\x00\
\x06R\x06|{\x00:\x08\x00\x00\x00\x00\x06\x00\x00\x00\
\x09Category:\x07\x00\x00\x00\x0aB\
BoxDialog\x01\x03\x00\x00\x00\x06\x9a\
\xd8^\xa6\x00:\x08\x00\x00\x00\x00\x06\x00\x00\x00\x07H\
eight:\x07\x00\x00\x00\x0aBBoxD\
ialog\x01\x03\x00\x00\x00\x0cT\x0dy\xf0N\
\x0d\x80\xfdN:zz\x08\x00\x00\x00\x00\x06\x00\x00\x00\
\x0dName required\x07\x00\
\x00\x00\x0aBBoxDialog\x01\x03\x00\
\x00\x00\x04xn[\x9a\x08\x00\x00\x00\x00\x06\x00\x00\x00\
\x02OK\x07\x00\x00\x00\x0aBBoxDial\
og\x01\x03\x00\x00\x00\x06[\xbd^\xa6\x00:\x08\x00\
\x00\x00\x00\x06\x00\x00\x00\x06Width:\x07\x00\
\x00\x00\x0aBBoxDialog\x01\x03\x00\
\x00\x00\x14m\xfbR\xa0_\x00Y\xcb\x83\xdcSU_\
\xebcwe\xb9_\x0f\x08\x00\x00\x00\x00\x06\x00\x00\x00\
\x17Add Start Menu \
Shortcut\x07\x00\x00\x00\x0aCon\
figCard\x01\x03\x00\x00\x00\x08\x91\xcd\x7f\
n\x91M\x7fn\x08\x00\x00\x00\x00\x06\x00\x00\x00\x0cR\
eset Config\x07\x00\x00\x00\x0a\
ConfigCard\x01\x03\x00\x00\x00\x04\
S\xd6m\x88\x08\x00\x00\x00\x00\x06\x00\x00\x00\x06Ca\
ncel\x07\x00\x00\x00\x0eCopyTas\
kDialog\x01\x03\x00\x00\x00\x04xn\x8b\
\xa4\x08\x00\x00\x00\x00\x06\x00\x00\x00\x07Confi\
rm\x07\x00\x00\x00\x0eCopyTaskD\
ialog\x01\x03\x00\x00\x00\x08Y\x0dR6N\
\xfbR\xa1\x08\x00\x00\x00\x00\x06\x00\x00\x00\x09Cop\
y Task\x07\x00\x00\x00\x0eCopyT\
askDialog\x01\x03\x00\x00\x00\x16\x90\
\x09b\xe9\x89\x81Y\x0dR6v\x84N\xfbR\xa1\x00\
.\x00.\x00.\x08\x00\x00\x00\x00\x06\x00\x00\x00\x16S\
elect task to co\
py...\x07\x00\x00\x00\x0eCopyTa\
skDialog\x01\x03\x00\x00\x00\x12\xff\x08\
\x000\x00 \x00=\x00 N\x0dT/u(\xff\x09\
\x08\x00\x00\x00\x00\x06\x00\x00\x00\x0e(0 = d\
isabled)\x07\x00\x00\x00\x18Cre\
ateScheduleTaskD\
ialog\x01\x03\x00\x00\x00\x0a\x002\x004\x5c\
\x0fe\xf6R6\x08\x00\x00\x00\x00\x06\x00\x00\x00\x032\
4h\x07\x00\x00\x00\x18CreateSch\
eduleTaskDialog\x01\
\x03\x00\x00\x00\x1cN\xfbR\xa1[\x8cb\x10T\x0e\x81\
\xeaR\xa8\x90\x00Q\xfa\x00 \x00(\x00-\x00e\x00\
)\x08\x00\x00\x00\x00\x06\x00\x00\x00\x1eAuto \
exit after task \
done (-e)\x07\x00\x00\x00\x18Cr\
eateScheduleTask\
Dialog\x01\x03\x00\x00\x00\x04S\xd6m\x88\
\x08\x00\x00\x00\x00\x06\x00\x00\x00\x06Cancel\
\x07\x00\x00\x00\x18CreateSched\
uleTaskDialog\x01\x03\x00\
\x00\x00\x04R\x1b^\xfa\x08\x00\x00\x00\x00\x06\x00\x00\x00\
\x06Create\x07\x00\x00\x00\x18Crea\
teScheduleTaskDi\
alog\x01\x03\x00\x00\x00\x0cR\x1b^\xfa\x8b\xa1\
R\x12N\xfbR\xa1\x08\x00\x00\x00\x00\x06\x00\x00\x00\x14\
Create Schedule \
Task\x07\x00\x00\x00\x18CreateS\
cheduleTaskDialo\
g\x01\x03\x00\x00\x00\x06\x81\xea[\x9aNI\x08\x00\x00\
\x00\x00\x06\x00\x00\x00\x06Custom\x07\x00\x00\
\x00\x18CreateSchedule\
TaskDialog\x01\x03\x00\x00\x00\x0e\
\x81\xea[\x9aNIe\xf6\x95\xf4\x8b\xbe\x7fn\x08\x00\
\x00\x00\x00\x06\x00\x00\x00\x0fCustom I\
nterval\x07\x00\x00\x00\x18Crea\
teScheduleTaskDi\
alog\x01\x03\x00\x00\x00\x04k\xcfY)\x08\x00\
\x00\x00\x00\x06\x00\x00\x00\x05Daily\x07\x00\x00\
\x00\x18CreateSchedule\
TaskDialog\x01\x03\x00\x00\x00\x02\
Y)\x08\x00\x00\x00\x00\x06\x00\x00\x00\x04Days\
\x07\x00\x00\x00\x18CreateSched\
uleTaskDialog\x01\x03\x00\
\x00\x00\x02e\xf6\x08\x00\x00\x00\x00\x06\x00\x00\x00\x04H\
our\x07\x00\x00\x00\x18CreateSc\
heduleTaskDialog\
\x01\x03\x00\x00\x00\x04\x5c\x0fe\xf6\x08\x00\x00\x00\x00\x06\
\x00\x00\x00\x05Hours\x07\x00\x00\x00\x18Cr\
eateScheduleTask\
Dialog\x01\x03\x00\x00\x00\x02R\x06\x08\x00\
\x00\x00\x00\x06\x00\x00\x00\x06Minute\x07\x00\
\x00\x00\x18CreateSchedul\
eTaskDialog\x01\x03\x00\x00\x00\
\x04k\xcfg\x08\x08\x00\x00\x00\x00\x06\x00\x00\x00\x07M\
onthly\x07\x00\x00\x00\x18Creat\
eScheduleTaskDia\
log\x01\x03\x00\x00\x00\x0ae\xe0S\xefu(N\
\xfbR\xa1\x08\x00\x00\x00\x00\x06\x00\x00\x00\x12No \
tasks available\x07\
\x00\x00\x00\x18CreateSchedu\
leTaskDialog\x01\x03\x00\x00\
\x00\x04N\x00k!\x08\x00\x00\x00\x00\x06\x00\x00\x00\x04\
Once\x07\x00\x00\x00\x18CreateS\
cheduleTaskDialo\
g\x01\x03\x00\x00\x00\x08\x90\x09b\xe9N\xfbR\xa1\x08\
\x00\x00\x00\x00\x06\x00\x00\x00\x0bSelect \
Task\x07\x00\x00\x00\x18CreateS\
cheduleTaskDialo\
g\x01\x03\x00\x00\x00\x08_\x00Y\xcbe\xf6\x95\xf4\x08\
\x00\x00\x00\x00\x06\x00\x00\x00\x0aStart T\
ime\x07\x00\x00\x00\x18CreateSc\
heduleTaskDialog\
\x01\x03\x00\x00\x00\x08T/R\xa8\x90\x09\x98y\x08\x00\
\x00\x00\x00\x06\x00\x00\x00\x0fStartup \
Options\x07\x00\x00\x00\x18Crea\
teScheduleTaskDi\
alog\x01\x03\x00\x00\x00\x08\x8d\x85e\xf6e\xf6\
\x95\xf4\x08\x00\x00\x00\x00\x06\x00\x00\x00\x07Time\
out\x07\x00\x00\x00\x18CreateSc\
heduleTaskDialog\
\x01\x03\x00\x00\x00\x08\x89\xe6S\xd1|{W\x8b\x08\x00\
\x00\x00\x00\x06\x00\x00\x00\x0cTrigger \
Type\x07\x00\x00\x00\x18CreateS\
cheduleTaskDialo\
g\x01\x03\x00\x00\x00\x04k\xcfTh\x08\x00\x00\x00\x00\
\x06\x00\x00\x00\x06Weekly\x07\x00\x00\x00\x18\
CreateScheduleTa\
skDialog\x01\x03\x00\x00\x00\x16\x5c\x0f\
e\xf6\xff\x08\x000\x00 \x00=\x00 e\xe0\x96P\
R6\xff\x09\x08\x00\x00\x00\x00\x06\x00\x00\x00\x15ho\
urs (0 = unlimit\
ed)\x07\x00\x00\x00\x18CreateSc\
heduleTaskDialog\
\x01\x03\x00\x00\x00\x04S\xd6m\x88\x08\x00\x00\x00\x00\x06\
\x00\x00\x00\x06Cancel\x07\x00\x00\x00\x10C\
reateTaskDialog\x01\
\x03\x00\x00\x00\x12|{T\x0d\x00 \x00(N\xc5\x96\
P\x82\xf1e\x87\x00)\x08\x00\x00\x00\x00\x06\x00\x00\x00\
\x19Class Name (Eng\
lish only)\x07\x00\x00\x00\x10C\
reateTaskDialog\x01\
\x03\x00\x00\x00\x04xn\x8b\xa4\x08\x00\x00\x00\x00\x06\x00\
\x00\x00\x07Confirm\x07\x00\x00\x00\x10C\
reateTaskDialog\x01\
\x03\x00\x00\x00\x08R\x1b^\xfaN\xfbR\xa1\x08\x00\x00\
\x00\x00\x06\x00\x00\x00\x0bCreate Ta\
sk\x07\x00\x00\x00\x10CreateTas\
kDialog\x01\x03\x00\x00\x00\x0ec\xcf\x8f\
\xf0\x00 \x00(S\xef\x90\x09\x00)\x08\x00\x00\x00\x00\
\x06\x00\x00\x00\x16Description\
 (Optional)\x07\x00\x00\x00\x10\
CreateTaskDialog\
\x01\x03\x00\x00\x00\x08N\xfbR\xa1T\x0dy\xf0\x08\x00\
\x00\x00\x00\x06\x00\x00\x00\x09Task Nam\
e\x07\x00\x00\x00\x10CreateTask\
Dialog\x01\x03\x00\x00\x00\x04\x8c\x03u(\
\x08\x00\x00\x00\x00\x06\x00\x00\x00\x04Call\x07\x00\
\x00\x00\x08DebugTab\x01\x03\x00\x00\x00\
\x04b*V\xfe\x08\x00\x00\x00\x00\x06\x00\x00\x00\x12C\
apture Screensho\
t\x07\x00\x00\x00\x08DebugTab\x01\x03\
\x00\x00\x00\x08b*V\xfeb\x10R\x9f\x08\x00\x00\x00\
\x00\x06\x00\x00\x00\x0fCapture Su\
ccess\x07\x00\x00\x00\x08DebugT\
ab\x01\x03\x00\x00\x00\x0ab*V\xfe\x8f\xd4V\xde\
zz\x08\x00\x00\x00\x00\x06\x00\x00\x00\x15Capt\
ure returned Non\
e\x07\x00\x00\x00\x08DebugTab\x01\x03\
\x00\x00\x00\x10\x7f\x16\x8b\xd1\x00i\x001\x008\x00n\
e\x87N\xf6\x08\x00\x00\x00\x00\x06\x00\x00\x00\x12Co\
nvert i18n files\
\x07\x00\x00\x00\x08DebugTab\x01\x03\x00\
\x00\x00\x10\x8c\x03u(\x00T\x00a\x00s\x00ke\
\xb9l\xd5\x08\x00\x00\x00\x00\x06\x00\x00\x00\x13Deb\
ug Task Function\
\x07\x00\x00\x00\x08DebugTab\x01\x03\x00\
\x00\x00\x08\x8c\x03\x8b\xd5]\xe5Qw\x08\x00\x00\x00\x00\
\x06\x00\x00\x00\x0aDebug Tool\x07\
\x00\x00\x00\x08DebugTab\x01\x03\x00\x00\
\x00\x08\x90\x09b\xe9b*V\xfe\x08\x00\x00\x00\x00\x06\
\x00\x00\x00\x19Drop or Sele\
ct Screenshot\x07\x00\x00\
\x00\x08DebugTab\x01\x03\x00\x00\x008\
\x00D\x00u\x00m\x00p\x00 \x00T\x00h\x00r\
\x00e\x00a\x00d\x00s\x00(_\xebcw\x95.\
\x00:\x00C\x00t\x00r\x00l\x00+\x00A\x00l\
\x00t\x00+\x00D\x00)\x08\x00\x00\x00\x00\x06\x00\x00\
\x00\x1fDump Threads(H\
otKey:Ctrl+Alt+D\
)\x07\x00\x00\x00\x08DebugTab\x01\x03\
\x00\x00\x00\x10u\x1fb\x10\x00i\x001\x008\x00n\
e\x87N\xf6\x08\x00\x00\x00\x00\x06\x00\x00\x00\x13Ge\
nerate i18n file\
s\x07\x00\x00\x00\x08DebugTab\x01\x03\
\x00\x00\x00\x16b*V\xfee\xb9_\x0fN\x0dS\xef\
u(b\x16g*\x90\x09b\xe9\x08\x00\x00\x00\x00\x06\
\x00\x00\x00 No Capture A\
vailable or Sele\
cted\x07\x00\x00\x00\x08DebugTa\
b\x01\x03\x00\x00\x00\x0el\xa1g\x09\x91M\x7fn\x00\
O\x00C\x00R\x08\x00\x00\x00\x00\x06\x00\x00\x00\x11N\
o OCR configured\
\x07\x00\x00\x00\x08DebugTab\x01\x03\x00\
\x00\x00(l\xa1g\x09\x5c^`'b\x16e\xb9l\
\xd5\x00:\x00 \x00{\x00f\x00u\x00n\x00c\x00\
_\x00n\x00a\x00m\x00e\x00}\x08\x00\x00\x00\x00\
\x06\x00\x00\x00\x19No such att\
r: {func_name}\x07\x00\
\x00\x00\x08DebugTab\x01\x03\x00\x00\x00\
\x22\x00O\x00C\x00R\x8c\x03u(b\x10R\x9f\x00\
:\x00 \x00{\x00r\x00e\x00s\x00u\x00l\x00\
t\x00}\x08\x00\x00\x00\x00\x06\x00\x00\x00\x15OCR\
 success: {resul\
t}\x07\x00\x00\x00\x08DebugTab\x01\
\x03\x00\x00\x00\x0ebS_\x00e\xe5_\xd7e\x87N\
\xf6Y9\x08\x00\x00\x00\x00\x06\x00\x00\x00\x09Ope\
n Logs\x07\x00\x00\x00\x08Debug\
Tab\x01\x03\x00\x00\x00\x08\x90\x09b\xe9b*V\
\xfe\x08\x00\x00\x00\x00\x06\x00\x00\x00\x12Selec\
t Screenshots\x07\x00\x00\
\x00\x08DebugTab\x01\x03\x00\x00\x00\x0e\
\x8f\x93Qee\xb9l\xd5b\x16\x5c^`'\x08\x00\
\x00\x00\x00\x06\x00\x00\x00\x1bType a f\
unction or prope\
rty\x07\x00\x00\x00\x08DebugTab\
\x01\x03\x00\x00\x00,\x8c\x03u(b\x10R\x9f\x00 \
\x00s\x00u\x00c\x00c\x00e\x00s\x00s\x00:\
\x00 \x00{\x00r\x00e\x00s\x00u\x00l\x00t\
\x00}\x08\x00\x00\x00\x00\x06\x00\x00\x00\x16call\
 success: {resul\
t}\x07\x00\x00\x00\x08DebugTab\x01\
\x03\x00\x00\x00\x16]\xf2\x90\x09b\xe9\x00{\x00n\x00\
u\x00m\x00}N*V\xferG\x08\x00\x00\x00\x00\
\x06\x00\x00\x00\x15{num} image\
s selected\x07\x00\x00\x00\x08D\
ebugTab\x01\x03\x00\x00\x00\x06\x00A\x00\
D\x00B\x08\x00\x00\x00\x00\x06\x00\x00\x00\x03ADB\
\x07\x00\x00\x00\x0bEditTaskTab\
\x01\x03\x00\x00\x00\x16xn[\x9a\x89\x81R \x96d\
\x00 \x00{\x00}\x00 T\x17\xff\x1f\x08\x00\x00\x00\
\x00\x06\x00\x00\x00#Are you su\
re you want to d\
elete {}?\x07\x00\x00\x00\x0bEd\
itTaskTab\x01\x03\x00\x00\x00\x04S\
:W\xdf\x08\x00\x00\x00\x00\x06\x00\x00\x00\x03Box\
\x07\x00\x00\x00\x0bEditTaskTab\
\x01\x03\x00\x00\x00\x04S\xd6m\x88\x08\x00\x00\x00\x00\x06\
\x00\x00\x00\x06Cancel\x07\x00\x00\x00\x0bE\
ditTaskTab\x01\x03\x00\x00\x00\x0a\
\x90\x09b\xe9N\xfbR\xa1\x00:\x08\x00\x00\x00\x00\x06\
\x00\x00\x00\x0cChoose Task:\
\x07\x00\x00\x00\x0bEditTaskTab\
\x01\x03\x00\x00\x00\x08xn\x8b\xa4R \x96d\x08\x00\
\x00\x00\x00\x06\x00\x00\x00\x0eConfirm \
Delete\x07\x00\x00\x00\x0bEditT\
askTab\x01\x03\x00\x00\x00\x04c\xa7R6\
\x08\x00\x00\x00\x00\x06\x00\x00\x00\x07Contro\
l\x07\x00\x00\x00\x0bEditTaskTa\
b\x01\x03\x00\x00\x00\x08Y\x0dR6N\xfbR\xa1\x08\
\x00\x00\x00\x00\x06\x00\x00\x00\x09Copy Ta\
sk\x07\x00\x00\x00\x0bEditTaskT\
ab\x01\x03\x00\x00\x00\x16b~N\x0dR0\x00 \
\x00{\x00}\x00 v\x84n\x90e\x87N\xf6\x08\x00\
\x00\x00\x00\x06\x00\x00\x00!Could no\
t find source fi\
le for {}\x07\x00\x00\x00\x0bEd\
itTaskTab\x01\x03\x00\x00\x00\x0aR\
\x1b^\xfae\xb0N\xfbR\xa1\x08\x00\x00\x00\x00\x06\x00\
\x00\x00\x0fCreate New Ta\
sk\x07\x00\x00\x00\x0bEditTaskT\
ab\x01\x03\x00\x00\x00\x08R\x1b^\xfaN\xfbR\xa1\
\x08\x00\x00\x00\x00\x06\x00\x00\x00\x0bCreate\
 Task\x07\x00\x00\x00\x0bEditTa\
skTab\x01\x03\x00\x00\x00\x08R \x96dN\
\xfbR\xa1\x08\x00\x00\x00\x00\x06\x00\x00\x00\x0bDel\
ete Task\x07\x00\x00\x00\x0bEdi\
tTaskTab\x01\x03\x00\x00\x00\x0e\x81\x1a\
g,v\x84f>y:T\x0dy\xf0\x08\x00\x00\x00\
\x00\x06\x00\x00\x00\x1bDisplay na\
me for the scrip\
t\x07\x00\x00\x00\x0bEditTaskTa\
b\x01\x03\x00\x00\x00 N\xc5\x96P\x82\xf1e\x870\
\x01ep[WT\x8cg\x09eHv\x84e\x87N\
\xf6T\x0d[W{&\x08\x00\x00\x00\x00\x06\x00\x00\x00\
.English, number\
s and valid file\
name chars only\x07\
\x00\x00\x00\x0bEditTaskTab\x01\
\x03\x00\x00\x00\x04[\xfcQ\xfa\x08\x00\x00\x00\x00\x06\x00\
\x00\x00\x06Export\x07\x00\x00\x00\x0bEd\
itTaskTab\x01\x03\x00\x00\x00\x08[\
\xfcQ\xfa\x81\x1ag,\x08\x00\x00\x00\x00\x06\x00\x00\x00\
\x0dExport Script\x07\x00\
\x00\x00\x0bEditTaskTab\x01\x03\
\x00\x00\x00\x08[\xfcQ\xfaY1\x8d%\x08\x00\x00\x00\
\x00\x06\x00\x00\x00\x0dExport fai\
led\x07\x00\x00\x00\x0bEditTask\
Tab\x01\x03\x00\x00\x00\x16\x8b\xfbS\xd6n\x90e\
\x87N\xf6Y1\x8d%\x00:\x00 \x00{\x00}\x08\
\x00\x00\x00\x00\x06\x00\x00\x00\x1eFailed \
to read source f\
ile: {}\x07\x00\x00\x00\x0bEdit\
TaskTab\x01\x03\x00\x00\x00\x08O\xdd[\
XY1\x8d%\x08\x00\x00\x00\x00\x06\x00\x00\x00\x0eF\
ailed to save\x07\x00\x00\
\x00\x0bEditTaskTab\x01\x03\x00\
\x00\x00\x04e\x87N\xf6\x08\x00\x00\x00\x00\x06\x00\x00\x00\
\x04File\x07\x00\x00\x00\x0bEditTa\
skTab\x01\x03\x00\x00\x00\x10e\x87N\xf6]\
\xf2\x88\xabY\x16\x90\xe8O\xeee9\x08\x00\x00\x00\x00\
\x06\x00\x00\x00\x17File Change\
d Externally\x07\x00\x00\x00\
\x0bEditTaskTab\x01\x03\x00\x00\
\x00\x08e\x87N\xf6T\x0d\xff\x1a\x08\x00\x00\x00\x00\x06\
\x00\x00\x00\x0aFile Name:\x07\x00\
\x00\x00\x0bEditTaskTab\x01\x03\
\x00\x00\x00\x04eYz\x0b\x08\x00\x00\x00\x00\x06\x00\x00\
\x00\x05Guide\x07\x00\x00\x00\x0bEdit\
TaskTab\x01\x03\x00\x00\x00\x08[\xfcQ\
e\x81\x1ag,\x08\x00\x00\x00\x00\x06\x00\x00\x00\x0dI\
mport Script\x07\x00\x00\x00\
\x0bEditTaskTab\x01\x03\x00\x00\
\x00\x08[\xfcQeY1\x8d%\x08\x00\x00\x00\x00\x06\
\x00\x00\x00\x0dImport faile\
d\x07\x00\x00\x00\x0bEditTaskTa\
b\x01\x03\x00\x00\x00\x1c|{T\x0de\xe0eH0\
\x02S\xea\x80\xfdO\x7fu(\x82\xf1e\x87[W{\
&0\x02\x08\x00\x00\x00\x00\x06\x00\x00\x004Inv\
alid Class Name.\
 Must be English\
 characters only\
.\x07\x00\x00\x00\x0bEditTaskTa\
b\x01\x03\x00\x00\x006e\xe0eHv\x84e\x87N\
\xf6T\x0d0\x02S\xea\x80\xfdO\x7fu(\x82\xf1e\
\x87[Wk\xcd0\x01ep[W0\x01N\x0bR\
\x12~\xbfT\x8c\x8f\xde[W{&0\x02\x08\x00\x00\
\x00\x00\x06\x00\x00\x00KInvalid f\
ile name. Use En\
glish letters, n\
umbers, undersco\
res, hyphens onl\
y.\x07\x00\x00\x00\x0bEditTaskT\
ab\x01\x03\x00\x00\x00\x04c\x09\x95.\x08\x00\x00\x00\
\x00\x06\x00\x00\x00\x03Key\x07\x00\x00\x00\x0bEd\
itTaskTab\x01\x03\x00\x00\x00\x04e\
\xe5_\xd7\x08\x00\x00\x00\x00\x06\x00\x00\x00\x07Log\
ging\x07\x00\x00\x00\x0bEditTas\
kTab\x01\x03\x00\x00\x00\x08e\xe0\x96P_\xaa\
s\xaf\x08\x00\x00\x00\x00\x06\x00\x00\x00\x0fLoop\
 infinitely\x07\x00\x00\x00\x0b\
EditTaskTab\x01\x03\x00\x00\x00\
\x0c_\xaas\xafc\x07[\x9ak!ep\x08\x00\x00\
\x00\x00\x06\x00\x00\x00\x0cLoop x ti\
mes\x07\x00\x00\x00\x0bEditTask\
Tab\x01\x03\x00\x00\x00\x04\x9f h\x07\x08\x00\x00\
\x00\x00\x06\x00\x00\x00\x05Mouse\x07\x00\x00\x00\
\x0bEditTaskTab\x01\x03\x00\x00\
\x00\x06N\x0d_\xaas\xaf\x08\x00\x00\x00\x00\x06\x00\x00\
\x00\x07No loop\x07\x00\x00\x00\x0bEd\
itTaskTab\x01\x03\x00\x00\x00\x12l\
\xa1g\x09S\xef[\xfcQ\xfav\x84N\xfbR\xa10\
\x02\x08\x00\x00\x00\x00\x06\x00\x00\x00\x13No ta\
sks to export.\x07\x00\
\x00\x00\x0bEditTaskTab\x01\x03\
\x00\x00\x00\x06\x00O\x00C\x00R\x08\x00\x00\x00\x00\x06\
\x00\x00\x00\x03OCR\x07\x00\x00\x00\x0bEdit\
TaskTab\x01\x03\x00\x00\x00\x04xn[\
\x9a\x08\x00\x00\x00\x00\x06\x00\x00\x00\x02OK\x07\x00\x00\
\x00\x0bEditTaskTab\x01\x03\x00\
\x00\x00D\x00O\x00K\x00S\x00c\x00r\x00i\x00\
p\x00t\x00 e\x87N\xf6\x00 \x00(\x00*\x00\
.\x00o\x00k\x00s\x00c\x00r\x00i\x00p\x00\
t\x00)\x00;\x00;b@g\x09e\x87N\xf6\x00\
 \x00(\x00*\x00)\x08\x00\x00\x00\x00\x06\x00\x00\x00\
*OKScript Files \
(*.okscript);;Al\
l Files (*)\x07\x00\x00\x00\x0b\
EditTaskTab\x01\x03\x00\x00\x00\
\x04QvN\xd6\x08\x00\x00\x00\x00\x06\x00\x00\x00\x05O\
ther\x07\x00\x00\x00\x0bEditTas\
kTab\x01\x03\x00\x00\x00\x1c\x8b\xf7\x81\xf3\x5c\x11\
\x90\x09b\xe9N\x00N*N\xfbR\xa1\x8f\xdb\x88L\
[\xfcQ\xfa0\x02\x08\x00\x00\x00\x00\x06\x00\x00\x00*\
Please select at\
 least one task \
to export.\x07\x00\x00\x00\x0bE\
ditTaskTab\x01\x03\x00\x00\x00\x04\
_UR6\x08\x00\x00\x00\x00\x06\x00\x00\x00\x06Re\
cord\x07\x00\x00\x00\x0bEditTas\
kTab\x01\x03\x00\x00\x00\x22_UR6\x5c\x06\
\x89\x86v\xd6_SRM\x81\x1ag,\x90;\x8f\x91\
0\x02f/T&~\xe7~\xed\xff\x1f\x08\x00\x00\x00\
\x00\x06\x00\x00\x008Record wil\
l override the c\
urrent script lo\
gic. Continue?\x07\x00\
\x00\x00\x0bEditTaskTab\x01\x03\
\x00\x00\x00@W(z\x97S\xe3\x00 \x00'\x00{\
\x00h\x00w\x00n\x00d\x00_\x00n\x00a\x00m\
\x00e\x00}\x00'\x00 Y\x04N\x8em;R\xa8\
r\xb6`\x01e\xf6\xff\x0c\x5c\x06_\x00Y\xcb_U\
R60\x02\x08\x00\x00\x00\x00\x06\x00\x00\x00>Re\
cording will sta\
rt when window '\
{hwnd_name}' bec\
omes active.\x07\x00\x00\x00\
\x0bEditTaskTab\x01\x03\x00\x00\
\x00\x04\x8f\xd0\x88L\x08\x00\x00\x00\x00\x06\x00\x00\x00\x03\
Run\x07\x00\x00\x00\x0bEditTask\
Tab\x01\x03\x00\x00\x00\x04O\xdd[X\x08\x00\x00\
\x00\x00\x06\x00\x00\x00\x04Save\x07\x00\x00\x00\x0b\
EditTaskTab\x01\x03\x00\x00\x00\
\x08O\xdd[Xf\xf4e9\x08\x00\x00\x00\x00\x06\x00\
\x00\x00\x0cSave Changes\x07\
\x00\x00\x00\x0bEditTaskTab\x01\
\x03\x00\x00\x00\x0a\x81\x1ag,T\x0dy\xf0\xff\x1a\x08\
\x00\x00\x00\x00\x06\x00\x00\x00\x0cScript \
Name:\x07\x00\x00\x00\x0bEditTa\
skTab\x01\x03\x00\x00\x00\x1c\x81\x1ag,]\
\xf2b\x10R\x9f[\xfcQ\xfaR0N\x0b\x8f}e\
\x87N\xf6Y90\x02\x08\x00\x00\x00\x00\x06\x00\x00\x00\
1Script exported\
 successfully to\
 Downloads folde\
r.\x07\x00\x00\x00\x0bEditTaskT\
ab\x01\x03\x00\x00\x00\x12\x81\x1ag,T\x0dy\xf0\
N:_\xc5Xk\x98y0\x02\x08\x00\x00\x00\x00\x06\
\x00\x00\x00\x18Script name \
is required.\x07\x00\x00\x00\
\x0bEditTaskTab\x01\x03\x00\x00\
\x00\x0ed\x1c}\x22j!g\x7f\x00.\x00.\x00.\
\x08\x00\x00\x00\x00\x06\x00\x00\x00\x13Search\
 templates...\x07\x00\x00\
\x00\x0bEditTaskTab\x01\x03\x00\
\x00\x00\x0c\x90\x09b\xe9\x81\x1ag,e\x87N\xf6\x08\
\x00\x00\x00\x00\x06\x00\x00\x00\x12Select \
Script File\x07\x00\x00\x00\x0b\
EditTaskTab\x01\x03\x00\x00\x00\
\x12\x90\x09b\xe9\x89\x81[\xfcQ\xfav\x84N\xfbR\
\xa1\xff\x1a\x08\x00\x00\x00\x00\x06\x00\x00\x00\x17Sel\
ect tasks to exp\
ort:\x07\x00\x00\x00\x0bEditTas\
kTab\x01\x03\x00\x00\x00\x04P\x5ckb\x08\x00\
\x00\x00\x00\x06\x00\x00\x00\x04Stop\x07\x00\x00\x00\
\x0bEditTaskTab\x01\x03\x00\x00\
\x00\x04b\x10R\x9f\x08\x00\x00\x00\x00\x06\x00\x00\x00\x07\
Success\x07\x00\x00\x00\x0bEdit\
TaskTab\x01\x03\x00\x00\x00\x12N\xfbR\
\xa1T\x0dy\xf0N\x0d\x80\xfdN:zz0\x02\x08\
\x00\x00\x00\x00\x06\x00\x00\x00\x16Task Na\
me is required.\x07\
\x00\x00\x00\x0bEditTaskTab\x01\
\x03\x00\x00\x00\x0eN\xfbR\xa1Y\x0dR6b\x10R\
\x9f0\x02\x08\x00\x00\x00\x00\x06\x00\x00\x00\x19Tas\
k copied success\
fully.\x07\x00\x00\x00\x0bEditT\
askTab\x01\x03\x00\x00\x00\x0eN\xfbR\xa1\
R\x1b^\xfab\x10R\x9f0\x02\x08\x00\x00\x00\x00\x06\
\x00\x00\x00\x1aTask created\
 successfully.\x07\x00\
\x00\x00\x0bEditTaskTab\x01\x03\
\x00\x00\x00\x0eN\xfbR\xa1R \x96db\x10R\x9f\
0\x02\x08\x00\x00\x00\x00\x06\x00\x00\x00\x1aTask\
 deleted success\
fully.\x07\x00\x00\x00\x0bEditT\
askTab\x01\x03\x00\x00\x00\x10N\xfbR\xa1\
e\x87N\xf6]\xf2[XW(0\x02\x08\x00\x00\x00\
\x00\x06\x00\x00\x00\x19Task file \
already exists.\x07\
\x00\x00\x00\x0bEditTaskTab\x01\
\x03\x00\x00\x00\x0eN\xfbR\xa1\x91\xcd^\xfab\x10R\
\x9f0\x02\x08\x00\x00\x00\x00\x06\x00\x00\x00\x1aTas\
k rebuilt succes\
sfully.\x07\x00\x00\x00\x0bEdit\
TaskTab\x01\x03\x00\x00\x00\x08j!g\
\x7fS9\x91M\x08\x00\x00\x00\x00\x06\x00\x00\x00\x11T\
emplate Matching\
\x07\x00\x00\x00\x0bEditTaskTab\
\x01\x03\x00\x00\x00$_SRMN\xfbR\xa1g\x09\
g*O\xdd[Xv\x84f\xf4e90\x02f/\
T&\x89\x81O\xdd[X\xff\x1f\x08\x00\x00\x00\x00\x06\
\x00\x00\x00?The current \
task has unsaved\
 changes. Do you\
 want to save th\
em?\x07\x00\x00\x00\x0bEditTask\
Tab\x01\x03\x00\x00\x00*e\x87N\xf6]\xf2\x88\
\xabY\x16\x90\xe8O\xeee90\x02f/T&\x89\
\x81\x89\x86v\xd6g*O\xdd[Xv\x84f\xf4e\
9\xff\x1f\x08\x00\x00\x00\x00\x06\x00\x00\x00PThe\
 file was modifi\
ed externally. D\
o you want to ov\
erwrite your uns\
aved changes?\x07\x00\x00\
\x00\x0bEditTaskTab\x01\x03\x00\
\x00\x00\x06rHg,\xff\x1a\x08\x00\x00\x00\x00\x06\x00\
\x00\x00\x08Version:\x07\x00\x00\x00\x0b\
EditTaskTab\x01\x03\x00\x00\x00\
\x04\x8bfTJ\x08\x00\x00\x00\x00\x06\x00\x00\x00\x07W\
arning\x07\x00\x00\x00\x0bEditT\
askTab\x01\x03\x00\x00\x00\x04z\x97S\xe3\
\x08\x00\x00\x00\x00\x06\x00\x00\x00\x06Window\
\x07\x00\x00\x00\x0bEditTaskTab\
\x01\x03\x00\x00\x00\x12\x00A\x00D\x00B\x00 \x00S\
\x00h\x00e\x00l\x00l\x08\x00\x00\x00\x00\x06\x00\x00\
\x00\x09adb_shell\x07\x00\x00\x00\x0b\
EditTaskTab\x01\x03\x00\x00\x00\
\x12\x00A\x00D\x00B\x00 \x00U\x00I\x00 [\
\xfcQ\xfa\x08\x00\x00\x00\x00\x06\x00\x00\x00\x0badb\
_ui_dump\x07\x00\x00\x00\x0bEdi\
tTaskTab\x01\x03\x00\x00\x00\x0cm\xfb\
R\xa0e\x87g,O\xeekc\x08\x00\x00\x00\x00\x06\
\x00\x00\x00\x0cadd_text_fix\
\x07\x00\x00\x00\x0bEditTaskTab\
\x01\x03\x00\x00\x00\x04\x8f\xd4V\xde\x08\x00\x00\x00\x00\x06\
\x00\x00\x00\x04back\x07\x00\x00\x00\x0bEdi\
tTaskTab\x01\x03\x00\x00\x00\x06w\xe9\
_bhF\x08\x00\x00\x00\x00\x06\x00\x00\x00\x03bo\
x\x07\x00\x00\x00\x0bEditTaskTa\
b\x01\x03\x00\x00\x00\x0al4^s\x5cEN-h\
F\x08\x00\x00\x00\x00\x06\x00\x00\x00\x18box_i\
n_horizontal_cen\
ter\x07\x00\x00\x00\x0bEditTask\
Tab\x01\x03\x00\x00\x00\x06\x5cO^UhF\x08\
\x00\x00\x00\x00\x06\x00\x00\x00\x0dbox_of_\
screen\x07\x00\x00\x00\x0bEditT\
askTab\x01\x03\x00\x00\x00\x0e\x7f)e>\
T\x0ev\x84\x5cO^UhF\x08\x00\x00\x00\x00\x06\
\x00\x00\x00\x14box_of_scree\
n_scaled\x07\x00\x00\x00\x0bEdi\
tTaskTab\x01\x03\x00\x00\x00\x0e\x8b\xa1\
{\x97\x98\x9c\x82rv~R\x06k\xd4\x08\x00\x00\x00\
\x00\x06\x00\x00\x00\x1acalculate_\
color_percentage\
\x07\x00\x00\x00\x0bEditTaskTab\
\x01\x03\x00\x00\x00\x06n\x05\x96dhF\x08\x00\x00\x00\
\x00\x06\x00\x00\x00\x09clear_box\x07\
\x00\x00\x00\x0bEditTaskTab\x01\
\x03\x00\x00\x00\x04p\xb9Q\xfb\x08\x00\x00\x00\x00\x06\x00\
\x00\x00\x05click\x07\x00\x00\x00\x0bEdi\
tTaskTab\x01\x03\x00\x00\x00\x06p\xb9\
Q\xfbhF\x08\x00\x00\x00\x00\x06\x00\x00\x00\x09cl\
ick_box\x07\x00\x00\x00\x0bEdit\
TaskTab\x01\x03\x00\x00\x00\x14Y\x82g\
\x9cT\x0dy\xf0S9\x91MR\x19p\xb9Q\xfbh\
F\x08\x00\x00\x00\x00\x06\x00\x00\x00\x17click\
_box_if_name_mat\
ch\x07\x00\x00\x00\x0bEditTaskT\
ab\x01\x03\x00\x00\x00\x08v\xf8[\xf9p\xb9Q\xfb\
\x08\x00\x00\x00\x00\x06\x00\x00\x00\x0eclick_\
relative\x07\x00\x00\x00\x0bEdi\
tTaskTab\x01\x03\x00\x00\x00\x06Rj\
\x8d4g\x7f\x08\x00\x00\x00\x00\x06\x00\x00\x00\x09cl\
ipboard\x07\x00\x00\x00\x0bEdit\
TaskTab\x01\x03\x00\x00\x00\x0cR\x1b^\
\xfa_\xebcwe\xb9_\x0f\x08\x00\x00\x00\x00\x06\x00\
\x00\x00\x0fcreate_shortc\
ut\x07\x00\x00\x00\x0bEditTaskT\
ab\x01\x03\x00\x00\x00\x08y\x81u(N\xfbR\xa1\
\x08\x00\x00\x00\x00\x06\x00\x00\x00\x07disabl\
e\x07\x00\x00\x00\x0bEditTaskTa\
b\x01\x03\x00\x00\x00\x06~\xd8R6hF\x08\x00\x00\
\x00\x00\x06\x00\x00\x00\x0adraw_boxe\
s\x07\x00\x00\x00\x0bEditTaskTa\
b\x01\x03\x00\x00\x00\x08T/u(N\xfbR\xa1\x08\
\x00\x00\x00\x00\x06\x00\x00\x00\x06enable\x07\
\x00\x00\x00\x0bEditTaskTab\x01\
\x03\x00\x00\x00\x0axnO\xddW(g\x00RM\x08\
\x00\x00\x00\x00\x06\x00\x00\x00\x0fensure_\
in_front\x07\x00\x00\x00\x0bEdi\
tTaskTab\x01\x03\x00\x00\x00\x0cry\
_\x81f/T&[XW(\x08\x00\x00\x00\x00\x06\
\x00\x00\x00\x0efeature_exis\
ts\x07\x00\x00\x00\x0bEditTaskT\
ab\x01\x03\x00\x00\x00\x04g\xe5b~\x08\x00\x00\x00\
\x00\x06\x00\x00\x00\x04find\x07\x00\x00\x00\x0bE\
ditTaskTab\x01\x03\x00\x00\x00\x12\
W(hFQ\x85g\xe5b~g\x00OsS9\
\x91M\x08\x00\x00\x00\x00\x06\x00\x00\x00\x16find\
_best_match_in_b\
ox\x07\x00\x00\x00\x0bEditTaskT\
ab\x01\x03\x00\x00\x00\x0ag\xe5b~Y\x1aN*\
hF\x08\x00\x00\x00\x00\x06\x00\x00\x00\x0afind\
_boxes\x07\x00\x00\x00\x0bEditT\
askTab\x01\x03\x00\x00\x00\x08g\xe5b~\
ry_\x81\x08\x00\x00\x00\x00\x06\x00\x00\x00\x0cfi\
nd_feature\x07\x00\x00\x00\x0bE\
ditTaskTab\x01\x03\x00\x00\x00\x0e\
g\xe5b~ry_\x81^v\x8b\xbe\x7fn\x08\x00\
\x00\x00\x00\x06\x00\x00\x00\x14find_fea\
ture_and_set\x07\x00\x00\x00\
\x0bEditTaskTab\x01\x03\x00\x00\
\x00\x12W(hFQ\x85g\xe5b~\x99\x96N*\
S9\x91M\x08\x00\x00\x00\x00\x06\x00\x00\x00\x17fi\
nd_first_match_i\
n_box\x07\x00\x00\x00\x0bEditTa\
skTab\x01\x03\x00\x00\x00\x08g\xe5b~N\
\x00N*\x08\x00\x00\x00\x00\x06\x00\x00\x00\x08fin\
d_one\x07\x00\x00\x00\x0bEditTa\
skTab\x01\x03\x00\x00\x00\x0cc\x09T\x0dy\
\xf0\x83\xb7S\xd6hF\x08\x00\x00\x00\x00\x06\x00\x00\x00\
\x0fget_box_by_name\
\x07\x00\x00\x00\x0bEditTaskTab\
\x01\x03\x00\x00\x00\x0ec\x09T\x0dy\xf0\x83\xb7S\xd6\
ry_\x81\x08\x00\x00\x00\x00\x06\x00\x00\x00\x13ge\
t_feature_by_nam\
e\x07\x00\x00\x00\x0bEditTaskTa\
b\x01\x03\x00\x00\x00\x08\x83\xb7S\xd6r\xb6`\x01\x08\
\x00\x00\x00\x00\x06\x00\x00\x00\x0aget_sta\
tus\x07\x00\x00\x00\x0bEditTask\
Tab\x01\x03\x00\x00\x00\x10\x90\x1a\x8f\xc7|{T\
\x0d\x83\xb7S\xd6N\xfbR\xa1\x08\x00\x00\x00\x00\x06\x00\
\x00\x00\x11get_task_by_c\
lass\x07\x00\x00\x00\x0bEditTas\
kTab\x01\x03\x00\x00\x00\x0a\x8flR0h\x07\
{~\x98u\x08\x00\x00\x00\x00\x06\x00\x00\x00\x09go\
_to_tab\x07\x00\x00\x00\x0bEdit\
TaskTab\x01\x03\x00\x00\x00\x08\x5cO^\
U\x9a\xd8^\xa6\x08\x00\x00\x00\x00\x06\x00\x00\x00\x10h\
eight_of_screen\x07\
\x00\x00\x00\x0bEditTaskTab\x01\
\x03\x00\x00\x00\x08O\xe1`oX\x9eR\xa0\x08\x00\x00\
\x00\x00\x06\x00\x00\x00\x08info_add\x07\
\x00\x00\x00\x0bEditTaskTab\x01\
\x03\x00\x00\x00\x0eO\xe1`om\xfbR\xa0R0R\
\x17\x88h\x08\x00\x00\x00\x00\x06\x00\x00\x00\x10inf\
o_add_to_list\x07\x00\x00\
\x00\x0bEditTaskTab\x01\x03\x00\
\x00\x00\x08O\xe1`on\x05\x96d\x08\x00\x00\x00\x00\
\x06\x00\x00\x00\x0ainfo_clear\x07\
\x00\x00\x00\x0bEditTaskTab\x01\
\x03\x00\x00\x00\x08O\xe1`o\x83\xb7S\xd6\x08\x00\x00\
\x00\x00\x06\x00\x00\x00\x08info_get\x07\
\x00\x00\x00\x0bEditTaskTab\x01\
\x03\x00\x00\x00\x08O\xe1`o\x90\x12X\x9e\x08\x00\x00\
\x00\x00\x06\x00\x00\x00\x09info_incr\
\x07\x00\x00\x00\x0bEditTaskTab\
\x01\x03\x00\x00\x00\x08O\xe1`o\x8b\xbe\x7fn\x08\x00\
\x00\x00\x00\x06\x00\x00\x00\x08info_set\
\x07\x00\x00\x00\x0bEditTaskTab\
\x01\x03\x00\x00\x00\x08\x8f\x93Qee\x87g,\x08\x00\
\x00\x00\x00\x06\x00\x00\x00\x0ainput_te\
xt\x07\x00\x00\x00\x0bEditTaskT\
ab\x01\x03\x00\x00\x00\x0cf/T&N:\x00A\
\x00D\x00B\x08\x00\x00\x00\x00\x06\x00\x00\x00\x06is\
_adb\x07\x00\x00\x00\x0bEditTas\
kTab\x01\x03\x00\x00\x00\x0cf/T&N:\
mO\x89\xc8Vh\x08\x00\x00\x00\x00\x06\x00\x00\x00\x0a\
is_browser\x07\x00\x00\x00\x0bE\
ditTaskTab\x01\x03\x00\x00\x00\x08\
\x8b\xb0_U\x8c\x03\x8b\xd5\x08\x00\x00\x00\x00\x06\x00\x00\
\x00\x09log_debug\x07\x00\x00\x00\x0b\
EditTaskTab\x01\x03\x00\x00\x00\
\x08\x8b\xb0_U\x95\x19\x8b\xef\x08\x00\x00\x00\x00\x06\x00\
\x00\x00\x09log_error\x07\x00\x00\x00\
\x0bEditTaskTab\x01\x03\x00\x00\
\x00\x08\x8b\xb0_UO\xe1`o\x08\x00\x00\x00\x00\x06\
\x00\x00\x00\x08log_info\x07\x00\x00\x00\
\x0bEditTaskTab\x01\x03\x00\x00\
\x00\x08\x8b\xb0_U\x8bfTJ\x08\x00\x00\x00\x00\x06\
\x00\x00\x00\x0blog_warning\x07\
\x00\x00\x00\x0bEditTaskTab\x01\
\x03\x00\x00\x00\x08N-\x95.p\xb9Q\xfb\x08\x00\x00\
\x00\x00\x06\x00\x00\x00\x0cmiddle_cl\
ick\x07\x00\x00\x00\x0bEditTask\
Tab\x01\x03\x00\x00\x00\x0cv\xf8[\xf9N-\x95\
.p\xb9Q\xfb\x08\x00\x00\x00\x00\x06\x00\x00\x00\x15m\
iddle_click_rela\
tive\x07\x00\x00\x00\x0bEditTas\
kTab\x01\x03\x00\x00\x00\x08\x9f h\x07c\x09\
N\x0b\x08\x00\x00\x00\x00\x06\x00\x00\x00\x0amous\
e_down\x07\x00\x00\x00\x0bEditT\
askTab\x01\x03\x00\x00\x00\x08\x9f h\x07\
g~_\x00\x08\x00\x00\x00\x00\x06\x00\x00\x00\x08mo\
use_up\x07\x00\x00\x00\x0bEditT\
askTab\x01\x03\x00\x00\x00\x08y\xfbR\xa8\
\x9f h\x07\x08\x00\x00\x00\x00\x06\x00\x00\x00\x04mo\
ve\x07\x00\x00\x00\x0bEditTaskT\
ab\x01\x03\x00\x00\x00\x0cv\xf8[\xf9y\xfbR\xa8\
\x9f h\x07\x08\x00\x00\x00\x00\x06\x00\x00\x00\x0dmo\
ve_relative\x07\x00\x00\x00\x0b\
EditTaskTab\x01\x03\x00\x00\x00\
\x06N\x0bN\x00^'\x08\x00\x00\x00\x00\x06\x00\x00\x00\
\x0anext_frame\x07\x00\x00\x00\x0b\
EditTaskTab\x01\x03\x00\x00\x00\
\x04\x90\x1aw\xe5\x08\x00\x00\x00\x00\x06\x00\x00\x00\x0cn\
otification\x07\x00\x00\x00\x0b\
EditTaskTab\x01\x03\x00\x00\x00\
\x0e\x00O\x00C\x00Re\x87[W\x8b\xc6R+\x08\
\x00\x00\x00\x00\x06\x00\x00\x00\x03ocr\x07\x00\x00\x00\
\x0bEditTaskTab\x01\x03\x00\x00\
\x00\x08\x8d\x85Q\xfak\xd4O\x8b\x08\x00\x00\x00\x00\x06\
\x00\x00\x00\x0cout_of_ratio\
\x07\x00\x00\x00\x0bEditTaskTab\
\x01\x03\x00\x00\x00\x04f\x82P\x5c\x08\x00\x00\x00\x00\x06\
\x00\x00\x00\x05pause\x07\x00\x00\x00\x0bEd\
itTaskTab\x01\x03\x00\x00\x00\x08S\
\xf3\x95.p\xb9Q\xfb\x08\x00\x00\x00\x00\x06\x00\x00\x00\
\x0bright_click\x07\x00\x00\x00\
\x0bEditTaskTab\x01\x03\x00\x00\
\x00\x04b*V\xfe\x08\x00\x00\x00\x00\x06\x00\x00\x00\x0a\
screenshot\x07\x00\x00\x00\x0bE\
ditTaskTab\x01\x03\x00\x00\x00\x04\
n\xdaR\xa8\x08\x00\x00\x00\x00\x06\x00\x00\x00\x06sc\
roll\x07\x00\x00\x00\x0bEditTas\
kTab\x01\x03\x00\x00\x00\x08v\xf8[\xf9n\xda\
R\xa8\x08\x00\x00\x00\x00\x06\x00\x00\x00\x0fscro\
ll_relative\x07\x00\x00\x00\x0b\
EditTaskTab\x01\x03\x00\x00\x00\
\x08S\xd1\x90\x01c\x09\x95.\x08\x00\x00\x00\x00\x06\x00\
\x00\x00\x08send_key\x07\x00\x00\x00\x0b\
EditTaskTab\x01\x03\x00\x00\x00\
\x08c\x09N\x0bc\x09\x95.\x08\x00\x00\x00\x00\x06\x00\
\x00\x00\x0dsend_key_down\
\x07\x00\x00\x00\x0bEditTaskTab\
\x01\x03\x00\x00\x00\x08g~_\x00c\x09\x95.\x08\x00\
\x00\x00\x00\x06\x00\x00\x00\x0bsend_key\
_up\x07\x00\x00\x00\x0bEditTask\
Tab\x01\x03\x00\x00\x00\x04O\x11w \x08\x00\x00\
\x00\x00\x06\x00\x00\x00\x05sleep\x07\x00\x00\x00\
\x0bEditTaskTab\x01\x03\x00\x00\
\x00\x08O\x11w h\xc0g\xe5\x08\x00\x00\x00\x00\x06\
\x00\x00\x00\x0bsleep_check\x07\
\x00\x00\x00\x0bEditTaskTab\x01\
\x03\x00\x00\x00\x08T/R\xa8\x8b\xbeY\x07\x08\x00\x00\
\x00\x00\x06\x00\x00\x00\x0cstart_dev\
ice\x07\x00\x00\x00\x0bEditTask\
Tab\x01\x03\x00\x00\x00\x04n\xd1R\xa8\x08\x00\x00\
\x00\x00\x06\x00\x00\x00\x05swipe\x07\x00\x00\x00\
\x0bEditTaskTab\x01\x03\x00\x00\
\x00\x08v\xf8[\xf9n\xd1R\xa8\x08\x00\x00\x00\x00\x06\
\x00\x00\x00\x0eswipe_relati\
ve\x07\x00\x00\x00\x0bEditTaskT\
ab\x01\x03\x00\x00\x00\x04\x7f\xfb\x8b\xd1\x08\x00\x00\x00\
\x00\x06\x00\x00\x00\x02tr\x07\x00\x00\x00\x0bEdi\
tTaskTab\x01\x03\x00\x00\x00\x04\x89\xe6\
S\xd1\x08\x00\x00\x00\x00\x06\x00\x00\x00\x07trig\
ger\x07\x00\x00\x00\x0bEditTask\
Tab\x01\x03\x00\x00\x00\x04`bY\x0d\x08\x00\x00\
\x00\x00\x06\x00\x00\x00\x07unpause\x07\x00\
\x00\x00\x0bEditTaskTab\x01\x03\
\x00\x00\x00\x0c{I_\x85^vp\xb9Q\xfbhF\
\x08\x00\x00\x00\x00\x06\x00\x00\x00\x0ewait_c\
lick_box\x07\x00\x00\x00\x0bEdi\
tTaskTab\x01\x03\x00\x00\x00\x0e{I\
_\x85^vp\xb9Q\xfbry_\x81\x08\x00\x00\x00\
\x00\x06\x00\x00\x00\x12wait_click\
_feature\x07\x00\x00\x00\x0bEdi\
tTaskTab\x01\x03\x00\x00\x00\x14{I\
_\x85^vp\xb9Q\xfb\x00O\x00C\x00Re\x87\
[W\x08\x00\x00\x00\x00\x06\x00\x00\x00\x0ewait\
_click_ocr\x07\x00\x00\x00\x0bE\
ditTaskTab\x01\x03\x00\x00\x00\x08\
{I_\x85ry_\x81\x08\x00\x00\x00\x00\x06\x00\x00\
\x00\x0cwait_feature\x07\x00\
\x00\x00\x0bEditTaskTab\x01\x03\
\x00\x00\x00\x0e{I_\x85\x00O\x00C\x00Re\x87\
[W\x08\x00\x00\x00\x00\x06\x00\x00\x00\x08wait\
_ocr\x07\x00\x00\x00\x0bEditTas\
kTab\x01\x03\x00\x00\x00\x08{I_\x85v\xf4\
R0\x08\x00\x00\x00\x00\x06\x00\x00\x00\x0await\
_until\x07\x00\x00\x00\x0bEditT\
askTab\x01\x03\x00\x00\x00\x08\x5cO^U\
[\xbd^\xa6\x08\x00\x00\x00\x00\x06\x00\x00\x00\x0fwi\
dth_of_screen\x07\x00\x00\
\x00\x0bEditTaskTab\x01\x03\x00\
\x00\x00\x08\x91\xcd\x7fn\x91M\x7fn\x08\x00\x00\x00\x00\
\x06\x00\x00\x00\x0cReset Confi\
g\x07\x00\x00\x00\x10GlobalConf\
igCard\x01\x03\x00\x00\x00\x08\x91\xcd\x7fn\
\x91M\x7fn\x08\x00\x00\x00\x00\x06\x00\x00\x00\x0cRe\
set Config\x07\x00\x00\x00\x0fG\
lobalConfigTab\x01\x03\
\x00\x00\x00\x04S\xd6m\x88\x08\x00\x00\x00\x00\x06\x00\x00\
\x00\x06Cancel\x07\x00\x00\x00\x0bHwn\
dChooser\x01\x03\x00\x00\x00\x08\x90\x09\
b\xe9z\x97S\xe3\x08\x00\x00\x00\x00\x06\x00\x00\x00\x0d\
Choose Window\x07\x00\x00\
\x00\x0bHwndChooser\x01\x03\x00\
\x00\x00\x04xn\x8b\xa4\x08\x00\x00\x00\x00\x06\x00\x00\x00\
\x07Confirm\x07\x00\x00\x00\x0bHwn\
dChooser\x01\x03\x00\x00\x00\x0c\x00{\
\x00}\x00 ]\xf2\x90\x09b\xe9\x08\x00\x00\x00\x00\x06\
\x00\x00\x00\x0b{} Selected\x07\
\x00\x00\x00\x0bHwndChooser\x01\
\x03\x00\x00\x00\x04S\xd6m\x88\x08\x00\x00\x00\x00\x06\x00\
\x00\x00\x06Cancel\x07\x00\x00\x00\x13Im\
portWarningDialo\
g\x01\x03\x00\x00\x00\x04xn\x8b\xa4\x08\x00\x00\x00\x00\
\x06\x00\x00\x00\x07Confirm\x07\x00\x00\x00\
\x13ImportWarningDi\
alog\x01\x03\x00\x00\x00\x1cb\x11N\x86\x89\xe3\
\x98\xce\x96i^v^\x0cg\x1b[\xfcQekd\
\x81\x1ag,0\x02\x08\x00\x00\x00\x00\x06\x00\x00\x006\
I understand the\
 risks and want \
to import this s\
cript.\x07\x00\x00\x00\x13Impor\
tWarningDialog\x01\x03\
\x00\x00\x00x\x8b\xf7xnO\xdd`\xa8O\xe1N\xfb\
\x81\x1ag,S\xd1^\x03\x80\x05\xff\x0cg*~\xcf\
\x9a\x8c\x8b\xc1v\x84\x81\x1ag,S\xef\x80\xfdO\x1a\
\xff\x08OFN\x0d\x96PN\x8e\xff\x09z\x83S\xd6\
`\xa8v\x84\x8d&b7\x00/epcn\x00/\
\x91\xd1\x94\xb1\xff\x0cx4WO`\xa8v\x84ep\
cn\xff\x0cb\x16c_WO\x00/c\xa7R6\
`\xa8v\x84\x8b\xa1{\x97g:0\x02\x08\x00\x00\x00\
\x00\x06\x00\x00\x00\xabMake sure \
that you trust t\
he script publis\
her, unverified \
script can and n\
ot limited to st\
eal your account\
/ data money, de\
stroy your data,\
 harm/ controlli\
ng your computer\
.\x07\x00\x00\x00\x13ImportWarn\
ingDialog\x01\x03\x00\x00\x00\x04\x8b\
fTJ\x08\x00\x00\x00\x00\x06\x00\x00\x00\x07War\
ning\x07\x00\x00\x00\x13ImportW\
arningDialog\x01\x03\x00\x00\
\x00\x10b@g\x09e\x87N\xf6\x00 \x00(\x00*\
\x00)\x08\x00\x00\x00\x00\x06\x00\x00\x00\x0dAll \
Files (*)\x07\x00\x00\x00\x14La\
belAndFileSelect\
or\x01\x03\x00\x00\x00\x04mO\x89\xc8\x08\x00\x00\x00\
\x00\x06\x00\x00\x00\x06Browse\x07\x00\x00\x00\
\x14LabelAndFileSel\
ector\x01\x03\x00\x00\x00\x08\x90\x09b\xe9e\
\x87N\xf6\x08\x00\x00\x00\x00\x06\x00\x00\x00\x0bSel\
ect File\x07\x00\x00\x00\x14Lab\
elAndFileSelecto\
r\x01\x03\x00\x00\x00\x10\x90\x09b\xe9e\x87N\xf6b\
\x16e\x87N\xf6Y9\x08\x00\x00\x00\x00\x06\x00\x00\x00\
\x15Select File or \
Folder\x07\x00\x00\x00\x14Label\
AndFileSelector\x01\
\x03\x00\x00\x00\x0a\x90\x09b\xe9e\x87N\xf6Y9\x08\
\x00\x00\x00\x00\x06\x00\x00\x00\x0dSelect \
Folder\x07\x00\x00\x00\x14Label\
AndFileSelector\x01\
\x03\x00\x00\x00\x06S\xbb\x8b\xbe\x7fn\x08\x00\x00\x00\x00\
\x06\x00\x00\x00\x0cGo to Confi\
g\x07\x00\x00\x00\x0eLabelAndGl\
obal\x01\x03\x00\x00\x00\x02T&\x08\x00\x00\x00\
\x00\x06\x00\x00\x00\x02No\x07\x00\x00\x00\x14Lab\
elAndSwitchButto\
n\x01\x03\x00\x00\x00\x02f/\x08\x00\x00\x00\x00\x06\x00\
\x00\x00\x03Yes\x07\x00\x00\x00\x14Label\
AndSwitchButton\x01\
\x03\x00\x00\x00\x0e\x00D\x00i\x00s\x00c\x00o\x00\
r\x00d\x08\x00\x00\x00\x00\x06\x00\x00\x00\x07Dis\
cord\x07\x00\x00\x00\x08LinksBa\
r\x01\x03\x00\x00\x00\x08^8\x89\xc1\x95\xee\x98\x98\x08\
\x00\x00\x00\x00\x06\x00\x00\x00\x03FAQ\x07\x00\x00\x00\
\x08LinksBar\x01\x03\x00\x00\x00\x0c\x00\
G\x00i\x00t\x00H\x00u\x00b\x08\x00\x00\x00\x00\
\x06\x00\x00\x00\x06GitHub\x07\x00\x00\x00\x08\
LinksBar\x01\x03\x00\x00\x00\x0cR\x06\
N\xabN\x0b\x8f}\x94\xfec\xa5\x08\x00\x00\x00\x00\x06\
\x00\x00\x00\x05Share\x07\x00\x00\x00\x08Li\
nksBar\x01\x03\x00\x00\x00\x18R\x06N\xab\
\x94\xfec\xa5]\xf2~\xcfY\x0dR6R0Rj\
R\x07g\x7f\x08\x00\x00\x00\x00\x06\x00\x00\x00\x1eSh\
are Link copied \
to clipboard\x07\x00\x00\x00\
\x08LinksBar\x01\x03\x00\x00\x00\x04\x8d\
^R\xa9\x08\x00\x00\x00\x00\x06\x00\x00\x00\x07Spo\
nsor\x07\x00\x00\x00\x08LinksBa\
r\x01\x03\x00\x00\x00\x08Qh\x90\xe8~\xa7R+\x08\
\x00\x00\x00\x00\x06\x00\x00\x00\x0aAll Lev\
els\x07\x00\x00\x00\x09LogWindo\
w\x01\x03\x00\x00\x00\x04n\x05zz\x08\x00\x00\x00\x00\
\x06\x00\x00\x00\x05Clear\x07\x00\x00\x00\x09L\
ogWindow\x01\x03\x00\x00\x00\x04Qs\
\x95\xed\x08\x00\x00\x00\x00\x06\x00\x00\x00\x05Clos\
e\x07\x00\x00\x00\x09LogWindow\x01\
\x03\x00\x00\x00\x04b\xd6R\xa8\x08\x00\x00\x00\x00\x06\x00\
\x00\x00\x04Drag\x07\x00\x00\x00\x09LogW\
indow\x01\x03\x00\x00\x00\x0e\x8f\xc7n\xe4e\
\xe5_\xd7\x00.\x00.\x00.\x08\x00\x00\x00\x00\x06\x00\
\x00\x00\x0eFilter logs..\
.\x07\x00\x00\x00\x09LogWindow\x01\
\x03\x00\x00\x00\x08bS_\x00e\xe5_\xd7\x08\x00\x00\
\x00\x00\x06\x00\x00\x00\x09Open Logs\
\x07\x00\x00\x00\x09LogWindow\x01\x03\
\x00\x00\x00\x04f\x82P\x5c\x08\x00\x00\x00\x00\x06\x00\x00\
\x00\x05Pause\x07\x00\x00\x00\x09LogW\
indow\x01\x03\x00\x00\x00\x04\x7fn\x98v\x08\
\x00\x00\x00\x00\x06\x00\x00\x00\x03Pin\x07\x00\x00\x00\
\x09LogWindow\x01\x03\x00\x00\x00\x04\
~\xe7~\xed\x08\x00\x00\x00\x00\x06\x00\x00\x00\x06Re\
sume\x07\x00\x00\x00\x09LogWind\
ow\x01\x03\x00\x00\x00\x08S\xd6m\x88\x7fn\x98v\
\x08\x00\x00\x00\x00\x06\x00\x00\x00\x05Unpin\x07\
\x00\x00\x00\x09LogWindow\x01\x03\x00\
\x00\x00\x08g\xe5w\x0be\xe5_\xd7\x08\x00\x00\x00\x00\
\x06\x00\x00\x00\x08View Log\x07\x00\x00\
\x00\x09LogWindow\x01\x03\x00\x00\x00\
 {I_\x85\x00 \x00o\x00k\x00-\x00s\x00\
c\x00r\x00i\x00p\x00t\x00.\x00l\x00o\x00\
g\x08\x00\x00\x00\x00\x06\x00\x00\x00\x19Waiti\
ng for ok-script\
.log\x07\x00\x00\x00\x09LogWind\
ow\x01\x03\x00\x00\x00\x02ga\x08\x00\x00\x00\x00\x06\
\x00\x00\x00\x07records\x07\x00\x00\x00\x09\
LogWindow\x01\x03\x00\x00\x00\x04Q\
sN\x8e\x08\x00\x00\x00\x00\x06\x00\x00\x00\x05Abo\
ut\x07\x00\x00\x00\x0aMainWindo\
w\x01\x03\x00\x00\x00\x08b*V\xfee\xb9_\x0f\x08\
\x00\x00\x00\x00\x06\x00\x00\x00\x07Capture\
\x07\x00\x00\x00\x0aMainWindow\x01\
\x03\x00\x00\x00\x08b*V\xfe\x95\x19\x8b\xef\x08\x00\x00\
\x00\x00\x06\x00\x00\x00\x0dCapture E\
rror\x07\x00\x00\x00\x0aMainWin\
dow\x01\x03\x00\x00\x00\x08_\x00S\xd1]\xe5Q\
w\x08\x00\x00\x00\x00\x06\x00\x00\x00\x05Debug\
\x07\x00\x00\x00\x0aMainWindow\x01\
\x03\x00\x00\x00\x04\x95\x19\x8b\xef\x08\x00\x00\x00\x00\x06\x00\
\x00\x00\x05Error\x07\x00\x00\x00\x0aMai\
nWindow\x01\x03\x00\x00\x00\x04\x90\x00Q\
\xfa\x08\x00\x00\x00\x00\x06\x00\x00\x00\x04Exit\x07\
\x00\x00\x00\x0aMainWindow\x01\x03\
\x00\x00\x00\x04c\xd0y:\x08\x00\x00\x00\x00\x06\x00\x00\
\x00\x04Info\x07\x00\x00\x00\x0aMainW\
indow\x01\x03\x00\x00\x00\x06]\xf2f\x82P\
\x5c\x08\x00\x00\x00\x00\x06\x00\x00\x00\x0ePause\
 Success.\x07\x00\x00\x00\x0aMa\
inWindow\x01\x03\x00\x00\x00\x1a\x8b\xf7\
h\xc0g\xe5n8b\x0fz\x97S\xe3f/T&\
kcxn\x90\x09b\xe9\x08\x00\x00\x00\x00\x06\x00\x00\
\x00;Please check w\
hether the game \
window is select\
ed correctly!\x07\x00\x00\
\x00\x0aMainWindow\x01\x03\x00\x00\
\x00\x06kc_\x0frH\x08\x00\x00\x00\x00\x06\x00\x00\
\x00\x07Release\x07\x00\x00\x00\x0aMa\
inWindow\x01\x03\x00\x00\x00\x08\x8f\xd0\
\x88LN\xe3x\x01\x08\x00\x00\x00\x00\x06\x00\x00\x00\x08\
Run Code\x07\x00\x00\x00\x0aMai\
nWindow\x01\x03\x00\x00\x00\x08\x8b\xa1R\
\x12N\xfbR\xa1\x08\x00\x00\x00\x00\x06\x00\x00\x00\x08S\
chedule\x07\x00\x00\x00\x0aMain\
Window\x01\x03\x00\x00\x00\x04\x81\x1ag,\
\x08\x00\x00\x00\x00\x06\x00\x00\x00\x06Script\
\x07\x00\x00\x00\x0aMainWindow\x01\
\x03\x00\x00\x00\x04\x8b\xbe\x7fn\x08\x00\x00\x00\x00\x06\x00\
\x00\x00\x08Settings\x07\x00\x00\x00\x0a\
MainWindow\x01\x03\x00\x00\x00\x08\
T/R\xa8b\x10R\x9f\x08\x00\x00\x00\x00\x06\x00\x00\
\x00\x0eStart Success.\
\x07\x00\x00\x00\x0aMainWindow\x01\
\x03\x00\x00\x00\x04N\xfbR\xa1\x08\x00\x00\x00\x00\x06\x00\
\x00\x00\x05Tasks\x07\x00\x00\x00\x0aMai\
nWindow\x01\x03\x00\x00\x00\x04j!g\
\x7f\x08\x00\x00\x00\x00\x06\x00\x00\x00\x09Templ\
ates\x07\x00\x00\x00\x0aMainWin\
dow\x01\x03\x00\x00\x008\x8f\xd9f/N\x00N\
*QM\x8d9\x8foN\xf6\x00,\x00 Y\x82g\
\x9cO`N\xceN\xfbOUW0e\xb9\x8d-N\
p\x00,\x00 \x8b\xf7u3\x8b\xf7\x90\x00k>\x00\
!\x08\x00\x00\x00\x00\x06\x00\x00\x00ZThis \
is a free softwa\
re. If you purch\
ased this anywhe\
re, request a re\
fund from the se\
ller.\x07\x00\x00\x00\x0aMainWi\
ndow\x01\x03\x00\x00\x00\x08[\x9ee\xf6\x89\xe6\
S\xd1\x08\x00\x00\x00\x00\x06\x00\x00\x00\x08Trig\
gers\x07\x00\x00\x00\x0aMainWin\
dow\x01\x03\x00\x00\x00\x08f\xf4e\xb0rHg\
,\x08\x00\x00\x00\x00\x06\x00\x00\x00\x06Updat\
e\x07\x00\x00\x00\x0aMainWindow\
\x01\x03\xff\xff\xff\xff\x08\x00\x00\x00\x00\x06\x00\x00\x00\x06\
\xe6\xbf\x80\xe6\xb4\xbb\x07\x00\x00\x00\x0aMainW\
indow\x01\x03\x00\x00\x00\x0cR \x96d\x00\
 \x00(\x00D\x00)\x08\x00\x00\x00\x00\x06\x00\x00\x00\
\x0aDelete (D)\x07\x00\x00\x00\x0c\
MarkUpWindow\x01\x03\x00\x00\
\x00\x0c~\xd8R6\x00 \x00(\x00R\x00)\x08\x00\
\x00\x00\x00\x06\x00\x00\x00\x08Draw (R)\
\x07\x00\x00\x00\x0cMarkUpWindo\
w\x01\x03\x00\x00\x00\x0ah\x07l\xe8\x7f\x16\x8f\x91V\
h\x08\x00\x00\x00\x00\x06\x00\x00\x00\x0dMarku\
p Editor\x07\x00\x00\x00\x0cMar\
kUpWindow\x01\x03\x00\x00\x00\x0eO\
\xeee9\x00 \x00(S\xccQ\xfb\x00)\x08\x00\x00\
\x00\x00\x06\x00\x00\x00\x15Modify (D\
ouble Click)\x07\x00\x00\x00\
\x0cMarkUpWindow\x01\x03\x00\
\x00\x00\x10S\xf3\x95.p\xb9Q\xfbY\x0dR6\x98\
\x9c\x82r\x08\x00\x00\x00\x00\x06\x00\x00\x00\x19Rig\
ht click to copy\
 color\x07\x00\x00\x00\x0cMarkU\
pWindow\x01\x03\x00\x00\x00\x04xn\x8b\
\xa4\x08\x00\x00\x00\x00\x06\x00\x00\x00\x07Confi\
rm\x07\x00\x00\x00\x0dMessageWi\
ndow\x01\x03\x00\x00\x00\x04m\xfbR\xa0\x08\x00\
\x00\x00\x00\x06\x00\x00\x00\x03Add\x07\x00\x00\x00\x10\
ModifyListDialog\
\x01\x03\x00\x00\x00\x08S\xefu(\x90\x09\x98y\x08\x00\
\x00\x00\x00\x06\x00\x00\x00\x11Availabl\
e Options\x07\x00\x00\x00\x10Mo\
difyListDialog\x01\x03\
\x00\x00\x00\x04S\xd6m\x88\x08\x00\x00\x00\x00\x06\x00\x00\
\x00\x06Cancel\x07\x00\x00\x00\x10Mod\
ifyListDialog\x01\x03\x00\
\x00\x00\x10p\xb9Q\xfb\x90\x09\x98yN\xe5m\xfbR\
\xa00\x02\x08\x00\x00\x00\x00\x06\x00\x00\x00\x1aCli\
ck an option to \
add it.\x07\x00\x00\x00\x10Modi\
fyListDialog\x01\x03\x00\x00\
\x00\x04xn\x8b\xa4\x08\x00\x00\x00\x00\x06\x00\x00\x00\x07\
Confirm\x07\x00\x00\x00\x10Modi\
fyListDialog\x01\x03\x00\x00\
\x00\x04O\xeee9\x08\x00\x00\x00\x00\x06\x00\x00\x00\x06\
Modify\x07\x00\x00\x00\x10Modif\
yListDialog\x01\x03\x00\x00\x00\
\x04N\x0by\xfb\x08\x00\x00\x00\x00\x06\x00\x00\x00\x09M\
ove Down\x07\x00\x00\x00\x10Mod\
ifyListDialog\x01\x03\x00\
\x00\x00\x04N\x0ay\xfb\x08\x00\x00\x00\x00\x06\x00\x00\x00\
\x07Move Up\x07\x00\x00\x00\x10Mod\
ifyListDialog\x01\x03\x00\
\x00\x00\x04y\xfb\x96d\x08\x00\x00\x00\x00\x06\x00\x00\x00\
\x06Remove\x07\x00\x00\x00\x10Modi\
fyListDialog\x01\x03\x00\x00\
\x00\x08]\xf2\x90\x09\x90\x09\x98y\x08\x00\x00\x00\x00\x06\
\x00\x00\x00\x10Selected Opt\
ions\x07\x00\x00\x00\x10ModifyL\
istDialog\x01\x03\x00\x00\x00\x04O\
\xeee9\x08\x00\x00\x00\x00\x06\x00\x00\x00\x06Mod\
ify\x07\x00\x00\x00\x0eModifyLi\
stItem\x01\x03\x00\x00\x00\x12\xff\x08\x000\
\x00 \x00=\x00 N\x0dT/u(\xff\x09\x08\x00\
\x00\x00\x00\x06\x00\x00\x00\x0e(0 = dis\
abled)\x07\x00\x00\x00\x18Modif\
yScheduleTaskDia\
log\x01\x03\x00\x00\x00\x0a\x002\x004\x5c\x0fe\
\xf6R6\x08\x00\x00\x00\x00\x06\x00\x00\x00\x0324h\
\x07\x00\x00\x00\x18ModifySched\
uleTaskDialog\x01\x03\x00\
\x00\x00\x1cN\xfbR\xa1[\x8cb\x10T\x0e\x81\xeaR\
\xa8\x90\x00Q\xfa\x00 \x00(\x00-\x00e\x00)\x08\
\x00\x00\x00\x00\x06\x00\x00\x00\x1eAuto ex\
it after task do\
ne (-e)\x07\x00\x00\x00\x18Modi\
fyScheduleTaskDi\
alog\x01\x03\x00\x00\x00\x04S\xd6m\x88\x08\x00\
\x00\x00\x00\x06\x00\x00\x00\x06Cancel\x07\x00\
\x00\x00\x18ModifySchedul\
eTaskDialog\x01\x03\x00\x00\x00\
\x06\x81\xea[\x9aNI\x08\x00\x00\x00\x00\x06\x00\x00\x00\
\x06Custom\x07\x00\x00\x00\x18Modi\
fyScheduleTaskDi\
alog\x01\x03\x00\x00\x00\x0e\x81\xea[\x9aNI\
e\xf6\x95\xf4\x8b\xbe\x7fn\x08\x00\x00\x00\x00\x06\x00\x00\
\x00\x0fCustom Interva\
l\x07\x00\x00\x00\x18ModifySche\
duleTaskDialog\x01\x03\
\x00\x00\x00\x04k\xcfY)\x08\x00\x00\x00\x00\x06\x00\x00\
\x00\x05Daily\x07\x00\x00\x00\x18Modi\
fyScheduleTaskDi\
alog\x01\x03\x00\x00\x00\x02Y)\x08\x00\x00\x00\
\x00\x06\x00\x00\x00\x04Days\x07\x00\x00\x00\x18M\
odifyScheduleTas\
kDialog\x01\x03\x00\x00\x00\x02e\xf6\x08\
\x00\x00\x00\x00\x06\x00\x00\x00\x04Hour\x07\x00\x00\
\x00\x18ModifySchedule\
TaskDialog\x01\x03\x00\x00\x00\x04\
\x5c\x0fe\xf6\x08\x00\x00\x00\x00\x06\x00\x00\x00\x05Ho\
urs\x07\x00\x00\x00\x18ModifySc\
heduleTaskDialog\
\x01\x03\x00\x00\x00\x02R\x06\x08\x00\x00\x00\x00\x06\x00\x00\
\x00\x06Minute\x07\x00\x00\x00\x18Mod\
ifyScheduleTaskD\
ialog\x01\x03\x00\x00\x00\x04O\xeee9\x08\
\x00\x00\x00\x00\x06\x00\x00\x00\x06Modify\x07\
\x00\x00\x00\x18ModifySchedu\
leTaskDialog\x01\x03\x00\x00\
\x00\x0cO\xeee9\x8b\xa1R\x12N\xfbR\xa1\x08\x00\
\x00\x00\x00\x06\x00\x00\x00\x14Modify S\
chedule Task\x07\x00\x00\x00\
\x18ModifyScheduleT\
askDialog\x01\x03\x00\x00\x00\x04k\
\xcfg\x08\x08\x00\x00\x00\x00\x06\x00\x00\x00\x07Mon\
thly\x07\x00\x00\x00\x18ModifyS\
cheduleTaskDialo\
g\x01\x03\x00\x00\x00\x04N\x00k!\x08\x00\x00\x00\x00\
\x06\x00\x00\x00\x04Once\x07\x00\x00\x00\x18Mo\
difyScheduleTask\
Dialog\x01\x03\x00\x00\x00\x08_\x00Y\xcb\
e\xf6\x95\xf4\x08\x00\x00\x00\x00\x06\x00\x00\x00\x0aSt\
art Time\x07\x00\x00\x00\x18Mod\
ifyScheduleTaskD\
ialog\x01\x03\x00\x00\x00\x08T/R\xa8\x90\
\x09\x98y\x08\x00\x00\x00\x00\x06\x00\x00\x00\x0fSta\
rtup Options\x07\x00\x00\x00\
\x18ModifyScheduleT\
askDialog\x01\x03\x00\x00\x00\x12N\
\xfbR\xa1}\x22_\x15\x00 \x00(\x00-\x00t\x00\
)\x08\x00\x00\x00\x00\x06\x00\x00\x00\x0fTask \
Index (-t)\x07\x00\x00\x00\x18M\
odifyScheduleTas\
kDialog\x01\x03\x00\x00\x00\x08N\xfbR\
\xa1T\x0dy\xf0\x08\x00\x00\x00\x00\x06\x00\x00\x00\x09T\
ask Name\x07\x00\x00\x00\x18Mod\
ifyScheduleTaskD\
ialog\x01\x03\x00\x00\x00\x08\x8d\x85e\xf6e\
\xf6\x95\xf4\x08\x00\x00\x00\x00\x06\x00\x00\x00\x07Tim\
eout\x07\x00\x00\x00\x18ModifyS\
cheduleTaskDialo\
g\x01\x03\x00\x00\x00\x08\x89\xe6S\xd1|{W\x8b\x08\
\x00\x00\x00\x00\x06\x00\x00\x00\x0cTrigger\
 Type\x07\x00\x00\x00\x18Modify\
ScheduleTaskDial\
og\x01\x03\x00\x00\x00\x04k\xcfTh\x08\x00\x00\x00\
\x00\x06\x00\x00\x00\x06Weekly\x07\x00\x00\x00\
\x18ModifyScheduleT\
askDialog\x01\x03\x00\x00\x00\x16\x5c\
\x0fe\xf6\xff\x08\x000\x00 \x00=\x00 e\xe0\x96\
PR6\xff\x09\x08\x00\x00\x00\x00\x06\x00\x00\x00\x15h\
ours (0 = unlimi\
ted)\x07\x00\x00\x00\x18ModifyS\
cheduleTaskDialo\
g\x01\x03\x00\x00\x00 O`xn[\x9a\x89\x81R\
 \x96d\x81\x1ag,\x00 \x00\x22\x00{\x00}\x00\
\x22\x00 T\x17\xff\x1f\x08\x00\x00\x00\x00\x06\x00\x00\x00\
0Are you sure yo\
u want to delete\
 the script \x22{}\x22\
?\x07\x00\x00\x00\x0eOneTimeTas\
kTab\x01\x03\x00\x00\x00\x08\x90\x09b\xe9z\x97\
S\xe3\x08\x00\x00\x00\x00\x06\x00\x00\x00\x0dChoo\
se Window\x07\x00\x00\x00\x0eOn\
eTimeTaskTab\x01\x03\x00\x00\
\x00\x06]\xf2[\x8cb\x10\x08\x00\x00\x00\x00\x06\x00\x00\
\x00\x09Completed\x07\x00\x00\x00\x0e\
OneTimeTaskTab\x01\x03\
\x00\x00\x00\x08xn\x8b\xa4R \x96d\x08\x00\x00\x00\
\x00\x06\x00\x00\x00\x0eConfirm De\
lete\x07\x00\x00\x00\x0eOneTime\
TaskTab\x01\x03\x00\x00\x00\x08R \x96\
d\x81\x1ag,\x08\x00\x00\x00\x00\x06\x00\x00\x00\x0dD\
elete Script\x07\x00\x00\x00\
\x0eOneTimeTaskTab\x01\
\x03\x00\x00\x00\x04O\xe1`o\x08\x00\x00\x00\x00\x06\x00\
\x00\x00\x04Info\x07\x00\x00\x00\x0eOneT\
imeTaskTab\x01\x03\x00\x00\x00\x06\
\x8f\xd0\x88LN-\x08\x00\x00\x00\x00\x06\x00\x00\x00\x07\
Running\x07\x00\x00\x00\x0eOneT\
imeTaskTab\x01\x03\x00\x00\x00\x02\
P<\x08\x00\x00\x00\x00\x06\x00\x00\x00\x05Valu\
e\x07\x00\x00\x00\x0eOneTimeTas\
kTab\x01\x03\x00\x00\x00\x04\x95\x19\x8b\xef\x08\x00\
\x00\x00\x00\x06\x00\x00\x00\x03app\x07\x00\x00\x00\x10\
QCoreApplication\
\x01\x03\x00\x00\x00\x0exn[\x9a\x89\x81R \x96d\
N\xfbR\xa1\x08\x00\x00\x00\x00\x06\x00\x00\x00$Ar\
e you sure you w\
ant to delete ta\
sk\x07\x00\x00\x00\x0fScheduleT\
askTab\x01\x03\x00\x00\x00\x04S\xd6m\x88\
\x08\x00\x00\x00\x00\x06\x00\x00\x00\x06Cancel\
\x07\x00\x00\x00\x0fScheduleTas\
kTab\x01\x03\x00\x00\x00\x08R\x1b^\xfaN\xfb\
R\xa1\x08\x00\x00\x00\x00\x06\x00\x00\x00\x0bCrea\
te Task\x07\x00\x00\x00\x0fSche\
duleTaskTab\x01\x03\x00\x00\x00\
\x04R \x96d\x08\x00\x00\x00\x00\x06\x00\x00\x00\x06D\
elete\x07\x00\x00\x00\x0fSchedu\
leTaskTab\x01\x03\x00\x00\x00\x08R\
 \x96dN\xfbR\xa1\x08\x00\x00\x00\x00\x06\x00\x00\x00\
\x0bDelete Task\x07\x00\x00\x00\
\x0fScheduleTaskTab\
\x01\x03\x00\x00\x00\x04\x95\x19\x8b\xef\x08\x00\x00\x00\x00\x06\
\x00\x00\x00\x05Error\x07\x00\x00\x00\x0fSc\
heduleTaskTab\x01\x03\x00\
\x00\x00\x0cR\x1b^\xfaN\xfbR\xa1Y1\x8d%\x08\
\x00\x00\x00\x00\x06\x00\x00\x00\x15Failed \
to create task\x07\x00\
\x00\x00\x0fScheduleTaskT\
ab\x01\x03\x00\x00\x00\x0cR \x96dN\xfbR\xa1\
Y1\x8d%\x08\x00\x00\x00\x00\x06\x00\x00\x00\x15Fa\
iled to delete t\
ask\x07\x00\x00\x00\x0fSchedule\
TaskTab\x01\x03\x00\x00\x00\x0cR\xa0\x8f\
}N\xfbR\xa1Y1\x8d%\x08\x00\x00\x00\x00\x06\x00\
\x00\x00\x14Failed to loa\
d tasks\x07\x00\x00\x00\x0fSche\
duleTaskTab\x01\x03\x00\x00\x00\
\x0cO\xeee9N\xfbR\xa1Y1\x8d%\x08\x00\x00\
\x00\x00\x06\x00\x00\x00\x15Failed to\
 modify task\x07\x00\x00\x00\
\x0fScheduleTaskTab\
\x01\x03\x00\x00\x00\x1cO\xeee9N\xfbR\xa1Y1\
\x8d%\xff\x1ae\xe0l\xd5R \x96de\xe7N\xfb\
R\xa1\x08\x00\x00\x00\x00\x06\x00\x00\x00-Fail\
ed to modify tas\
k: cannot delete\
 old task\x07\x00\x00\x00\x0fSc\
heduleTaskTab\x01\x03\x00\
\x00\x00\x12bS_\x00O\xeee9[\xf9\x8b\xddh\
FY1\x8d%\x08\x00\x00\x00\x00\x06\x00\x00\x00\x1cF\
ailed to open mo\
dify dialog\x07\x00\x00\x00\x0f\
ScheduleTaskTab\x01\
\x03\x00\x00\x00\x10R\x07cbN\xfbR\xa1r\xb6`\
\x01Y1\x8d%\x08\x00\x00\x00\x00\x06\x00\x00\x00\x15F\
ailed to toggle \
task\x07\x00\x00\x00\x0fSchedul\
eTaskTab\x01\x03\x00\x00\x00\x04R7\
e\xb0\x08\x00\x00\x00\x00\x06\x00\x00\x00\x07Refr\
esh\x07\x00\x00\x00\x0fSchedule\
TaskTab\x01\x03\x00\x00\x00\x08R7e\
\xb0Y1\x8d%\x08\x00\x00\x00\x00\x06\x00\x00\x00\x0eR\
efresh failed\x07\x00\x00\
\x00\x0fScheduleTaskTa\
b\x01\x03\x00\x00\x00\x08\x8b\xa1R\x12N\xfbR\xa1\x08\
\x00\x00\x00\x00\x06\x00\x00\x00\x0eSchedul\
e Tasks\x07\x00\x00\x00\x0fSche\
duleTaskTab\x01\x03\x00\x00\x00\
\x04b\x10R\x9f\x08\x00\x00\x00\x00\x06\x00\x00\x00\x07S\
uccess\x07\x00\x00\x00\x0fSched\
uleTaskTab\x01\x03\x00\x00\x00\x0c\
N\xfbR\xa1R\x1b^\xfab\x10R\x9f\x08\x00\x00\x00\
\x00\x06\x00\x00\x00\x19Task creat\
ed successfully\x07\
\x00\x00\x00\x0fScheduleTask\
Tab\x01\x03\x00\x00\x00\x0cN\xfbR\xa1R \x96\
db\x10R\x9f\x08\x00\x00\x00\x00\x06\x00\x00\x00\x19T\
ask deleted succ\
essfully\x07\x00\x00\x00\x0fSch\
eduleTaskTab\x01\x03\x00\x00\
\x00\x0aN\xfbR\xa1]\xf2y\x81u(\x08\x00\x00\x00\
\x00\x06\x00\x00\x00\x0dTask disab\
led\x07\x00\x00\x00\x0fSchedule\
TaskTab\x01\x03\x00\x00\x00\x0aN\xfbR\
\xa1]\xf2T/u(\x08\x00\x00\x00\x00\x06\x00\x00\x00\
\x0cTask enabled\x07\x00\x00\
\x00\x0fScheduleTaskTa\
b\x01\x03\x00\x00\x00\x0cN\xfbR\xa1O\xeee9b\
\x10R\x9f\x08\x00\x00\x00\x00\x06\x00\x00\x00\x1aTas\
k modified succe\
ssfully\x07\x00\x00\x00\x0fSche\
duleTaskTab\x01\x03\x00\x00\x00\
\x10\x7f\x13[XN-g*b~R0N\xfbR\
\xa1\x08\x00\x00\x00\x00\x06\x00\x00\x00\x17Task \
not found in cac\
he\x07\x00\x00\x00\x0fScheduleT\
askTab\x01\x03\x00\x00\x00\x0aN\xfbR\xa1\
]\xf2R7e\xb0\x08\x00\x00\x00\x00\x06\x00\x00\x00\x0f\
Tasks refreshed\x07\
\x00\x00\x00\x0fScheduleTask\
Tab\x01\x03\x00\x00\x00\x04d\xcdO\x5c\x08\x00\x00\
\x00\x00\x06\x00\x00\x00\x07Actions\x07\x00\
\x00\x00\x11ScheduleTaskT\
able\x01\x03\x00\x00\x00\x06\x81\xea[\x9aNI\
\x08\x00\x00\x00\x00\x06\x00\x00\x00\x06Custom\
\x07\x00\x00\x00\x11ScheduleTas\
kTable\x01\x03\x00\x00\x00\x04k\xcfY)\
\x08\x00\x00\x00\x00\x06\x00\x00\x00\x05Daily\x07\
\x00\x00\x00\x11ScheduleTask\
Table\x01\x03\x00\x00\x00\x04R \x96d\x08\
\x00\x00\x00\x00\x06\x00\x00\x00\x06Delete\x07\
\x00\x00\x00\x11ScheduleTask\
Table\x01\x03\x00\x00\x00\x06]\xf2y\x81u\
(\x08\x00\x00\x00\x00\x06\x00\x00\x00\x08Disab\
led\x07\x00\x00\x00\x11Schedule\
TaskTable\x01\x03\x00\x00\x00\x06]\
\xf2T/u(\x08\x00\x00\x00\x00\x06\x00\x00\x00\x07E\
nabled\x07\x00\x00\x00\x11Sched\
uleTaskTable\x01\x03\x00\x00\
\x00\x04O\xeee9\x08\x00\x00\x00\x00\x06\x00\x00\x00\x06\
Modify\x07\x00\x00\x00\x11Sched\
uleTaskTable\x01\x03\x00\x00\
\x00\x04k\xcfg\x08\x08\x00\x00\x00\x00\x06\x00\x00\x00\x07\
Monthly\x07\x00\x00\x00\x11Sche\
duleTaskTable\x01\x03\x00\
\x00\x00\x08N\x0bk!\x8f\xd0\x88L\x08\x00\x00\x00\x00\
\x06\x00\x00\x00\x08Next Run\x07\x00\x00\
\x00\x11ScheduleTaskTa\
ble\x01\x03\x00\x00\x00\x04N\x00k!\x08\x00\x00\
\x00\x00\x06\x00\x00\x00\x04Once\x07\x00\x00\x00\x11\
ScheduleTaskTabl\
e\x01\x03\x00\x00\x00\x04\x5c1~\xea\x08\x00\x00\x00\x00\
\x06\x00\x00\x00\x05Ready\x07\x00\x00\x00\x11S\
cheduleTaskTable\
\x01\x03\x00\x00\x00\x06\x8f\xd0\x88LN-\x08\x00\x00\x00\
\x00\x06\x00\x00\x00\x07Running\x07\x00\x00\
\x00\x11ScheduleTaskTa\
ble\x01\x03\x00\x00\x00\x04r\xb6`\x01\x08\x00\x00\
\x00\x00\x06\x00\x00\x00\x06Status\x07\x00\x00\
\x00\x11ScheduleTaskTa\
ble\x01\x03\x00\x00\x00\x08N\xfbR\xa1T\x0dy\
\xf0\x08\x00\x00\x00\x00\x06\x00\x00\x00\x09Task \
Name\x07\x00\x00\x00\x11Schedul\
eTaskTable\x01\x03\x00\x00\x00\x08\
\x89\xe6S\xd1|{W\x8b\x08\x00\x00\x00\x00\x06\x00\x00\
\x00\x0cTrigger Type\x07\x00\
\x00\x00\x11ScheduleTaskT\
able\x01\x03\x00\x00\x00\x04g*w\xe5\x08\x00\
\x00\x00\x00\x06\x00\x00\x00\x07Unknown\x07\
\x00\x00\x00\x11ScheduleTask\
Table\x01\x03\x00\x00\x00\x04k\xcfTh\x08\
\x00\x00\x00\x00\x06\x00\x00\x00\x06Weekly\x07\
\x00\x00\x00\x11ScheduleTask\
Table\x01\x03\x00\x00\x006\x00A\x00D\x00\
Bb*V\xfe\x00(e/c\x01T\x0eS\xf0\x00\
,\x00 Q|[\xb9`'\x9a\xd8\x00,\x00 \x90\
\x1f^\xa6ab\x00,\x00 ^\xf6\x8f\xdf\x9a\xd8\x00\
)\x08\x00\x00\x00\x00\x06\x00\x00\x00@ADB(S\
upports Backgrou\
nd, Slow, High C\
ompatibility, Hi\
gh Latency)\x07\x00\x00\x00\x15\
SelectCaptureLis\
tView\x01\x03\x00\x00\x00\x22\x00B\x00i\x00\
t\x00B\x00l\x00t\x00 \x00-\x00 g\x00_\
\xeb\xff\x0cQ|[\xb9`'g\x00]\xee\x08\x00\x00\
\x00\x00\x06\x00\x00\x00\x06BitBlt\x07\x00\x00\
\x00\x15SelectCaptureL\
istView\x01\x03\x00\x00\x006\x00B\x00\
i\x00t\x00B\x00l\x00t\x00_\x00R\x00e\x00\
n\x00d\x00e\x00r\x00F\x00u\x00l\x00l\x00\
 \x00-\x00 ab\xff\x0cQ|[\xb9`'g\
\x00Y}\x08\x00\x00\x00\x00\x06\x00\x00\x00\x11Bit\
Blt_RenderFull\x07\x00\
\x00\x00\x15SelectCapture\
ListView\x01\x03\x00\x00\x00\x0amO\
\x89\xc8Vhb*V\xfe\x08\x00\x00\x00\x00\x06\x00\x00\
\x00\x0fBrowser Captur\
e\x07\x00\x00\x00\x15SelectCapt\
ureListView\x01\x03\x00\x00\x00\
\x18\x00D\x00X\x00G\x00I\x00 \x00-\x00 g\
\x00ab\xff\x0cY\x07u(\x08\x00\x00\x00\x00\x06\x00\
\x00\x00\x04DXGI\x07\x00\x00\x00\x15Sele\
ctCaptureListVie\
w\x01\x03\x00\x00\x00*j!b\xdfVhz\x97S\
\xe3\x00(e/c\x01T\x0eS\xf0\x00,\x00 \x90\
\x1f^\xa6_\xeb\x00,\x00 ^\xf6\x8f\xdfON\x00\
)\x08\x00\x00\x00\x00\x06\x00\x00\x007Emula\
tor Window(Suppo\
rts Background, \
Fast, Low Latenc\
y)\x07\x00\x00\x00\x15SelectCap\
tureListView\x01\x03\x00\x00\
\x00\x08n8b\x0fz\x97S\xe3\x08\x00\x00\x00\x00\x06\
\x00\x00\x00\x0bGame Window\x07\
\x00\x00\x00\x15SelectCaptur\
eListView\x01\x03\x00\x00\x00>S\
\x9fu\x1f\x00(\x00M\x00u\x00M\x00u\x00P\x00\
l\x00a\x00y\x00e\x00r\x001\x002\x00 \x00\
v\x00e\x00r\x00s\x00i\x00o\x00n\x00 \x00\
>\x00=\x00 \x004\x00.\x000\x00)\x08\x00\x00\
\x00\x00\x06\x00\x00\x00!Ipc (MuMu\
Player12 version\
 >= 4.0)\x07\x00\x00\x00\x15Sel\
ectCaptureListVi\
ew\x01\x03\x00\x00\x00\x1e\x00W\x00G\x00C\x00 \
\x00-\x00 \x00>\x00=\x00W\x00i\x00n\x001\
\x000\xff\x0c_\xeb\x08\x00\x00\x00\x00\x06\x00\x00\x00\x03\
WGC\x07\x00\x00\x00\x15SelectCa\
ptureListView\x01\x03\x00\
\x00\x00&\x00A\x00D\x00B\x00I\x00n\x00t\x00\
e\x00r\x00a\x00c\x00t\x00i\x00o\x00n\x00\
 \x00-\x00 T\x0eS\xf0\x08\x00\x00\x00\x00\x06\x00\
\x00\x00\x0eADBInteractio\
n\x07\x00\x00\x00\x19SelectInte\
ractionListView\x01\
\x03\x00\x00\x00.\x00B\x00r\x00o\x00w\x00s\x00\
e\x00r\x00I\x00n\x00t\x00e\x00r\x00a\x00\
c\x00t\x00i\x00o\x00n\x00 \x00-\x00 T\
\x0eS\xf0\x08\x00\x00\x00\x00\x06\x00\x00\x00\x12Bro\
wserInteraction\x07\
\x00\x00\x00\x19SelectIntera\
ctionListView\x01\x03\x00\
\x00\x004\x00G\x00e\x00n\x00s\x00h\x00i\x00\
n\x00 \x00-\x00 T\x0eS\xf0\xff\x0ce/c\
\x01\x90\xe8R\x06\x00 \x00U\x00n\x00i\x00t\x00\
y\x00 n8b\x0f\x08\x00\x00\x00\x00\x06\x00\x00\x00\
\x07Genshin\x07\x00\x00\x00\x19Sel\
ectInteractionLi\
stView\x01\x03\x00\x00\x00:\x00P\x00o\
\x00s\x00t\x00M\x00e\x00s\x00s\x00a\x00g\
\x00e\x00 \x00-\x00 T\x0eS\xf0\xff\x0cQ|\
[\xb9Y'Y\x1aep^\x94u(T\x8c\x5c\x11\
epn8b\x0f\x08\x00\x00\x00\x00\x06\x00\x00\x00\x0b\
PostMessage\x07\x00\x00\x00\x19\
SelectInteractio\
nListView\x01\x03\x00\x00\x00.\x00\
P\x00y\x00D\x00i\x00r\x00e\x00c\x00t\x00\
 \x00-\x00 RMS\xf0\xff\x0c\x00P\x00y\x00\
n\x00p\x00u\x00t\x00 Y\x07u(\x08\x00\x00\
\x00\x00\x06\x00\x00\x00\x08PyDirect\x07\
\x00\x00\x00\x19SelectIntera\
ctionListView\x01\x03\x00\
\x00\x00\x22\x00P\x00y\x00n\x00p\x00u\x00t\x00\
 \x00-\x00 RMS\xf0\xff\x0cQ|[\xb9`\
'g\x00Y}\x08\x00\x00\x00\x00\x06\x00\x00\x00\x06P\
ynput\x07\x00\x00\x00\x19Select\
InteractionListV\
iew\x01\x03\x00\x00\x00\x04QsN\x8e\x08\x00\x00\
\x00\x00\x06\x00\x00\x00\x05About\x07\x00\x00\x00\
\x0aSettingTab\x01\x03\x00\x00\x00\
\x08\x8foN\xf6\x8b\xbe\x7fn\x08\x00\x00\x00\x00\x06\x00\
\x00\x00\x0aApp Config\x07\x00\x00\
\x00\x0aSettingTab\x01\x03\x00\x00\
\x00\x08\x8foN\xf6\x8b\xbe\x7fn\x08\x00\x00\x00\x00\x06\
\x00\x00\x00\x0cApp Settings\
\x07\x00\x00\x00\x0aSettingTab\x01\
\x03\x00\x00\x00\x08^\x94u(N;\x98\x98\x08\x00\x00\
\x00\x00\x06\x00\x00\x00\x11Applicati\
on Theme\x07\x00\x00\x00\x0aSet\
tingTab\x01\x03\x00\x00\x00\x12e9S\
\xd8^\x94u(z\x0b^\x8fv\x84Y\x16\x89\xc2\x08\
\x00\x00\x00\x00\x06\x00\x00\x00(Change \
the appearance o\
f the applicatio\
n\x07\x00\x00\x00\x0aSettingTab\
\x01\x03\x00\x00\x00\x08h\xc0g\xe5f\xf4e\xb0\x08\x00\
\x00\x00\x00\x06\x00\x00\x00\x0cCheck up\
date\x07\x00\x00\x00\x0aSetting\
Tab\x01\x03\x00\x00\x00\x10\x91M\x7fnW(\x91\
\xcdT/T\x0eu\x1feH\x08\x00\x00\x00\x00\x06\x00\
\x00\x00(Configuration\
 takes effect af\
ter restart\x07\x00\x00\x00\x0a\
SettingTab\x01\x03\x00\x00\x00\x04\
m\xf1\x82r\x08\x00\x00\x00\x00\x06\x00\x00\x00\x04Da\
rk\x07\x00\x00\x00\x0aSettingTa\
b\x01\x03\x00\x00\x00DS\xd1s\xb0e\xb0R\x9f\x80\
\xfd^v[fN`g\x09Qs\x00P\x00y\x00\
Q\x00t\x00-\x00F\x00l\x00u\x00e\x00n\x00\
t\x00-\x00W\x00i\x00d\x00g\x00e\x00t\x00\
sv\x84g\x09u(c\xd0y:\x08\x00\x00\x00\x00\
\x06\x00\x00\x00EDiscover ne\
w features and l\
earn useful tips\
 about PyQt-Flue\
nt-Widgets\x07\x00\x00\x00\x0aS\
ettingTab\x01\x03\x00\x00\x00\x04^\
.R\xa9\x08\x00\x00\x00\x00\x06\x00\x00\x00\x04Hel\
p\x07\x00\x00\x00\x0aSettingTab\
\x01\x03\x00\x00\x00\x04\x8b\xed\x8a\x00\x08\x00\x00\x00\x00\x06\
\x00\x00\x00\x08Language\x07\x00\x00\x00\
\x0aSettingTab\x01\x03\x00\x00\x00\
\x04mE\x82r\x08\x00\x00\x00\x00\x06\x00\x00\x00\x05L\
ight\x07\x00\x00\x00\x0aSetting\
Tab\x01\x03\x00\x00\x00\x0cbS_\x00^.R\
\xa9\x98u\x97b\x08\x00\x00\x00\x00\x06\x00\x00\x00\x0eO\
pen help page\x07\x00\x00\
\x00\x0aSettingTab\x01\x03\x00\x00\
\x00\x0c\x90\x09b\xe9O`v\x84\x8b\xed\x8a\x00\x08\x00\
\x00\x00\x00\x06\x00\x00\x00\x1bSet your\
 preferred langu\
age\x07\x00\x00\x00\x0aSettingT\
ab\x01\x03\x00\x00\x00\x12\x8b\xbe\x7fn\x00U\x00I\
v\x84\x99\x96\x90\x09\x8b\xed\x8a\x00\x08\x00\x00\x00\x00\x06\
\x00\x00\x00\x22Set your pre\
ferred language \
for UI\x07\x00\x00\x00\x0aSetti\
ngTab\x01\x03\x00\x00\x00\x04\x8b\xbe\x7fn\x08\
\x00\x00\x00\x00\x06\x00\x00\x00\x08Setting\
s\x07\x00\x00\x00\x0aSettingTab\
\x01\x03\x00\x00\x00\x08f\xf4e\xb0b\x10R\x9f\x08\x00\
\x00\x00\x00\x06\x00\x00\x00\x14Updated \
successfully\x07\x00\x00\x00\
\x0aSettingTab\x01\x03\x00\x00\x00\
\x0cO\x7fu(|\xfb~\xdf\x8b\xbe\x7fn\x08\x00\x00\
\x00\x00\x06\x00\x00\x00\x12Use syste\
m setting\x07\x00\x00\x00\x0aSe\
ttingTab\x01\x03\x00\x00\x00\x04rH\
g,\x08\x00\x00\x00\x00\x06\x00\x00\x00\x07Vers\
ion\x07\x00\x00\x00\x0aSettingT\
ab\x01\x03\x00\x00\x00\x08f\x82P\x5cQh\x90\xe8\
\x08\x00\x00\x00\x00\x06\x00\x00\x00\x09Pause \
All\x07\x00\x00\x00\x0bStartBut\
ton\x01\x03\x00\x00\x00\x08_\x00Y\xcbQh\x90\
\xe8\x08\x00\x00\x00\x00\x06\x00\x00\x00\x09Start\
 All\x07\x00\x00\x00\x0bStartBu\
tton\x01\x03\x00\x00\x00\x04b*V\xfe\x08\x00\
\x00\x00\x00\x06\x00\x00\x00\x07Capture\x07\
\x00\x00\x00\x09StartCard\x01\x03\x00\
\x00\x00\x08[\xfcQ\xfae\xe5_\xd7\x08\x00\x00\x00\x00\
\x06\x00\x00\x00\x0bExport Logs\
\x07\x00\x00\x00\x09StartCard\x01\x03\
\x00\x00\x00\x0en8b\x0fz\x97S\xe3]\xf2e\xad\
_\x00\x08\x00\x00\x00\x00\x06\x00\x00\x00\x18Game\
 Window Disconne\
cted\x07\x00\x00\x00\x09StartCa\
rd\x01\x03\x00\x00\x00\x08[\x89\x88\xc5v\xee_U\
\x08\x00\x00\x00\x00\x06\x00\x00\x00\x0eInstal\
l Folder\x07\x00\x00\x00\x09Sta\
rtCard\x01\x03\x00\x00\x00\x04f\x82P\x5c\
\x08\x00\x00\x00\x00\x06\x00\x00\x00\x05Pause\x07\
\x00\x00\x00\x09StartCard\x01\x03\x00\
\x00\x00\x22]\xf2f\x82P\x5c\xff\x1a\x00P\x00Cr\
Hn8b\x0fz\x97S\xe3_\xc5\x98{W(R\
MS\xf0\xff\x01\x08\x00\x00\x00\x00\x06\x00\x00\x00(P\
aused: PC Game W\
indow Must Be in\
 Front!\x07\x00\x00\x00\x09Star\
tCard\x01\x03\x00\x00\x00\x04R7e\xb0\x08\
\x00\x00\x00\x00\x06\x00\x00\x00\x07Refresh\
\x07\x00\x00\x00\x09StartCard\x01\x03\
\x00\x00\x00\x06\x8f\xd0\x88LN-\x08\x00\x00\x00\x00\x06\
\x00\x00\x00\x07Running\x07\x00\x00\x00\x09\
StartCard\x01\x03\x00\x00\x00\x04_\
\x00Y\xcb\x08\x00\x00\x00\x00\x06\x00\x00\x00\x05Sta\
rt\x07\x00\x00\x00\x09StartCard\
\x01\x03\x00\x00\x00\x08T/R\xa8n8b\x0f\x08\x00\
\x00\x00\x00\x06\x00\x00\x00\x0aStart Ga\
me\x07\x00\x00\x00\x09StartCard\
\x01\x03\x00\x00\x00\x0c[\x9ee\xf6\x89\xe6S\xd1N\xfb\
R\xa1\x08\x00\x00\x00\x00\x06\x00\x00\x00\x0dTrig\
ger Tasks\x07\x00\x00\x00\x09St\
artCard\x01\x03\x00\x00\x00\x10p\xb9Q\
\xfb\x90\x09b\xe9N\xfbR\xa1_\x00Y\xcb\x08\x00\x00\
\x00\x00\x06\x00\x00\x00\x1eWaiting f\
or task to be en\
abled\x07\x00\x00\x00\x09StartC\
ard\x01\x03\x00\x00\x000\x00,\x00 xn\x8b\
\xa4n8b\x0fz\x97S\xe3f/T&\x88\xabb\
\xc9O8\x00,\x96\x90\x85\xcf\x00,b\x16\x80\x05W\
(\x5cO^UY\x16\x00.\x08\x00\x00\x00\x00\x06\x00\
\x00\x00?, check if ga\
me windows is mi\
nimized, resized\
 or out of scree\
n.\x07\x00\x00\x00\x0fStartCont\
roller\x01\x03\x00\x00\x00.\x00,\x00 \
e/c\x01v\x84g\x00\x5c\x0fR\x06\x8f\xa8s\x87\
f/\x00 \x00 \x00{\x00m\x00i\x00n\x00_\
\x00s\x00i\x00z\x00e\x00}\x08\x00\x00\x00\x00\x06\
\x00\x00\x00,, the suppor\
ted min resoluti\
on is {min_size}\
\x07\x00\x00\x00\x0fStartContro\
ller\x01\x03\x00\x00\x002e/c\x01v\x84\
z\x97S\xe3k\xd4O\x8bf/\x00{\x00s\x00u\
\x00p\x00p\x00o\x00r\x00t\x00e\x00d\x00_\
\x00r\x00a\x00t\x00i\x00o\x00}\x08\x00\x00\x00\
\x00\x06\x00\x00\x00*, the supp\
orted ratio is {\
supported_ratio}\
\x07\x00\x00\x00\x0fStartContro\
ller\x01\x03\x00\x00\x00&f>y:\x8b\xbe\
\x7fn\x81\xeaR\xa8\x00H\x00D\x00R]\xf2bS\
_\x00\x00,\x00 \x8b\xf7QHQs\x95\xed\x00!\
\x08\x00\x00\x00\x00\x06\x00\x00\x00.Auto H\
DR is enabled, p\
lease turn it of\
f first.\x07\x00\x00\x00\x0fSta\
rtController\x01\x03\x00\x00\
\x002f>y:\x8b\xbe\x7fn\x81\xeaR\xa8\x00H\
\x00D\x00R]\xf2bS_\x00\x00,\x00 S\xef\
\x80\xfd[\xfc\x81\xf4N\xfbR\xa1\x8f\xd0\x88L_\x02\
^8\x00!\x08\x00\x00\x00\x00\x06\x00\x00\x004Au\
to HDR is enable\
d, tasks might n\
ot work correctl\
y!\x07\x00\x00\x00\x0fStartCont\
roller\x01\x03\x00\x00\x00\x22e\xe0l\xd5\
T/R\xa8n8b\x0f\x00,\x00 \x8b\xf7xn\
\x8b\xa4n8b\x0f]\xf2[\x89\x88\xc5\x00!\x08\x00\
\x00\x00\x00\x06\x00\x00\x001Can't st\
art game, make s\
ure the game is \
installed\x07\x00\x00\x00\x0fSt\
artController\x01\x03\x00\
\x00\x00\x18b*V\xfeY1\x8d%\x00,\x8b\xf7h\
\xc0g\xe5n8b\x0fz\x97S\xe3\x08\x00\x00\x00\x00\
\x06\x00\x00\x00(Capture fai\
led, please chec\
k game window\x07\x00\x00\
\x00\x0fStartControlle\
r\x01\x03\x00\x00\x00\x1aj!b\xdfVhg*\x8f\
\xdec\xa5\x00,\x00 \x8b\xf7QHT/R\xa8\x00\
!\x08\x00\x00\x00\x00\x06\x00\x00\x004Emula\
tor is not conne\
cted, start the \
emulator first!\x07\
\x00\x00\x00\x0fStartControl\
ler\x01\x03\x00\x00\x00\x10\x00G\x00P\x00U\x00\
 \x9aqR\xa8\x8bfTJ\x08\x00\x00\x00\x00\x06\x00\
\x00\x00\x12GPU Driver Wa\
rning\x07\x00\x00\x00\x0fStartC\
ontroller\x01\x03\x00\x00\x00\x1ee\
\xe0l\xd5T/R\xa8n8b\x0f\x00,\x00 \x8b\
\xf7bKR\xa8bS_\x00n8b\x0f\x08\x00\x00\
\x00\x00\x06\x00\x00\x004Game path\
 does not exist,\
 Please open gam\
e manually!\x07\x00\x00\x00\x0f\
StartController\x01\
\x03\x00\x00\x00(N\x0de/c\x01_SRMR\
\x06\x8f\xa8s\x87\x00{\x00r\x00e\x00s\x00o\x00\
l\x00u\x00t\x00i\x00o\x00n\x00}\x08\x00\x00\
\x00\x00\x06\x00\x00\x00-Game reso\
lution {resoluti\
on} is not suppo\
rted\x07\x00\x00\x00\x0fStartCo\
ntroller\x01\x03\x00\x00\x00Pj!\
g\x7fV\xferGR\xa0\x8f}Y1\x8d%\x00,\
\x8b\xf7\x91\xcde\xb0[\x89\x88\xc5\x00.\x00(N\x0d\
\x89\x81e>W(N\x0b\x8f}v\xee_U{I\
S\xef\x80\xfdO\x1a\x88\xab\x81\xeaR\xa8R \x96d\
V\xferGv\x84v\xee_U\x00.\x00)\x08\x00\
\x00\x00\x00\x06\x00\x00\x00\x5cImage re\
source load fail\
ed, please try i\
nstall again.(Do\
n't put the app \
in Downloads fol\
der)\x07\x00\x00\x00\x0fStartCo\
ntroller\x01\x03\x00\x00\x00\x0eg*\
\x90\x09b\xe9n8b\x0fz\x97S\xe3\x08\x00\x00\x00\
\x00\x06\x00\x00\x00\x11No game se\
lected!\x07\x00\x00\x00\x0fStar\
tController\x01\x03\x00\x00\x00\
0\x00P\x00CrH\x97\x00\x89\x81{\xa1t\x06T\
XgC\x96P\xff\x0c\x8b\xf7N\xe5{\xa1t\x06T\
XgC\x96P\x91\xcdT/kd^\x94u(\xff\
\x01\x08\x00\x00\x00\x00\x06\x00\x00\x00TPC ve\
rsion requires a\
dmin privileges,\
 Please restart \
this app with ad\
min privileges!\x07\
\x00\x00\x00\x0fStartControl\
ler\x01\x03\x00\x00\x00DR\x06\x8f\xa8s\x87\x00\
{\x00r\x00e\x00s\x00o\x00l\x00u\x00t\x00\
i\x00o\x00n\x00}h\xc0g\xe5Y1\x8d%\x00\
,\x00 \x90\xe8R\x06N\xfbR\xa1S\xef\x80\xfde\
\xe0l\xd5kc^8\x8f\xd0\x88L\x00!\x08\x00\x00\
\x00\x00\x06\x00\x00\x00JResolutio\
n {resolution} c\
heck failed, som\
e tasks might no\
t work correctly\
!\x07\x00\x00\x00\x0fStartContr\
oller\x01\x03\x00\x00\x00&_SRMn\
8b\x0fb\x16j!b\xdfVhN\x0de/c\
\x01\x90\x09b\xe9v\x84b*V\xfee\xb9_\x0f\x00\
!\x08\x00\x00\x00\x00\x06\x00\x00\x00DSelec\
ted capture meth\
od is not suppor\
ted by the game \
or your system!\x07\
\x00\x00\x00\x0fStartControl\
ler\x01\x03\x00\x00\x00\x22T/R\xa8n8b\
\x0fY1\x8d%\x00,\x00 \x8b\xf7QHbKR\
\xa8T/R\xa8n8b\x0f\x00!\x08\x00\x00\x00\x00\
\x06\x00\x00\x00*Start game \
failed, please s\
tart game first\x07\
\x00\x00\x00\x0fStartControl\
ler\x01\x03\x00\x00\x00\x0aT/R\xa8\x8d\x85e\
\xf6\x00!\x08\x00\x00\x00\x00\x06\x00\x00\x00\x13Sta\
rt game timeout!\
\x07\x00\x00\x00\x0fStartContro\
ller\x01\x03\x00\x00\x002n8b\x0fz\x97\
S\xe3g\x00\x5c\x0fS\x16b\x16\x80\x05\x90\xe8R\x06\
W(\x5cO^UY\x16\x00,N\x0d\x89\x81O\x7f\
u(r\xecS`Qh\x5cO\x00!\x08\x00\x00\x00\
\x00\x06\x00\x00\x00KWindow is \
minimized or out\
 of screen, and \
do NOT use full-\
screen exclusive\
!\x07\x00\x00\x00\x0fStartContr\
oller\x01\x03\x00\x00\x000z\x97S\xe3\x88\
\xabg\x00\x5c\x0fS\x16b\x16W(\x5cO^UY\
\x16\x00,\x00 N\x0d\x89\x81O\x7fu(r\xecS\
`Qh\x5cOj!_\x0f\x00!\x08\x00\x00\x00\x00\
\x06\x00\x00\x00OWindow is m\
inimized or out \
of screen, and d\
on't use full-sc\
reen exclusive m\
ode!\x07\x00\x00\x00\x0fStartCo\
ntroller\x01\x03\x00\x00\x008\x00W\
\x00i\x00n\x00d\x00o\x00w\x00sf>y:\
\x8b\xbe\x7fnY\x1cpo\x00/b\xa4w<j!\
_\x0f]\xf2bS_\x00\x00,\x00 \x8b\xf7QH\
Qs\x95\xed\x00!\x08\x00\x00\x00\x00\x06\x00\x00\x009\
Windows night li\
ght is enabled, \
please turn it o\
ff first.\x07\x00\x00\x00\x0fSt\
artController\x01\x03\x00\
\x00\x008\x00W\x00i\x00n\x00d\x00o\x00w\x00\
sf>y:\x8b\xbe\x7fnY\x1cpo\x00/b\
\xa4w<j!_\x0f]\xf2bS_\x00\x00,\x00\
 \x8b\xf7QHQs\x95\xed\x00!\x08\x00\x00\x00\x00\
\x06\x00\x00\x00?Windows nig\
ht light is enab\
led, tasks might\
 not work correc\
tly!\x07\x00\x00\x00\x0fStartCo\
ntroller\x01\x03\x00\x00\x00@\x00{\
\x00v\x00e\x00n\x00d\x00o\x00r\x00}\x00 \
\x00{\x00f\x00e\x00a\x00t\x00u\x00r\x00e\
\x00}\x00 ]\xf2T/u(\xff\x0cS\xef\x80\xfd\
[\xfc\x81\xf4R\x9f\x80\xfd_\x02^8\xff\x01\x08\x00\
\x00\x00\x00\x06\x00\x00\x009{vendor}\
 {feature} is en\
abled and may ca\
use malfunctions\
!\x07\x00\x00\x00\x0fStartContr\
oller\x01\x03\x00\x00\x00\x22\x00{\x00}g\
*\x8f\xdec\xa5\xff\x0c\x8b\xf7\x90\x09b\xe9kcx\
nv\x84n8b\x0fz\x97S\xe30\x02\x08\x00\x00\
\x00\x00\x06\x00\x00\x003{} is not\
 connected, plea\
se select the ga\
me window.\x07\x00\x00\x00\x0fS\
tartController\x01\x03\
\x00\x00\x00\x06R\xa0\x8f}N-\x08\x00\x00\x00\x00\x06\
\x00\x00\x00\x07Loading\x07\x00\x00\x00\x12\
StartLoadingDial\
og\x01\x03\x00\x00\x002kcW(T/R\xa8\
\x00,\x00 \x00{\x00s\x00e\x00c\x00o\x00n\
\x00d\x00s\x00_\x00l\x00e\x00f\x00t\x00}\
y\xd2T\x0e\x8d\x85e\xf6\x00.\x08\x00\x00\x00\x00\x06\
\x00\x00\x00/Starting, ti\
meout after {sec\
onds_left} secon\
ds.\x07\x00\x00\x00\x12StartLoa\
dingDialog\x01\x03\x00\x00\x00\x06\
[\x89SSrH\x08\x00\x00\x00\x00\x06\x00\x00\x00\x07\
Android\x07\x00\x00\x00\x08Star\
tTab\x01\x03\x00\x00\x00\x04b*V\xfe\x08\x00\
\x00\x00\x00\x06\x00\x00\x00\x07Capture\x07\
\x00\x00\x00\x08StartTab\x01\x03\x00\x00\
\x00\x08b*V\xfee\xb9_\x0f\x08\x00\x00\x00\x00\x06\
\x00\x00\x00\x0eCapture Meth\
od\x07\x00\x00\x00\x08StartTab\x01\
\x03\x00\x00\x00\x0c\x90\x09b\xe9N\xa4N\x92e\xb9_\
\x0f\x08\x00\x00\x00\x00\x06\x00\x00\x00\x12Choos\
e Interaction\x07\x00\x00\
\x00\x08StartTab\x01\x03\x00\x00\x00\x08\
\x90\x09b\xe9z\x97S\xe3\x08\x00\x00\x00\x00\x06\x00\x00\
\x00\x0dChoose Window\x07\
\x00\x00\x00\x08StartTab\x01\x03\x00\x00\
\x00\x06]\xf2\x8f\xdec\xa5\x08\x00\x00\x00\x00\x06\x00\x00\
\x00\x09Connected\x07\x00\x00\x00\x08\
StartTab\x01\x03\x00\x00\x00\x08_\x00\
S\xd1]\xe5Qw\x08\x00\x00\x00\x00\x06\x00\x00\x00\x05\
Debug\x07\x00\x00\x00\x08StartT\
ab\x01\x03\x00\x00\x00\x0a\x8c\x03\x8b\xd5`\xacmn\
z\x97\x08\x00\x00\x00\x00\x06\x00\x00\x00\x0dDebu\
g Overlay\x07\x00\x00\x00\x08St\
artTab\x01\x03\x00\x00\x00\x0ay\x81u(\
h\x07\x8b\xb0hF\x08\x00\x00\x00\x00\x06\x00\x00\x00\x0d\
Disable Boxes\x07\x00\x00\
\x00\x08StartTab\x01\x03\x00\x00\x00\x06\
]\xf2e\xad_\x00\x08\x00\x00\x00\x00\x06\x00\x00\x00\x0c\
Disconnected\x07\x00\x00\x00\
\x08StartTab\x01\x03\x00\x00\x00\x06j\
!b\xdfVh\x08\x00\x00\x00\x00\x06\x00\x00\x00\x08E\
mulator\x07\x00\x00\x00\x08Star\
tTab\x01\x03\x00\x00\x00\x0aT/u(h\x07\
\x8b\xb0hF\x08\x00\x00\x00\x00\x06\x00\x00\x00\x0cEn\
able Boxes\x07\x00\x00\x00\x08S\
tartTab\x01\x03\x00\x00\x00\x08[\xfcQ\
\xfae\xe5_\xd7\x08\x00\x00\x00\x00\x06\x00\x00\x00\x0bE\
xport Logs\x07\x00\x00\x00\x08S\
tartTab\x01\x03\x00\x00\x00\x0e\x96\x90\x85\
\xcf`\xacmnz\x97e\xe5_\xd7\x08\x00\x00\x00\x00\
\x06\x00\x00\x00\x13Hide Log on\
 Overlay\x07\x00\x00\x00\x08Sta\
rtTab\x01\x03\x00\x00\x00\x08[\x89\x88\xc5v\
\xee_U\x08\x00\x00\x00\x00\x06\x00\x00\x00\x0eIns\
tall Folder\x07\x00\x00\x00\x08\
StartTab\x01\x03\x00\x00\x00\x08e\xe5\
_\xd7v\xee_U\x08\x00\x00\x00\x00\x06\x00\x00\x00\x0a\
Log Folder\x07\x00\x00\x00\x08S\
tartTab\x01\x03\x00\x00\x00\x08bS_\
\x00e\xe5_\xd7\x08\x00\x00\x00\x00\x06\x00\x00\x00\x09O\
pen Logs\x07\x00\x00\x00\x08Sta\
rtTab\x01\x03\x00\x00\x00\x06\x00P\x00Cr\
H\x08\x00\x00\x00\x00\x06\x00\x00\x00\x02PC\x07\x00\x00\
\x00\x08StartTab\x01\x03\x00\x00\x00\x04\
R7e\xb0\x08\x00\x00\x00\x00\x06\x00\x00\x00\x07Re\
fresh\x07\x00\x00\x00\x08StartT\
ab\x01\x03\x00\x00\x00\x08kcW(R7e\xb0\
\x08\x00\x00\x00\x00\x06\x00\x00\x00\x0aRefres\
hing\x07\x00\x00\x00\x08StartTa\
b\x01\x03\x00\x00\x00\x08b*V\xfev\xee_U\x08\
\x00\x00\x00\x00\x06\x00\x00\x00\x11Screens\
hot Folder\x07\x00\x00\x00\x08S\
tartTab\x01\x03\x00\x00\x00\x10W(`\
\xacmnz\x97f>y:e\xe5_\xd7\x08\x00\x00\
\x00\x00\x06\x00\x00\x00\x13Show Log \
on Overlay\x07\x00\x00\x00\x08S\
tartTab\x01\x03\x00\x00\x00\x08g\xe5w\
\x0be\xe5_\xd7\x08\x00\x00\x00\x00\x06\x00\x00\x00\x08V\
iew Log\x07\x00\x00\x00\x08Star\
tTab\x01\x03\x00\x00\x006\x00N\x00P\x00U\
c\xa8t\x06\x95\x19\x8b\xef\xff\x0c`\xa8S\xef\x80\xfd\
\x97\x00\x89\x81f\xf4e\xb0\x00I\x00n\x00t\x00e\
\x00l\x00 \x00N\x00P\x00U\x9aqR\xa8\xff\x01\
\x08\x00\x00\x00\x00\x06\x00\x00\x00CNPU in\
ferring Error, y\
ou might need to\
 update the Inte\
l NPU driver!\x07\x00\x00\
\x00\x04Task\x01\x03\x00\x00\x00\x04\x95\x19\x8b\xef\
\x08\x00\x00\x00\x00\x06\x00\x00\x00\x05Error\x07\
\x00\x00\x00\x0bTaskButtons\x01\
\x03\x00\x00\x00*n8b\x0fz\x97S\xe3g*\x8f\
\xdec\xa5\xff\x0c\x8b\xf7\x90\x09b\xe9n8b\x0fz\
\x97S\xe3T\x8cb*V\xfee\xb9_\x0f0\x02\x08\
\x00\x00\x00\x00\x06\x00\x00\x00OGame wi\
ndow is not conn\
ected, please se\
lect the game wi\
ndow and capture\
 method.\x07\x00\x00\x00\x0bTas\
kButtons\x01\x03\x00\x00\x00\x04f\x82\
P\x5c\x08\x00\x00\x00\x00\x06\x00\x00\x00\x05Paus\
e\x07\x00\x00\x00\x0bTaskButton\
s\x01\x03\x00\x00\x00\x04~\xe7~\xed\x08\x00\x00\x00\x00\
\x06\x00\x00\x00\x06Resume\x07\x00\x00\x00\x0b\
TaskButtons\x01\x03\x00\x00\x00\
\x04_\x00Y\xcb\x08\x00\x00\x00\x00\x06\x00\x00\x00\x05S\
tart\x07\x00\x00\x00\x0bTaskBut\
tons\x01\x03\x00\x00\x00\x04P\x5ckb\x08\x00\
\x00\x00\x00\x06\x00\x00\x00\x04Stop\x07\x00\x00\x00\
\x0bTaskButtons\x01\x03\x00\x00\
\x00\x18O`xn[\x9a\x89\x81R \x96d\x00 \
\x00{\x00}\x00 T\x17\x00?\x08\x00\x00\x00\x00\x06\
\x00\x00\x00\x22Are you sure\
 you want to del\
ete {}\x07\x00\x00\x00\x08TaskC\
ard\x01\x03\x00\x00\x00\x04R \x96d\x08\x00\x00\
\x00\x00\x06\x00\x00\x00\x06Delete\x07\x00\x00\
\x00\x08TaskCard\x01\x03\x00\x00\x00\x08\
R \x96dN\xfbR\xa1\x08\x00\x00\x00\x00\x06\x00\x00\
\x00\x0bDelete Task\x07\x00\x00\
\x00\x08TaskCard\x01\x03\x00\x00\x00\x06\
g*T/u(\x08\x00\x00\x00\x00\x06\x00\x00\x00\x08\
Disabled\x07\x00\x00\x00\x08Tas\
kCard\x01\x03\x00\x00\x00\x04\x7f\x16\x8f\x91\x08\
\x00\x00\x00\x00\x06\x00\x00\x00\x04Edit\x07\x00\x00\
\x00\x08TaskCard\x01\x03\x00\x00\x00\x06\
]\xf2T/u(\x08\x00\x00\x00\x00\x06\x00\x00\x00\x07\
Enabled\x07\x00\x00\x00\x08Task\
Card\x01\x03\x00\x00\x00\x08O\x7fu(\x8b\xf4\
f\x0e\x08\x00\x00\x00\x00\x06\x00\x00\x00\x0cInst\
ructions\x07\x00\x00\x00\x08Tas\
kCard\x01\x03\x00\x00\x00\x04f\x82P\x5c\x08\
\x00\x00\x00\x00\x06\x00\x00\x00\x05Pause\x07\x00\
\x00\x00\x08TaskCard\x01\x03\x00\x00\x00\
\x08\x91\xcd\x7fn\x91M\x7fn\x08\x00\x00\x00\x00\x06\x00\
\x00\x00\x0cReset Config\x07\
\x00\x00\x00\x08TaskCard\x01\x03\x00\x00\
\x00\x04~\xe7~\xed\x08\x00\x00\x00\x00\x06\x00\x00\x00\x06\
Resume\x07\x00\x00\x00\x08TaskC\
ard\x01\x03\x00\x00\x00\x04_\x00Y\xcb\x08\x00\x00\
\x00\x00\x06\x00\x00\x00\x05Start\x07\x00\x00\x00\
\x08TaskCard\x01\x03\x00\x00\x00\x04P\
\x5ckb\x08\x00\x00\x00\x00\x06\x00\x00\x00\x04Sto\
p\x07\x00\x00\x00\x08TaskCard\x01\x03\
\x00\x00\x00&{I_\x85\x00 \x00{\x00t\x00a\
\x00s\x00k\x00_\x00n\x00a\x00m\x00e\x00}\
\x00 N\xfbR\xa1[\x8cb\x10\x08\x00\x00\x00\x00\x06\
\x00\x00\x00,Waiting for \
{task_name} task\
 to be completed\
\x07\x00\x00\x00\x08TaskCard\x01\x03\x00\
\x00\x00\x04y\x81u(\x08\x00\x00\x00\x00\x06\x00\x00\x00\
\x07Disable\x07\x00\x00\x00\x0cTas\
kOpButton\x01\x03\x00\x00\x00\x04T\
/u(\x08\x00\x00\x00\x00\x06\x00\x00\x00\x06Ena\
ble\x07\x00\x00\x00\x0cTaskOpBu\
tton\x01\x03\x00\x00\x00\x08\x90\x09b\xe9z\x97\
S\xe3\x08\x00\x00\x00\x00\x06\x00\x00\x00\x0dChoo\
se Window\x07\x00\x00\x00\x07Ta\
skTab\x01\x03\x00\x00\x00\x06]\xf2[\x8cb\
\x10\x08\x00\x00\x00\x00\x06\x00\x00\x00\x09Compl\
eted\x07\x00\x00\x00\x07TaskTab\
\x01\x03\x00\x00\x00\x08R\x1b^\xfaN\xfbR\xa1\x08\x00\
\x00\x00\x00\x06\x00\x00\x00\x0bCreate T\
ask\x07\x00\x00\x00\x07TaskTab\x01\
\x03\x00\x00\x00\x04O\xe1`o\x08\x00\x00\x00\x00\x06\x00\
\x00\x00\x04Info\x07\x00\x00\x00\x07Task\
Tab\x01\x03\x00\x00\x00\x06\x8f\xd0\x88LN-\x08\
\x00\x00\x00\x00\x06\x00\x00\x00\x07Running\
\x07\x00\x00\x00\x07TaskTab\x01\x03\x00\x00\
\x00\x06]\xf2\x8f\xd0\x88L\x08\x00\x00\x00\x00\x06\x00\x00\
\x00\x0cTime Elapsed\x07\x00\
\x00\x00\x07TaskTab\x01\x03\x00\x00\x00\x02\
P<\x08\x00\x00\x00\x00\x06\x00\x00\x00\x05Valu\
e\x07\x00\x00\x00\x07TaskTab\x01\x03\x00\
\x00\x00\x04S\xd6m\x88\x08\x00\x00\x00\x00\x06\x00\x00\x00\
\x06Cancel\x07\x00\x00\x00\x13Temp\
lateInputDialog\x01\
\x03\x00\x00\x00\x04xn\x8b\xa4\x08\x00\x00\x00\x00\x06\x00\
\x00\x00\x07Confirm\x07\x00\x00\x00\x13T\
emplateInputDial\
og\x01\x03\x00\x00\x00\x1axn[\x9a\x89\x81R \
\x96d\x00 \x00'\x00{\x00}\x00'\x00 T\x17\
\xff\x1f\x08\x00\x00\x00\x00\x06\x00\x00\x00%Are \
you sure you wan\
t to delete '{}'\
?\x07\x00\x00\x00\x0bTemplateTa\
b\x01\x03\x00\x00\x00\x04S\xd6m\x88\x08\x00\x00\x00\x00\
\x06\x00\x00\x00\x06Cancel\x07\x00\x00\x00\x0b\
TemplateTab\x01\x03\x00\x00\x00\
\x08xn\x8b\xa4R \x96d\x08\x00\x00\x00\x00\x06\x00\
\x00\x00\x0eConfirm Delet\
e\x07\x00\x00\x00\x0bTemplateTa\
b\x01\x03\x00\x00\x00\x04R \x96d\x08\x00\x00\x00\x00\
\x06\x00\x00\x00\x06Delete\x07\x00\x00\x00\x0b\
TemplateTab\x01\x03\x00\x00\x00\
\x0ab*V\xfeY1\x8d%0\x02\x08\x00\x00\x00\x00\
\x06\x00\x00\x00\x18Failed to c\
apture frame.\x07\x00\x00\
\x00\x0bTemplateTab\x01\x03\x00\
\x00\x00\x10u\x1fb\x10h\x07{~g\x9aN>e\
\x87N\xf6\x08\x00\x00\x00\x00\x06\x00\x00\x00\x18Gen\
erate label enum\
 file\x07\x00\x00\x00\x0bTempla\
teTab\x01\x03\x00\x00\x00\x0cV\xferG]\
\xf2R \x96d0\x02\x08\x00\x00\x00\x00\x06\x00\x00\x00\
\x0eImage deleted.\x07\
\x00\x00\x00\x0bTemplateTab\x01\
\x03\x00\x00\x00>v\xf8[\xf9\x8d\xef_\x84e\xe0e\
H0\x02y:O\x8b\xff\x1a\x00o\x00k\x00_\x00\
t\x00a\x00s\x00k\x00s\x00/\x00L\x00a\x00\
b\x00e\x00l\x00E\x00n\x00u\x00m\x00.\x00\
p\x00y\x08\x00\x00\x00\x00\x06\x00\x00\x005Inv\
alid relative pa\
th. Example: ok_\
tasks/LabelEnum.\
py\x07\x00\x00\x00\x0bTemplateT\
ab\x01\x03\x00\x00\x00\x04h\x07l\xe8\x08\x00\x00\x00\
\x00\x06\x00\x00\x00\x06Markup\x07\x00\x00\x00\
\x0bTemplateTab\x01\x03\x00\x00\
\x00\x12l\xa1g\x09h\x07l\xe8\x97\x00\x89\x81O\xdd\
[X0\x02\x08\x00\x00\x00\x00\x06\x00\x00\x00\x17No\
 annotations to \
save.\x07\x00\x00\x00\x0bTempla\
teTab\x01\x03\x00\x00\x00\x1eb*V\xfee\
\xb9_\x0fN\x0dS\xefu(0\x02\x8b\xf7QHT\
/R\xa8b*V\xfe0\x02\x08\x00\x00\x00\x00\x06\x00\
\x00\x008No capture me\
thod available. \
Please start cap\
ture first.\x07\x00\x00\x00\x0b\
TemplateTab\x01\x03\x00\x00\x00\
\x08f\x82e\xe0j!g\x7f\x08\x00\x00\x00\x00\x06\x00\
\x00\x00\x10No templates \
yet\x07\x00\x00\x00\x0bTemplate\
Tab\x01\x03\x00\x00\x00\x04xn[\x9a\x08\x00\x00\
\x00\x00\x06\x00\x00\x00\x02OK\x07\x00\x00\x00\x0bTe\
mplateTab\x01\x03\x00\x00\x00\x18\x8d\
\xef_\x84v\xf8[\xf9N\x8e]\xe5O\x5cS:h\
9v\xee_U0\x02\x08\x00\x00\x00\x00\x06\x00\x00\x00\
'Path is relativ\
e to the workspa\
ce root.\x07\x00\x00\x00\x0bTem\
plateTab\x01\x03\x00\x00\x00:v\xf8\
[\xf9\x8d\xef_\x84\xff\x0cO\x8bY\x82\xff\x1a\x00o\
\x00k\x00_\x00t\x00a\x00s\x00k\x00s\x00/\
\x00L\x00a\x00b\x00e\x00l\x00E\x00n\x00u\
\x00m\x00.\x00p\x00y\x08\x00\x00\x00\x00\x06\x00\x00\
\x00)Relative path,\
 e.g. ok_tasks/L\
abelEnum.py\x07\x00\x00\x00\x0b\
TemplateTab\x01\x03\x00\x00\x00\
\x04O\xdd[X\x08\x00\x00\x00\x00\x06\x00\x00\x00\x04S\
ave\x07\x00\x00\x00\x0bTemplate\
Tab\x01\x03\x00\x00\x00\x06O\xdd[XR0\x08\
\x00\x00\x00\x00\x06\x00\x00\x00\x07Save To\
\x07\x00\x00\x00\x0bTemplateTab\
\x01\x03\x00\x00\x00\x12O\xdd[Xb\x10R\x9fR0\
\x00:\x00 \x00{\x00}\x08\x00\x00\x00\x00\x06\x00\x00\
\x00\x22Save completed\
 successfully to\
: {}\x07\x00\x00\x00\x0bTemplat\
eTab\x01\x03\x00\x00\x00\x04b*V\xfe\x08\x00\
\x00\x00\x00\x06\x00\x00\x00\x0aScreensh\
ot\x07\x00\x00\x00\x0bTemplateT\
ab\x01\x03\x00\x00\x00\x12b*V\xfe]\xf2O\xdd\
[X\x00:\x00 \x00{\x00}\x08\x00\x00\x00\x00\x06\
\x00\x00\x00\x14Screenshot s\
aved: {}\x07\x00\x00\x00\x0bTem\
plateTab\x01\x03\x00\x00\x00\x16c\x09\
T\x0dy\xf0b\x16R\x06|{d\x1c}\x22\x00.\
\x00.\x00.\x08\x00\x00\x00\x00\x06\x00\x00\x00\x1dSe\
arch by name or \
category...\x07\x00\x00\x00\x0b\
TemplateTab\x01\x03\x00\x00\x00\
\x04b\x10R\x9f\x08\x00\x00\x00\x00\x06\x00\x00\x00\x07S\
uccess\x07\x00\x00\x00\x0bTempl\
ateTab\x01\x03\x00\x00\x00\x08b*S\xd6\
\x5cO^U\x08\x00\x00\x00\x00\x06\x00\x00\x00\x0fTa\
ke Screenshot\x07\x00\x00\
\x00\x0bTemplateTab\x01\x03\x00\
\x00\x00\x1a\x00a\x00s\x00s\x00e\x00t\x00s\x00\
 \x00(r\xecz\xcb^\x94u(\x00)\x08\x00\x00\
\x00\x00\x06\x00\x00\x00\x17assets (s\
tandalone app)\x07\x00\
\x00\x00\x0bTemplateTab\x01\x03\
\x00\x00\x00.\x00o\x00k\x00_\x00t\x00a\x00s\
\x00k\x00s\x00/\x00a\x00s\x00s\x00e\x00t\
\x00s\x00 \x00(\x81\xea[\x9aNI\x81\x1ag,\
\x00)\x08\x00\x00\x00\x00\x06\x00\x00\x00 ok_t\
asks/assets (cus\
tom scripts)\x07\x00\x00\x00\
\x0bTemplateTab\x01\x03\x00\x00\
\x00,xn[\x9af\xf4e\xb0R0\x00{\x00v\
\x00e\x00r\x00s\x00i\x00o\x00n\x00}\x00{\
\x00t\x00y\x00p\x00e\x00}T\x17\xff\x1f\x08\x00\
\x00\x00\x00\x06\x00\x00\x004Are you \
sure you want to\
 update to {vers\
ion} {type}?\x07\x00\x00\x00\
\x0bVersionCard\x01\x03\x00\x00\
\x00\x0ch\xc0g\xe5f\xf4e\xb0\x95\x19\x8b\xef\x08\x00\
\x00\x00\x00\x06\x00\x00\x00\x17Check fo\
r update error!\x07\
\x00\x00\x00\x0bVersionCard\x01\
\x03\x00\x00\x00\x0ah\xc0g\xe5e\xb0rHg,\x08\
\x00\x00\x00\x00\x06\x00\x00\x00\x11Check f\
or updates\x07\x00\x00\x00\x0bV\
ersionCard\x01\x03\x00\x00\x00\x08\
h\xc0g\xe5f\xf4e\xb0\x08\x00\x00\x00\x00\x06\x00\x00\
\x00\x14Checking for u\
pdates\x07\x00\x00\x00\x0bVersi\
onCard\x01\x03\x00\x00\x00\x06_\x00S\xd1\
rH\x08\x00\x00\x00\x00\x06\x00\x00\x00\x05Debu\
g\x07\x00\x00\x00\x0bVersionCar\
d\x01\x03\x00\x00\x004N\x0b\x8f}N-\x00:\x00\
 \x00{\x00p\x00r\x00o\x00g\x00r\x00e\x00\
s\x00s\x00}\x00 \x00{\x00p\x00e\x00r\x00\
c\x00e\x00n\x00t\x00}\x00%\x08\x00\x00\x00\x00\
\x06\x00\x00\x00!Downloading\
 {progress} {per\
cent}%\x07\x00\x00\x00\x0bVersi\
onCard\x01\x03\x00\x00\x00\x0aS\xd1s\xb0\
e\xb0rHg,\x08\x00\x00\x00\x00\x06\x00\x00\x00\x12\
Found new versio\
n!\x07\x00\x00\x00\x0bVersionCa\
rd\x01\x03\x00\x00\x00\x04O\xe1`o\x08\x00\x00\x00\
\x00\x06\x00\x00\x00\x04Info\x07\x00\x00\x00\x0bV\
ersionCard\x01\x03\x00\x00\x00\x06\
kc_\x0frH\x08\x00\x00\x00\x00\x06\x00\x00\x00\x07\
Release\x07\x00\x00\x00\x0bVers\
ionCard\x01\x03\x00\x00\x00\x14v\xeeR\
M]\xf2~\xcff/g\x00e\xb0rHg,\xff\
\x01\x08\x00\x00\x00\x00\x06\x00\x00\x00\x1bThis \
is the newest ve\
rsion!\x07\x00\x00\x00\x0bVersi\
onCard\x01\x03\x00\x00\x00\x08s\xb0W(\
f\xf4e\xb0\x08\x00\x00\x00\x00\x06\x00\x00\x00\x0aUp\
date Now\x07\x00\x00\x00\x0bVer\
sionCard\x01\x03\x00\x00\x00$f\xf4\
e\xb0R0\x00{\x00v\x00e\x00r\x00s\x00i\
\x00o\x00n\x00}\x00{\x00t\x00y\x00p\x00e\
\x00}\x08\x00\x00\x00\x00\x06\x00\x00\x00\x1aUpda\
te to {version} \
{type}\x07\x00\x00\x00\x0bVersi\
onCard\x01\x03\x00\x00\x00\x04c\xd0y:\
\x08\x00\x00\x00\x00\x06\x00\x00\x00\x05Alert\x07\
\x00\x00\x00\x03app\x01\x03\x00\x00\x00\x10]\xf2~\
\xcff\xf4e\xb0R0rHg,\x00:\x08\x00\x00\
\x00\x00\x06\x00\x00\x00\x1bAlready u\
pdated to versio\
n:\x07\x00\x00\x00\x03app\x01\x03\x00\x00\x00.\
S\xe6N\x00N*[\x9eO\x8b]\xf2~\xcfW(\
\x8f\xd0\x88L\x00,\x00 \x8b\xf7bKR\xa8~\xd3\
g_S\xe6N\x00N*[\x9eO\x8b\x00.\x08\x00\
\x00\x00\x00\x06\x00\x00\x00#Another \
instance is alre\
ady running\x07\x00\x00\x00\x03\
app\x01\x03\x00\x00\x00T^\x94u(T/R\
\xa8\x95\x19\x8b\xef0\x02\x8b\xf7\x5c\x06[\x89\x88\xc5e\
\x87N\xf6Y9m\xfbR\xa0R0\x00W\x00i\x00\
n\x00d\x00o\x00w\x00s\x00 \x00D\x00e\x00\
f\x00e\x00n\x00d\x00e\x00rv}T\x0dS\
U^v\x91\xcde\xb0[\x89\x88\xc5\x00:\x08\x00\x00\
\x00\x00\x06\x00\x00\x00fApp start\
up error. Please\
 add the install\
ation folder to \
the Windows Defe\
nder whitelist a\
nd reinstall:\x07\x00\x00\
\x00\x03app\x01\x03\x00\x00\x00\x04\x81\xeaR\xa8\x08\
\x00\x00\x00\x00\x06\x00\x00\x00\x04Auto\x07\x00\x00\
\x00\x03app\x01\x03\x00\x00\x00\x12\x81\xeaR\xa8\x8c\
\x03etn8b\x0fR\x06\x8f\xa8s\x87\x08\x00\x00\
\x00\x00\x06\x00\x00\x00\x17Auto Resi\
ze Game Window\x07\x00\
\x00\x00\x03app\x01\x03\x00\x00\x00\x0c\x81\xeaR\xa8\
T/R\xa8n8b\x0f\x08\x00\x00\x00\x00\x06\x00\x00\
\x00\x0fAuto Start Gam\
e\x07\x00\x00\x00\x03app\x01\x03\x00\x00\x00\x18z\
\x0b^\x8fT/R\xa8e\xf6P\x19\x81\xeaR\xa8T\
/R\xa8n8b\x0f\x08\x00\x00\x00\x00\x06\x00\x00\x00\
\x1fAuto Start Game\
 When App Starts\
\x07\x00\x00\x00\x03app\x01\x03\x00\x00\x00\x18u1\
N\x8en8b\x0f\x90\x00Q\xfa\x00,\x00 \x81\xea\
R\xa8Qs\x95\xed\x08\x00\x00\x00\x00\x06\x00\x00\x00\x1d\
Auto exit becaus\
e game exited\x07\x00\x00\
\x00\x03app\x01\x03\x00\x00\x00\x08W\xfag,\x8b\
\xbe\x7fn\x08\x00\x00\x00\x00\x06\x00\x00\x00\x0dBas\
ic Options\x07\x00\x00\x00\x03a\
pp\x01\x03\x00\x00\x00\x06mK\x8b\xd5rH\x08\x00\
\x00\x00\x00\x06\x00\x00\x00\x0cBeta Ver\
sion\x07\x00\x00\x00\x03app\x01\x03\x00\x00\
\x00\x04j!|\xca\x08\x00\x00\x00\x00\x06\x00\x00\x00\x04\
Blur\x07\x00\x00\x00\x03app\x01\x03\x00\x00\
\x00\x08\x90nc!{\x97l\xd5\x08\x00\x00\x00\x00\x06\
\x00\x00\x00\x0eBlur Algorit\
hm\x07\x00\x00\x00\x03app\x01\x03\x00\x00\x006\
j!|\xcan8b\x0f\x00 \x00U\x00I\x00D\
\x00 {IV\xfa[\x9aQ\x85[\xb9N\xe5^\xf6\
\x95\x7f\x00 \x00O\x00L\x00E\x00D\x00 \x5cO\
^U[\xffT}\x08\x00\x00\x00\x00\x06\x00\x00\x00&\
Blur Game UID et\
c to enhance OLE\
D life\x07\x00\x00\x00\x03app\x01\x03\
\x00\x00\x00\x0c\x90nc!h\xc0g\xe5\x95\xf4\x96\x94\
\x08\x00\x00\x00\x00\x06\x00\x00\x00\x0dBlur I\
nterval\x07\x00\x00\x00\x03app\x01\
\x03\x00\x00\x00\x1ee\xe0l\xd5b~R0\x00p\x00\
y\x00t\x00h\x00o\x00n\x00 \x00v\x00e\x00\
n\x00v\x08\x00\x00\x00\x00\x06\x00\x00\x00\x16Can\
't find python v\
env\x07\x00\x00\x00\x03app\x01\x03\x00\x00\x00\
\x04S\xd6m\x88\x08\x00\x00\x00\x00\x06\x00\x00\x00\x06C\
ancel\x07\x00\x00\x00\x03app\x01\x03\x00\
\x00\x00\x08b*V\xfe^'s\x87\x08\x00\x00\x00\x00\
\x06\x00\x00\x00\x12Capture Fra\
me Rate\x07\x00\x00\x00\x03app\x01\
\x03\x00\x00\x00\x08b*V\xfe^\xf6\x8f\xdf\x08\x00\x00\
\x00\x00\x06\x00\x00\x00\x0fCapture L\
atency\x07\x00\x00\x00\x03app\x01\x03\
\x00\x00\x00\x04V\xfdQ\x85\x08\x00\x00\x00\x00\x06\x00\x00\
\x00\x05China\x07\x00\x00\x00\x03app\x01\
\x03\x00\x00\x00\x04xn\x8b\xa4\x08\x00\x00\x00\x00\x06\x00\
\x00\x00\x07Confirm\x07\x00\x00\x00\x03a\
pp\x01\x03\x00\x00\x00\x12R\x1b^\xfa\x00v\x00e\
\x00n\x00vY1\x8d%\x00.\x08\x00\x00\x00\x00\x06\
\x00\x00\x00\x13Create venv \
failed.\x07\x00\x00\x00\x03app\x01\
\x03\x00\x00\x00\x0cR \x96dO\x9d\x8dVb\x10R\
\x9f\x08\x00\x00\x00\x00\x06\x00\x00\x00\x1cDelet\
e dependencies s\
uccess!\x07\x00\x00\x00\x03app\x01\
\x03\x00\x00\x00\x04\x8b\xcae\xad\x08\x00\x00\x00\x00\x06\x00\
\x00\x00\x09Diagnosis\x07\x00\x00\x00\
\x03app\x01\x03\x00\x00\x00\x0cT/u(j!\
|\xca\x90nc!\x08\x00\x00\x00\x00\x06\x00\x00\x00\x0b\
Enable Blur\x07\x00\x00\x00\x03\
app\x01\x03\x00\x00\x00\x04\x95\x19\x8b\xef\x08\x00\x00\
\x00\x00\x06\x00\x00\x00\x05Error\x07\x00\x00\x00\
\x03app\x01\x03\x00\x00\x00\x0a[\x8cb\x10T\x0e\
\x90\x00Q\xfa\x08\x00\x00\x00\x00\x06\x00\x00\x00\x0fEx\
it After Task\x07\x00\x00\
\x00\x03app\x01\x03\x00\x00\x00\x1an8b\x0f\x90\
\x00Q\xfae\xf6\x00,\x00 \x81\xeaR\xa8\x90\x00Q\
\xfa^\x94u(\x08\x00\x00\x00\x00\x06\x00\x00\x00\x18E\
xit App when Gam\
e Exits\x07\x00\x00\x00\x03app\x01\
\x03\x00\x00\x00\x22u1N\x8en8b\x0f]\xf2~\
\xcf\x90\x00Q\xfa\x00,\x00 ^\x94u(\x81\xeaR\
\xa8\x90\x00Q\xfa\xff\x01\x08\x00\x00\x00\x00\x06\x00\x00\x00\
\x18Exit because ga\
me exited\x07\x00\x00\x00\x03ap\
p\x01\x03\x00\x00\x00\x1a[\x8cb\x10N\xfbR\xa1T\
\x0e\x90\x00Q\xfan8b\x0fT\x8c\x00A\x00p\x00\
p\x08\x00\x00\x00\x00\x06\x00\x00\x00?Exit \
the Game and the\
 App after Succe\
ssfully Executin\
g the Task\x07\x00\x00\x00\x03a\
pp\x01\x03\x00\x00\x00\x0e\x8f\xd0\x88L~\xd3g_\
T\x0e\x90\x00Q\xfa\x08\x00\x00\x00\x00\x06\x00\x00\x00\x14\
Exit_After_Execu\
tion\x07\x00\x00\x00\x03app\x01\x03\x00\x00\
\x00\x12\x8b\xfbS\xd6rHg,R\x17\x88hY1\
\x8d%\x00!\x08\x00\x00\x00\x00\x06\x00\x00\x00 Fe\
tch remote versi\
on list error!\x07\x00\
\x00\x00\x03app\x01\x03\x00\x00\x00\x06`;^'\
ep\x08\x00\x00\x00\x00\x06\x00\x00\x00\x0bFram\
e Count\x07\x00\x00\x00\x03app\x01\
\x03\x00\x00\x00\x0az\x97S\xe3R\x06\x8f\xa8s\x87\x08\
\x00\x00\x00\x00\x06\x00\x00\x00\x0fGame Re\
solution\x07\x00\x00\x00\x03app\
\x01\x03\x00\x00\x00\x08n8b\x0fX\xf0\x97\xf3\x08\x00\
\x00\x00\x00\x06\x00\x00\x00\x0aGame Sou\
nd\x07\x00\x00\x00\x03app\x01\x03\x00\x00\x00\x04\
mwY\x16\x08\x00\x00\x00\x00\x06\x00\x00\x00\x06Gl\
obal\x07\x00\x00\x00\x03app\x01\x03\x00\x00\
\x00\x06_\xebcw\x95.\x08\x00\x00\x00\x00\x06\x00\x00\
\x00\x06HotKey\x07\x00\x00\x00\x03app\
\x01\x03\x00\x00\x00(X\x9eR\xa0\x95\xf4\x96\x94N\xe5\
\x96MON\x00C\x00P\x00U\x00/\x00G\x00P\
\x00Um\x88\x80\x17\x00(k\xeby\xd2\x00)\x08\x00\
\x00\x00\x00\x06\x00\x00\x00JIncrease\
 Delay between T\
rigger Tasks to \
Reduce CPU/GPU U\
sage(Millisecond\
s)\x07\x00\x00\x00\x03app\x01\x03\x00\x00\x00\x04\
O\xe1`o\x08\x00\x00\x00\x00\x06\x00\x00\x00\x04In\
fo\x07\x00\x00\x00\x03app\x01\x03\x00\x00\x00\x08\
Q\x85[\xb9XkQE\x08\x00\x00\x00\x00\x06\x00\x00\
\x00\x07Inpaint\x07\x00\x00\x00\x03ap\
p\x01\x03\x00\x00\x006[\x89\x88\xc5O\x9d\x8dVY\
1\x8d%\x00,\x00 \x8b\xf7\x5c\x1d\x8b\xd5f\xf4c\
bf\xf4e\xb0n\x90\x00,\x00 b\x16\x91\xcde\
\xb0N\x0b\x8f}[\x8cetrH\x00!\x08\x00\x00\
\x00\x00\x06\x00\x00\x00]Install d\
ependencies fail\
ed, try changing\
 the update sour\
ce, or re-downlo\
ad the full vers\
ion!\x07\x00\x00\x00\x03app\x01\x03\x00\x00\
\x006[\x89\x88\xc5v\xee_U\x00{\x00p\x00a\
\x00t\x00h\x00}_\xc5\x98{f/\x82\xf1e\x87\
v\xee_U\xff\x0c\x8b\xf7y\xfbR\xa8R0\x82\xf1\
e\x87v\xee_U0\x02\x08\x00\x00\x00\x00\x06\x00\x00\
\x00AInstall dir {p\
ath} must be an \
English path, mo\
ve to another pa\
th.\x07\x00\x00\x00\x03app\x01\x03\x00\x00\x00\
\x10T/R\xa8T\x0eQs\x95\xedT/R\xa8V\
h\x08\x00\x00\x00\x00\x06\x00\x00\x00\x19Kill \
Launcher After S\
tart\x07\x00\x00\x00\x03app\x01\x03\x00\x00\
\x00\x10O\x7fu(\x00D\x00X\x001\x001T/\
R\xa8\x08\x00\x00\x00\x00\x06\x00\x00\x00\x10Laun\
ch with DX11\x07\x00\x00\x00\
\x03app\x01\x03\x00\x00\x00\x04Q\x85[X\x08\x00\
\x00\x00\x00\x06\x00\x00\x00\x06Memory\x07\x00\
\x00\x00\x03app\x01\x03\x00\x00\x00\x1au(N\x8e\
\x90nc!\x91M\x7fnS:W\xdfv\x84Y\x04\
t\x06e\xb9_\x0f\x08\x00\x00\x00\x00\x06\x00\x00\x00'\
Method used to o\
bscure configure\
d areas\x07\x00\x00\x00\x03app\x01\
\x03\x00\x00\x00\x1ep\xb9Q\xfbQs\x95\xedc\x09\x94\
\xaee\xf6g\x00\x5c\x0fS\x16R0|\xfb~\xdfb\
Xv\xd8\x08\x00\x00\x00\x00\x06\x00\x00\x00+Min\
imize Window to \
System Tray when\
 Closing\x07\x00\x00\x00\x03app\
\x01\x03\x00\x00\x00\x10n8b\x0fW(T\x0eS\xf0\
e\xf6\x97Y\x97\xf3\x08\x00\x00\x00\x00\x06\x00\x00\x00\x1d\
Mute Game while \
in Background\x07\x00\x00\
\x00\x03app\x01\x03\x00\x00\x00\x14g\x09e\xb0r\
Hg,\x00{\x00}S\xeff\xf4e\xb0\x00!\x08\
\x00\x00\x00\x00\x06\x00\x00\x00\x18New Ver\
sion {} Availabl\
e\x07\x00\x00\x00\x03app\x01\x03\x00\x00\x00\x02T\
&\x08\x00\x00\x00\x00\x06\x00\x00\x00\x02No\x07\x00\x00\
\x00\x03app\x01\x03\x00\x00\x00\x02e\xe0\x08\x00\x00\
\x00\x00\x06\x00\x00\x00\x04None\x07\x00\x00\x00\x03\
app\x01\x03\x00\x00\x00\x0ce\x87[W\x8b\xc6R\
+^\xf6\x8f\xdf\x08\x00\x00\x00\x00\x06\x00\x00\x00\x0bO\
CR Latency\x07\x00\x00\x00\x03a\
pp\x01\x03\x00\x00\x00\x04d\xcdO\x5c\x08\x00\x00\x00\
\x00\x06\x00\x00\x00\x09Operation\x07\
\x00\x00\x00\x03app\x01\x03\x00\x00\x00\x16]\xf2f\
\x82P\x5c\xff\x1an8b\x0f]\xf2~\xcf\x90\x00Q\
\xfa\xff\x01\x08\x00\x00\x00\x00\x06\x00\x00\x00\x1aPau\
sed because game\
 exited\x07\x00\x00\x00\x03app\x01\
\x03\x00\x00\x00(]\xf2f\x82P\x5c\xff\x1an8b\
\x0fz\x97S\xe3g\x00\x5c\x0fS\x16b\x16\x80\x05\x90\
\xe8R\x06W(\x5cO^UY\x16\xff\x01\x08\x00\x00\
\x00\x00\x06\x00\x00\x009Paused be\
cause game windo\
w is minimized o\
r out of screen!\
\x07\x00\x00\x00\x03app\x01\x03\x00\x00\x00\x08`'\
\x80\xfdmK\x8b\xd5\x08\x00\x00\x00\x00\x06\x00\x00\x00\x10\
Performance Test\
\x07\x00\x00\x00\x03app\x01\x03\x00\x00\x00F\x8b\xf7\
W(\x00M\x00u\x00M\x00Uj!b\xdfVh\
\x00[\x8b\xbe\x7fn\x00]\x00-\x00>\x00[Qv\
N\xd6\x8b\xbe\x7fn\x00]N-Qs\x95\xed\x00[\
T\x0eS\xf0c\x02g:e\xf6O\xddm;\x8f\xd0\
\x88L\x00]\x08\x00\x00\x00\x00\x06\x00\x00\x00CPl\
ease turn off en\
able background \
keep alive in Mu\
MuPlayer setting\
s\x07\x00\x00\x00\x03app\x01\x03\x00\x00\x00\x08Y\
\x04t\x06^'s\x87\x08\x00\x00\x00\x00\x06\x00\x00\x00\
\x12Process Frame R\
ate\x07\x00\x00\x00\x03app\x01\x03\x00\x00\x00\
\x1cY\x04t\x06T\x0e\x90nc!\x5cBv\x84f\
\xf4e\xb0\x95\xf4\x96\x94\xff\x08y\xd2\xff\x09\x08\x00\x00\
\x00\x00\x06\x00\x00\x00)Seconds b\
etween processed\
 overlay updates\
\x07\x00\x00\x00\x03app\x01\x03\x00\x00\x00\x06z3\
[\x9arH\x08\x00\x00\x00\x00\x06\x00\x00\x00\x0eSt\
able Version\x07\x00\x00\x00\
\x03app\x01\x03\x00\x00\x00\x0eT/R\xa8z\x0b\
^\x8f_\x02^8\x00:\x08\x00\x00\x00\x00\x06\x00\x00\
\x00\x14Start App Exce\
ption:\x07\x00\x00\x00\x03app\x01\x03\
\x00\x00\x00\x0c_\x00Y\xcbN\x0b\x8f}O\x9d\x8dV\
\x08\x00\x00\x00\x00\x06\x00\x00\x00\x11Start \
downloading\x07\x00\x00\x00\x03\
app\x01\x03\x00\x00\x00\x0a_\x00Y\xcb\x00/P\
\x5ckb\x08\x00\x00\x00\x00\x06\x00\x00\x00\x0aSta\
rt/Stop\x07\x00\x00\x00\x03app\x01\
\x03\x00\x00\x00\x06]\xf2P\x5ckb\x08\x00\x00\x00\x00\
\x06\x00\x00\x00\x07Stopped\x07\x00\x00\x00\
\x03app\x01\x03\x00\x00\x00&b\x10R\x9fbg\
\x88LN\xfbR\xa1\x00,\x00 kcW(\x90\x00\
Q\xfan8b\x0fT\x8c\x00A\x00p\x00p\x00!\
\x08\x00\x00\x00\x00\x06\x00\x00\x001Succes\
sfully Executed \
Task, Exiting Ga\
me and App!\x07\x00\x00\x00\x03\
app\x01\x03\x00\x00\x00$R\x07cbN\x0dT\
\x0cv\x84\x00 \x00W\x00i\x00n\x00d\x00o\x00\
w\x00s\x00 b*V\xfee\xb9_\x0f\x08\x00\x00\
\x00\x00\x06\x00\x00\x000Switch be\
tween different \
Windows capture \
methods\x07\x00\x00\x00\x03app\x01\
\x03\x00\x00\x00\x16v\xeeh\x07z\x97S\xe3o\xc0m\
;\xff\x1a`bY\x0d_UR6\x08\x00\x00\x00\x00\
\x06\x00\x00\x00'Target wind\
ow active: Recor\
ding resumed\x07\x00\x00\x00\
\x03app\x01\x03\x00\x00\x00\x18v\xeeh\x07z\x97\
S\xe3\x97^o\xc0m;\xff\x1af\x82P\x5c_U\
R6\x08\x00\x00\x00\x00\x06\x00\x00\x00(Targ\
et window inacti\
ve: Recording pa\
used\x07\x00\x00\x00\x03app\x01\x03\x00\x00\
\x00\x0ce\x87[W\x8b\xc6R+~\xd3g\x9c\x08\x00\
\x00\x00\x00\x06\x00\x00\x00\x05Texts\x07\x00\x00\
\x00\x03app\x01\x03\x00\x00\x00\x14_SRMr\
Hg,\x00{\x00}_\xc5\x98{f\xf4e\xb0\x08\
\x00\x00\x00\x00\x06\x00\x00\x00&The cur\
rent version {} \
must be updated\x07\
\x00\x00\x00\x03app\x01\x03\x00\x00\x00\x0a\x89\xe6S\
\xd1Vh\x95\xf4\x96\x94\x08\x00\x00\x00\x00\x06\x00\x00\x00\
\x10Trigger Interva\
l\x07\x00\x00\x00\x03app\x01\x03\x00\x00\x00\x0af\
\xf4e\xb0Q\x85[\xb9\x00:\x08\x00\x00\x00\x00\x06\x00\
\x00\x00\x08Updates:\x07\x00\x00\x00\x03\
app\x01\x03\x00\x00\x00\x14O\x7fu(\x00D\x00\
i\x00r\x00e\x00c\x00t\x00M\x00L\x08\x00\x00\
\x00\x00\x06\x00\x00\x00\x0cUse Direc\
tML\x07\x00\x00\x00\x03app\x01\x03\x00\x00\x00\
0Y\x82g\x9cO`g\x09N\x00N*f>[\
X\x8f\x83Y'v\x84f>Sa\x00,\x00 S\
\xefN\xe5\x90\x09f/gee9U\x84`'\x80\
\xfd\x08\x00\x00\x00\x00\x06\x00\x00\x00\x1eUse G\
PU to Improve Pe\
rformance\x07\x00\x00\x00\x03ap\
p\x01\x03\x00\x00\x00\x08z\x97S\xe3\x8b\xbe\x7fn\x08\
\x00\x00\x00\x00\x06\x00\x00\x00\x0dWindow \
Config\x07\x00\x00\x00\x03app\x01\x03\
\x00\x00\x00\x18\x00W\x00i\x00n\x00d\x00o\x00w\
\x00s\x00 b*V\xfee\xb9_\x0f\x08\x00\x00\x00\
\x00\x06\x00\x00\x00\x0fWindows Ca\
pture\x07\x00\x00\x00\x03app\x01\x03\x00\
\x00\x00\x02f/\x08\x00\x00\x00\x00\x06\x00\x00\x00\x03Y\
es\x07\x00\x00\x00\x03app\x01\x03\x00\x00\x00\x0c\
\x00{\x00}\x00 T/R\xa8Vh\x08\x00\x00\x00\
\x00\x06\x00\x00\x00\x0b{} Launche\
r\x07\x00\x00\x00\x03app\x01\
\x00\x00\xc3\xd9\
<\
\xb8d\x18\xca\xef\x9c\x95\xcd!\x1c\xbf`\xa1\xbd\xdd\xa7\
\x00\x00\x00\x05ja_JPB\x00\x00\x13x\x00\x00\
\x05;\x00\x00\x09y\x00\x00\x05;\x00\x00!\x87\x00\x00\
\x05;\x00\x00\x91\xe5\x00\x00\x05C\x00\x00\x86\x0d\x00\x00\
\x05O\x00\x00E\x86\x00\x00\x05O\x00\x00\xa8\x11\x00\x00\
\x07\xb2\x00\x00=>\x00\x005\xa8\x00\x00\x0b\x97\x00\x00\
5\xa8\x00\x00R\xd3\x00\x00E\x82\x00\x00\x18i\x00\x00\
G\xa4\x00\x00\x06\x1f\x00\x00G\xa4\x00\x00P\x16\x00\x00\
Ih\x00\x00\x18\xf7\x00\x00Ja\x00\x00F\x19\x00\x00\
Q\xc9\x00\x00\x1f\xea\x00\x00S\x82\x00\x00!^\x00\x00\
V\xfe\x00\x00H\x8b\x00\x00Y\xbe\x00\x00$N\x00\x00\
[\xb3\x00\x00g|\x00\x00_\xc3\x00\x00E\xb7\x00\x00\
_\xc3\x00\x00\xaf\xeb\x00\x00hp\x00\x00Yh\x00\x00\
ih\x00\x00,\x18\x00\x00u\xa2\x00\x009\xb7\x00\x04\
<4\x00\x00\x91\x9d\x00\x04\x8c\xaf\x00\x00\x9b\x9b\x00\x04\
\x93\xc2\x00\x00\x9dJ\x00\x04\x98,\x00\x00\x12\xb4\x00\x04\
\x9c\xb9\x00\x00e\xc1\x00\x04\xa8\x8b\x00\x00\x07`\x00\x04\
\xa8\x8b\x00\x00lj\x00\x04\xa9\x03\x00\x00\x0d\xc0\x00\x04\
\xa9\x03\x00\x00Tl\x00\x04\xb8w\x00\x00G\xc3\x00\x04\
\xbb\x04\x00\x00\x8aE\x00\x04\xcf\x04\x00\x00J\x9f\x00\x04\
\xd0%\x00\x00\x1dQ\x00\x04\xec0\x00\x00mA\x00\x04\
\xf6\xc2\x00\x00\x0d\xf3\x00\x04\xf6\xc2\x00\x00T\x9f\x00\x05\
\x04\xcf\x00\x00J\xc6\x00\x05\x04\xcf\x00\x00X\xe3\x00\x05\
\x04\xcf\x00\x00\x8c\xfb\x00\x05\x04\xcf\x00\x00\x98v\x00\x05\
\x04\xcf\x00\x00\xa4\x16\x00\x05VE\x00\x00\xa81\x00\x05\
d\x95\x00\x00\x0f&\x00\x05d\x95\x00\x00V\x07\x00\x05\
d\x95\x00\x00bg\x00\x05\x98\xc5\x00\x00$u\x00\x05\
\x98\xc5\x00\x00\x93\x07\x00\x05\xab`\x00\x00&\xd0\x00\x05\
\xab`\x00\x00\x89@\x00\x05\xab`\x00\x00\x8bq\x00\x06\
\x87\x9b\x00\x00+\xec\x00\x06\xd0D\x00\x000\xd4\x00\x07\
F\xc5\x00\x008\xc2\x00\x0a\xf2\xce\x00\x00g\xc9\x00\x0b\
N\x8e\x00\x00~\xf8\x00\x16\xad\x8d\x00\x00\x16\xa1\x00\x18\
Y\x81\x00\x00~-\x00&\x9ed\x00\x004\xd3\x00+\
d\x91\x00\x00q\x15\x00=G\xa5\x00\x00m\xfe\x00=\
\xfa\x15\x00\x00\x08\xab\x00C\x00\xa7\x00\x00w\x85\x00D\
'\xc5\x00\x008\xee\x00G\x96\xc4\x00\x00I\xb5\x00G\
\x96\xc4\x00\x00j\x97\x00H,\x94\x00\x00\x99\xc6\x00I\
\xf0A\x00\x00\x9fB\x00J+\x82\x00\x00Gq\x00J\
6\x95\x00\x00G\x9a\x00Jd\x95\x00\x002\xa1\x00J\
\x809\x00\x00\x0d\x8a\x00J\x809\x00\x00T6\x00J\
\x809\x00\x00a\x0e\x00J\xb9\xb7\x00\x00JI\x00J\
\xb9\xb7\x00\x00\x83\xae\x00J\xb9\xb7\x00\x00\x97x\x00L\
\x99b\x00\x00Ju\x00L\x99b\x00\x00Z\xd8\x00L\
\x99b\x00\x00\x87\xcc\x00L\x99b\x00\x00\xa0w\x00N\
\xbf\xa5\x00\x00\x1e\x08\x00Ol\x93\x00\x00\x0e(\x00O\
l\x93\x00\x00T\xd4\x00R\xfd\xf4\x00\x00\x07\x8e\x00R\
\xfd\xf4\x00\x00m\x95\x00Tl\x95\x00\x00 \xab\x00V\
\x80\x04\x00\x00\xa46\x00V\x8c\x95\x00\x00H`\x00V\
\x8c\x95\x00\x00p\xea\x00V\x8c\x95\x00\x00\x88\xc0\x00V\
\x8c\x95\x00\x00\x8a\xc3\x00V\xae\xc2\x00\x00\x22E\x00X\
\xb7\xb9\x00\x00b\x95\x00Y\xe8\x85\x00\x00Ft\x00Z\
\x8a#\x00\x00L\xe3\x00Z\xa8\x94\x00\x00q\xef\x00Z\
\xa8\x94\x00\x00\x89\x17\x00Z\xa8\x94\x00\x00\x8bK\x00Z\
\xcf\xb3\x00\x00\xad\xe4\x00Z\xec5\x00\x00\x07\xbd\x00\x5c\
V\xfe\x00\x00H\xd8\x00\x5c\x83\xb5\x00\x00Y>\x00\x5c\
\x83\xb5\x00\x00\x8dx\x00i2\xb4\x00\x00/\x10\x00j\
/\x9b\x00\x00-\xf7\x00vvN\x00\x00'\xc0\x00v\
\x8c\x95\x00\x00:$\x00z+\xc0\x00\x00<\x11\x00z\
\xe0e\x00\x00<\xc5\x00}\x9e\x01\x00\x00v\xe7\x00\x81\
(i\x00\x00d\x03\x00\x857\xe7\x00\x00EM\x00\x8d\
\x9c\x0e\x00\x00h7\x00\x97\x96\x04\x00\x00am\x00\x97\
\x96\x04\x00\x00\x8a\x1c\x00\xaf\x88w\x00\x00\x01\x99\x00\xc0\
\xb8\x84\x00\x001\xe0\x00\xcd&\x11\x00\x00\x00A\x01\x10\
\xaa^\x00\x00L\xac\x01!\xadg\x00\x00\x5c\xdb\x01*\
\xd0\x97\x00\x00\x0a#\x01*\xd0\x97\x00\x00?\xbf\x01*\
\xd0\x97\x00\x00?\xfe\x01*\xd0\x97\x00\x00\x8a\xed\x016\
$q\x00\x00\x80F\x01<\xdf5\x00\x00\xaf\x13\x01?\
\xf9>\x00\x00\x9f\x86\x01@\x1dG\x00\x00I3\x01C\
`n\x00\x00%\x0d\x01L\x05#\x00\x00\x96\xed\x01c\
\xaa\x09\x00\x00\x10\xe6\x01c\xaa\x09\x00\x00X\x19\x01d\
\xa2o\x00\x00)\xef\x01t#\xfd\x00\x00\x93\x5c\x01\x80\
\xad\x22\x00\x00p\xaa\x01\x80\xad\x22\x00\x00\x85i\x01\xaa\
\xde>\x00\x00\xa58\x01\xb8\x13D\x00\x00\x18\x15\x01\xc1\
\xf0\x05\x00\x00`\x03\x01\xcaE\x8f\x00\x00\x06\xb3\x01\xca\
E\x8f\x00\x00\x8e\x06\x01\xd4VT\x00\x00\xa8\xa9\x01\xd7\
k\xaa\x00\x00\xab>\x01\xe7\xf5T\x00\x00l\x05\x01\xfb\
0\xd4\x00\x00\x84P\x02\x06F5\x00\x00<\x81\x02\x0b\
\x08\x8e\x00\x00MA\x02\x19\xde;\x00\x00Y\x96\x021\
\xe1\x8e\x00\x00A~\x024\xfb\xbe\x00\x00\x1e\xb1\x028\
s\xd2\x00\x00,C\x028\xd4R\x00\x00\xa0F\x02;\
\xe2\x87\x00\x00\x9aB\x02C\x04~\x00\x00(\xbd\x02l\
\x99\x03\x00\x00\xaa\xad\x02q6u\x00\x00\x9c\x08\x02v\
\xb8\x09\x00\x00f\xff\x02\xadpR\x00\x00O\x99\x02\xd9\
@\xf9\x00\x00\xa8Q\x02\xdc Q\x00\x00\xa20\x02\xe7\
 \xf5\x00\x00\x07#\x02\xe7 \xf5\x00\x00\x19\x8c\x02\xe7\
 \xf5\x00\x00\x8e\xa1\x03\x00(\x14\x00\x00\xac\xff\x03\x09\
\xa2\x9e\x00\x00(d\x03\x15*u\x00\x00\x1d\x11\x03%\
\xdek\x00\x00];\x03CL9\x00\x00\x1d}\x03K\
\xef\xe5\x00\x00;\x04\x03O\x17\x85\x00\x00>\x18\x03P\
\xba\x9e\x00\x00J\xed\x03S\xb0\xcb\x00\x00\x0c\xae\x03W\
\xb0\x17\x00\x00\x81\xa6\x03X\x11u\x00\x00k\xc8\x03]\
\xe0\x17\x00\x00 \x11\x03d\xa1\xce\x00\x00G\xed\x03v\
\xe01\x00\x00w\xd1\x03\x8d\x17\xe3\x00\x00\x84\xae\x03\x9d\
\xfdE\x00\x00i0\x03\xc5\xefz\x00\x00\x19R\x03\xcc\
\xfa\xa3\x00\x00\x02a\x03\xcdG\xa5\x00\x002\xd9\x03\xee\
\xf3\xfa\x00\x00$\xd3\x04\x14S\xf5\x00\x00\x13^\x04\x1b\
\xf0d\x00\x00\xa9\x8c\x04(U\xc4\x00\x00\xadn\x04K\
+\x03\x00\x00PB\x04L\xedM\x00\x00\x99^\x04d\
`5\x00\x007\xed\x04e\xafi\x00\x00\x0e\x93\x04e\
\xafi\x00\x00U\xcf\x04e\xafi\x00\x00b\x00\x04l\
u\x90\x00\x00Q\xb5\x04r\x80\xd4\x00\x00X\xb3\x04r\
\x80\xd4\x00\x00\x8c\x9f\x04r\xd0\x03\x00\x00M\x0d\x04\x87\
p\xc8\x00\x002<\x04\x8f\x07Y\x00\x00f\x1d\x04\x90\
\x894\x00\x00d\xa5\x04\x94\xa8\x84\x00\x00xa\x04\x98\
I\xbc\x00\x00\x06L\x04\x98I\xbc\x00\x00\x08|\x04\x98\
I\xbc\x00\x00\x0a\x5c\x04\x98I\xbc\x00\x00\x0c:\x04\x98\
I\xbc\x00\x00\x11@\x04\x98I\xbc\x00\x00\x19\x22\x04\x98\
I\xbc\x00\x00@<\x04\x98I\xbc\x00\x00A\x13\x04\x98\
I\xbc\x00\x00P\x8c\x04\x98I\xbc\x00\x00Sv\x04\x98\
I\xbc\x00\x00Z\x00\x04\x98I\xbc\x00\x00\x8d\x9b\x04\x98\
I\xbc\x00\x00\x8eq\x04\x98I\xbc\x00\x00\x9e\xa3\x04\x99\
n\x95\x00\x00D6\x04\xa0\xb2*\x00\x00&{\x04\xa1\
L\x85\x00\x00&1\x04\xa2\xcb\xd7\x00\x00j\xbf\x04\xa8\
\xb8\xa5\x00\x00\x0cw\x04\xac,\xa5\x00\x00Zo\x04\xac\
,\xa5\x00\x00a=\x04\xac,\xa5\x00\x00\x89\xc1\x04\xac\
,\xa5\x00\x00\x8e\xd9\x04\xac\xab]\x00\x00\x0d\x07\x04\xac\
\xab]\x00\x00S\xb3\x04\xac\xab]\x00\x00`\xda\x04\xc2\
\x8f\xa2\x00\x00\x84}\x04\xc4y%\x00\x00\x8c9\x04\xcf\
v\x94\x00\x00\x1b\xf9\x04\xd1\x1fR\x00\x00\x85\xa8\x04\xd5\
P\xa4\x00\x004\x9b\x04\xd5Z\xc4\x00\x005a\x04\xd5\
n\xc4\x00\x005\xd4\x04\xe0\x8f\xb2\x00\x00FE\x04\xe3\
X|\x00\x00\xa3 \x04\xe6\xf1\xdf\x00\x00\x95\xf2\x04\xed\
Y\xc4\x00\x00\x15\xeb\x04\xf4\x18N\x00\x00'#\x04\xf6\
\x91\xc9\x00\x00\xa3H\x04\xfa\x12\xa3\x00\x00\xa6\x98\x05\x14\
\x8d9\x00\x00OK\x05\x1760\x00\x00 \xd6\x05\x22\
?\xe9\x00\x00nF\x05#k\x81\x00\x00\x87\x1e\x05(\
J\xd3\x00\x00GA\x051\x10\xbe\x00\x00;\x89\x056\
\x8ay\x00\x00\x9f\x0d\x058\x92\xc0\x00\x00\x90\x8c\x05<\
F\x99\x00\x00\xa6t\x05@\x5c\xa5\x00\x00\x0e^\x05@\
\x5c\xa5\x00\x00U\x0a\x05B\xdd\xac\x00\x00\xae\xd9\x05E\
\xaf\xd9\x00\x00QT\x05E\xaf\xd9\x00\x00R[\x05E\
\xaf\xd9\x00\x00U?\x05E\xaf\xd9\x00\x00a\xd0\x05K\
\xe0\xd4\x00\x00\x83\x80\x05_/R\x00\x005#\x05f\
j\xa7\x00\x00\xabz\x05o/\xe3\x00\x00[\xad\x05v\
*I\x00\x00V\xc5\x05\x80W\xc4\x00\x00j/\x05\x8b\
\xa6\x84\x00\x00\x22\xe4\x05\x8cF\xc5\x00\x00Q\xe5\x05\x8c\
\xac5\x00\x00H\xb0\x05\x8c\xac5\x00\x00\x88\xed\x05\x8c\
\xac5\x00\x00\x8b$\x05\x93\xca\x17\x00\x00f\xba\x05\x9a\
\x90t\x00\x00LR\x05\x9c}.\x00\x00\x94R\x05\xa6\
\xecX\x00\x000\xfc\x05\xaa\x8b\xc3\x00\x00b\xfb\x05\xac\
\xdcQ\x00\x00\x04\xbe\x05\xb4\x98\xde\x00\x00\x22p\x05\xbd\
\xf7S\x00\x003\xbd\x05\xc6\xa8\xa5\x00\x00NA\x05\xd4\
\x8fX\x00\x00.a\x05\xd6\x03\xff\x00\x0070\x05\xdb\
\xc29\x00\x00\x10\xaf\x05\xdb\xc29\x00\x00W\xe2\x05\xdb\
\xc29\x00\x00c\xd3\x05\xdd\xf9D\x00\x00\x1e3\x05\xdf\
\xba\xba\x00\x00\x09\x9e\x05\xe0Kg\x00\x00*\xfc\x05\xe7\
\x0c5\x00\x00m\xbf\x06\x09\xcd\xf4\x00\x00|\x85\x06#\
\xc0[\x00\x00<@\x06,\xce\xa9\x00\x00!\xad\x06.\
!\xe5\x00\x00<\xf4\x06.\x8e)\x00\x00x\xee\x06Q\
V\xe9\x00\x00\xa3p\x06e2`\x00\x00;\xd0\x06\x80\
\xab\x84\x00\x00\x1ev\x06\x816D\x00\x00\xa7b\x06\x95\
x>\x00\x00ke\x06\xa2\x1a]\x00\x00\x89h\x06\xa8\
\xa9\xaa\x00\x00\xae\xaf\x06\xacWc\x00\x003\x7f\x06\xae\
\xa4>\x00\x00\x91\x07\x06\xb0\xbe\xae\x00\x00\x02\x9c\x06\xb0\
\xbe\xae\x00\x00\xab\x12\x06\xb5\x04\x22\x00\x004\x10\x06\xb8\
\x91\xde\x00\x00%\xe6\x06\xbb]a\x00\x00}f\x06\xc4\
y%\x00\x000\x0b\x06\xc9\xb1\x80\x00\x008\x8a\x06\xd0\
\xbaQ\x00\x00\xa4a\x06\xe3v\xd4\x00\x00/K\x06\xe8\
\xc3G\x00\x00v]\x07\x05\xe4d\x00\x00\xa2\x8e\x07\x09\
W\xa2\x00\x006J\x07\x0cHY\x00\x00\x17p\x07\x11\
\x5c$\x00\x00\x15\x86\x07\x1f\x97[\x00\x00\x1a\x8d\x074\
'\x12\x00\x00O\x11\x0773\xdb\x00\x00\xa1m\x07I\
o~\x00\x00\xa2\xbd\x07P\xb3\xaa\x00\x00\x1d\xd2\x07W\
f\x07\x00\x00\x9b\xbb\x07^\xb4t\x00\x00\xa2\xf0\x07h\
\x80$\x00\x00\x12\xdd\x07\x85\x93\xd1\x00\x00\x96\x8a\x07\x9a\
\x96,\x00\x00:\xd2\x07\xa9\xbc\x84\x00\x00``\x07\xab\
\x06\x13\x00\x00`\xa9\x07\xab\x08\x98\x00\x00=\xce\x07\xab\
\x1aR\x00\x00>n\x07\xb45q\x00\x00\x7f\x93\x07\xb5\
\xe2\xfb\x00\x00\x0a\xbd\x07\xb5\xe2\xfb\x00\x00\x19\xef\x07\xb7\
U\xe4\x00\x00r\x85\x07\xdf\x0e\xf3\x00\x00\x15@\x07\xe3\
\xfd\x9b\x00\x00\x5cV\x07\xe5$\xf3\x00\x00\xa0!\x08\x03\
\xeft\x00\x00\x09\xc7\x08\x09\x7fd\x00\x00\x09?\x08\x0a\
br\x00\x00>\xfc\x08\x18B%\x00\x00\xa7\xbb\x08=\
\xe1s\x00\x00j\xf2\x08B\xf3Q\x00\x00\x9f\xcf\x08E\
=\x0e\x00\x00\x00\xcb\x08E=\x0e\x00\x00\x9d\x1e\x08F\
k\xe2\x00\x00\xb0\x0a\x08J\x95A\x00\x00u\x22\x08K\
\x95\xb4\x00\x00\x82p\x08N\xb2\xf5\x00\x00mj\x08i\
5\xf4\x00\x00\xae\x11\x08i\x8d\x8c\x00\x00+,\x08n\
\xd9n\x00\x00\x81\xdc\x08u`l\x00\x00\xae{\x08\x81\
(\x11\x00\x00{\xd3\x08\x89)\xf9\x00\x00N\xdc\x08\x96\
\x1e\x8c\x00\x00o\xb7\x08\x9aE\xee\x00\x004K\x08\xa2\
\x93\xc7\x00\x00\x99\x22\x08\xb4\xac\x0e\x00\x00r\xdd\x08\xba\
h\xc3\x00\x00I\x8e\x08\xbd\x8c\xc8\x00\x00]\x92\x08\xbd\
\x8c\xc8\x00\x00q\x9b\x08\xc2\xb8\xc5\x00\x00K\xc0\x08\xc2\
\xb8\xc5\x00\x00\x98\x9e\x08\xcce\x97\x00\x00\x860\x08\xce\
\x01\x9e\x00\x009s\x08\xd6t\x12\x00\x00\x86]\x08\xfd\
\xd9#\x00\x00N\x12\x09\x06\xb5i\x00\x00\x95\x1f\x09\x0b\
I\xc9\x00\x00\x1b\x87\x09\x16(\xb1\x00\x00z9\x09)\
\xe2\x83\x00\x00p\x19\x09)\xe2\x83\x00\x00\x84\xe7\x09+\
`\xfc\x00\x00d\xfd\x090\x8f%\x00\x00\x97\xa5\x096\
vN\x00\x00(\x12\x09?h\x89\x00\x00\x0b\xcf\x09?\
h\x89\x00\x00S\x0b\x09J*\xb9\x00\x00\x03e\x09Q\
\xd8\xce\x00\x00\x8f\xaf\x09Z\x7f\xad\x00\x00\x93\xf6\x09\x5c\
\xa9e\x00\x00\x00\x00\x09`\x06\xb5\x00\x00\x0f\x9f\x09`\
\x06\xb5\x00\x00V<\x09a~\xb5\x00\x00r\x16\x09k\
\xd7]\x00\x00\x00\xfc\x09m\xf9T\x00\x00\x1c+\x09q\
\x01\xe0\x00\x00\xab\xb3\x09\x87\xbc\xc5\x00\x00I\xdd\x09\x87\
\xbc\xc5\x00\x00o\xea\x09\x87\xbc\xc5\x00\x00\x82\xa2\x09\x88\
\xbd\xa3\x00\x00l\x93\x09\x8cu\xff\x00\x00\x93/\x09\x91\
\xe0\x92\x00\x006|\x09\x9cu\xa3\x00\x00\x17)\x09\xaa\
\xaa\x89\x00\x00\x92\x82\x09\xb2\xf0\x1e\x00\x008L\x09\xc5\
P\x17\x00\x00Y\x0e\x09\xc5P\x17\x00\x00b\xc8\x09\xc5\
P\x17\x00\x00q\xc4\x09\xc5P\x17\x00\x00\x8d\x1f\x09\xc5\
\xb8\x8a\x00\x00\x9a\x9d\x09\xd1\x8d\xf1\x00\x00}\x13\x09\xd5\
\x1e\xb5\x00\x00\x12~\x09\xd5\x1e\xb5\x00\x00W\x1d\x09\xd5\
\x1e\xb5\x00\x00c+\x09\xd7\xa4d\x00\x00,\xf2\x09\xde\
\xd1\x8d\x00\x00s\x8c\x09\xeb\xbf\xb5\x00\x00L\x1f\x09\xfd\
]\xb5\x00\x00\x10h\x09\xfd]\xb5\x00\x00W\x9b\x09\xfd\
]\xb5\x00\x00cb\x0a\x10d-\x00\x00\x17\xc2\x0a\x1e\
e\xb4\x00\x00_\x1e\x0a!\xa6o\x00\x00\x18\x92\x0a\x22\
\xd2k\x00\x00:S\x0a0\xab\x94\x00\x00\x1cp\x0a<\
j+\x00\x00\x0f[\x0a=\x0e\x95\x00\x00Di\x0a?\
#\x1b\x00\x00\x11\xf9\x0a?#\x1b\x00\x00\x1a\xcc\x0a?\
#\x1b\x00\x00Z4\x0a?#\x1b\x00\x00\x8c\xc8\x0a?\
j[\x00\x00\x1b\x03\x0a?j[\x00\x00Z\x9d\x0a?\
j[\x00\x00\x89\xe8\x0aZ\xcc\xc5\x00\x0095\x0a_\
\xbe\x83\x00\x001^\x0aa\x13>\x00\x00\x87\xf7\x0ad\
\xd0\xcd\x00\x00\x06\x82\x0ad\xd0\xcd\x00\x00\x0a\x8f\x0ad\
\xd0\xcd\x00\x00\x11\xc9\x0ad\xd0\xcd\x00\x00@\xa9\x0ad\
\xd0\xcd\x00\x00AK\x0ad\xd0\xcd\x00\x00O\xe9\x0ad\
\xd0\xcd\x00\x00Q$\x0ad\xd0\xcd\x00\x00\x8d\xd3\x0ad\
\xd0\xcd\x00\x00\x9fc\x0ae\xb9\x1c\x00\x00\x19\xc4\x0ah\
\xf6\xd5\x00\x001\x9c\x0aiA\x82\x00\x00D\xab\x0am\
\x82\xfc\x00\x00?4\x0atg\x19\x00\x00\x125\x0av\
\x1d\x99\x00\x00 <\x0avZ2\x00\x00G\x13\x0aw\
r\xd7\x00\x00\x07\xec\x0ay_\x07\x00\x00)\x15\x0a\x84\
\xfb\xa8\x00\x00+\xa8\x0a\x95m\xe4\x00\x000=\x0a\x96\
ke\x00\x00\x0e\xcb\x0a\x9a\xaaZ\x00\x00\x01\xdc\x0a\xa2\
\xfa7\x00\x00\xafs\x0a\xa7\xd1>\x00\x00B\x14\x0a\xad\
gY\x00\x00\x86\xa7\x0a\xb6v\xe4\x00\x00\xab\xdf\x0a\xb9\
\x9c\xf3\x00\x00&\xf8\x0a\xb9\x9c\xf3\x00\x00^I\x0a\xb9\
\x9c\xf3\x00\x00\x94\xad\x0a\xbe J\x00\x00\x08\xe1\x0a\xd0\
_d\x00\x00\x94\xd8\x0a\xd2\xc0\xe5\x00\x00.\xc6\x0a\xd8\
\xc4\x11\x00\x00y\xe8\x0a\xdb\x09\xe4\x00\x00\xa5\xf1\x0a\xe1\
\xb0\x85\x00\x00\x9d\xa0\x0a\xe7\x93\x14\x00\x00pT\x0a\xe8\
\xd6\x1e\x00\x00\x92\x0b\x0a\xebf\x09\x00\x00C\xe8\x0a\xff\
e\xee\x00\x00\x90\xb6\x0b\x03\xc6\x94\x00\x00\x10(\x0b\x03\
\xc6\x94\x00\x00W[\x0b\x09yE\x00\x00/\x98\x0b\x09\
ye\x00\x00\x8c\x0b\x0b\x09\xa6\xc4\x00\x00E\xe7\x0b%\
\xf5\x11\x00\x00\x05\xea\x0b08\xf9\x00\x00\x14\xd0\x0b6\
\x01k\x00\x00[Z\x0b6\x08+\x00\x00[\x07\x0bH\
B\xd9\x00\x00\x0bL\x0bHB\xd9\x00\x00R\x88\x0b`\
\xb6\xd5\x00\x00>\xb8\x0bc\xe2\x94\x00\x00u\xba\x0bd\
\xdd\xbd\x00\x00\x1c\xad\x0b\x883H\x00\x00-\xbc\x0b\x8f\
\xdd\xb2\x00\x00=d\x0b\x91\x1f\xcc\x00\x00\x14?\x0b\x92\
\x14 \x00\x00+g\x0b\x997\x8e\x00\x00\x81\x01\x0b\x9e\
\x96Y\x00\x00n\xc6\x0b\xab\x94\x0e\x00\x00\x83\x09\x0b\xb7\
p\xde\x00\x00!\x07\x0b\xbd\xf2c\x00\x00\x970\x0b\xc0\
\x05\xe4\x00\x00\x93\xba\x0b\xc2\x05\xe4\x00\x00:\x94\x0b\xc5\
\x09q\x00\x00\x05\xb5\x0b\xcb\x00\xae\x00\x00%\x96\x0b\xdb\
\x22C\x00\x00\x9c?\x0b\xe3\xea\x81\x00\x00\x98\xcd\x0b\xee\
\x00\xe4\x00\x00F\xae\x0c\x01\x9e\xd1\x00\x00\xa8\xff\x0c\x04\
\xa05\x00\x00K\xee\x0c\x05\x83\x83\x00\x00\x16\xf1\x0c\x05\
\x83\x83\x00\x00H/\x0c\x05\x83\x83\x00\x00\x85\xdd\x0c\x10\
\xbf.\x00\x00\x8f\x03\x0c\x13\xf8\xce\x00\x00\x0a\xf7\x0c\x15\
*\xee\x00\x00t\xa2\x0c!\x99\xcb\x00\x00\xa0\x9a\x0c*\
$W\x00\x00@l\x0c*$W\x00\x00Xs\x0c*\
$W\x00\x00\x83F\x0c*$W\x00\x00\x8cf\x0cB\
\x17\xa3\x00\x00\x84\x16\x0cG\x92\xf4\x00\x00a\x9f\x0cG\
\x92\xf4\x00\x00\x8aj\x0cJfY\x00\x00;Q\x0cR\
V\x8e\x00\x00c\xa2\x0cV\x8c\xe5\x00\x00=\x99\x0cV\
\xb7\xad\x00\x00\x1a&\x0cX\x09e\x00\x00\xaaq\x0cZ\
\xcf\x1d\x00\x00\x163\x0c^T\xf9\x00\x00\x11u\x0co\
\x11\x8b\x00\x00\x05m\x0cu\x02\xbe\x00\x00Q\x83\x0cu\
K\x99\x00\x00\x83\xd8\x0cz\xc3\x9e\x00\x00\x13\xfb\x0cz\
\xdb7\x00\x00\xa6\xf3\x0c{\x85\x9f\x00\x00)\x5c\x0c\x80\
\x8a\x83\x00\x00$\x9d\x0c\x84\xfes\x00\x00\xac\x85\x0c\x88\
\xfa>\x00\x00\xa8\x84\x0c\x90\xd8\xbc\x00\x00\x9e\x1a\x0c\x92\
\xbc\xa1\x00\x00z\xfd\x0c\x97\x12\xac\x00\x00o\x80\x0c\x9a\
\x01\xda\x00\x00*\x9d\x0c\xa1\xa9\x84\x00\x006\x0c\x0c\xa3\
\x80I\x00\x00N\xa5\x0c\xa4\x91\xb5\x00\x003&\x0c\xa8\
h\x87\x00\x00o\x0d\x0c\xa9_$\x00\x00@\xd4\x0c\xbb\
\x01s\x00\x00L\x81\x0c\xbb\x01s\x00\x00n\x9b\x0c\xc9\
\xa0\x0e\x00\x00oP\x0c\xce\x0f\x1f\x00\x00#\x0e\x0c\xdf\
\x8d\xc8\x00\x00\x08;\x0c\xee\xd9[\x00\x00\x5c\x03\x0c\xf6\
\x5c\xfe\x00\x00b1\x0d\x04,\xaf\x00\x009\xe0\x0d\x05\
Rs\x00\x00\x13$\x0d\x18\x90\xf2\x00\x00E\x07\x0d\x1f\
N\x94\x00\x00]\xc1\x0d1\x07\xc5\x00\x00\xaf\xa6\x0d4\
\xb3\xee\x00\x00?r\x0dGc\xb4\x00\x00\x82\xd0\x0dL\
\xdb\xf1\x00\x00\xac\x02\x0dU\x94\xe2\x00\x005\x99\x0dZ\
\xca\xe7\x00\x006\xba\x0d\x5c\xa9\x15\x00\x00-N\x0d\x5c\
\xec2\x00\x006\xf5\x0d_\xd6C\x00\x00/\xcd\x0d\x89\
P\x17\x00\x00*\xd1\x0d\x89P\x17\x00\x00C\xb5\x0d\x93\
x%\x00\x00\x02\x1c\x0d\xa1\xc7\xc9\x00\x00\x85!\x0d\xac\
z\xf3\x00\x00\x13\xb0\x0d\xb0\x8e\xd4\x00\x00i\xb5\x0d\xc5\
\x9e\xbe\x00\x00h\xb1\x0d\xd3\x034\x00\x00\xa1\x1d\x0d\xd5\
\xf0#\x00\x00R\x14\x0d\xfc\x13'\x00\x007h\x0e\x0d\
Dn\x00\x00\x1f3\x0e\x11\x9a\xe6\x00\x00\x9eO\x0e!\
}d\x00\x00\x8b\x96\x0e/\xa2t\x00\x00\x14t\x0e1\
\xac*\x00\x00\x99\xeb\x0e;\xcd\x81\x00\x00\xa6>\x0eD\
\xcd+\x00\x00Uv\x0eF\xc4\xc3\x00\x000\x8a\x0eb\
\xa1\xae\x00\x00\xa1\xf8\x0ee@\x89\x00\x00\x95|\x0eg\
\x84\xbb\x00\x007\xa9\x0er\xa2\x0e\x00\x00#\xa2\x0e\xaf\
o\xc3\x00\x00\x8a\x92\x0e\xb17\x93\x00\x00^\x05\x0e\xbf\
\xdf:\x00\x00\x09\x13\x0e\xcb%\xa2\x00\x00J\x0d\x0e\xd3\
\x02\xed\x00\x00t\x14\x0e\xe1~\xa3\x00\x00\x0f\xde\x0e\xe1\
~\xa3\x00\x00V{\x0e\xf3\x11C\x00\x00\x9c\xeb\x0f\x03\
\xb7\xa1\x00\x00\x98\x22\x0f\x07gi\x00\x00^x\x0f\x0e\
\x89.\x00\x00P\xc1\x0f\x19\x22<\x00\x00\x0dB\x0f\x19\
\x22<\x00\x00S\xee\x0f s\xf1\x00\x00\x04W\x0f!\
o\xdd\x00\x00\x02\xcd\x0f'\xf1\xfb\x00\x00\x04%\x0f'\
\xf1\xfb\x00\x00Nr\x0f3\x9a\x85\x00\x00\x8f_\x0f9\
@\xe8\x00\x00\x04\x96\x0fL\xa1\xb3\x00\x00 u\x0fW\
\xb8i\x00\x00_\xaf\x0fX\x1aC\x00\x00\xa9\xca\x0fn\
1U\x00\x00ev\x0f\x85\xef\xbe\x00\x00'm\x0f\x8a\
3\xb5\x00\x00k'\x0f\x93gi\x00\x00^\xcb\x0f\x96\
\xf2!\x00\x00K,\x0f\x98N\xf4\x00\x00\x8dH\x0f\x99\
+e\x00\x00\x9e\xcb\x0f\x9eH$\x00\x00\x9c\x94\x0f\xa1\
3H\x00\x00.&\x0f\xadN]\x00\x00\x9dl\x0f\xc0\
w!\x00\x00\x05\x10\x0f\xc9X\x97\x00\x00I\x03\x0f\xc9\
X\x97\x00\x00\x86\xef\x0f\xcc\xa8\xc4\x00\x00\x1b:\x0f\xd4\
\x9eI\x00\x00\x8f\xf3\x0f\xd5U\xb3\x00\x00rJ\x0f\xef\
/\xd4\x00\x00_g\x0f\xf4\xee^\x00\x00,\xab\x0f\xf5\
]#\x00\x00\xa0\xcfi\x00\x00\xb0=\x03\x00\x00\x00\x16\
0\xd00\xfc0\xb80\xe70\xf30\xa20\xc30\xd7\
0\xc70\xfc0\xc8\x08\x00\x00\x00\x00\x06\x00\x00\x00\x0e\
Version Update\x07\x00\
\x00\x00\x08@default\x01\x03\x00\x00\x00\
<\x00{\x00k\x00e\x00y\x00}\x00 0oq\
!R\xb90g0Y0\x020\xdb0\xc30\xc80\
\xad0\xfc0n\x8a-[\x9a0\x92x\xba\x8a\x8d0\
W0f0O0`0U0D\xff\x01\x08\x00\x00\
\x00\x00\x06\x00\x00\x001{key} is \
invalid, please \
check the hotkey\
 config!\x07\x00\x00\x00\x08@de\
fault\x01\x03\x00\x00\x00\x080\xd90\xfc0\
\xbfrH\x08\x00\x00\x00\x00\x06\x00\x00\x00\x0cBet\
a Version\x07\x00\x00\x00\x08Ab\
outTab\x01\x03\x00\x00\x00P0\xc00\xa6\
0\xf30\xb00\xec0\xfc0\xc9b\x10R\x9f\x00 \
\x00{\x00f\x00r\x00o\x00m\x00_\x00v\x00e\
\x00r\x00s\x00i\x00o\x00n\x00}\x00 \x00-\
\x00>\x00 \x00{\x00t\x00o\x00_\x00v\x00e\
\x00r\x00s\x00i\x00o\x00n\x00}\x08\x00\x00\x00\
\x00\x06\x00\x00\x000Downgrade \
success {from_ve\
rsion} -> {to_ve\
rsion}\x07\x00\x00\x00\x08About\
Tab\x01\x03\x00\x00\x00\x180\xc70\xd00\xc30\
\xb0rH0\x920\xc00\xa60\xf30\xed0\xfc0\
\xc9\x08\x00\x00\x00\x00\x06\x00\x00\x00\x0eDownl\
oad Debug\x07\x00\x00\x00\x08Ab\
outTab\x01\x03\x00\x00\x00\x140\xc00\xa6\
0\xf30\xed0\xfc0\xc90\xa80\xe90\xfc\x00:\
\x08\x00\x00\x00\x00\x06\x00\x00\x00\x0fDownlo\
ad Error:\x07\x00\x00\x00\x08Ab\
outTab\x01\x03\x00\x00\x00\x180\xea0\xea\
0\xfc0\xb9rH0\x920\xc00\xa60\xf30\xed\
0\xfc0\xc9\x08\x00\x00\x00\x00\x06\x00\x00\x00\x10Do\
wnload Release\x07\x00\
\x00\x00\x08AboutTab\x01\x03\x00\x00\x00\
\x10\x95\xa2\x90#0\xd70\xed0\xb80\xa70\xaf0\
\xc8\x08\x00\x00\x00\x00\x06\x00\x00\x00\x0eOther\
 Projects\x07\x00\x00\x00\x08Ab\
outTab\x01\x03\x00\x00\x00\x06[\x89[\x9a\
rH\x08\x00\x00\x00\x00\x06\x00\x00\x00\x0eStab\
le Version\x07\x00\x00\x00\x08A\
boutTab\x01\x03\x00\x00\x00N0\xa20\
\xc30\xd70\xc70\xfc0\xc8b\x10R\x9f\x00 \x00\
{\x00f\x00r\x00o\x00m\x00_\x00v\x00e\x00\
r\x00s\x00i\x00o\x00n\x00}\x00 \x00-\x00\
>\x00 \x00{\x00t\x00o\x00_\x00v\x00e\x00\
r\x00s\x00i\x00o\x00n\x00}\x08\x00\x00\x00\x00\
\x06\x00\x00\x00-Update succ\
ess {from_versio\
n} -> {to_versio\
n}\x07\x00\x00\x00\x08AboutTab\x01\
\x03\x00\x00\x00V0\xb20\xfc0\xe0\x00I\x00D\xff\
\x08O\x8b\xff\x1a\x001\x000\x002\x006\x003\x00\
0\x006\x001\x002\x003\x004\x005\xff\x090\
o0S0n0\xa20\xab0\xa60\xf30\xc80\
k}\x10N\xd80Q0\x890\x8c0\x01Y\x09f\
\xf40g0M0~0[0\x93\x08\x00\x00\x00\x00\
\x06\x00\x00\x00L\xe4\xbd\xa0\xe7\x9a\x84\xe6\xb8\xb8\xe6\x88\
\x8f\xe7\xbc\x96\xe5\x8f\xb7, \xe5\xa6\x821026\
30612345, \xe5\xb0\x86\xe4\xbc\x9a\
\xe7\xbb\x91\xe5\xae\x9a\xe6\xad\xa4\xe8\xb4\xa6\xe5\x8f\xb7\xe4\
\xbd\xbf\xe7\x94\xa8\xe6\x97\xa0\xe6\xb3\x95\xe6\x9b\xb4\xe6\x94\
\xb9\x07\x00\x00\x00\x09ActWindow\x01\
\x03\x00\x00\x00\x0e0\xa20\xaf0\xc60\xa30\xd90\
\xfc0\xc8\x08\x00\x00\x00\x00\x06\x00\x00\x00\x06\xe6\xbf\x80\
\xe6\xb4\xbb\x07\x00\x00\x00\x09ActWindo\
w\x01\x03\x00\x00\x00\x180\xa20\xaf0\xc60\xa30\
\xd90\xfc0\xb70\xe70\xf30\xb30\xfc0\xc9\x08\
\x00\x00\x00\x00\x06\x00\x00\x00\x09\xe6\xbf\x80\xe6\xb4\xbb\xe7\
\xa0\x81\x07\x00\x00\x00\x09ActWindow\
\x01\x03\x00\x00\x00\x04\x8afu(\x08\x00\x00\x00\x00\x06\
\x00\x00\x00\x06\xe8\xaf\x95\xe7\x94\xa8\x07\x00\x00\x00\x09A\
ctWindow\x01\x03\x00\x00\x00\x1e0\xb2\
0\xfc0\xe0\x00I\x00D0\x92QeR\x9b0W\
0f0O0`0U0D\xff\x01\x08\x00\x00\x00\
\x00\x06\x00\x00\x00\x16\xe8\xaf\xb7\xe8\xbe\x93\xe5\x85\xa5\xe6\
\xb8\xb8\xe6\x88\x8f\xe7\xbc\x96\xe5\x8f\xb7!\x07\x00\x00\x00\
\x09ActWindow\x01\x03\x00\x00\x00,\
0\xa20\xaf0\xc60\xa30\xd90\xfc0\xb70\xe7\
0\xf30\xb30\xfc0\xc90\x92QeR\x9b0W\
0f0O0`0U0D\xff\x01\x08\x00\x00\x00\
\x00\x06\x00\x00\x00\x13\xe8\xaf\xb7\xe8\xbe\x93\xe5\x85\xa5\xe6\
\xbf\x80\xe6\xb4\xbb\xe7\xa0\x81!\x07\x00\x00\x00\x09Ac\
tWindow\x01\x03\x00\x00\x00\x1e0\xbd0\
\xd50\xc80\xa60\xa70\xa20\xa20\xaf0\xc60\
\xa30\xd90\xfc0\xb70\xe70\xf3\x08\x00\x00\x00\x00\
\x06\x00\x00\x00\x0c\xe8\xbd\xaf\xe4\xbb\xb6\xe6\xbf\x80\xe6\xb4\
\xbb\x07\x00\x00\x00\x09ActWindow\x01\
\x03\x00\x00\x00\x0a\x8a\x8d\x8a<Y1eW\xff\x01\x08\
\x00\x00\x00\x00\x06\x00\x00\x00\x0d\xe9\xaa\x8c\xe8\xaf\x81\xe5\
\xa4\xb1\xe8\xb4\xa5!\x07\x00\x00\x00\x09ActWi\
ndow\x01\x03\x00\x00\x00\x0a\x8a\x8d\x8a<b\x10\
R\x9f\xff\x01\x08\x00\x00\x00\x00\x06\x00\x00\x00\x0d\xe9\xaa\
\x8c\xe8\xaf\x81\xe6\x88\x90\xe5\x8a\x9f!\x07\x00\x00\x00\x09\
ActWindow\x01\x03\x00\x00\x00\x04\x8f\
\xfdR\xa0\x08\x00\x00\x00\x00\x06\x00\x00\x00\x03Add\
\x07\x00\x00\x00\x11AddTextMess\
ageBox\x01\x03\x00\x00\x00\x0a0\xad0\xe3\
0\xf30\xbb0\xeb\x08\x00\x00\x00\x00\x06\x00\x00\x00\x06\
Cancel\x07\x00\x00\x00\x11AddTe\
xtMessageBox\x01\x03\x00\x00\
\x00\x04x\xba\x8a\x8d\x08\x00\x00\x00\x00\x06\x00\x00\x00\x07\
Confirm\x07\x00\x00\x00\x11AddT\
extMessageBox\x01\x03\x00\
\x00\x00&\x00'\x00{\x00}\x00'\x00 0\x92R\
J\x96d0W0f0\x820\x880\x8d0W0\
D0g0Y0K\xff\x1f\x08\x00\x00\x00\x00\x06\x00\
\x00\x00%Are you sure \
you want to dele\
te '{}'?\x07\x00\x00\x00\x10Ann\
otationCanvas\x01\x03\x00\
\x00\x00\x0aRJ\x96d0nx\xba\x8a\x8d\x08\x00\x00\
\x00\x00\x06\x00\x00\x00\x0eConfirm D\
elete\x07\x00\x00\x00\x10Annota\
tionCanvas\x01\x03\x00\x00\x00\x06\
0\xc00\xfc0\xaf\x08\x00\x00\x00\x00\x06\x00\x00\x00\x04\
Dark\x07\x00\x00\x00\x0fAppConf\
igWidget\x01\x03\x00\x00\x00\x060\xe9\
0\xa40\xc8\x08\x00\x00\x00\x00\x06\x00\x00\x00\x05Li\
ght\x07\x00\x00\x00\x0fAppConfi\
gWidget\x01\x03\x00\x00\x00\x060\xc60\
\xfc0\xde\x08\x00\x00\x00\x00\x06\x00\x00\x00\x05The\
me\x07\x00\x00\x00\x0fAppConfig\
Widget\x01\x03\x00\x00\x00\x1a\x00'\x00{\
\x00}\x00'\x00 0ke\xe20k[XW(\
0W0~0Y\x08\x00\x00\x00\x00\x06\x00\x00\x00\x16\
Already exists i\
n '{}'\x07\x00\x00\x00\x0aBBoxD\
ialog\x01\x03\x00\x00\x00\x160\xd00\xa60\
\xf30\xc70\xa30\xf30\xb00\xdc0\xc30\xaf0\
\xb9\x08\x00\x00\x00\x00\x06\x00\x00\x00\x0cBound\
ing Box\x07\x00\x00\x00\x0aBBox\
Dialog\x01\x03\x00\x00\x00\x0a0\xad0\xe3\
0\xf30\xbb0\xeb\x08\x00\x00\x00\x00\x06\x00\x00\x00\x06\
Cancel\x07\x00\x00\x00\x0aBBoxD\
ialog\x01\x03\x00\x00\x00\x0a0\xab0\xc60\
\xb40\xeaT\x0d\x08\x00\x00\x00\x00\x06\x00\x00\x00\x0dC\
ategory name\x07\x00\x00\x00\
\x0aBBoxDialog\x01\x03\x00\x00\x00\
\x0a0\xab0\xc60\xb40\xea\x00:\x08\x00\x00\x00\x00\
\x06\x00\x00\x00\x09Category:\x07\x00\
\x00\x00\x0aBBoxDialog\x01\x03\x00\
\x00\x00\x06\x9a\xd80U\x00:\x08\x00\x00\x00\x00\x06\x00\
\x00\x00\x07Height:\x07\x00\x00\x00\x0aB\
BoxDialog\x01\x03\x00\x00\x00\x0eT\
\x0dRM0o_\xc5\x98\x080g0Y\x08\x00\x00\
\x00\x00\x06\x00\x00\x00\x0dName requ\
ired\x07\x00\x00\x00\x0aBBoxDia\
log\x01\x03\x00\x00\x00\x04\x00O\x00K\x08\x00\x00\
\x00\x00\x06\x00\x00\x00\x02OK\x07\x00\x00\x00\x0aBB\
oxDialog\x01\x03\x00\x00\x00\x04^E\
\x00:\x08\x00\x00\x00\x00\x06\x00\x00\x00\x06Widt\
h:\x07\x00\x00\x00\x0aBBoxDialo\
g\x01\x03\x00\x00\x00&0\xb90\xbf0\xfc0\xc80\
\xe10\xcb0\xe50\xfc0k0\xb70\xe70\xfc0\
\xc80\xab0\xc30\xc80\x92\x8f\xfdR\xa0\x08\x00\x00\
\x00\x00\x06\x00\x00\x00\x17Add Start\
 Menu Shortcut\x07\x00\
\x00\x00\x0aConfigCard\x01\x03\x00\
\x00\x00\x0e\x8a-[\x9a0\x920\xea0\xbb0\xc30\
\xc8\x08\x00\x00\x00\x00\x06\x00\x00\x00\x0cReset\
 Config\x07\x00\x00\x00\x0aConf\
igCard\x01\x03\x00\x00\x00\x0a0\xad0\xe3\
0\xf30\xbb0\xeb\x08\x00\x00\x00\x00\x06\x00\x00\x00\x06\
Cancel\x07\x00\x00\x00\x0eCopyT\
askDialog\x01\x03\x00\x00\x00\x04x\
\xba\x8a\x8d\x08\x00\x00\x00\x00\x06\x00\x00\x00\x07Con\
firm\x07\x00\x00\x00\x0eCopyTas\
kDialog\x01\x03\x00\x00\x00\x0e0\xbf0\
\xb90\xaf0\x920\xb30\xd40\xfc\x08\x00\x00\x00\x00\
\x06\x00\x00\x00\x09Copy Task\x07\x00\
\x00\x00\x0eCopyTaskDialo\
g\x01\x03\x00\x00\x00\x1c0\xb30\xd40\xfc0Y0\
\x8b0\xbf0\xb90\xaf0\x92\x90xb\x9e\x00.\x00\
.\x00.\x08\x00\x00\x00\x00\x06\x00\x00\x00\x16Sel\
ect task to copy\
...\x07\x00\x00\x00\x0eCopyTask\
Dialog\x01\x03\x00\x00\x00\x10\x00(\x000\
\x00 \x00=\x00 q!R\xb9\x00)\x08\x00\x00\x00\
\x00\x06\x00\x00\x00\x0e(0 = disab\
led)\x07\x00\x00\x00\x18CreateS\
cheduleTaskDialo\
g\x01\x03\x00\x00\x00\x08\x002\x004fB\x95\x93\x08\
\x00\x00\x00\x00\x06\x00\x00\x00\x0324h\x07\x00\x00\x00\
\x18CreateScheduleT\
askDialog\x01\x03\x00\x00\x00 0\
\xbf0\xb90\xaf[\x8cN\x86_\x8c0k\x81\xeaR\
\xd5}BN\x86\x00 \x00(\x00-\x00e\x00)\x08\
\x00\x00\x00\x00\x06\x00\x00\x00\x1eAuto ex\
it after task do\
ne (-e)\x07\x00\x00\x00\x18Crea\
teScheduleTaskDi\
alog\x01\x03\x00\x00\x00\x0a0\xad0\xe30\xf3\
0\xbb0\xeb\x08\x00\x00\x00\x00\x06\x00\x00\x00\x06Ca\
ncel\x07\x00\x00\x00\x18CreateS\
cheduleTaskDialo\
g\x01\x03\x00\x00\x00\x04O\x5cb\x10\x08\x00\x00\x00\x00\
\x06\x00\x00\x00\x06Create\x07\x00\x00\x00\x18\
CreateScheduleTa\
skDialog\x01\x03\x00\x00\x00\x180\xb9\
0\xb10\xb80\xe50\xfc0\xeb0\xbf0\xb90\xaf\
0\x92O\x5cb\x10\x08\x00\x00\x00\x00\x06\x00\x00\x00\x14\
Create Schedule \
Task\x07\x00\x00\x00\x18CreateS\
cheduleTaskDialo\
g\x01\x03\x00\x00\x00\x080\xab0\xb90\xbf0\xe0\x08\
\x00\x00\x00\x00\x06\x00\x00\x00\x06Custom\x07\
\x00\x00\x00\x18CreateSchedu\
leTaskDialog\x01\x03\x00\x00\
\x00\x0c0\xab0\xb90\xbf0\xe0\x95\x93\x96\x94\x08\x00\
\x00\x00\x00\x06\x00\x00\x00\x0fCustom I\
nterval\x07\x00\x00\x00\x18Crea\
teScheduleTaskDi\
alog\x01\x03\x00\x00\x00\x04k\xcee\xe5\x08\x00\
\x00\x00\x00\x06\x00\x00\x00\x05Daily\x07\x00\x00\
\x00\x18CreateSchedule\
TaskDialog\x01\x03\x00\x00\x00\x02\
e\xe5\x08\x00\x00\x00\x00\x06\x00\x00\x00\x04Days\
\x07\x00\x00\x00\x18CreateSched\
uleTaskDialog\x01\x03\x00\
\x00\x00\x04fB\x95\x93\x08\x00\x00\x00\x00\x06\x00\x00\x00\
\x04Hour\x07\x00\x00\x00\x18Create\
ScheduleTaskDial\
og\x01\x03\x00\x00\x00\x04fB\x95\x93\x08\x00\x00\x00\
\x00\x06\x00\x00\x00\x05Hours\x07\x00\x00\x00\x18\
CreateScheduleTa\
skDialog\x01\x03\x00\x00\x00\x02R\x06\
\x08\x00\x00\x00\x00\x06\x00\x00\x00\x06Minute\
\x07\x00\x00\x00\x18CreateSched\
uleTaskDialog\x01\x03\x00\
\x00\x00\x04k\xceg\x08\x08\x00\x00\x00\x00\x06\x00\x00\x00\
\x07Monthly\x07\x00\x00\x00\x18Cre\
ateScheduleTaskD\
ialog\x01\x03\x00\x00\x00\x1cR)u(S\
\xef\x80\xfd0j0\xbf0\xb90\xaf0L0B0\
\x8a0~0[0\x93\x08\x00\x00\x00\x00\x06\x00\x00\x00\
\x12No tasks availa\
ble\x07\x00\x00\x00\x18CreateSc\
heduleTaskDialog\
\x01\x03\x00\x00\x00\x04N\x00V\xde\x08\x00\x00\x00\x00\x06\
\x00\x00\x00\x04Once\x07\x00\x00\x00\x18Cre\
ateScheduleTaskD\
ialog\x01\x03\x00\x00\x00\x0c0\xbf0\xb90\
\xaf0\x92\x90xb\x9e\x08\x00\x00\x00\x00\x06\x00\x00\x00\
\x0bSelect Task\x07\x00\x00\x00\
\x18CreateScheduleT\
askDialog\x01\x03\x00\x00\x00\x08\x95\
\x8bY\xcbfB\x95\x93\x08\x00\x00\x00\x00\x06\x00\x00\x00\
\x0aStart Time\x07\x00\x00\x00\x18\
CreateScheduleTa\
skDialog\x01\x03\x00\x00\x00\x0e\x8dw\
R\xd50\xaa0\xd70\xb70\xe70\xf3\x08\x00\x00\x00\
\x00\x06\x00\x00\x00\x0fStartup Op\
tions\x07\x00\x00\x00\x18Create\
ScheduleTaskDial\
og\x01\x03\x00\x00\x00\x0c0\xbf0\xa40\xe00\xa2\
0\xa60\xc8\x08\x00\x00\x00\x00\x06\x00\x00\x00\x07Ti\
meout\x07\x00\x00\x00\x18Create\
ScheduleTaskDial\
og\x01\x03\x00\x00\x00\x0e0\xc80\xea0\xac0\xfc\
0\xbf0\xa40\xd7\x08\x00\x00\x00\x00\x06\x00\x00\x00\x0c\
Trigger Type\x07\x00\x00\x00\
\x18CreateScheduleT\
askDialog\x01\x03\x00\x00\x00\x04k\
\xce\x901\x08\x00\x00\x00\x00\x06\x00\x00\x00\x06Wee\
kly\x07\x00\x00\x00\x18CreateSc\
heduleTaskDialog\
\x01\x03\x00\x00\x00\x18fB\x95\x93\x00 \x00(\x000\
\x00 \x00=\x00 q!R6\x96P\x00)\x08\x00\
\x00\x00\x00\x06\x00\x00\x00\x15hours (0\
 = unlimited)\x07\x00\x00\
\x00\x18CreateSchedule\
TaskDialog\x01\x03\x00\x00\x00\x0a\
0\xad0\xe30\xf30\xbb0\xeb\x08\x00\x00\x00\x00\x06\
\x00\x00\x00\x06Cancel\x07\x00\x00\x00\x10C\
reateTaskDialog\x01\
\x03\x00\x00\x00\x160\xaf0\xe90\xb9T\x0d\x00 \x00\
(\x82\xf1\x8a\x9e0n0\x7f\x00)\x08\x00\x00\x00\x00\
\x06\x00\x00\x00\x19Class Name \
(English only)\x07\x00\
\x00\x00\x10CreateTaskDia\
log\x01\x03\x00\x00\x00\x04x\xba\x8a\x8d\x08\x00\x00\
\x00\x00\x06\x00\x00\x00\x07Confirm\x07\x00\
\x00\x00\x10CreateTaskDia\
log\x01\x03\x00\x00\x00\x0c0\xbf0\xb90\xaf0\
\x92O\x5cb\x10\x08\x00\x00\x00\x00\x06\x00\x00\x00\x0bC\
reate Task\x07\x00\x00\x00\x10C\
reateTaskDialog\x01\
\x03\x00\x00\x00\x0e\x8a\xacf\x0e\x00 \x00(N\xfba\
\x0f\x00)\x08\x00\x00\x00\x00\x06\x00\x00\x00\x16Des\
cription (Option\
al)\x07\x00\x00\x00\x10CreateTa\
skDialog\x01\x03\x00\x00\x00\x080\xbf\
0\xb90\xafT\x0d\x08\x00\x00\x00\x00\x06\x00\x00\x00\x09\
Task Name\x07\x00\x00\x00\x10Cr\
eateTaskDialog\x01\x03\
\x00\x00\x00\x08T|0sQ\xfa0Y\x08\x00\x00\x00\
\x00\x06\x00\x00\x00\x04Call\x07\x00\x00\x00\x08D\
ebugTab\x01\x03\x00\x00\x00\x180\xb90\
\xaf0\xea0\xfc0\xf30\xb70\xe70\xc30\xc80\
\x92d\xae0\x8b\x08\x00\x00\x00\x00\x06\x00\x00\x00\x12C\
apture Screensho\
t\x07\x00\x00\x00\x08DebugTab\x01\x03\
\x00\x00\x00\x0e0\xad0\xe30\xd70\xc10\xe3b\x10\
R\x9f\x08\x00\x00\x00\x00\x06\x00\x00\x00\x0fCapt\
ure Success\x07\x00\x00\x00\x08\
DebugTab\x01\x03\x00\x00\x00 0\xad\
0\xe30\xd70\xc10\xe30L\x00N\x00o\x00n\
\x00e0\x92\x8f\xd40W0~0W0_\x08\x00\
\x00\x00\x00\x06\x00\x00\x00\x15Capture \
returned None\x07\x00\x00\
\x00\x08DebugTab\x01\x03\x00\x00\x00\x1c\
\x00i\x001\x008\x00n0\xd50\xa10\xa40\xeb\
0\x920\xb30\xf30\xd10\xa40\xeb\x08\x00\x00\x00\
\x00\x06\x00\x00\x00\x12Convert i1\
8n files\x07\x00\x00\x00\x08Deb\
ugTab\x01\x03\x00\x00\x00\x140\xbf0\xb90\
\xaf\x95\xa2ep0\x920\xc70\xd00\xc30\xb0\x08\
\x00\x00\x00\x00\x06\x00\x00\x00\x13Debug T\
ask Function\x07\x00\x00\x00\
\x08DebugTab\x01\x03\x00\x00\x00\x0e0\
\xc70\xd00\xc30\xb00\xc40\xfc0\xeb\x08\x00\x00\
\x00\x00\x06\x00\x00\x00\x0aDebug Too\
l\x07\x00\x00\x00\x08DebugTab\x01\x03\
\x00\x00\x00&0\xb90\xaf0\xea0\xfc0\xf30\xb7\
0\xe70\xc30\xc80\x920\xc90\xed0\xc30\xd7\
0~0_0o\x90xb\x9e\x08\x00\x00\x00\x00\x06\
\x00\x00\x00\x19Drop or Sele\
ct Screenshot\x07\x00\x00\
\x00\x08DebugTab\x01\x03\x00\x00\x004\
0\xb90\xec0\xc30\xc90\x920\xc00\xf30\xd7\
\x00(0\xdb0\xc30\xc80\xad0\xfc\x00:\x00C\
\x00t\x00r\x00l\x00+\x00A\x00l\x00t\x00+\
\x00D\x00)\x08\x00\x00\x00\x00\x06\x00\x00\x00\x1fDu\
mp Threads(HotKe\
y:Ctrl+Alt+D)\x07\x00\x00\
\x00\x08DebugTab\x01\x03\x00\x00\x00\x16\
\x00i\x001\x008\x00n0\xd50\xa10\xa40\xeb\
0\x92u\x1fb\x10\x08\x00\x00\x00\x00\x06\x00\x00\x00\x13\
Generate i18n fi\
les\x07\x00\x00\x00\x08DebugTab\
\x01\x03\x00\x00\x00(0\xad0\xe30\xd70\xc10\xe3\
e\xb9l\xd50LR)u(N\x0dS\xef0~\
0_0og*\x90xb\x9e0g0Y\x08\x00\
\x00\x00\x00\x06\x00\x00\x00 No Captu\
re Available or \
Selected\x07\x00\x00\x00\x08Deb\
ugTab\x01\x03\x00\x00\x00\x1a\x00O\x00C\x00\
R0L\x8a-[\x9a0U0\x8c0f0D0\
~0[0\x93\x08\x00\x00\x00\x00\x06\x00\x00\x00\x11N\
o OCR configured\
\x07\x00\x00\x00\x08DebugTab\x01\x03\x00\
\x00\x008\x5c^`'0~0_0o0\xe10\
\xbd0\xc30\xc90L0B0\x8a0~0[0\
\x93\x00:\x00 \x00{\x00f\x00u\x00n\x00c\x00\
_\x00n\x00a\x00m\x00e\x00}\x08\x00\x00\x00\x00\
\x06\x00\x00\x00\x19No such att\
r: {func_name}\x07\x00\
\x00\x00\x08DebugTab\x01\x03\x00\x00\x00\
\x1e\x00O\x00C\x00Rb\x10R\x9f\x00:\x00 \x00\
{\x00r\x00e\x00s\x00u\x00l\x00t\x00}\x08\
\x00\x00\x00\x00\x06\x00\x00\x00\x15OCR suc\
cess: {result}\x07\x00\
\x00\x00\x08DebugTab\x01\x03\x00\x00\x00\
\x120\xed0\xb00\xd50\xa90\xeb0\xc00\x92\x95\
\x8b0O\x08\x00\x00\x00\x00\x06\x00\x00\x00\x09Ope\
n Logs\x07\x00\x00\x00\x08Debug\
Tab\x01\x03\x00\x00\x00\x180\xb90\xaf0\xea0\
\xfc0\xf30\xb70\xe70\xc30\xc80\x92\x90xb\
\x9e\x08\x00\x00\x00\x00\x06\x00\x00\x00\x12Selec\
t Screenshots\x07\x00\x00\
\x00\x08DebugTab\x01\x03\x00\x00\x00\x1a\
\x95\xa2ep0~0_0o0\xd70\xed0\xd1\
0\xc60\xa30\x92QeR\x9b\x08\x00\x00\x00\x00\x06\
\x00\x00\x00\x1bType a funct\
ion or property\x07\
\x00\x00\x00\x08DebugTab\x01\x03\x00\x00\
\x00 T|0sQ\xfa0Wb\x10R\x9f\x00:\
\x00 \x00{\x00r\x00e\x00s\x00u\x00l\x00t\
\x00}\x08\x00\x00\x00\x00\x06\x00\x00\x00\x16call\
 success: {resul\
t}\x07\x00\x00\x00\x08DebugTab\x01\
\x03\x00\x00\x00\x22\x00{\x00n\x00u\x00m\x00}g\
\x9a0nu;P\xcf0L\x90xb\x9e0U0\
\x8c0~0W0_\x08\x00\x00\x00\x00\x06\x00\x00\x00\
\x15{num} images se\
lected\x07\x00\x00\x00\x08Debug\
Tab\x01\x03\x00\x00\x00\x06\x00A\x00D\x00B\x08\
\x00\x00\x00\x00\x06\x00\x00\x00\x03ADB\x07\x00\x00\x00\
\x0bEditTaskTab\x01\x03\x00\x00\
\x00\x22\x00{\x00}\x00 0\x92RJ\x96d0W\
0f0\x820\x880\x8d0W0D0g0Y\
0K\xff\x1f\x08\x00\x00\x00\x00\x06\x00\x00\x00#Ar\
e you sure you w\
ant to delete {}\
?\x07\x00\x00\x00\x0bEditTaskTa\
b\x01\x03\x00\x00\x00\x080\xdc0\xc30\xaf0\xb9\x08\
\x00\x00\x00\x00\x06\x00\x00\x00\x03Box\x07\x00\x00\x00\
\x0bEditTaskTab\x01\x03\x00\x00\
\x00\x0a0\xad0\xe30\xf30\xbb0\xeb\x08\x00\x00\x00\
\x00\x06\x00\x00\x00\x06Cancel\x07\x00\x00\x00\
\x0bEditTaskTab\x01\x03\x00\x00\
\x00\x0e0\xbf0\xb90\xaf0\x92\x90xb\x9e\x00:\
\x08\x00\x00\x00\x00\x06\x00\x00\x00\x0cChoose\
 Task:\x07\x00\x00\x00\x0bEditT\
askTab\x01\x03\x00\x00\x00\x0aRJ\x96d\
0nx\xba\x8a\x8d\x08\x00\x00\x00\x00\x06\x00\x00\x00\x0e\
Confirm Delete\x07\x00\
\x00\x00\x0bEditTaskTab\x01\x03\
\x00\x00\x00\x04R6_\xa1\x08\x00\x00\x00\x00\x06\x00\x00\
\x00\x07Control\x07\x00\x00\x00\x0bEd\
itTaskTab\x01\x03\x00\x00\x00\x0e0\
\xbf0\xb90\xaf0\x920\xb30\xd40\xfc\x08\x00\x00\
\x00\x00\x06\x00\x00\x00\x09Copy Task\
\x07\x00\x00\x00\x0bEditTaskTab\
\x01\x03\x00\x00\x00&\x00{\x00}\x00 0n0\xbd\
0\xfc0\xb90\xd50\xa10\xa40\xeb0L\x89\x8b\
0d0K0\x8a0~0[0\x93\x08\x00\x00\x00\
\x00\x06\x00\x00\x00!Could not \
find source file\
 for {}\x07\x00\x00\x00\x0bEdit\
TaskTab\x01\x03\x00\x00\x00\x10e\xb0\x89\
\x8f0\xbf0\xb90\xaf0\x92O\x5cb\x10\x08\x00\x00\
\x00\x00\x06\x00\x00\x00\x0fCreate Ne\
w Task\x07\x00\x00\x00\x0bEditT\
askTab\x01\x03\x00\x00\x00\x0c0\xbf0\xb9\
0\xaf0\x92O\x5cb\x10\x08\x00\x00\x00\x00\x06\x00\x00\
\x00\x0bCreate Task\x07\x00\x00\
\x00\x0bEditTaskTab\x01\x03\x00\
\x00\x00\x0c0\xbf0\xb90\xaf0\x92RJ\x96d\x08\
\x00\x00\x00\x00\x06\x00\x00\x00\x0bDelete \
Task\x07\x00\x00\x00\x0bEditTas\
kTab\x01\x03\x00\x00\x00\x120\xb90\xaf0\xea\
0\xd70\xc80n\x88hy:T\x0d\x08\x00\x00\x00\
\x00\x06\x00\x00\x00\x1bDisplay na\
me for the scrip\
t\x07\x00\x00\x00\x0bEditTaskTa\
b\x01\x03\x00\x00\x00$\x82\xf1\x8a\x9e0\x01ep[\
W0\x01g\x09R\xb90j0\xd50\xa10\xa40\
\xebT\x0de\x87[W0n0\x7f\x08\x00\x00\x00\x00\
\x06\x00\x00\x00.English, nu\
mbers and valid \
filename chars o\
nly\x07\x00\x00\x00\x0bEditTask\
Tab\x01\x03\x00\x00\x00\x0c0\xa80\xaf0\xb90\
\xdd0\xfc0\xc8\x08\x00\x00\x00\x00\x06\x00\x00\x00\x06E\
xport\x07\x00\x00\x00\x0bEditTa\
skTab\x01\x03\x00\x00\x00\x180\xb90\xaf0\
\xea0\xd70\xc80\x920\xa80\xaf0\xb90\xdd0\
\xfc0\xc8\x08\x00\x00\x00\x00\x06\x00\x00\x00\x0dExp\
ort Script\x07\x00\x00\x00\x0bE\
ditTaskTab\x01\x03\x00\x00\x00\x10\
0\xa80\xaf0\xb90\xdd0\xfc0\xc8Y1eW\
\x08\x00\x00\x00\x00\x06\x00\x00\x00\x0dExport\
 failed\x07\x00\x00\x00\x0bEdit\
TaskTab\x01\x03\x00\x00\x00&0\xbd0\
\xfc0\xb90\xd50\xa10\xa40\xeb0n\x8a\xad0\
\x7fS\xd60\x8a0kY1eW\x00:\x00 \x00\
{\x00}\x08\x00\x00\x00\x00\x06\x00\x00\x00\x1eFai\
led to read sour\
ce file: {}\x07\x00\x00\x00\x0b\
EditTaskTab\x01\x03\x00\x00\x00\
\x12O\xdd[X0kY1eW0W0~0\
W0_\x08\x00\x00\x00\x00\x06\x00\x00\x00\x0eFai\
led to save\x07\x00\x00\x00\x0b\
EditTaskTab\x01\x03\x00\x00\x00\
\x080\xd50\xa10\xa40\xeb\x08\x00\x00\x00\x00\x06\x00\
\x00\x00\x04File\x07\x00\x00\x00\x0bEdit\
TaskTab\x01\x03\x00\x00\x00\x1e0\xd50\
\xa10\xa40\xeb0LY\x16\x90\xe80gY\x09f\
\xf40U0\x8c0~0W0_\x08\x00\x00\x00\x00\
\x06\x00\x00\x00\x17File Change\
d Externally\x07\x00\x00\x00\
\x0bEditTaskTab\x01\x03\x00\x00\
\x00\x0c0\xd50\xa10\xa40\xebT\x0d\xff\x1a\x08\x00\
\x00\x00\x00\x06\x00\x00\x00\x0aFile Nam\
e:\x07\x00\x00\x00\x0bEditTaskT\
ab\x01\x03\x00\x00\x00\x060\xac0\xa40\xc9\x08\x00\
\x00\x00\x00\x06\x00\x00\x00\x05Guide\x07\x00\x00\
\x00\x0bEditTaskTab\x01\x03\x00\
\x00\x00\x160\xb90\xaf0\xea0\xd70\xc80\x920\
\xa40\xf30\xdd0\xfc0\xc8\x08\x00\x00\x00\x00\x06\x00\
\x00\x00\x0dImport Script\
\x07\x00\x00\x00\x0bEditTaskTab\
\x01\x03\x00\x00\x00\x0e0\xa40\xf30\xdd0\xfc0\xc8\
Y1eW\x08\x00\x00\x00\x00\x06\x00\x00\x00\x0dIm\
port failed\x07\x00\x00\x00\x0b\
EditTaskTab\x01\x03\x00\x00\x00\
.0\xaf0\xe90\xb9T\x0d0Lq!R\xb90\
g0Y0\x02\x82\xf1[W0n0\x7fO\x7fu\
(0W0f0O0`0U0D0\x02\x08\
\x00\x00\x00\x00\x06\x00\x00\x004Invalid\
 Class Name. Mus\
t be English cha\
racters only.\x07\x00\x00\
\x00\x0bEditTaskTab\x01\x03\x00\
\x00\x00Lq!R\xb90j0\xd50\xa10\xa40\
\xebT\x0d0g0Y0\x02\x82\xf1[W0\x01e\
p[W0\x010\xa20\xf30\xc00\xfc0\xb90\
\xb30\xa20\x010\xcf0\xa40\xd50\xf30n0\
\x7fO\x7fu(0g0M0~0Y0\x02\x08\
\x00\x00\x00\x00\x06\x00\x00\x00KInvalid\
 file name. Use \
English letters,\
 numbers, unders\
cores, hyphens o\
nly.\x07\x00\x00\x00\x0bEditTas\
kTab\x01\x03\x00\x00\x00\x040\xad0\xfc\x08\x00\
\x00\x00\x00\x06\x00\x00\x00\x03Key\x07\x00\x00\x00\x0b\
EditTaskTab\x01\x03\x00\x00\x00\
\x040\xed0\xb0\x08\x00\x00\x00\x00\x06\x00\x00\x00\x07L\
ogging\x07\x00\x00\x00\x0bEditT\
askTab\x01\x03\x00\x00\x00\x0aq!\x96P\
0\xeb0\xfc0\xd7\x08\x00\x00\x00\x00\x06\x00\x00\x00\x0f\
Loop infinitely\x07\
\x00\x00\x00\x0bEditTaskTab\x01\
\x03\x00\x00\x00\x0a\x00xV\xde0\xeb0\xfc0\xd7\x08\
\x00\x00\x00\x00\x06\x00\x00\x00\x0cLoop x \
times\x07\x00\x00\x00\x0bEditTa\
skTab\x01\x03\x00\x00\x00\x060\xde0\xa60\
\xb9\x08\x00\x00\x00\x00\x06\x00\x00\x00\x05Mouse\
\x07\x00\x00\x00\x0bEditTaskTab\
\x01\x03\x00\x00\x00\x0a0\xeb0\xfc0\xd70j0W\
\x08\x00\x00\x00\x00\x06\x00\x00\x00\x07No loo\
p\x07\x00\x00\x00\x0bEditTaskTa\
b\x01\x03\x00\x00\x00$0\xa80\xaf0\xb90\xdd0\
\xfc0\xc80Y0\x8b0\xbf0\xb90\xaf0L0\
B0\x8a0~0[0\x930\x02\x08\x00\x00\x00\x00\
\x06\x00\x00\x00\x13No tasks to\
 export.\x07\x00\x00\x00\x0bEdi\
tTaskTab\x01\x03\x00\x00\x00\x06\x00O\
\x00C\x00R\x08\x00\x00\x00\x00\x06\x00\x00\x00\x03OC\
R\x07\x00\x00\x00\x0bEditTaskTa\
b\x01\x03\x00\x00\x00\x04\x00O\x00K\x08\x00\x00\x00\x00\
\x06\x00\x00\x00\x02OK\x07\x00\x00\x00\x0bEdit\
TaskTab\x01\x03\x00\x00\x00N\x00O\x00\
K\x00S\x00c\x00r\x00i\x00p\x00t0\xd50\
\xa10\xa40\xeb\x00 \x00(\x00*\x00.\x00o\x00\
k\x00s\x00c\x00r\x00i\x00p\x00t\x00)\x00\
;\x00;0Y0y0f0n0\xd50\xa10\
\xa40\xeb\x00 \x00(\x00*\x00)\x08\x00\x00\x00\x00\
\x06\x00\x00\x00*OKScript Fi\
les (*.okscript)\
;;All Files (*)\x07\
\x00\x00\x00\x0bEditTaskTab\x01\
\x03\x00\x00\x00\x060]0nN\xd6\x08\x00\x00\x00\x00\
\x06\x00\x00\x00\x05Other\x07\x00\x00\x00\x0bE\
ditTaskTab\x01\x03\x00\x00\x00*\
\x5c\x110j0O0h0\x82\x0010d0n\
0\xbf0\xb90\xaf0\x92\x90xb\x9e0W0f\
0O0`0U0D0\x02\x08\x00\x00\x00\x00\x06\
\x00\x00\x00*Please selec\
t at least one t\
ask to export.\x07\x00\
\x00\x00\x0bEditTaskTab\x01\x03\
\x00\x00\x00\x04\x932u;\x08\x00\x00\x00\x00\x06\x00\x00\
\x00\x06Record\x07\x00\x00\x00\x0bEdi\
tTaskTab\x01\x03\x00\x00\x00<\x932\
u;0os\xfeW(0n0\xb90\xaf0\xea\
0\xd70\xc80\xed0\xb80\xc30\xaf0\x92N\x0a\
f\xf80M0W0~0Y0\x02}\x9a\x88L\
0W0~0Y0K\xff\x1f\x08\x00\x00\x00\x00\x06\
\x00\x00\x008Record will \
override the cur\
rent script logi\
c. Continue?\x07\x00\x00\x00\
\x0bEditTaskTab\x01\x03\x00\x00\
\x00N0\xa60\xa30\xf30\xc90\xa6\x00 \x00'\
\x00{\x00h\x00w\x00n\x00d\x00_\x00n\x00a\
\x00m\x00e\x00}\x00'\x00 0L0\xa20\xaf\
0\xc60\xa30\xd60k0j0\x8b0h\x932\
u;0\x92\x95\x8bY\xcb0W0~0Y0\x02\
\x08\x00\x00\x00\x00\x06\x00\x00\x00>Record\
ing will start w\
hen window '{hwn\
d_name}' becomes\
 active.\x07\x00\x00\x00\x0bEdi\
tTaskTab\x01\x03\x00\x00\x00\x04[\x9f\
\x88L\x08\x00\x00\x00\x00\x06\x00\x00\x00\x03Run\x07\
\x00\x00\x00\x0bEditTaskTab\x01\
\x03\x00\x00\x00\x04O\xdd[X\x08\x00\x00\x00\x00\x06\x00\
\x00\x00\x04Save\x07\x00\x00\x00\x0bEdit\
TaskTab\x01\x03\x00\x00\x00\x0aY\x09f\
\xf40\x92O\xdd[X\x08\x00\x00\x00\x00\x06\x00\x00\x00\
\x0cSave Changes\x07\x00\x00\
\x00\x0bEditTaskTab\x01\x03\x00\
\x00\x00\x0e0\xb90\xaf0\xea0\xd70\xc8T\x0d\xff\
\x1a\x08\x00\x00\x00\x00\x06\x00\x00\x00\x0cScrip\
t Name:\x07\x00\x00\x00\x0bEdit\
TaskTab\x01\x03\x00\x00\x0080\xb90\
\xaf0\xea0\xd70\xc80\x920\xc00\xa60\xf30\
\xed0\xfc0\xc90\xd50\xa90\xeb0\xc00k0\
\xa80\xaf0\xb90\xdd0\xfc0\xc80W0~0\
W0_0\x02\x08\x00\x00\x00\x00\x06\x00\x00\x001S\
cript exported s\
uccessfully to D\
ownloads folder.\
\x07\x00\x00\x00\x0bEditTaskTab\
\x01\x03\x00\x00\x00\x180\xb90\xaf0\xea0\xd70\xc8\
T\x0d0o_\xc5\x98\x080g0Y0\x02\x08\x00\
\x00\x00\x00\x06\x00\x00\x00\x18Script n\
ame is required.\
\x07\x00\x00\x00\x0bEditTaskTab\
\x01\x03\x00\x00\x00\x180\xc60\xf30\xd70\xec0\xfc\
0\xc80\x92i\x1c}\x22\x00.\x00.\x00.\x08\x00\
\x00\x00\x00\x06\x00\x00\x00\x13Search t\
emplates...\x07\x00\x00\x00\x0b\
EditTaskTab\x01\x03\x00\x00\x00\
\x180\xb90\xaf0\xea0\xd70\xc80\xd50\xa10\
\xa40\xeb0\x92\x90xb\x9e\x08\x00\x00\x00\x00\x06\x00\
\x00\x00\x12Select Script\
 File\x07\x00\x00\x00\x0bEditTa\
skTab\x01\x03\x00\x00\x00\x1e0\xa80\xaf0\
\xb90\xdd0\xfc0\xc80Y0\x8b0\xbf0\xb90\
\xaf0\x92\x90xb\x9e\xff\x1a\x08\x00\x00\x00\x00\x06\x00\
\x00\x00\x17Select tasks \
to export:\x07\x00\x00\x00\x0bE\
ditTaskTab\x01\x03\x00\x00\x00\x04\
P\x5ckb\x08\x00\x00\x00\x00\x06\x00\x00\x00\x04St\
op\x07\x00\x00\x00\x0bEditTaskT\
ab\x01\x03\x00\x00\x00\x04b\x10R\x9f\x08\x00\x00\x00\
\x00\x06\x00\x00\x00\x07Success\x07\x00\x00\
\x00\x0bEditTaskTab\x01\x03\x00\
\x00\x00\x140\xbf0\xb90\xafT\x0d0o_\xc5\x98\
\x080g0Y0\x02\x08\x00\x00\x00\x00\x06\x00\x00\x00\
\x16Task Name is re\
quired.\x07\x00\x00\x00\x0bEdit\
TaskTab\x01\x03\x00\x00\x00\x1a0\xbf0\
\xb90\xaf0L0\xb30\xd40\xfc0U0\x8c0\
~0W0_0\x02\x08\x00\x00\x00\x00\x06\x00\x00\x00\
\x19Task copied suc\
cessfully.\x07\x00\x00\x00\x0bE\
ditTaskTab\x01\x03\x00\x00\x00\x18\
0\xbf0\xb90\xaf0LO\x5cb\x100U0\x8c\
0~0W0_0\x02\x08\x00\x00\x00\x00\x06\x00\x00\
\x00\x1aTask created s\
uccessfully.\x07\x00\x00\x00\
\x0bEditTaskTab\x01\x03\x00\x00\
\x00\x180\xbf0\xb90\xaf0LRJ\x96d0U\
0\x8c0~0W0_0\x02\x08\x00\x00\x00\x00\x06\
\x00\x00\x00\x1aTask deleted\
 successfully.\x07\x00\
\x00\x00\x0bEditTaskTab\x01\x03\
\x00\x00\x00 0\xbf0\xb90\xaf0\xd50\xa10\xa4\
0\xeb0oe\xe20k[XW(0W0~\
0Y0\x02\x08\x00\x00\x00\x00\x06\x00\x00\x00\x19Ta\
sk file already \
exists.\x07\x00\x00\x00\x0bEdit\
TaskTab\x01\x03\x00\x00\x00\x1e0\xbf0\
\xb90\xaf0nQ\x8di\xcb{\xc90kb\x10R\
\x9f0W0~0W0_0\x02\x08\x00\x00\x00\x00\
\x06\x00\x00\x00\x1aTask rebuil\
t successfully.\x07\
\x00\x00\x00\x0bEditTaskTab\x01\
\x03\x00\x00\x00\x160\xc60\xf30\xd70\xec0\xfc0\
\xc80\xde0\xc30\xc10\xf30\xb0\x08\x00\x00\x00\x00\
\x06\x00\x00\x00\x11Template Ma\
tching\x07\x00\x00\x00\x0bEditT\
askTab\x01\x03\x00\x00\x004s\xfeW(\
0n0\xbf0\xb90\xaf0kg*O\xdd[X\
0nY\x09f\xf40L0B0\x8a0~0Y\
0\x02O\xdd[X0W0~0Y0K\xff\x1f\
\x08\x00\x00\x00\x00\x06\x00\x00\x00?The cu\
rrent task has u\
nsaved changes. \
Do you want to s\
ave them?\x07\x00\x00\x00\x0bEd\
itTaskTab\x01\x03\x00\x00\x00>0\
\xd50\xa10\xa40\xeb0LY\x16\x90\xe80gY\
\x09f\xf40U0\x8c0~0W0_0\x02g\
*O\xdd[X0nY\x09f\xf40\x92N\x0af\
\xf80M0W0~0Y0K\xff\x1f\x08\x00\x00\
\x00\x00\x06\x00\x00\x00PThe file \
was modified ext\
ernally. Do you \
want to overwrit\
e your unsaved c\
hanges?\x07\x00\x00\x00\x0bEdit\
TaskTab\x01\x03\x00\x00\x00\x0c0\xd00\
\xfc0\xb80\xe70\xf3\xff\x1a\x08\x00\x00\x00\x00\x06\x00\
\x00\x00\x08Version:\x07\x00\x00\x00\x0b\
EditTaskTab\x01\x03\x00\x00\x00\
\x04\x8bfTJ\x08\x00\x00\x00\x00\x06\x00\x00\x00\x07W\
arning\x07\x00\x00\x00\x0bEditT\
askTab\x01\x03\x00\x00\x00\x0a0\xa60\xa3\
0\xf30\xc90\xa6\x08\x00\x00\x00\x00\x06\x00\x00\x00\x06\
Window\x07\x00\x00\x00\x0bEditT\
askTab\x01\x03\x00\x00\x00\x12\x00a\x00d\
\x00b\x00_\x00s\x00h\x00e\x00l\x00l\x08\x00\
\x00\x00\x00\x06\x00\x00\x00\x09adb_shel\
l\x07\x00\x00\x00\x0bEditTaskTa\
b\x01\x03\x00\x00\x00\x16\x00a\x00d\x00b\x00_\x00\
u\x00i\x00_\x00d\x00u\x00m\x00p\x08\x00\x00\
\x00\x00\x06\x00\x00\x00\x0badb_ui_du\
mp\x07\x00\x00\x00\x0bEditTaskT\
ab\x01\x03\x00\x00\x00\x18\x00a\x00d\x00d\x00_\
\x00t\x00e\x00x\x00t\x00_\x00f\x00i\x00x\
\x08\x00\x00\x00\x00\x06\x00\x00\x00\x0cadd_te\
xt_fix\x07\x00\x00\x00\x0bEditT\
askTab\x01\x03\x00\x00\x00\x08\x00b\x00a\
\x00c\x00k\x08\x00\x00\x00\x00\x06\x00\x00\x00\x04ba\
ck\x07\x00\x00\x00\x0bEditTaskT\
ab\x01\x03\x00\x00\x00\x080\xdc0\xc30\xaf0\xb9\
\x08\x00\x00\x00\x00\x06\x00\x00\x00\x03box\x07\x00\x00\
\x00\x0bEditTaskTab\x01\x03\x00\
\x00\x000\x00b\x00o\x00x\x00_\x00i\x00n\x00\
_\x00h\x00o\x00r\x00i\x00z\x00o\x00n\x00\
t\x00a\x00l\x00_\x00c\x00e\x00n\x00t\x00\
e\x00r\x08\x00\x00\x00\x00\x06\x00\x00\x00\x18box\
_in_horizontal_c\
enter\x07\x00\x00\x00\x0bEditTa\
skTab\x01\x03\x00\x00\x00\x1a\x00b\x00o\x00\
x\x00_\x00o\x00f\x00_\x00s\x00c\x00r\x00\
e\x00e\x00n\x08\x00\x00\x00\x00\x06\x00\x00\x00\x0db\
ox_of_screen\x07\x00\x00\x00\
\x0bEditTaskTab\x01\x03\x00\x00\
\x00(\x00b\x00o\x00x\x00_\x00o\x00f\x00_\
\x00s\x00c\x00r\x00e\x00e\x00n\x00_\x00s\
\x00c\x00a\x00l\x00e\x00d\x08\x00\x00\x00\x00\x06\
\x00\x00\x00\x14box_of_scree\
n_scaled\x07\x00\x00\x00\x0bEdi\
tTaskTab\x01\x03\x00\x00\x004\x00c\
\x00a\x00l\x00c\x00u\x00l\x00a\x00t\x00e\
\x00_\x00c\x00o\x00l\x00o\x00r\x00_\x00p\
\x00e\x00r\x00c\x00e\x00n\x00t\x00a\x00g\
\x00e\x08\x00\x00\x00\x00\x06\x00\x00\x00\x1acalc\
ulate_color_perc\
entage\x07\x00\x00\x00\x0bEditT\
askTab\x01\x03\x00\x00\x00\x12\x00c\x00l\
\x00e\x00a\x00r\x00_\x00b\x00o\x00x\x08\x00\
\x00\x00\x00\x06\x00\x00\x00\x09clear_bo\
x\x07\x00\x00\x00\x0bEditTaskTa\
b\x01\x03\x00\x00\x00\x0a\x00c\x00l\x00i\x00c\x00\
k\x08\x00\x00\x00\x00\x06\x00\x00\x00\x05click\
\x07\x00\x00\x00\x0bEditTaskTab\
\x01\x03\x00\x00\x00\x12\x00c\x00l\x00i\x00c\x00k\
\x00_\x00b\x00o\x00x\x08\x00\x00\x00\x00\x06\x00\x00\
\x00\x09click_box\x07\x00\x00\x00\x0b\
EditTaskTab\x01\x03\x00\x00\x00\
.\x00c\x00l\x00i\x00c\x00k\x00_\x00b\x00\
o\x00x\x00_\x00i\x00f\x00_\x00n\x00a\x00\
m\x00e\x00_\x00m\x00a\x00t\x00c\x00h\x08\
\x00\x00\x00\x00\x06\x00\x00\x00\x17click_b\
ox_if_name_match\
\x07\x00\x00\x00\x0bEditTaskTab\
\x01\x03\x00\x00\x00\x1c\x00c\x00l\x00i\x00c\x00k\
\x00_\x00r\x00e\x00l\x00a\x00t\x00i\x00v\
\x00e\x08\x00\x00\x00\x00\x06\x00\x00\x00\x0eclic\
k_relative\x07\x00\x00\x00\x0bE\
ditTaskTab\x01\x03\x00\x00\x00\x12\
\x00c\x00l\x00i\x00p\x00b\x00o\x00a\x00r\
\x00d\x08\x00\x00\x00\x00\x06\x00\x00\x00\x09clip\
board\x07\x00\x00\x00\x0bEditTa\
skTab\x01\x03\x00\x00\x00\x1e\x00c\x00r\x00\
e\x00a\x00t\x00e\x00_\x00s\x00h\x00o\x00\
r\x00t\x00c\x00u\x00t\x08\x00\x00\x00\x00\x06\x00\
\x00\x00\x0fcreate_shortc\
ut\x07\x00\x00\x00\x0bEditTaskT\
ab\x01\x03\x00\x00\x00\x0e\x00d\x00i\x00s\x00a\
\x00b\x00l\x00e\x08\x00\x00\x00\x00\x06\x00\x00\x00\x07\
disable\x07\x00\x00\x00\x0bEdit\
TaskTab\x01\x03\x00\x00\x00\x14\x00d\x00\
r\x00a\x00w\x00_\x00b\x00o\x00x\x00e\x00\
s\x08\x00\x00\x00\x00\x06\x00\x00\x00\x0adraw_\
boxes\x07\x00\x00\x00\x0bEditTa\
skTab\x01\x03\x00\x00\x00\x0c\x00e\x00n\x00\
a\x00b\x00l\x00e\x08\x00\x00\x00\x00\x06\x00\x00\x00\
\x06enable\x07\x00\x00\x00\x0bEdit\
TaskTab\x01\x03\x00\x00\x00\x1e\x00e\x00\
n\x00s\x00u\x00r\x00e\x00_\x00i\x00n\x00\
_\x00f\x00r\x00o\x00n\x00t\x08\x00\x00\x00\x00\
\x06\x00\x00\x00\x0fensure_in_f\
ront\x07\x00\x00\x00\x0bEditTas\
kTab\x01\x03\x00\x00\x00\x1c\x00f\x00e\x00a\
\x00t\x00u\x00r\x00e\x00_\x00e\x00x\x00i\
\x00s\x00t\x00s\x08\x00\x00\x00\x00\x06\x00\x00\x00\x0e\
feature_exists\x07\x00\
\x00\x00\x0bEditTaskTab\x01\x03\
\x00\x00\x00\x04i\x1c}\x22\x08\x00\x00\x00\x00\x06\x00\x00\
\x00\x04find\x07\x00\x00\x00\x0bEditT\
askTab\x01\x03\x00\x00\x00,\x00f\x00i\
\x00n\x00d\x00_\x00b\x00e\x00s\x00t\x00_\
\x00m\x00a\x00t\x00c\x00h\x00_\x00i\x00n\
\x00_\x00b\x00o\x00x\x08\x00\x00\x00\x00\x06\x00\x00\
\x00\x16find_best_matc\
h_in_box\x07\x00\x00\x00\x0bEdi\
tTaskTab\x01\x03\x00\x00\x00\x14\x00f\
\x00i\x00n\x00d\x00_\x00b\x00o\x00x\x00e\
\x00s\x08\x00\x00\x00\x00\x06\x00\x00\x00\x0afind\
_boxes\x07\x00\x00\x00\x0bEditT\
askTab\x01\x03\x00\x00\x00\x18\x00f\x00i\
\x00n\x00d\x00_\x00f\x00e\x00a\x00t\x00u\
\x00r\x00e\x08\x00\x00\x00\x00\x06\x00\x00\x00\x0cfi\
nd_feature\x07\x00\x00\x00\x0bE\
ditTaskTab\x01\x03\x00\x00\x00(\
\x00f\x00i\x00n\x00d\x00_\x00f\x00e\x00a\
\x00t\x00u\x00r\x00e\x00_\x00a\x00n\x00d\
\x00_\x00s\x00e\x00t\x08\x00\x00\x00\x00\x06\x00\x00\
\x00\x14find_feature_a\
nd_set\x07\x00\x00\x00\x0bEditT\
askTab\x01\x03\x00\x00\x00.\x00f\x00i\
\x00n\x00d\x00_\x00f\x00i\x00r\x00s\x00t\
\x00_\x00m\x00a\x00t\x00c\x00h\x00_\x00i\
\x00n\x00_\x00b\x00o\x00x\x08\x00\x00\x00\x00\x06\
\x00\x00\x00\x17find_first_m\
atch_in_box\x07\x00\x00\x00\x0b\
EditTaskTab\x01\x03\x00\x00\x00\
\x10\x00f\x00i\x00n\x00d\x00_\x00o\x00n\x00\
e\x08\x00\x00\x00\x00\x06\x00\x00\x00\x08find_\
one\x07\x00\x00\x00\x0bEditTask\
Tab\x01\x03\x00\x00\x00\x1e\x00g\x00e\x00t\x00\
_\x00b\x00o\x00x\x00_\x00b\x00y\x00_\x00\
n\x00a\x00m\x00e\x08\x00\x00\x00\x00\x06\x00\x00\x00\
\x0fget_box_by_name\
\x07\x00\x00\x00\x0bEditTaskTab\
\x01\x03\x00\x00\x00&\x00g\x00e\x00t\x00_\x00f\
\x00e\x00a\x00t\x00u\x00r\x00e\x00_\x00b\
\x00y\x00_\x00n\x00a\x00m\x00e\x08\x00\x00\x00\
\x00\x06\x00\x00\x00\x13get_featur\
e_by_name\x07\x00\x00\x00\x0bEd\
itTaskTab\x01\x03\x00\x00\x00\x14\x00\
g\x00e\x00t\x00_\x00s\x00t\x00a\x00t\x00\
u\x00s\x08\x00\x00\x00\x00\x06\x00\x00\x00\x0aget\
_status\x07\x00\x00\x00\x0bEdit\
TaskTab\x01\x03\x00\x00\x00\x22\x00g\x00\
e\x00t\x00_\x00t\x00a\x00s\x00k\x00_\x00\
b\x00y\x00_\x00c\x00l\x00a\x00s\x00s\x08\
\x00\x00\x00\x00\x06\x00\x00\x00\x11get_tas\
k_by_class\x07\x00\x00\x00\x0bE\
ditTaskTab\x01\x03\x00\x00\x00\x12\
\x00g\x00o\x00_\x00t\x00o\x00_\x00t\x00a\
\x00b\x08\x00\x00\x00\x00\x06\x00\x00\x00\x09go_t\
o_tab\x07\x00\x00\x00\x0bEditTa\
skTab\x01\x03\x00\x00\x00 \x00h\x00e\x00\
i\x00g\x00h\x00t\x00_\x00o\x00f\x00_\x00\
s\x00c\x00r\x00e\x00e\x00n\x08\x00\x00\x00\x00\
\x06\x00\x00\x00\x10height_of_s\
creen\x07\x00\x00\x00\x0bEditTa\
skTab\x01\x03\x00\x00\x00\x10\x00i\x00n\x00\
f\x00o\x00_\x00a\x00d\x00d\x08\x00\x00\x00\x00\
\x06\x00\x00\x00\x08info_add\x07\x00\x00\
\x00\x0bEditTaskTab\x01\x03\x00\
\x00\x00 \x00i\x00n\x00f\x00o\x00_\x00a\x00\
d\x00d\x00_\x00t\x00o\x00_\x00l\x00i\x00\
s\x00t\x08\x00\x00\x00\x00\x06\x00\x00\x00\x10inf\
o_add_to_list\x07\x00\x00\
\x00\x0bEditTaskTab\x01\x03\x00\
\x00\x00\x14\x00i\x00n\x00f\x00o\x00_\x00c\x00\
l\x00e\x00a\x00r\x08\x00\x00\x00\x00\x06\x00\x00\x00\
\x0ainfo_clear\x07\x00\x00\x00\x0b\
EditTaskTab\x01\x03\x00\x00\x00\
\x10\x00i\x00n\x00f\x00o\x00_\x00g\x00e\x00\
t\x08\x00\x00\x00\x00\x06\x00\x00\x00\x08info_\
get\x07\x00\x00\x00\x0bEditTask\
Tab\x01\x03\x00\x00\x00\x12\x00i\x00n\x00f\x00\
o\x00_\x00i\x00n\x00c\x00r\x08\x00\x00\x00\x00\
\x06\x00\x00\x00\x09info_incr\x07\x00\
\x00\x00\x0bEditTaskTab\x01\x03\
\x00\x00\x00\x10\x00i\x00n\x00f\x00o\x00_\x00s\
\x00e\x00t\x08\x00\x00\x00\x00\x06\x00\x00\x00\x08in\
fo_set\x07\x00\x00\x00\x0bEditT\
askTab\x01\x03\x00\x00\x00\x14\x00i\x00n\
\x00p\x00u\x00t\x00_\x00t\x00e\x00x\x00t\
\x08\x00\x00\x00\x00\x06\x00\x00\x00\x0ainput_\
text\x07\x00\x00\x00\x0bEditTas\
kTab\x01\x03\x00\x00\x00\x0c\x00i\x00s\x00_\
\x00a\x00d\x00b\x08\x00\x00\x00\x00\x06\x00\x00\x00\x06\
is_adb\x07\x00\x00\x00\x0bEditT\
askTab\x01\x03\x00\x00\x00\x14\x00i\x00s\
\x00_\x00b\x00r\x00o\x00w\x00s\x00e\x00r\
\x08\x00\x00\x00\x00\x06\x00\x00\x00\x0ais_bro\
wser\x07\x00\x00\x00\x0bEditTas\
kTab\x01\x03\x00\x00\x00\x12\x00l\x00o\x00g\
\x00_\x00d\x00e\x00b\x00u\x00g\x08\x00\x00\x00\
\x00\x06\x00\x00\x00\x09log_debug\x07\
\x00\x00\x00\x0bEditTaskTab\x01\
\x03\x00\x00\x00\x12\x00l\x00o\x00g\x00_\x00e\x00\
r\x00r\x00o\x00r\x08\x00\x00\x00\x00\x06\x00\x00\x00\
\x09log_error\x07\x00\x00\x00\x0bE\
ditTaskTab\x01\x03\x00\x00\x00\x10\
\x00l\x00o\x00g\x00_\x00i\x00n\x00f\x00o\
\x08\x00\x00\x00\x00\x06\x00\x00\x00\x08log_in\
fo\x07\x00\x00\x00\x0bEditTaskT\
ab\x01\x03\x00\x00\x00\x16\x00l\x00o\x00g\x00_\
\x00w\x00a\x00r\x00n\x00i\x00n\x00g\x08\x00\
\x00\x00\x00\x06\x00\x00\x00\x0blog_warn\
ing\x07\x00\x00\x00\x0bEditTask\
Tab\x01\x03\x00\x00\x00\x18\x00m\x00i\x00d\x00\
d\x00l\x00e\x00_\x00c\x00l\x00i\x00c\x00\
k\x08\x00\x00\x00\x00\x06\x00\x00\x00\x0cmiddl\
e_click\x07\x00\x00\x00\x0bEdit\
TaskTab\x01\x03\x00\x00\x00*\x00m\x00\
i\x00d\x00d\x00l\x00e\x00_\x00c\x00l\x00\
i\x00c\x00k\x00_\x00r\x00e\x00l\x00a\x00\
t\x00i\x00v\x00e\x08\x00\x00\x00\x00\x06\x00\x00\x00\
\x15middle_click_re\
lative\x07\x00\x00\x00\x0bEditT\
askTab\x01\x03\x00\x00\x00\x14\x00m\x00o\
\x00u\x00s\x00e\x00_\x00d\x00o\x00w\x00n\
\x08\x00\x00\x00\x00\x06\x00\x00\x00\x0amouse_\
down\x07\x00\x00\x00\x0bEditTas\
kTab\x01\x03\x00\x00\x00\x10\x00m\x00o\x00u\
\x00s\x00e\x00_\x00u\x00p\x08\x00\x00\x00\x00\x06\
\x00\x00\x00\x08mouse_up\x07\x00\x00\x00\
\x0bEditTaskTab\x01\x03\x00\x00\
\x00\x08\x00m\x00o\x00v\x00e\x08\x00\x00\x00\x00\x06\
\x00\x00\x00\x04move\x07\x00\x00\x00\x0bEdi\
tTaskTab\x01\x03\x00\x00\x00\x1a\x00m\
\x00o\x00v\x00e\x00_\x00r\x00e\x00l\x00a\
\x00t\x00i\x00v\x00e\x08\x00\x00\x00\x00\x06\x00\x00\
\x00\x0dmove_relative\x07\
\x00\x00\x00\x0bEditTaskTab\x01\
\x03\x00\x00\x00\x14\x00n\x00e\x00x\x00t\x00_\x00\
f\x00r\x00a\x00m\x00e\x08\x00\x00\x00\x00\x06\x00\
\x00\x00\x0anext_frame\x07\x00\x00\
\x00\x0bEditTaskTab\x01\x03\x00\
\x00\x00\x18\x00n\x00o\x00t\x00i\x00f\x00i\x00\
c\x00a\x00t\x00i\x00o\x00n\x08\x00\x00\x00\x00\
\x06\x00\x00\x00\x0cnotificatio\
n\x07\x00\x00\x00\x0bEditTaskTa\
b\x01\x03\x00\x00\x00\x06\x00o\x00c\x00r\x08\x00\x00\
\x00\x00\x06\x00\x00\x00\x03ocr\x07\x00\x00\x00\x0bE\
ditTaskTab\x01\x03\x00\x00\x00\x18\
\x00o\x00u\x00t\x00_\x00o\x00f\x00_\x00r\
\x00a\x00t\x00i\x00o\x08\x00\x00\x00\x00\x06\x00\x00\
\x00\x0cout_of_ratio\x07\x00\
\x00\x00\x0bEditTaskTab\x01\x03\
\x00\x00\x00\x0a\x00p\x00a\x00u\x00s\x00e\x08\x00\
\x00\x00\x00\x06\x00\x00\x00\x05pause\x07\x00\x00\
\x00\x0bEditTaskTab\x01\x03\x00\
\x00\x00\x16\x00r\x00i\x00g\x00h\x00t\x00_\x00\
c\x00l\x00i\x00c\x00k\x08\x00\x00\x00\x00\x06\x00\
\x00\x00\x0bright_click\x07\x00\
\x00\x00\x0bEditTaskTab\x01\x03\
\x00\x00\x00\x14\x00s\x00c\x00r\x00e\x00e\x00n\
\x00s\x00h\x00o\x00t\x08\x00\x00\x00\x00\x06\x00\x00\
\x00\x0ascreenshot\x07\x00\x00\x00\
\x0bEditTaskTab\x01\x03\x00\x00\
\x00\x0c\x00s\x00c\x00r\x00o\x00l\x00l\x08\x00\
\x00\x00\x00\x06\x00\x00\x00\x06scroll\x07\x00\
\x00\x00\x0bEditTaskTab\x01\x03\
\x00\x00\x00\x1e\x00s\x00c\x00r\x00o\x00l\x00l\
\x00_\x00r\x00e\x00l\x00a\x00t\x00i\x00v\
\x00e\x08\x00\x00\x00\x00\x06\x00\x00\x00\x0fscro\
ll_relative\x07\x00\x00\x00\x0b\
EditTaskTab\x01\x03\x00\x00\x00\
\x10\x00s\x00e\x00n\x00d\x00_\x00k\x00e\x00\
y\x08\x00\x00\x00\x00\x06\x00\x00\x00\x08send_\
key\x07\x00\x00\x00\x0bEditTask\
Tab\x01\x03\x00\x00\x00\x1a\x00s\x00e\x00n\x00\
d\x00_\x00k\x00e\x00y\x00_\x00d\x00o\x00\
w\x00n\x08\x00\x00\x00\x00\x06\x00\x00\x00\x0dsen\
d_key_down\x07\x00\x00\x00\x0bE\
ditTaskTab\x01\x03\x00\x00\x00\x16\
\x00s\x00e\x00n\x00d\x00_\x00k\x00e\x00y\
\x00_\x00u\x00p\x08\x00\x00\x00\x00\x06\x00\x00\x00\x0b\
send_key_up\x07\x00\x00\x00\x0b\
EditTaskTab\x01\x03\x00\x00\x00\
\x0a\x00s\x00l\x00e\x00e\x00p\x08\x00\x00\x00\x00\
\x06\x00\x00\x00\x05sleep\x07\x00\x00\x00\x0bE\
ditTaskTab\x01\x03\x00\x00\x00\x16\
\x00s\x00l\x00e\x00e\x00p\x00_\x00c\x00h\
\x00e\x00c\x00k\x08\x00\x00\x00\x00\x06\x00\x00\x00\x0b\
sleep_check\x07\x00\x00\x00\x0b\
EditTaskTab\x01\x03\x00\x00\x00\
\x18\x00s\x00t\x00a\x00r\x00t\x00_\x00d\x00\
e\x00v\x00i\x00c\x00e\x08\x00\x00\x00\x00\x06\x00\
\x00\x00\x0cstart_device\x07\
\x00\x00\x00\x0bEditTaskTab\x01\
\x03\x00\x00\x00\x0a\x00s\x00w\x00i\x00p\x00e\x08\
\x00\x00\x00\x00\x06\x00\x00\x00\x05swipe\x07\x00\
\x00\x00\x0bEditTaskTab\x01\x03\
\x00\x00\x00\x1c\x00s\x00w\x00i\x00p\x00e\x00_\
\x00r\x00e\x00l\x00a\x00t\x00i\x00v\x00e\
\x08\x00\x00\x00\x00\x06\x00\x00\x00\x0eswipe_\
relative\x07\x00\x00\x00\x0bEdi\
tTaskTab\x01\x03\x00\x00\x00\x04\x00t\
\x00r\x08\x00\x00\x00\x00\x06\x00\x00\x00\x02tr\x07\x00\
\x00\x00\x0bEditTaskTab\x01\x03\
\x00\x00\x00\x0e\x00t\x00r\x00i\x00g\x00g\x00e\
\x00r\x08\x00\x00\x00\x00\x06\x00\x00\x00\x07trig\
ger\x07\x00\x00\x00\x0bEditTask\
Tab\x01\x03\x00\x00\x00\x0e\x00u\x00n\x00p\x00\
a\x00u\x00s\x00e\x08\x00\x00\x00\x00\x06\x00\x00\x00\
\x07unpause\x07\x00\x00\x00\x0bEdi\
tTaskTab\x01\x03\x00\x00\x00\x1c\x00w\
\x00a\x00i\x00t\x00_\x00c\x00l\x00i\x00c\
\x00k\x00_\x00b\x00o\x00x\x08\x00\x00\x00\x00\x06\
\x00\x00\x00\x0ewait_click_b\
ox\x07\x00\x00\x00\x0bEditTaskT\
ab\x01\x03\x00\x00\x00$\x00w\x00a\x00i\x00t\
\x00_\x00c\x00l\x00i\x00c\x00k\x00_\x00f\
\x00e\x00a\x00t\x00u\x00r\x00e\x08\x00\x00\x00\
\x00\x06\x00\x00\x00\x12wait_click\
_feature\x07\x00\x00\x00\x0bEdi\
tTaskTab\x01\x03\x00\x00\x00\x1c\x00w\
\x00a\x00i\x00t\x00_\x00c\x00l\x00i\x00c\
\x00k\x00_\x00o\x00c\x00r\x08\x00\x00\x00\x00\x06\
\x00\x00\x00\x0ewait_click_o\
cr\x07\x00\x00\x00\x0bEditTaskT\
ab\x01\x03\x00\x00\x00\x18\x00w\x00a\x00i\x00t\
\x00_\x00f\x00e\x00a\x00t\x00u\x00r\x00e\
\x08\x00\x00\x00\x00\x06\x00\x00\x00\x0cwait_f\
eature\x07\x00\x00\x00\x0bEditT\
askTab\x01\x03\x00\x00\x00\x10\x00w\x00a\
\x00i\x00t\x00_\x00o\x00c\x00r\x08\x00\x00\x00\
\x00\x06\x00\x00\x00\x08wait_ocr\x07\x00\
\x00\x00\x0bEditTaskTab\x01\x03\
\x00\x00\x00\x14\x00w\x00a\x00i\x00t\x00_\x00u\
\x00n\x00t\x00i\x00l\x08\x00\x00\x00\x00\x06\x00\x00\
\x00\x0await_until\x07\x00\x00\x00\
\x0bEditTaskTab\x01\x03\x00\x00\
\x00\x1e\x00w\x00i\x00d\x00t\x00h\x00_\x00o\
\x00f\x00_\x00s\x00c\x00r\x00e\x00e\x00n\
\x08\x00\x00\x00\x00\x06\x00\x00\x00\x0fwidth_\
of_screen\x07\x00\x00\x00\x0bEd\
itTaskTab\x01\x03\x00\x00\x00\x0e\x8a\
-[\x9a0\x920\xea0\xbb0\xc30\xc8\x08\x00\x00\
\x00\x00\x06\x00\x00\x00\x0cReset Con\
fig\x07\x00\x00\x00\x10GlobalCo\
nfigCard\x01\x03\x00\x00\x00\x0e\x8a-\
[\x9a0\x920\xea0\xbb0\xc30\xc8\x08\x00\x00\x00\
\x00\x06\x00\x00\x00\x0cReset Conf\
ig\x07\x00\x00\x00\x0fGlobalCon\
figTab\x01\x03\x00\x00\x00\x0a0\xad0\xe3\
0\xf30\xbb0\xeb\x08\x00\x00\x00\x00\x06\x00\x00\x00\x06\
Cancel\x07\x00\x00\x00\x0bHwndC\
hooser\x01\x03\x00\x00\x00\x100\xa60\xa3\
0\xf30\xc90\xa60\x92\x90xb\x9e\x08\x00\x00\x00\
\x00\x06\x00\x00\x00\x0dChoose Win\
dow\x07\x00\x00\x00\x0bHwndChoo\
ser\x01\x03\x00\x00\x00\x04x\xba\x8a\x8d\x08\x00\x00\
\x00\x00\x06\x00\x00\x00\x07Confirm\x07\x00\
\x00\x00\x0bHwndChooser\x01\x03\
\x00\x00\x00\x14\x00{\x00}\x00 0\x92\x90xb\x9e\
0W0~0W0_\x08\x00\x00\x00\x00\x06\x00\x00\
\x00\x0b{} Selected\x07\x00\x00\
\x00\x0bHwndChooser\x01\x03\x00\
\x00\x00\x0a0\xad0\xe30\xf30\xbb0\xeb\x08\x00\x00\
\x00\x00\x06\x00\x00\x00\x06Cancel\x07\x00\x00\
\x00\x13ImportWarningD\
ialog\x01\x03\x00\x00\x00\x04x\xba\x8a\x8d\x08\
\x00\x00\x00\x00\x06\x00\x00\x00\x07Confirm\
\x07\x00\x00\x00\x13ImportWarni\
ngDialog\x01\x03\x00\x00\x0080\xea\
0\xb90\xaf0\x92t\x06\x89\xe30W0_N\x0a\
0g0\x010S0n0\xb90\xaf0\xea0\xd7\
0\xc80\x920\xa40\xf30\xdd0\xfc0\xc80W\
0~0Y0\x02\x08\x00\x00\x00\x00\x06\x00\x00\x006\
I understand the\
 risks and want \
to import this s\
cript.\x07\x00\x00\x00\x13Impor\
tWarningDialog\x01\x03\
\x00\x00\x00\xce0\xb90\xaf0\xea0\xd70\xc80n\
Ql\x95\x8b\x80\x050\x92O\xe1\x98<0W0f\
0D0\x8b0S0h0\x92x\xba\x8a\x8d0W\
0f0O0`0U0D0\x02g*i\x1c\
\x8a<0n0\xb90\xaf0\xea0\xd70\xc80o\
0\x010\xa20\xab0\xa60\xf30\xc8\x00/0\xc7\
0\xfc0\xbf\x00/0J\x91\xd10nv\xd7\x96\xe3\
0\x010\xc70\xfc0\xbf0nx4X\xca0\x01\
0\xb30\xf30\xd40\xe50\xfc0\xbf0\xfc0n\
d\x0dP\xb7\x00/R6_\xa10j0i\xff\x08\
0_0`0W0S0\x8c0\x890k\x96P\
[\x9a0U0\x8c0~0[0\x93\xff\x090n\
Sq\x96z`'0L0B0\x8a0~0Y\
0\x02\x08\x00\x00\x00\x00\x06\x00\x00\x00\xabMake\
 sure that you t\
rust the script \
publisher, unver\
ified script can\
 and not limited\
 to steal your a\
ccount/ data mon\
ey, destroy your\
 data, harm/ con\
trolling your co\
mputer.\x07\x00\x00\x00\x13Impo\
rtWarningDialog\x01\
\x03\x00\x00\x00\x04\x8bfTJ\x08\x00\x00\x00\x00\x06\x00\
\x00\x00\x07Warning\x07\x00\x00\x00\x13I\
mportWarningDial\
og\x01\x03\x00\x00\x00\x180Y0y0f0n\
0\xd50\xa10\xa40\xeb\x00 \x00(\x00*\x00)\
\x08\x00\x00\x00\x00\x06\x00\x00\x00\x0dAll Fi\
les (*)\x07\x00\x00\x00\x14Labe\
lAndFileSelector\
\x01\x03\x00\x00\x00\x04S\xc2qg\x08\x00\x00\x00\x00\x06\
\x00\x00\x00\x06Browse\x07\x00\x00\x00\x14L\
abelAndFileSelec\
tor\x01\x03\x00\x00\x00\x0e0\xd50\xa10\xa40\
\xeb0\x92\x90xb\x9e\x08\x00\x00\x00\x00\x06\x00\x00\x00\
\x0bSelect File\x07\x00\x00\x00\
\x14LabelAndFileSel\
ector\x01\x03\x00\x00\x00\x1e0\xd50\xa10\
\xa40\xeb0~0_0o0\xd50\xa90\xeb0\
\xc00\xfc0\x92\x90xb\x9e\x08\x00\x00\x00\x00\x06\x00\
\x00\x00\x15Select File o\
r Folder\x07\x00\x00\x00\x14Lab\
elAndFileSelecto\
r\x01\x03\x00\x00\x00\x100\xd50\xa90\xeb0\xc00\
\xfc0\x92\x90xb\x9e\x08\x00\x00\x00\x00\x06\x00\x00\x00\
\x0dSelect Folder\x07\x00\
\x00\x00\x14LabelAndFileS\
elector\x01\x03\x00\x00\x00\x0a\x8a-[\
\x9a0xy\xfbR\xd5\x08\x00\x00\x00\x00\x06\x00\x00\x00\
\x0cGo to Config\x07\x00\x00\
\x00\x0eLabelAndGlobal\
\x01\x03\x00\x00\x00\x060D0D0H\x08\x00\x00\x00\
\x00\x06\x00\x00\x00\x02No\x07\x00\x00\x00\x14Lab\
elAndSwitchButto\
n\x01\x03\x00\x00\x00\x040o0D\x08\x00\x00\x00\x00\
\x06\x00\x00\x00\x03Yes\x07\x00\x00\x00\x14Lab\
elAndSwitchButto\
n\x01\x03\x00\x00\x00\x0e\x00D\x00i\x00s\x00c\x00\
o\x00r\x00d\x08\x00\x00\x00\x00\x06\x00\x00\x00\x07D\
iscord\x07\x00\x00\x00\x08Links\
Bar\x01\x03\x00\x00\x00\x0c0\x880O0B0\
\x8b\x8c\xeaUO\x08\x00\x00\x00\x00\x06\x00\x00\x00\x03F\
AQ\x07\x00\x00\x00\x08LinksBar\x01\
\x03\x00\x00\x00\x0c\x00G\x00i\x00t\x00H\x00u\x00\
b\x08\x00\x00\x00\x00\x06\x00\x00\x00\x06GitHu\
b\x07\x00\x00\x00\x08LinksBar\x01\x03\
\x00\x00\x00\x180\xc00\xa60\xf30\xed0\xfc0\xc9\
0\xea0\xf30\xaf0\x92Qqg\x09\x08\x00\x00\x00\
\x00\x06\x00\x00\x00\x05Share\x07\x00\x00\x00\x08\
LinksBar\x01\x03\x00\x00\x00*Qq\
g\x090\xea0\xf30\xaf0\x920\xaf0\xea0\xc3\
0\xd70\xdc0\xfc0\xc90k0\xb30\xd40\xfc\
0W0~0W0_\x08\x00\x00\x00\x00\x06\x00\x00\
\x00\x1eShare Link cop\
ied to clipboard\
\x07\x00\x00\x00\x08LinksBar\x01\x03\x00\
\x00\x00\x0a0\xb90\xdd0\xf30\xb50\xfc\x08\x00\x00\
\x00\x00\x06\x00\x00\x00\x07Sponsor\x07\x00\
\x00\x00\x08LinksBar\x01\x03\x00\x00\x00\
\x08Qh0\xec0\xd90\xeb\x08\x00\x00\x00\x00\x06\x00\
\x00\x00\x0aAll Levels\x07\x00\x00\
\x00\x09LogWindow\x01\x03\x00\x00\x00\
\x060\xaf0\xea0\xa2\x08\x00\x00\x00\x00\x06\x00\x00\x00\
\x05Clear\x07\x00\x00\x00\x09LogWi\
ndow\x01\x03\x00\x00\x00\x06\x95\x890X0\x8b\
\x08\x00\x00\x00\x00\x06\x00\x00\x00\x05Close\x07\
\x00\x00\x00\x09LogWindow\x01\x03\x00\
\x00\x00\x080\xc90\xe90\xc30\xb0\x08\x00\x00\x00\x00\
\x06\x00\x00\x00\x04Drag\x07\x00\x00\x00\x09Lo\
gWindow\x01\x03\x00\x00\x00\x160\xed0\
\xb00\x920\xd50\xa30\xeb0\xbf0\xfc\x00.\x00\
.\x00.\x08\x00\x00\x00\x00\x06\x00\x00\x00\x0eFil\
ter logs...\x07\x00\x00\x00\x09\
LogWindow\x01\x03\x00\x00\x00\x0a0\
\xed0\xb00\x92\x95\x8b0O\x08\x00\x00\x00\x00\x06\x00\
\x00\x00\x09Open Logs\x07\x00\x00\x00\
\x09LogWindow\x01\x03\x00\x00\x00\x08\
N\x00fBP\x5ckb\x08\x00\x00\x00\x00\x06\x00\x00\
\x00\x05Pause\x07\x00\x00\x00\x09LogW\
indow\x01\x03\x00\x00\x00\x04V\xfa[\x9a\x08\
\x00\x00\x00\x00\x06\x00\x00\x00\x03Pin\x07\x00\x00\x00\
\x09LogWindow\x01\x03\x00\x00\x00\x04\
Q\x8d\x95\x8b\x08\x00\x00\x00\x00\x06\x00\x00\x00\x06Re\
sume\x07\x00\x00\x00\x09LogWind\
ow\x01\x03\x00\x00\x00\x08V\xfa[\x9a\x89\xe3\x96d\
\x08\x00\x00\x00\x00\x06\x00\x00\x00\x05Unpin\x07\
\x00\x00\x00\x09LogWindow\x01\x03\x00\
\x00\x00\x0a0\xed0\xb00\x92\x88hy:\x08\x00\x00\
\x00\x00\x06\x00\x00\x00\x08View Log\x07\
\x00\x00\x00\x09LogWindow\x01\x03\x00\
\x00\x00$\x00o\x00k\x00-\x00s\x00c\x00r\x00\
i\x00p\x00t\x00.\x00l\x00o\x00g\x00 0\
\x92_\x85j_N-\x08\x00\x00\x00\x00\x06\x00\x00\x00\
\x19Waiting for ok-\
script.log\x07\x00\x00\x00\x09L\
ogWindow\x01\x03\x00\x00\x00\x02N\xf6\
\x08\x00\x00\x00\x00\x06\x00\x00\x00\x07record\
s\x07\x00\x00\x00\x09LogWindow\x01\
\x03\x00\x00\x00\x04i\x82\x89\x81\x08\x00\x00\x00\x00\x06\x00\
\x00\x00\x05About\x07\x00\x00\x00\x0aMai\
nWindow\x01\x03\x00\x00\x00\x0a0\xad0\
\xe30\xd70\xc10\xe3\x08\x00\x00\x00\x00\x06\x00\x00\x00\
\x07Capture\x07\x00\x00\x00\x0aMai\
nWindow\x01\x03\x00\x00\x00\x100\xad0\
\xe30\xd70\xc10\xe30\xa80\xe90\xfc\x08\x00\x00\
\x00\x00\x06\x00\x00\x00\x0dCapture E\
rror\x07\x00\x00\x00\x0aMainWin\
dow\x01\x03\x00\x00\x00\x080\xc70\xd00\xc30\
\xb0\x08\x00\x00\x00\x00\x06\x00\x00\x00\x05Debug\
\x07\x00\x00\x00\x0aMainWindow\x01\
\x03\x00\x00\x00\x060\xa80\xe90\xfc\x08\x00\x00\x00\x00\
\x06\x00\x00\x00\x05Error\x07\x00\x00\x00\x0aM\
ainWindow\x01\x03\x00\x00\x00\x04}\
BN\x86\x08\x00\x00\x00\x00\x06\x00\x00\x00\x04Exi\
t\x07\x00\x00\x00\x0aMainWindow\
\x01\x03\x00\x00\x00\x04`\xc5X1\x08\x00\x00\x00\x00\x06\
\x00\x00\x00\x04Info\x07\x00\x00\x00\x0aMai\
nWindow\x01\x03\x00\x00\x00\x12N\x00f\
BP\x5ckb0W0~0W0_0\x02\x08\
\x00\x00\x00\x00\x06\x00\x00\x00\x0ePause S\
uccess.\x07\x00\x00\x00\x0aMain\
Window\x01\x03\x00\x00\x00:0\xb20\xfc\
0\xe00\xa60\xa30\xf30\xc90\xa60Lkc\
0W0O\x90xb\x9e0U0\x8c0f0D\
0\x8b0Kx\xba\x8a\x8d0W0f0O0`\
0U0D\xff\x01\x08\x00\x00\x00\x00\x06\x00\x00\x00;\
Please check whe\
ther the game wi\
ndow is selected\
 correctly!\x07\x00\x00\x00\x0a\
MainWindow\x01\x03\x00\x00\x00\x08\
0\xea0\xea0\xfc0\xb9\x08\x00\x00\x00\x00\x06\x00\x00\
\x00\x07Release\x07\x00\x00\x00\x0aMa\
inWindow\x01\x03\x00\x00\x00\x0a0\xb3\
0\xfc0\xc9[\x9f\x88L\x08\x00\x00\x00\x00\x06\x00\x00\
\x00\x08Run Code\x07\x00\x00\x00\x0aM\
ainWindow\x01\x03\x00\x00\x00\x0c0\
\xb90\xb10\xb80\xe50\xfc0\xeb\x08\x00\x00\x00\x00\
\x06\x00\x00\x00\x08Schedule\x07\x00\x00\
\x00\x0aMainWindow\x01\x03\x00\x00\
\x00\x0a0\xb90\xaf0\xea0\xd70\xc8\x08\x00\x00\x00\
\x00\x06\x00\x00\x00\x06Script\x07\x00\x00\x00\
\x0aMainWindow\x01\x03\x00\x00\x00\
\x04\x8a-[\x9a\x08\x00\x00\x00\x00\x06\x00\x00\x00\x08S\
ettings\x07\x00\x00\x00\x0aMain\
Window\x01\x03\x00\x00\x00\x0a\x8dwR\xd5\
b\x10R\x9f0\x02\x08\x00\x00\x00\x00\x06\x00\x00\x00\x0e\
Start Success.\x07\x00\
\x00\x00\x0aMainWindow\x01\x03\x00\
\x00\x00\x060\xbf0\xb90\xaf\x08\x00\x00\x00\x00\x06\x00\
\x00\x00\x05Tasks\x07\x00\x00\x00\x0aMai\
nWindow\x01\x03\x00\x00\x00\x0c0\xc60\
\xf30\xd70\xec0\xfc0\xc8\x08\x00\x00\x00\x00\x06\x00\
\x00\x00\x09Templates\x07\x00\x00\x00\
\x0aMainWindow\x01\x03\x00\x00\x00\
X0S0\x8c0o0\xd50\xea0\xfc0\xbd0\
\xd50\xc80\xa60\xa70\xa20g0Y0\x020\
\x820W0i0S0K0g\x8c\xfcQe0\
W0_X4T\x080\x01\x8c\xa9X\xf2\x80\x050\
k\x8f\xd4\x91\xd10\x92\x89\x81lB0W0f0\
O0`0U0D0\x02\x08\x00\x00\x00\x00\x06\x00\
\x00\x00ZThis is a fre\
e software. If y\
ou purchased thi\
s anywhere, requ\
est a refund fro\
m the seller.\x07\x00\x00\
\x00\x0aMainWindow\x01\x03\x00\x00\
\x00\x080\xc80\xea0\xac0\xfc\x08\x00\x00\x00\x00\x06\
\x00\x00\x00\x08Triggers\x07\x00\x00\x00\
\x0aMainWindow\x01\x03\x00\x00\x00\
\x0c0\xa20\xc30\xd70\xc70\xfc0\xc8\x08\x00\x00\
\x00\x00\x06\x00\x00\x00\x06Update\x07\x00\x00\
\x00\x0aMainWindow\x01\x03\x00\x00\
\x00\x0e0\xa20\xaf0\xc60\xa30\xd90\xfc0\xc8\
\x08\x00\x00\x00\x00\x06\x00\x00\x00\x06\xe6\xbf\x80\xe6\xb4\xbb\
\x07\x00\x00\x00\x0aMainWindow\x01\
\x03\x00\x00\x00\x0cRJ\x96d\x00 \x00(\x00D\x00\
)\x08\x00\x00\x00\x00\x06\x00\x00\x00\x0aDelet\
e (D)\x07\x00\x00\x00\x0cMarkUp\
Window\x01\x03\x00\x00\x00\x0cc\xcfu;\
\x00 \x00(\x00R\x00)\x08\x00\x00\x00\x00\x06\x00\x00\
\x00\x08Draw (R)\x07\x00\x00\x00\x0cM\
arkUpWindow\x01\x03\x00\x00\x00\
\x0cj\x19l\xe80\xa80\xc70\xa30\xbf\x08\x00\x00\
\x00\x00\x06\x00\x00\x00\x0dMarkup Ed\
itor\x07\x00\x00\x00\x0cMarkUpW\
indow\x01\x03\x00\x00\x00\x18Y\x09f\xf4\x00\
 \x00(0\xc00\xd60\xeb0\xaf0\xea0\xc30\
\xaf\x00)\x08\x00\x00\x00\x00\x06\x00\x00\x00\x15Mod\
ify (Double Clic\
k)\x07\x00\x00\x00\x0cMarkUpWin\
dow\x01\x03\x00\x00\x00\x16S\xf30\xaf0\xea0\
\xc30\xaf0g\x82r0\x920\xb30\xd40\xfc\x08\
\x00\x00\x00\x00\x06\x00\x00\x00\x19Right c\
lick to copy col\
or\x07\x00\x00\x00\x0cMarkUpWin\
dow\x01\x03\x00\x00\x00\x04x\xba\x8a\x8d\x08\x00\x00\
\x00\x00\x06\x00\x00\x00\x07Confirm\x07\x00\
\x00\x00\x0dMessageWindow\
\x01\x03\x00\x00\x00\x04\x8f\xfdR\xa0\x08\x00\x00\x00\x00\x06\
\x00\x00\x00\x03Add\x07\x00\x00\x00\x10Modi\
fyListDialog\x01\x03\x00\x00\
\x00\x14R)u(S\xef\x80\xfd0j0\xaa0\xd7\
0\xb70\xe70\xf3\x08\x00\x00\x00\x00\x06\x00\x00\x00\x11\
Available Option\
s\x07\x00\x00\x00\x10ModifyList\
Dialog\x01\x03\x00\x00\x00\x0a0\xad0\xe3\
0\xf30\xbb0\xeb\x08\x00\x00\x00\x00\x06\x00\x00\x00\x06\
Cancel\x07\x00\x00\x00\x10Modif\
yListDialog\x01\x03\x00\x00\x00\
$0\xaa0\xd70\xb70\xe70\xf30\x920\xaf0\
\xea0\xc30\xaf0W0f\x8f\xfdR\xa00W0\
~0Y0\x02\x08\x00\x00\x00\x00\x06\x00\x00\x00\x1aC\
lick an option t\
o add it.\x07\x00\x00\x00\x10Mo\
difyListDialog\x01\x03\
\x00\x00\x00\x04x\xba\x8a\x8d\x08\x00\x00\x00\x00\x06\x00\x00\
\x00\x07Confirm\x07\x00\x00\x00\x10Mo\
difyListDialog\x01\x03\
\x00\x00\x00\x04O\xeekc\x08\x00\x00\x00\x00\x06\x00\x00\
\x00\x06Modify\x07\x00\x00\x00\x10Mod\
ifyListDialog\x01\x03\x00\
\x00\x00\x04N\x0b0x\x08\x00\x00\x00\x00\x06\x00\x00\x00\
\x09Move Down\x07\x00\x00\x00\x10M\
odifyListDialog\x01\
\x03\x00\x00\x00\x04N\x0a0x\x08\x00\x00\x00\x00\x06\x00\
\x00\x00\x07Move Up\x07\x00\x00\x00\x10M\
odifyListDialog\x01\
\x03\x00\x00\x00\x04RJ\x96d\x08\x00\x00\x00\x00\x06\x00\
\x00\x00\x06Remove\x07\x00\x00\x00\x10Mo\
difyListDialog\x01\x03\
\x00\x00\x00\x12\x90xb\x9e0W0_0\xaa0\xd7\
0\xb70\xe70\xf3\x08\x00\x00\x00\x00\x06\x00\x00\x00\x10\
Selected Options\
\x07\x00\x00\x00\x10ModifyListD\
ialog\x01\x03\x00\x00\x00\x04O\xeekc\x08\
\x00\x00\x00\x00\x06\x00\x00\x00\x06Modify\x07\
\x00\x00\x00\x0eModifyListIt\
em\x01\x03\x00\x00\x00\x10\x00(\x000\x00 \x00=\
\x00 q!R\xb9\x00)\x08\x00\x00\x00\x00\x06\x00\x00\
\x00\x0e(0 = disabled)\
\x07\x00\x00\x00\x18ModifySched\
uleTaskDialog\x01\x03\x00\
\x00\x00\x08\x002\x004fB\x95\x93\x08\x00\x00\x00\x00\
\x06\x00\x00\x00\x0324h\x07\x00\x00\x00\x18Mod\
ifyScheduleTaskD\
ialog\x01\x03\x00\x00\x00 0\xbf0\xb90\
\xaf[\x8cN\x86_\x8c0k\x81\xeaR\xd5}BN\
\x86\x00 \x00(\x00-\x00e\x00)\x08\x00\x00\x00\x00\
\x06\x00\x00\x00\x1eAuto exit a\
fter task done (\
-e)\x07\x00\x00\x00\x18ModifySc\
heduleTaskDialog\
\x01\x03\x00\x00\x00\x0a0\xad0\xe30\xf30\xbb0\xeb\
\x08\x00\x00\x00\x00\x06\x00\x00\x00\x06Cancel\
\x07\x00\x00\x00\x18ModifySched\
uleTaskDialog\x01\x03\x00\
\x00\x00\x080\xab0\xb90\xbf0\xe0\x08\x00\x00\x00\x00\
\x06\x00\x00\x00\x06Custom\x07\x00\x00\x00\x18\
ModifyScheduleTa\
skDialog\x01\x03\x00\x00\x00\x0c0\xab\
0\xb90\xbf0\xe0\x95\x93\x96\x94\x08\x00\x00\x00\x00\x06\
\x00\x00\x00\x0fCustom Inter\
val\x07\x00\x00\x00\x18ModifySc\
heduleTaskDialog\
\x01\x03\x00\x00\x00\x04k\xcee\xe5\x08\x00\x00\x00\x00\x06\
\x00\x00\x00\x05Daily\x07\x00\x00\x00\x18Mo\
difyScheduleTask\
Dialog\x01\x03\x00\x00\x00\x02e\xe5\x08\x00\
\x00\x00\x00\x06\x00\x00\x00\x04Days\x07\x00\x00\x00\
\x18ModifyScheduleT\
askDialog\x01\x03\x00\x00\x00\x04f\
B\x95\x93\x08\x00\x00\x00\x00\x06\x00\x00\x00\x04Hou\
r\x07\x00\x00\x00\x18ModifySche\
duleTaskDialog\x01\x03\
\x00\x00\x00\x04fB\x95\x93\x08\x00\x00\x00\x00\x06\x00\x00\
\x00\x05Hours\x07\x00\x00\x00\x18Modi\
fyScheduleTaskDi\
alog\x01\x03\x00\x00\x00\x02R\x06\x08\x00\x00\x00\
\x00\x06\x00\x00\x00\x06Minute\x07\x00\x00\x00\
\x18ModifyScheduleT\
askDialog\x01\x03\x00\x00\x00\x04O\
\xeekc\x08\x00\x00\x00\x00\x06\x00\x00\x00\x06Mod\
ify\x07\x00\x00\x00\x18ModifySc\
heduleTaskDialog\
\x01\x03\x00\x00\x00\x180\xb90\xb10\xb80\xe50\xfc\
0\xeb0\xbf0\xb90\xaf0\x92O\xeekc\x08\x00\
\x00\x00\x00\x06\x00\x00\x00\x14Modify S\
chedule Task\x07\x00\x00\x00\
\x18ModifyScheduleT\
askDialog\x01\x03\x00\x00\x00\x04k\
\xceg\x08\x08\x00\x00\x00\x00\x06\x00\x00\x00\x07Mon\
thly\x07\x00\x00\x00\x18ModifyS\
cheduleTaskDialo\
g\x01\x03\x00\x00\x00\x04N\x00V\xde\x08\x00\x00\x00\x00\
\x06\x00\x00\x00\x04Once\x07\x00\x00\x00\x18Mo\
difyScheduleTask\
Dialog\x01\x03\x00\x00\x00\x08\x95\x8bY\xcb\
fB\x95\x93\x08\x00\x00\x00\x00\x06\x00\x00\x00\x0aSt\
art Time\x07\x00\x00\x00\x18Mod\
ifyScheduleTaskD\
ialog\x01\x03\x00\x00\x00\x0e\x8dwR\xd50\
\xaa0\xd70\xb70\xe70\xf3\x08\x00\x00\x00\x00\x06\x00\
\x00\x00\x0fStartup Optio\
ns\x07\x00\x00\x00\x18ModifySch\
eduleTaskDialog\x01\
\x03\x00\x00\x00\x1c0\xbf0\xb90\xaf0\xa40\xf30\
\xc70\xc30\xaf0\xb9\x00 \x00(\x00-\x00t\x00\
)\x08\x00\x00\x00\x00\x06\x00\x00\x00\x0fTask \
Index (-t)\x07\x00\x00\x00\x18M\
odifyScheduleTas\
kDialog\x01\x03\x00\x00\x00\x080\xbf0\
\xb90\xafT\x0d\x08\x00\x00\x00\x00\x06\x00\x00\x00\x09T\
ask Name\x07\x00\x00\x00\x18Mod\
ifyScheduleTaskD\
ialog\x01\x03\x00\x00\x00\x0c0\xbf0\xa40\
\xe00\xa20\xa60\xc8\x08\x00\x00\x00\x00\x06\x00\x00\x00\
\x07Timeout\x07\x00\x00\x00\x18Mod\
ifyScheduleTaskD\
ialog\x01\x03\x00\x00\x00\x0e0\xc80\xea0\
\xac0\xfc0\xbf0\xa40\xd7\x08\x00\x00\x00\x00\x06\x00\
\x00\x00\x0cTrigger Type\x07\
\x00\x00\x00\x18ModifySchedu\
leTaskDialog\x01\x03\x00\x00\
\x00\x04k\xce\x901\x08\x00\x00\x00\x00\x06\x00\x00\x00\x06\
Weekly\x07\x00\x00\x00\x18Modif\
yScheduleTaskDia\
log\x01\x03\x00\x00\x00\x18fB\x95\x93\x00 \x00\
(\x000\x00 \x00=\x00 q!R6\x96P\x00\
)\x08\x00\x00\x00\x00\x06\x00\x00\x00\x15hours\
 (0 = unlimited)\
\x07\x00\x00\x00\x18ModifySched\
uleTaskDialog\x01\x03\x00\
\x00\x00\x100\xa60\xa30\xf30\xc90\xa60\x92\x90\
xb\x9e\x08\x00\x00\x00\x00\x06\x00\x00\x00\x0dCho\
ose Window\x07\x00\x00\x00\x0eO\
neTimeTaskTab\x01\x03\x00\
\x00\x00\x04[\x8cN\x86\x08\x00\x00\x00\x00\x06\x00\x00\x00\
\x09Completed\x07\x00\x00\x00\x0eO\
neTimeTaskTab\x01\x03\x00\
\x00\x00\x04`\xc5X1\x08\x00\x00\x00\x00\x06\x00\x00\x00\
\x04Info\x07\x00\x00\x00\x0eOneTim\
eTaskTab\x01\x03\x00\x00\x00\x06[\x9f\
\x88LN-\x08\x00\x00\x00\x00\x06\x00\x00\x00\x07Ru\
nning\x07\x00\x00\x00\x0eOneTim\
eTaskTab\x01\x03\x00\x00\x00\x02P$\
\x08\x00\x00\x00\x00\x06\x00\x00\x00\x05Value\x07\
\x00\x00\x00\x0eOneTimeTaskT\
ab\x01\x03\x00\x00\x00\x060\xa80\xe90\xfc\x08\x00\
\x00\x00\x00\x06\x00\x00\x00\x03app\x07\x00\x00\x00\x10\
QCoreApplication\
\x01\x03\x00\x00\x00\x220\xbf0\xb90\xaf0\x92RJ\
\x96d0W0f0\x820\x880\x8d0W0D\
0g0Y0K\xff\x1f\x08\x00\x00\x00\x00\x06\x00\x00\
\x00$Are you sure y\
ou want to delet\
e task\x07\x00\x00\x00\x0fSched\
uleTaskTab\x01\x03\x00\x00\x00\x0a\
0\xad0\xe30\xf30\xbb0\xeb\x08\x00\x00\x00\x00\x06\
\x00\x00\x00\x06Cancel\x07\x00\x00\x00\x0fS\
cheduleTaskTab\x01\x03\
\x00\x00\x00\x0c0\xbf0\xb90\xaf0\x92O\x5cb\x10\
\x08\x00\x00\x00\x00\x06\x00\x00\x00\x0bCreate\
 Task\x07\x00\x00\x00\x0fSchedu\
leTaskTab\x01\x03\x00\x00\x00\x04R\
J\x96d\x08\x00\x00\x00\x00\x06\x00\x00\x00\x06Del\
ete\x07\x00\x00\x00\x0fSchedule\
TaskTab\x01\x03\x00\x00\x00\x0c0\xbf0\
\xb90\xaf0\x92RJ\x96d\x08\x00\x00\x00\x00\x06\x00\
\x00\x00\x0bDelete Task\x07\x00\
\x00\x00\x0fScheduleTaskT\
ab\x01\x03\x00\x00\x00\x060\xa80\xe90\xfc\x08\x00\
\x00\x00\x00\x06\x00\x00\x00\x05Error\x07\x00\x00\
\x00\x0fScheduleTaskTa\
b\x01\x03\x00\x00\x00\x1a0\xbf0\xb90\xaf0nO\
\x5cb\x100kY1eW0W0~0W0\
_\x08\x00\x00\x00\x00\x06\x00\x00\x00\x15Faile\
d to create task\
\x07\x00\x00\x00\x0fScheduleTas\
kTab\x01\x03\x00\x00\x00\x1a0\xbf0\xb90\xaf\
0nRJ\x96d0kY1eW0W0~\
0W0_\x08\x00\x00\x00\x00\x06\x00\x00\x00\x15Fa\
iled to delete t\
ask\x07\x00\x00\x00\x0fSchedule\
TaskTab\x01\x03\x00\x00\x00\x1e0\xbf0\
\xb90\xaf0n\x8a\xad0\x7f\x8f\xbc0\x7f0kY\
1eW0W0~0W0_\x08\x00\x00\x00\x00\
\x06\x00\x00\x00\x14Failed to l\
oad tasks\x07\x00\x00\x00\x0fSc\
heduleTaskTab\x01\x03\x00\
\x00\x00\x1a0\xbf0\xb90\xaf0nO\xeekc0\
kY1eW0W0~0W0_\x08\x00\x00\
\x00\x00\x06\x00\x00\x00\x15Failed to\
 modify task\x07\x00\x00\x00\
\x0fScheduleTaskTab\
\x01\x03\x00\x00\x0040\xbf0\xb90\xaf0nO\xee\
kc0kY1eW0W0~0W0_\
\xff\x1ae\xe70\xbf0\xb90\xaf0\x92RJ\x96d\
0g0M0~0[0\x93\x08\x00\x00\x00\x00\x06\
\x00\x00\x00-Failed to mo\
dify task: canno\
t delete old tas\
k\x07\x00\x00\x00\x0fScheduleTa\
skTab\x01\x03\x00\x00\x00 O\xeekc0\
\xc00\xa40\xa20\xed0\xb00\x92\x95\x8b0Q0\
~0[0\x930g0W0_\x08\x00\x00\x00\x00\
\x06\x00\x00\x00\x1cFailed to o\
pen modify dialo\
g\x07\x00\x00\x00\x0fScheduleTa\
skTab\x01\x03\x00\x00\x00\x1e0\xbf0\xb90\
\xaf0nR\x070\x8af\xff0H0kY1e\
W0W0~0W0_\x08\x00\x00\x00\x00\x06\x00\
\x00\x00\x15Failed to tog\
gle task\x07\x00\x00\x00\x0fSch\
eduleTaskTab\x01\x03\x00\x00\
\x00\x04f\xf4e\xb0\x08\x00\x00\x00\x00\x06\x00\x00\x00\x07\
Refresh\x07\x00\x00\x00\x0fSche\
duleTaskTab\x01\x03\x00\x00\x00\
\x12f\xf4e\xb00kY1eW0W0~0\
W0_\x08\x00\x00\x00\x00\x06\x00\x00\x00\x0eRef\
resh failed\x07\x00\x00\x00\x0f\
ScheduleTaskTab\x01\
\x03\x00\x00\x00\x120\xb90\xb10\xb80\xe50\xfc0\
\xeb0\xbf0\xb90\xaf\x08\x00\x00\x00\x00\x06\x00\x00\x00\
\x0eSchedule Tasks\x07\
\x00\x00\x00\x0fScheduleTask\
Tab\x01\x03\x00\x00\x00\x04b\x10R\x9f\x08\x00\x00\
\x00\x00\x06\x00\x00\x00\x07Success\x07\x00\
\x00\x00\x0fScheduleTaskT\
ab\x01\x03\x00\x00\x00\x160\xbf0\xb90\xaf0L\
O\x5cb\x100U0\x8c0~0W0_\x08\x00\
\x00\x00\x00\x06\x00\x00\x00\x19Task cre\
ated successfull\
y\x07\x00\x00\x00\x0fScheduleTa\
skTab\x01\x03\x00\x00\x00\x160\xbf0\xb90\
\xaf0LRJ\x96d0U0\x8c0~0W0\
_\x08\x00\x00\x00\x00\x06\x00\x00\x00\x19Task \
deleted successf\
ully\x07\x00\x00\x00\x0fSchedul\
eTaskTab\x01\x03\x00\x00\x00\x180\xbf\
0\xb90\xaf0Lq!R\xb90k0j0\x8a\
0~0W0_\x08\x00\x00\x00\x00\x06\x00\x00\x00\x0d\
Task disabled\x07\x00\x00\
\x00\x0fScheduleTaskTa\
b\x01\x03\x00\x00\x00\x180\xbf0\xb90\xaf0Lg\
\x09R\xb90k0j0\x8a0~0W0_\x08\
\x00\x00\x00\x00\x06\x00\x00\x00\x0cTask en\
abled\x07\x00\x00\x00\x0fSchedu\
leTaskTab\x01\x03\x00\x00\x00\x160\
\xbf0\xb90\xaf0LO\xeekc0U0\x8c0\
~0W0_\x08\x00\x00\x00\x00\x06\x00\x00\x00\x1aT\
ask modified suc\
cessfully\x07\x00\x00\x00\x0fSc\
heduleTaskTab\x01\x03\x00\
\x00\x00\x220\xad0\xe30\xc30\xb70\xe50k0\
\xbf0\xb90\xaf0L\x89\x8b0d0K0\x8a0\
~0[0\x93\x08\x00\x00\x00\x00\x06\x00\x00\x00\x17T\
ask not found in\
 cache\x07\x00\x00\x00\x0fSched\
uleTaskTab\x01\x03\x00\x00\x00\x16\
0\xbf0\xb90\xaf0Lf\xf4e\xb00U0\x8c\
0~0W0_\x08\x00\x00\x00\x00\x06\x00\x00\x00\x0f\
Tasks refreshed\x07\
\x00\x00\x00\x0fScheduleTask\
Tab\x01\x03\x00\x00\x00\x04d\xcdO\x5c\x08\x00\x00\
\x00\x00\x06\x00\x00\x00\x07Actions\x07\x00\
\x00\x00\x11ScheduleTaskT\
able\x01\x03\x00\x00\x00\x080\xab0\xb90\xbf\
0\xe0\x08\x00\x00\x00\x00\x06\x00\x00\x00\x06Cust\
om\x07\x00\x00\x00\x11ScheduleT\
askTable\x01\x03\x00\x00\x00\x04k\xce\
e\xe5\x08\x00\x00\x00\x00\x06\x00\x00\x00\x05Dail\
y\x07\x00\x00\x00\x11ScheduleTa\
skTable\x01\x03\x00\x00\x00\x04RJ\x96\
d\x08\x00\x00\x00\x00\x06\x00\x00\x00\x06Delet\
e\x07\x00\x00\x00\x11ScheduleTa\
skTable\x01\x03\x00\x00\x00\x04q!R\
\xb9\x08\x00\x00\x00\x00\x06\x00\x00\x00\x08Disab\
led\x07\x00\x00\x00\x11Schedule\
TaskTable\x01\x03\x00\x00\x00\x04g\
\x09R\xb9\x08\x00\x00\x00\x00\x06\x00\x00\x00\x07Ena\
bled\x07\x00\x00\x00\x11Schedul\
eTaskTable\x01\x03\x00\x00\x00\x04\
O\xeekc\x08\x00\x00\x00\x00\x06\x00\x00\x00\x06Mo\
dify\x07\x00\x00\x00\x11Schedul\
eTaskTable\x01\x03\x00\x00\x00\x04\
k\xceg\x08\x08\x00\x00\x00\x00\x06\x00\x00\x00\x07Mo\
nthly\x07\x00\x00\x00\x11Schedu\
leTaskTable\x01\x03\x00\x00\x00\
\x08k!V\xde[\x9f\x88L\x08\x00\x00\x00\x00\x06\x00\
\x00\x00\x08Next Run\x07\x00\x00\x00\x11\
ScheduleTaskTabl\
e\x01\x03\x00\x00\x00\x04N\x00V\xde\x08\x00\x00\x00\x00\
\x06\x00\x00\x00\x04Once\x07\x00\x00\x00\x11Sc\
heduleTaskTable\x01\
\x03\x00\x00\x00\x08n\x96P\x99[\x8cN\x86\x08\x00\x00\
\x00\x00\x06\x00\x00\x00\x05Ready\x07\x00\x00\x00\
\x11ScheduleTaskTab\
le\x01\x03\x00\x00\x00\x06[\x9f\x88LN-\x08\x00\
\x00\x00\x00\x06\x00\x00\x00\x07Running\x07\
\x00\x00\x00\x11ScheduleTask\
Table\x01\x03\x00\x00\x00\x04r\xb6aK\x08\
\x00\x00\x00\x00\x06\x00\x00\x00\x06Status\x07\
\x00\x00\x00\x11ScheduleTask\
Table\x01\x03\x00\x00\x00\x080\xbf0\xb90\
\xafT\x0d\x08\x00\x00\x00\x00\x06\x00\x00\x00\x09Tas\
k Name\x07\x00\x00\x00\x11Sched\
uleTaskTable\x01\x03\x00\x00\
\x00\x0e0\xc80\xea0\xac0\xfc0\xbf0\xa40\xd7\
\x08\x00\x00\x00\x00\x06\x00\x00\x00\x0cTrigge\
r Type\x07\x00\x00\x00\x11Sched\
uleTaskTable\x01\x03\x00\x00\
\x00\x04N\x0df\x0e\x08\x00\x00\x00\x00\x06\x00\x00\x00\x07\
Unknown\x07\x00\x00\x00\x11Sche\
duleTaskTable\x01\x03\x00\
\x00\x00\x04k\xce\x901\x08\x00\x00\x00\x00\x06\x00\x00\x00\
\x06Weekly\x07\x00\x00\x00\x11Sche\
duleTaskTable\x01\x03\x00\
\x00\x008\x00A\x00D\x00B\x00 \x00(0\xd00\
\xc30\xaf0\xb00\xe90\xa60\xf30\xc9[\xfe_\
\xdc0\x01ON\x90\x1f0\x01\x9a\xd8N\x92c\xdb`\
'0\x01\x9a\xd8\x90E^\xf6\x00)\x08\x00\x00\x00\x00\
\x06\x00\x00\x00@ADB(Support\
s Background, Sl\
ow, High Compati\
bility, High Lat\
ency)\x07\x00\x00\x00\x15Select\
CaptureListView\x01\
\x03\x00\x00\x00(\x00B\x00i\x00t\x00B\x00l\x00\
t\x00 \x00-\x00 g\x00\x90\x1f0\x01g\x000\
\x82N\x92c\xdb`'0LON0D\x08\x00\x00\
\x00\x00\x06\x00\x00\x00\x06BitBlt\x07\x00\x00\
\x00\x15SelectCaptureL\
istView\x01\x03\x00\x00\x00>\x00B\x00\
i\x00t\x00B\x00l\x00t\x00_\x00R\x00e\x00\
n\x00d\x00e\x00r\x00F\x00u\x00l\x00l\x00\
 \x00-\x00 \x90E0D0\x01g\x000\x82N\
\x92c\xdb`'0L\x9a\xd80D\x08\x00\x00\x00\x00\
\x06\x00\x00\x00\x11BitBlt_Rend\
erFull\x07\x00\x00\x00\x15Selec\
tCaptureListView\
\x01\x03\x00\x00\x00\x120\xd60\xe90\xa60\xb60\xad\
0\xe30\xd70\xc10\xe3\x08\x00\x00\x00\x00\x06\x00\x00\
\x00\x0fBrowser Captur\
e\x07\x00\x00\x00\x15SelectCapt\
ureListView\x01\x03\x00\x00\x00\
.\x00D\x00X\x00G\x00I\x00 \x00-\x00 g\
\x000\x82\x90E0D0\x010\xd00\xc30\xaf0\
\xa20\xc30\xd70h0W0fO\x7fu(\x08\
\x00\x00\x00\x00\x06\x00\x00\x00\x04DXGI\x07\x00\x00\
\x00\x15SelectCaptureL\
istView\x01\x03\x00\x00\x00<0\xa80\
\xdf0\xe50\xec0\xfc0\xbf0\xa60\xa30\xf30\
\xc90\xa6\x00(0\xd00\xc30\xaf0\xb00\xe90\
\xa60\xf30\xc9[\xfe_\xdc0\x01\x9a\xd8\x90\x1f0\
\x01ON\x90E^\xf6\x00)\x08\x00\x00\x00\x00\x06\x00\
\x00\x007Emulator Wind\
ow(Supports Back\
ground, Fast, Lo\
w Latency)\x07\x00\x00\x00\x15S\
electCaptureList\
View\x01\x03\x00\x00\x00\x100\xb20\xfc0\xe0\
0\xa60\xa30\xf30\xc90\xa6\x08\x00\x00\x00\x00\x06\
\x00\x00\x00\x0bGame Window\x07\
\x00\x00\x00\x15SelectCaptur\
eListView\x01\x03\x00\x00\x002\x00\
I\x00P\x00C\x00 \x00(\x00M\x00u\x00M\x00\
u\x00P\x00l\x00a\x00y\x00e\x00r\x001\x00\
2\x00 \x00v\x004\x00.\x000N\xe5N\x0a\x00\
)\x08\x00\x00\x00\x00\x06\x00\x00\x00!Ipc (\
MuMuPlayer12 ver\
sion >= 4.0)\x07\x00\x00\x00\
\x15SelectCaptureLi\
stView\x01\x03\x00\x00\x00 \x00W\x00G\
\x00C\x00 \x00-\x00 \x00>\x00=\x00W\x00i\
\x00n\x001\x0000\x01\x9a\xd8\x90\x1f\x08\x00\x00\x00\
\x00\x06\x00\x00\x00\x03WGC\x07\x00\x00\x00\x15Se\
lectCaptureListV\
iew\x01\x03\x00\x00\x002\x00A\x00D\x00B\x00\
I\x00n\x00t\x00e\x00r\x00a\x00c\x00t\x00\
i\x00o\x00n\x00 \x00-\x00 0\xd00\xc30\
\xaf0\xb00\xe90\xa60\xf30\xc9\x08\x00\x00\x00\x00\
\x06\x00\x00\x00\x0eADBInteract\
ion\x07\x00\x00\x00\x19SelectIn\
teractionListVie\
w\x01\x03\x00\x00\x00:\x00B\x00r\x00o\x00w\x00\
s\x00e\x00r\x00I\x00n\x00t\x00e\x00r\x00\
a\x00c\x00t\x00i\x00o\x00n\x00 \x00-\x00\
 0\xd00\xc30\xaf0\xb00\xe90\xa60\xf30\
\xc9\x08\x00\x00\x00\x00\x06\x00\x00\x00\x12Brows\
erInteraction\x07\x00\x00\
\x00\x19SelectInteract\
ionListView\x01\x03\x00\x00\x00\
J\x00G\x00e\x00n\x00s\x00h\x00i\x00n\x00\
 \x00-\x00 0\xd00\xc30\xaf0\xb00\xe90\
\xa60\xf30\xc90\x01N\x00\x90\xe80n\x00 \x00\
U\x00n\x00i\x00t\x00y\x00 0\xb20\xfc0\
\xe00\x920\xb50\xdd0\xfc0\xc8\x08\x00\x00\x00\x00\
\x06\x00\x00\x00\x07Genshin\x07\x00\x00\x00\
\x19SelectInteracti\
onListView\x01\x03\x00\x00\x00L\
\x00P\x00o\x00s\x00t\x00M\x00e\x00s\x00s\
\x00a\x00g\x00e\x00 \x00-\x00 0\xd00\xc3\
0\xaf0\xb00\xe90\xa60\xf30\xc90\x010{\
0h0\x930i0n0\xa20\xd70\xea0h\
N\x00\x90\xe80n0\xb20\xfc0\xe0\x08\x00\x00\x00\
\x00\x06\x00\x00\x00\x0bPostMessag\
e\x07\x00\x00\x00\x19SelectInte\
ractionListView\x01\
\x03\x00\x00\x00D\x00P\x00y\x00D\x00i\x00r\x00\
e\x00c\x00t\x00 \x00-\x00 0\xd50\xa90\
\xa20\xb00\xe90\xa60\xf30\xc90\x01\x00P\x00\
y\x00n\x00p\x00u\x00t\x00 0n0\xd00\
\xc30\xaf0\xa20\xc30\xd7\x08\x00\x00\x00\x00\x06\x00\
\x00\x00\x08PyDirect\x07\x00\x00\x00\x19\
SelectInteractio\
nListView\x01\x03\x00\x00\x004\x00\
P\x00y\x00n\x00p\x00u\x00t\x00 \x00-\x00\
 0\xd50\xa90\xa20\xb00\xe90\xa60\xf30\
\xc90\x01g\x000\x82N\x92c\xdb`'0L\x9a\
\xd80D\x08\x00\x00\x00\x00\x06\x00\x00\x00\x06Pyn\
put\x07\x00\x00\x00\x19SelectIn\
teractionListVie\
w\x01\x03\x00\x00\x00\x04i\x82\x89\x81\x08\x00\x00\x00\x00\
\x06\x00\x00\x00\x05About\x07\x00\x00\x00\x0aS\
ettingTab\x01\x03\x00\x00\x00\x0a0\
\xa20\xd70\xea\x8a-[\x9a\x08\x00\x00\x00\x00\x06\x00\
\x00\x00\x0aApp Config\x07\x00\x00\
\x00\x0aSettingTab\x01\x03\x00\x00\
\x00\x0a0\xa20\xd70\xea\x8a-[\x9a\x08\x00\x00\x00\
\x00\x06\x00\x00\x00\x0cApp Settin\
gs\x07\x00\x00\x00\x0aSettingTa\
b\x01\x03\x00\x00\x00\x0e0\xa20\xd70\xea0n0\
\xc60\xfc0\xde\x08\x00\x00\x00\x00\x06\x00\x00\x00\x11A\
pplication Theme\
\x07\x00\x00\x00\x0aSettingTab\x01\
\x03\x00\x00\x00\x1c0\xa20\xd70\xea0\xb10\xfc0\
\xb70\xe70\xf30nY\x16\x89\xb30\x92Y\x09f\
\xf4\x08\x00\x00\x00\x00\x06\x00\x00\x00(Chang\
e the appearance\
 of the applicat\
ion\x07\x00\x00\x00\x0aSettingT\
ab\x01\x03\x00\x00\x00\x120\xa20\xc30\xd70\xc7\
0\xfc0\xc80\x92x\xba\x8a\x8d\x08\x00\x00\x00\x00\x06\
\x00\x00\x00\x0cCheck update\
\x07\x00\x00\x00\x0aSettingTab\x01\
\x03\x00\x00\x00\x1e\x8a-[\x9a0oQ\x8d\x8dwR\
\xd5_\x8c0kg\x09R\xb90k0j0\x8a0\
~0Y\x08\x00\x00\x00\x00\x06\x00\x00\x00(Con\
figuration takes\
 effect after re\
start\x07\x00\x00\x00\x0aSettin\
gTab\x01\x03\x00\x00\x00\x060\xc00\xfc0\xaf\
\x08\x00\x00\x00\x00\x06\x00\x00\x00\x04Dark\x07\x00\
\x00\x00\x0aSettingTab\x01\x03\x00\
\x00\x00J\x00P\x00y\x00Q\x00t\x00-\x00F\x00\
l\x00u\x00e\x00n\x00t\x00-\x00W\x00i\x00\
d\x00g\x00e\x00t\x00s0ne\xb0j_\x80\
\xfd0\x92vz\x89\x8b0W0\x01_yz\xcb0\
d0\xd20\xf30\xc80\x92[f0v\x08\x00\x00\
\x00\x00\x06\x00\x00\x00EDiscover \
new features and\
 learn useful ti\
ps about PyQt-Fl\
uent-Widgets\x07\x00\x00\x00\
\x0aSettingTab\x01\x03\x00\x00\x00\
\x060\xd80\xeb0\xd7\x08\x00\x00\x00\x00\x06\x00\x00\x00\
\x04Help\x07\x00\x00\x00\x0aSettin\
gTab\x01\x03\x00\x00\x00\x04\x8a\x00\x8a\x9e\x08\x00\
\x00\x00\x00\x06\x00\x00\x00\x08Language\
\x07\x00\x00\x00\x0aSettingTab\x01\
\x03\x00\x00\x00\x060\xe90\xa40\xc8\x08\x00\x00\x00\x00\
\x06\x00\x00\x00\x05Light\x07\x00\x00\x00\x0aS\
ettingTab\x01\x03\x00\x00\x00\x120\
\xd80\xeb0\xd70\xda0\xfc0\xb80\x92\x95\x8b0\
O\x08\x00\x00\x00\x00\x06\x00\x00\x00\x0eOpen \
help page\x07\x00\x00\x00\x0aSe\
ttingTab\x01\x03\x00\x00\x00\x0eQ*\
QH\x8a\x00\x8a\x9e0\x92\x8a-[\x9a\x08\x00\x00\x00\
\x00\x06\x00\x00\x00\x1bSet your p\
referred languag\
e\x07\x00\x00\x00\x0aSettingTab\
\x01\x03\x00\x00\x00\x14\x00U\x00I0nQ*QH\
\x8a\x00\x8a\x9e0\x92\x8a-[\x9a\x08\x00\x00\x00\x00\x06\
\x00\x00\x00\x22Set your pre\
ferred language \
for UI\x07\x00\x00\x00\x0aSetti\
ngTab\x01\x03\x00\x00\x00\x04\x8a-[\x9a\x08\
\x00\x00\x00\x00\x06\x00\x00\x00\x08Setting\
s\x07\x00\x00\x00\x0aSettingTab\
\x01\x03\x00\x00\x00\x14kc^80kf\xf4e\xb0\
0U0\x8c0~0W0_\x08\x00\x00\x00\x00\x06\
\x00\x00\x00\x14Updated succ\
essfully\x07\x00\x00\x00\x0aSet\
tingTab\x01\x03\x00\x00\x00\x120\xb70\
\xb90\xc60\xe0\x8a-[\x9a0\x92O\x7fu(\x08\
\x00\x00\x00\x00\x06\x00\x00\x00\x12Use sys\
tem setting\x07\x00\x00\x00\x0a\
SettingTab\x01\x03\x00\x00\x00\x0a\
0\xd00\xfc0\xb80\xe70\xf3\x08\x00\x00\x00\x00\x06\
\x00\x00\x00\x07Version\x07\x00\x00\x00\x0a\
SettingTab\x01\x03\x00\x00\x00\x0e\
0Y0y0fN\x00fBP\x5ckb\x08\x00\
\x00\x00\x00\x06\x00\x00\x00\x09Pause Al\
l\x07\x00\x00\x00\x0bStartButto\
n\x01\x03\x00\x00\x00\x0a0Y0y0f\x95\x8bY\
\xcb\x08\x00\x00\x00\x00\x06\x00\x00\x00\x09Start\
 All\x07\x00\x00\x00\x0bStartBu\
tton\x01\x03\x00\x00\x00\x0a0\xad0\xe30\xd7\
0\xc10\xe3\x08\x00\x00\x00\x00\x06\x00\x00\x00\x07Ca\
pture\x07\x00\x00\x00\x09StartC\
ard\x01\x03\x00\x00\x00\x120\xed0\xb00\x920\
\xa80\xaf0\xb90\xdd0\xfc0\xc8\x08\x00\x00\x00\x00\
\x06\x00\x00\x00\x0bExport Logs\
\x07\x00\x00\x00\x09StartCard\x01\x03\
\x00\x00\x00 0\xb20\xfc0\xe00\xa60\xa30\xf3\
0\xc90\xa60LR\x07e\xad0U0\x8c0~\
0W0_\x08\x00\x00\x00\x00\x06\x00\x00\x00\x18Ga\
me Window Discon\
nected\x07\x00\x00\x00\x09Start\
Card\x01\x03\x00\x00\x00\x140\xa40\xf30\xb9\
0\xc80\xfc0\xeb0\xd50\xa90\xeb0\xc0\x08\x00\
\x00\x00\x00\x06\x00\x00\x00\x0eInstall \
Folder\x07\x00\x00\x00\x09Start\
Card\x01\x03\x00\x00\x00\x08N\x00fBP\x5c\
kb\x08\x00\x00\x00\x00\x06\x00\x00\x00\x05Paus\
e\x07\x00\x00\x00\x09StartCard\x01\
\x03\x00\x00\x00@N\x00fBP\x5ckb\x00:\x00\
 \x00P\x00CrH0\xb20\xfc0\xe00\xa60\
\xa30\xf30\xc90\xa60og\x00RM\x97b0\
k0B0\x8b_\xc5\x89\x810L0B0\x8a0\
~0Y\xff\x01\x08\x00\x00\x00\x00\x06\x00\x00\x00(P\
aused: PC Game W\
indow Must Be in\
 Front!\x07\x00\x00\x00\x09Star\
tCard\x01\x03\x00\x00\x00\x04f\xf4e\xb0\x08\
\x00\x00\x00\x00\x06\x00\x00\x00\x07Refresh\
\x07\x00\x00\x00\x09StartCard\x01\x03\
\x00\x00\x00\x06[\x9f\x88LN-\x08\x00\x00\x00\x00\x06\
\x00\x00\x00\x07Running\x07\x00\x00\x00\x09\
StartCard\x01\x03\x00\x00\x00\x04\x95\
\x8bY\xcb\x08\x00\x00\x00\x00\x06\x00\x00\x00\x05Sta\
rt\x07\x00\x00\x00\x09StartCard\
\x01\x03\x00\x00\x00\x0c0\xb20\xfc0\xe00\x92\x95\x8b\
Y\xcb\x08\x00\x00\x00\x00\x06\x00\x00\x00\x0aStar\
t Game\x07\x00\x00\x00\x09Start\
Card\x01\x03\x00\x00\x00\x100\xbf0\xb90\xaf\
0\x920\xc80\xea0\xac0\xfc\x08\x00\x00\x00\x00\x06\
\x00\x00\x00\x0dTrigger Task\
s\x07\x00\x00\x00\x09StartCard\x01\
\x03\x00\x00\x00\x1c0\xbf0\xb90\xaf0\x92\x90xb\
\x9e0W0f\x95\x8bY\xcb0\x92_\x85j_N\
-\x08\x00\x00\x00\x00\x06\x00\x00\x00\x1eWaiti\
ng for task to b\
e enabled\x07\x00\x00\x00\x09St\
artCard\x01\x03\x00\x00\x00L0\x010\
\xb20\xfc0\xe00\xa60\xa30\xf30\xc90\xa60\
Lg\x00\x5c\x0fS\x160\x010\xea0\xb50\xa40\
\xba0\x010~0_0ou;\x97bY\x160\
k0j0D0Kx\xba\x8a\x8d0W0f0\
O0`0U0D0\x02\x08\x00\x00\x00\x00\x06\x00\
\x00\x00?, check if ga\
me windows is mi\
nimized, resized\
 or out of scree\
n.\x07\x00\x00\x00\x0fStartCont\
roller\x01\x03\x00\x00\x0080\x010\xb5\
0\xdd0\xfc0\xc80U0\x8c0f0D0\x8b\
g\x00\x5c\x0f\x89\xe3P\xcf^\xa60o\x00{\x00m\
\x00i\x00n\x00_\x00s\x00i\x00z\x00e\x00}\
0g0Y\x08\x00\x00\x00\x00\x06\x00\x00\x00,, \
the supported mi\
n resolution is \
{min_size}\x07\x00\x00\x00\x0fS\
tartController\x01\x03\
\x00\x00\x00@0\x010\xb50\xdd0\xfc0\xc80U\
0\x8c0f0D0\x8bk\xd4s\x870o\x00{\
\x00s\x00u\x00p\x00p\x00o\x00r\x00t\x00e\
\x00d\x00_\x00r\x00a\x00t\x00i\x00o\x00}\
0g0Y\x08\x00\x00\x00\x00\x06\x00\x00\x00*, \
the supported ra\
tio is {supporte\
d_ratio}\x07\x00\x00\x00\x0fSta\
rtController\x01\x03\x00\x00\
\x00.\x81\xeaR\xd5\x00H\x00D\x00R0Lg\x09\
R\xb90g0Y0\x020~0Zq!R\xb9\
0k0W0f0O0`0U0D0\x02\
\x08\x00\x00\x00\x00\x06\x00\x00\x00.Auto H\
DR is enabled, p\
lease turn it of\
f first.\x07\x00\x00\x00\x0fSta\
rtController\x01\x03\x00\x00\
\x00@\x81\xeaR\xd5\x00H\x00D\x00R0Lg\x09\
R\xb90g0Y0\x020\xbf0\xb90\xaf0L\
kc^80kR\xd5O\x5c0W0j0D\
S\xef\x80\xfd`'0L0B0\x8a0~0Y\
\xff\x01\x08\x00\x00\x00\x00\x06\x00\x00\x004Auto\
 HDR is enabled,\
 tasks might not\
 work correctly!\
\x07\x00\x00\x00\x0fStartContro\
ller\x01\x03\x00\x00\x00N0\xb20\xfc0\xe0\
0\x92\x95\x8bY\xcb0g0M0~0[0\x93\
0\x020\xb20\xfc0\xe00L0\xa40\xf30\xb9\
0\xc80\xfc0\xeb0U0\x8c0f0D0\x8b\
0S0h0\x92x\xba\x8a\x8d0W0f0O\
0`0U0D0\x02\x08\x00\x00\x00\x00\x06\x00\x00\
\x001Can't start ga\
me, make sure th\
e game is instal\
led\x07\x00\x00\x00\x0fStartCon\
troller\x01\x03\x00\x00\x00>0\xad0\
\xe30\xd70\xc10\xe30kY1eW0W0\
~0W0_0\x020\xb20\xfc0\xe00\xa60\
\xa30\xf30\xc90\xa60\x92x\xba\x8a\x8d0W0\
f0O0`0U0D0\x02\x08\x00\x00\x00\x00\
\x06\x00\x00\x00(Capture fai\
led, please chec\
k game window\x07\x00\x00\
\x00\x0fStartControlle\
r\x01\x03\x00\x00\x00F0\xa80\xdf0\xe50\xec0\
\xfc0\xbf0Lc\xa5}\x9a0U0\x8c0f0\
D0~0[0\x930\x020~0Z0\xa80\
\xdf0\xe50\xec0\xfc0\xbf0\x92\x8dwR\xd50\
W0f0O0`0U0D\xff\x01\x08\x00\x00\
\x00\x00\x06\x00\x00\x004Emulator \
is not connected\
, start the emul\
ator first!\x07\x00\x00\x00\x0f\
StartController\x01\
\x03\x00\x00\x00\x16\x00G\x00P\x00U\x00 0\xc90\
\xe90\xa40\xd00\xfc\x8bfTJ\x08\x00\x00\x00\x00\
\x06\x00\x00\x00\x12GPU Driver \
Warning\x07\x00\x00\x00\x0fStar\
tController\x01\x03\x00\x00\x00\
80\xb20\xfc0\xe00\xd10\xb90L[XW\
(0W0~0[0\x930\x02bKR\xd50\
g0\xb20\xfc0\xe00\x92\x95\x8b0D0f0\
O0`0U0D\xff\x01\x08\x00\x00\x00\x00\x06\x00\
\x00\x004Game path doe\
s not exist, Ple\
ase open game ma\
nually!\x07\x00\x00\x00\x0fStar\
tController\x01\x03\x00\x00\x00\
<0\xb20\xfc0\xe0\x89\xe3P\xcf^\xa6\x00{\x00\
r\x00e\x00s\x00o\x00l\x00u\x00t\x00i\x00\
o\x00n\x00}0o0\xb50\xdd0\xfc0\xc80\
U0\x8c0f0D0~0[0\x93\x08\x00\x00\
\x00\x00\x06\x00\x00\x00-Game reso\
lution {resoluti\
on} is not suppo\
rted\x07\x00\x00\x00\x0fStartCo\
ntroller\x01\x03\x00\x00\x00zu;\
P\xcf0\xea0\xbd0\xfc0\xb90n\x8a\xad0\x7f\
\x8f\xbc0\x7f0kY1eW0W0~0W\
0_0\x02Q\x8d0\xa40\xf30\xb90\xc80\xfc\
0\xeb0W0f0\x7f0f0O0`0U\
0D0\x02\xff\x080\xa20\xd70\xea0\x920\xc0\
0\xa60\xf30\xed0\xfc0\xc90\xd50\xa90\xeb\
0\xc00kQe0\x8c0j0D0g0O\
0`0U0D\xff\x09\x08\x00\x00\x00\x00\x06\x00\x00\
\x00\x5cImage resource\
 load failed, pl\
ease try install\
 again.(Don't pu\
t the app in Dow\
nloads folder)\x07\x00\
\x00\x00\x0fStartControll\
er\x01\x03\x00\x00\x00\x1c0\xb20\xfc0\xe00L\
\x90xb\x9e0U0\x8c0f0D0~0[\
0\x93\xff\x01\x08\x00\x00\x00\x00\x06\x00\x00\x00\x11No\
 game selected!\x07\
\x00\x00\x00\x0fStartControl\
ler\x01\x03\x00\x00\x00L\x00P\x00CrH0\
k0o{\xa1t\x06\x80\x05j)\x96P0L_\
\xc5\x89\x810g0Y0\x020S0n0\xa20\
\xd70\xea0\x92{\xa1t\x06\x80\x05j)\x96P0\
gQ\x8d\x8dwR\xd50W0f0O0`0\
U0D\xff\x01\x08\x00\x00\x00\x00\x06\x00\x00\x00TP\
C version requir\
es admin privile\
ges, Please rest\
art this app wit\
h admin privileg\
es!\x07\x00\x00\x00\x0fStartCon\
troller\x01\x03\x00\x00\x00h\x89\xe3P\
\xcf^\xa6\x00{\x00r\x00e\x00s\x00o\x00l\x00\
u\x00t\x00i\x00o\x00n\x00}0n0\xc10\
\xa70\xc30\xaf0kY1eW0W0~0\
W0_0\x02N\x00\x90\xe80n0\xbf0\xb90\
\xaf0Lkc^80kR\xd5O\x5c0W0\
j0DS\xef\x80\xfd`'0L0B0\x8a0\
~0Y\xff\x01\x08\x00\x00\x00\x00\x06\x00\x00\x00JR\
esolution {resol\
ution} check fai\
led, some tasks \
might not work c\
orrectly!\x07\x00\x00\x00\x0fSt\
artController\x01\x03\x00\
\x00\x00J\x90xb\x9e0U0\x8c0_0\xad0\
\xe30\xd70\xc10\xe3e\xb9l\xd50o0\x010\
\xb20\xfc0\xe00~0_0o0\xb70\xb90\
\xc60\xe00g0\xb50\xdd0\xfc0\xc80U0\
\x8c0f0D0~0[0\x93\xff\x01\x08\x00\x00\
\x00\x00\x06\x00\x00\x00DSelected \
capture method i\
s not supported \
by the game or y\
our system!\x07\x00\x00\x00\x0f\
StartController\x01\
\x03\x00\x00\x00@0\xb20\xfc0\xe00n\x8dwR\
\xd50kY1eW0W0~0W0_0\
\x020~0ZbKR\xd50g0\xb20\xfc0\
\xe00\x92\x8dwR\xd50W0f0O0`0\
U0D0\x02\x08\x00\x00\x00\x00\x06\x00\x00\x00*S\
tart game failed\
, please start g\
ame first\x07\x00\x00\x00\x0fSt\
artController\x01\x03\x00\
\x00\x00\x1c\x8dwR\xd50L0\xbf0\xa40\xe00\
\xa20\xa60\xc80W0~0W0_\xff\x01\x08\
\x00\x00\x00\x00\x06\x00\x00\x00\x13Start g\
ame timeout!\x07\x00\x00\x00\
\x0fStartController\
\x01\x03\x00\x00\x00X0\xa60\xa30\xf30\xc90\xa6\
0Lg\x00\x5c\x0fS\x160U0\x8c0f0D\
0\x8b0Ku;\x97bY\x160k0B0\x8a\
0~0Y0\x02c\x92N\xd6Qhu;\x97b\
0\xe20\xfc0\xc90oO\x7fu(0W0j\
0D0g0O0`0U0D\xff\x01\x08\x00\
\x00\x00\x00\x06\x00\x00\x00KWindow i\
s minimized or o\
ut of screen, an\
d do NOT use ful\
l-screen exclusi\
ve!\x07\x00\x00\x00\x0fStartCon\
troller\x01\x03\x00\x00\x00X0\xa60\
\xa30\xf30\xc90\xa60Lg\x00\x5c\x0fS\x160\
U0\x8c0f0D0\x8b0Ku;\x97bY\
\x160k0B0\x8a0~0Y0\x02c\x92N\
\xd6Qhu;\x97b0\xe20\xfc0\xc90oO\
\x7fu(0W0j0D0g0O0`0\
U0D\xff\x01\x08\x00\x00\x00\x00\x06\x00\x00\x00OW\
indow is minimiz\
ed or out of scr\
een, and don't u\
se full-screen e\
xclusive mode!\x07\x00\
\x00\x00\x0fStartControll\
er\x01\x03\x00\x00\x00>\x00W\x00i\x00n\x00d\
\x00o\x00w\x00s0nY\x1c\x95\x930\xe20\xfc\
0\xc90Lg\x09R\xb90g0Y0\x020~\
0Zq!R\xb90k0W0f0O0`\
0U0D0\x02\x08\x00\x00\x00\x00\x06\x00\x00\x009\
Windows night li\
ght is enabled, \
please turn it o\
ff first.\x07\x00\x00\x00\x0fSt\
artController\x01\x03\x00\
\x00\x00P\x00W\x00i\x00n\x00d\x00o\x00w\x00\
s0nY\x1c\x95\x930\xe20\xfc0\xc90Lg\
\x09R\xb90g0Y0\x020\xbf0\xb90\xaf0\
Lkc^80kR\xd5O\x5c0W0j0\
DS\xef\x80\xfd`'0L0B0\x8a0~0\
Y\xff\x01\x08\x00\x00\x00\x00\x06\x00\x00\x00?Win\
dows night light\
 is enabled, tas\
ks might not wor\
k correctly!\x07\x00\x00\x00\
\x0fStartController\
\x01\x03\x00\x00\x00^\x00{\x00v\x00e\x00n\x00d\
\x00o\x00r\x00}\x00 \x00{\x00f\x00e\x00a\
\x00t\x00u\x00r\x00e\x00}\x00 0Lg\x09\
R\xb90k0j0c0f0J0\x8a0\x01\
\x8a\xa4R\xd5O\x5c0nS\x9fV\xe00k0j\
0\x8bS\xef\x80\xfd`'0L0B0\x8a0~\
0Y\xff\x01\x08\x00\x00\x00\x00\x06\x00\x00\x009{v\
endor} {feature}\
 is enabled and \
may cause malfun\
ctions!\x07\x00\x00\x00\x0fStar\
tController\x01\x03\x00\x00\x00\
N\x00{\x00}0Lc\xa5}\x9a0U0\x8c0\
f0D0~0[0\x930\x020\xb20\xfc0\
\xe00\xa60\xa30\xf30\xc90\xa60h0\xad0\
\xe30\xd70\xc10\xe3e\xb9l\xd50\x92\x90xb\
\x9e0W0f0O0`0U0D0\x02\x08\
\x00\x00\x00\x00\x06\x00\x00\x003{} is n\
ot connected, pl\
ease select the \
game window.\x07\x00\x00\x00\
\x0fStartController\
\x01\x03\x00\x00\x00\x080\xed0\xfc0\xc9N-\x08\x00\
\x00\x00\x00\x06\x00\x00\x00\x07Loading\x07\
\x00\x00\x00\x12StartLoading\
Dialog\x01\x03\x00\x00\x00>\x8dwR\xd5\
N-0\x01\x00{\x00s\x00e\x00c\x00o\x00n\
\x00d\x00s\x00_\x00l\x00e\x00f\x00t\x00}\
y\xd2_\x8c0k0\xbf0\xa40\xe00\xa20\xa6\
0\xc80W0~0Y0\x02\x08\x00\x00\x00\x00\x06\
\x00\x00\x00/Starting, ti\
meout after {sec\
onds_left} secon\
ds.\x07\x00\x00\x00\x12StartLoa\
dingDialog\x01\x03\x00\x00\x00\x0e\
\x00A\x00n\x00d\x00r\x00o\x00i\x00d\x08\x00\
\x00\x00\x00\x06\x00\x00\x00\x07Android\x07\
\x00\x00\x00\x08StartTab\x01\x03\x00\x00\
\x00\x0a0\xad0\xe30\xd70\xc10\xe3\x08\x00\x00\x00\
\x00\x06\x00\x00\x00\x07Capture\x07\x00\x00\
\x00\x08StartTab\x01\x03\x00\x00\x00\x0e\
0\xad0\xe30\xd70\xc10\xe3e\xb9l\xd5\x08\x00\
\x00\x00\x00\x06\x00\x00\x00\x0eCapture \
Method\x07\x00\x00\x00\x08Start\
Tab\x01\x03\x00\x00\x00\x0ed\xcdO\x5ce\xb9l\
\xd50n\x90xb\x9e\x08\x00\x00\x00\x00\x06\x00\x00\x00\
\x12Choose Interact\
ion\x07\x00\x00\x00\x08StartTab\
\x01\x03\x00\x00\x00\x100\xa60\xa30\xf30\xc90\xa6\
0\x92\x90xb\x9e\x08\x00\x00\x00\x00\x06\x00\x00\x00\x0d\
Choose Window\x07\x00\x00\
\x00\x08StartTab\x01\x03\x00\x00\x00\x08\
c\xa5}\x9an\x080\x7f\x08\x00\x00\x00\x00\x06\x00\x00\
\x00\x09Connected\x07\x00\x00\x00\x08\
StartTab\x01\x03\x00\x00\x00\x080\xc7\
0\xd00\xc30\xb0\x08\x00\x00\x00\x00\x06\x00\x00\x00\x05\
Debug\x07\x00\x00\x00\x08StartT\
ab\x01\x03\x00\x00\x00\x140\xc70\xd00\xc30\xb0\
0\xaa0\xfc0\xd00\xfc0\xec0\xa4\x08\x00\x00\x00\
\x00\x06\x00\x00\x00\x0dDebug Over\
lay\x07\x00\x00\x00\x08StartTab\
\x01\x03\x00\x00\x00\x100\xdc0\xc30\xaf0\xb90\x92\
q!R\xb9S\x16\x08\x00\x00\x00\x00\x06\x00\x00\x00\x0d\
Disable Boxes\x07\x00\x00\
\x00\x08StartTab\x01\x03\x00\x00\x00\x04\
R\x07e\xad\x08\x00\x00\x00\x00\x06\x00\x00\x00\x0cDi\
sconnected\x07\x00\x00\x00\x08S\
tartTab\x01\x03\x00\x00\x00\x0c0\xa80\
\xdf0\xe50\xec0\xfc0\xbf\x08\x00\x00\x00\x00\x06\x00\
\x00\x00\x08Emulator\x07\x00\x00\x00\x08\
StartTab\x01\x03\x00\x00\x00\x100\xdc\
0\xc30\xaf0\xb90\x92g\x09R\xb9S\x16\x08\x00\
\x00\x00\x00\x06\x00\x00\x00\x0cEnable B\
oxes\x07\x00\x00\x00\x08StartTa\
b\x01\x03\x00\x00\x00\x120\xed0\xb00\x920\xa80\
\xaf0\xb90\xdd0\xfc0\xc8\x08\x00\x00\x00\x00\x06\x00\
\x00\x00\x0bExport Logs\x07\x00\
\x00\x00\x08StartTab\x01\x03\x00\x00\x00\
\x180\xaa0\xfc0\xd00\xfc0\xec0\xa40n0\
\xed0\xb00\x92\x96\xa00Y\x08\x00\x00\x00\x00\x06\x00\
\x00\x00\x13Hide Log on O\
verlay\x07\x00\x00\x00\x08Start\
Tab\x01\x03\x00\x00\x00\x140\xa40\xf30\xb90\
\xc80\xfc0\xeb0\xd50\xa90\xeb0\xc0\x08\x00\x00\
\x00\x00\x06\x00\x00\x00\x0eInstall F\
older\x07\x00\x00\x00\x08StartT\
ab\x01\x03\x00\x00\x00\x0e0\xed0\xb00\xd50\xa9\
0\xeb0\xc00\xfc\x08\x00\x00\x00\x00\x06\x00\x00\x00\x0a\
Log Folder\x07\x00\x00\x00\x08S\
tartTab\x01\x03\x00\x00\x00\x0a0\xed0\
\xb00\x92\x95\x8b0O\x08\x00\x00\x00\x00\x06\x00\x00\x00\
\x09Open Logs\x07\x00\x00\x00\x08S\
tartTab\x01\x03\x00\x00\x00\x04\x00P\x00\
C\x08\x00\x00\x00\x00\x06\x00\x00\x00\x02PC\x07\x00\x00\
\x00\x08StartTab\x01\x03\x00\x00\x00\x06\
f\xf4e\xb0N-\x08\x00\x00\x00\x00\x06\x00\x00\x00\x0a\
Refreshing\x07\x00\x00\x00\x08S\
tartTab\x01\x03\x00\x00\x00\x1c0\xb90\
\xaf0\xea0\xfc0\xf30\xb70\xe70\xc30\xc80\
\xd50\xa90\xeb0\xc00\xfc\x08\x00\x00\x00\x00\x06\x00\
\x00\x00\x11Screenshot Fo\
lder\x07\x00\x00\x00\x08StartTa\
b\x01\x03\x00\x00\x00\x180\xaa0\xfc0\xd00\xfc0\
\xec0\xa40k0\xed0\xb00\x92\x88hy:\x08\
\x00\x00\x00\x00\x06\x00\x00\x00\x13Show Lo\
g on Overlay\x07\x00\x00\x00\
\x08StartTab\x01\x03\x00\x00\x00\x0a0\
\xed0\xb00\x92\x88hy:\x08\x00\x00\x00\x00\x06\x00\
\x00\x00\x08View Log\x07\x00\x00\x00\x08\
StartTab\x01\x03\x00\x00\x00R\x00N\
\x00P\x00Uc\xa8\x8a\xd60\xa80\xe90\xfc0\x02\
\x00I\x00n\x00t\x00e\x00l\x00 \x00N\x00P\
\x00U0\xc90\xe90\xa40\xd00\xfc0\x92f\xf4\
e\xb00Y0\x8b_\xc5\x89\x810L0B0\x8b\
0K0\x820W0\x8c0~0[0\x930\x02\
\x08\x00\x00\x00\x00\x06\x00\x00\x00CNPU in\
ferring Error, y\
ou might need to\
 update the Inte\
l NPU driver!\x07\x00\x00\
\x00\x04Task\x01\x03\x00\x00\x00\x060\xa80\xe9\
0\xfc\x08\x00\x00\x00\x00\x06\x00\x00\x00\x05Erro\
r\x07\x00\x00\x00\x0bTaskButton\
s\x01\x03\x00\x00\x00Z0\xb20\xfc0\xe00\xa60\
\xa30\xf30\xc90\xa60Lc\xa5}\x9a0U0\
\x8c0f0D0~0[0\x930\x020\xb20\
\xfc0\xe00\xa60\xa30\xf30\xc90\xa60h0\
\xad0\xe30\xd70\xc10\xe3e\xb9l\xd50\x92\x90\
xb\x9e0W0f0O0`0U0D0\
\x02\x08\x00\x00\x00\x00\x06\x00\x00\x00OGame \
window is not co\
nnected, please \
select the game \
window and captu\
re method.\x07\x00\x00\x00\x0bT\
askButtons\x01\x03\x00\x00\x00\x08\
N\x00fBP\x5ckb\x08\x00\x00\x00\x00\x06\x00\x00\
\x00\x05Pause\x07\x00\x00\x00\x0bTask\
Buttons\x01\x03\x00\x00\x00\x04Q\x8d\x95\
\x8b\x08\x00\x00\x00\x00\x06\x00\x00\x00\x06Resum\
e\x07\x00\x00\x00\x0bTaskButton\
s\x01\x03\x00\x00\x00\x04\x95\x8bY\xcb\x08\x00\x00\x00\x00\
\x06\x00\x00\x00\x05Start\x07\x00\x00\x00\x0bT\
askButtons\x01\x03\x00\x00\x00\x04\
P\x5ckb\x08\x00\x00\x00\x00\x06\x00\x00\x00\x04St\
op\x07\x00\x00\x00\x0bTaskButto\
ns\x01\x03\x00\x00\x00\x1ag,_S0k\x00{\
\x00}0\x92RJ\x96d0W0~0Y0K\
\xff\x1f\x08\x00\x00\x00\x00\x06\x00\x00\x00\x22Are \
you sure you wan\
t to delete {}\x07\x00\
\x00\x00\x08TaskCard\x01\x03\x00\x00\x00\
\x04RJ\x96d\x08\x00\x00\x00\x00\x06\x00\x00\x00\x06D\
elete\x07\x00\x00\x00\x08TaskCa\
rd\x01\x03\x00\x00\x00\x0c0\xbf0\xb90\xaf0\x92\
RJ\x96d\x08\x00\x00\x00\x00\x06\x00\x00\x00\x0bDe\
lete Task\x07\x00\x00\x00\x08Ta\
skCard\x01\x03\x00\x00\x00\x04q!R\xb9\
\x08\x00\x00\x00\x00\x06\x00\x00\x00\x08Disabl\
ed\x07\x00\x00\x00\x08TaskCard\x01\
\x03\x00\x00\x00\x04}\xe8\x96\xc6\x08\x00\x00\x00\x00\x06\x00\
\x00\x00\x04Edit\x07\x00\x00\x00\x08Task\
Card\x01\x03\x00\x00\x00\x04g\x09R\xb9\x08\x00\
\x00\x00\x00\x06\x00\x00\x00\x07Enabled\x07\
\x00\x00\x00\x08TaskCard\x01\x03\x00\x00\
\x00\x08O\x7fu(\x8a\xacf\x0e\x08\x00\x00\x00\x00\x06\
\x00\x00\x00\x0cInstructions\
\x07\x00\x00\x00\x08TaskCard\x01\x03\x00\
\x00\x00\x08N\x00fBP\x5ckb\x08\x00\x00\x00\x00\
\x06\x00\x00\x00\x05Pause\x07\x00\x00\x00\x08T\
askCard\x01\x03\x00\x00\x00\x0e\x8a-[\
\x9a0\x920\xea0\xbb0\xc30\xc8\x08\x00\x00\x00\x00\
\x06\x00\x00\x00\x0cReset Confi\
g\x07\x00\x00\x00\x08TaskCard\x01\x03\
\x00\x00\x00\x04Q\x8d\x95\x8b\x08\x00\x00\x00\x00\x06\x00\x00\
\x00\x06Resume\x07\x00\x00\x00\x08Tas\
kCard\x01\x03\x00\x00\x00\x04\x95\x8bY\xcb\x08\
\x00\x00\x00\x00\x06\x00\x00\x00\x05Start\x07\x00\
\x00\x00\x08TaskCard\x01\x03\x00\x00\x00\
\x04P\x5ckb\x08\x00\x00\x00\x00\x06\x00\x00\x00\x04S\
top\x07\x00\x00\x00\x08TaskCard\
\x01\x03\x00\x00\x00,\x00{\x00t\x00a\x00s\x00k\
\x00_\x00n\x00a\x00m\x00e\x00}\x00 0\xbf\
0\xb90\xaf0n[\x8cN\x860\x92_\x85j_\
N-\x08\x00\x00\x00\x00\x06\x00\x00\x00,Wait\
ing for {task_na\
me} task to be c\
ompleted\x07\x00\x00\x00\x08Tas\
kCard\x01\x03\x00\x00\x00\x06q!R\xb9S\
\x16\x08\x00\x00\x00\x00\x06\x00\x00\x00\x07Disab\
le\x07\x00\x00\x00\x0cTaskOpBut\
ton\x01\x03\x00\x00\x00\x06g\x09R\xb9S\x16\x08\
\x00\x00\x00\x00\x06\x00\x00\x00\x06Enable\x07\
\x00\x00\x00\x0cTaskOpButton\
\x01\x03\x00\x00\x00\x100\xa60\xa30\xf30\xc90\xa6\
0\x92\x90xb\x9e\x08\x00\x00\x00\x00\x06\x00\x00\x00\x0d\
Choose Window\x07\x00\x00\
\x00\x07TaskTab\x01\x03\x00\x00\x00\x04[\
\x8cN\x86\x08\x00\x00\x00\x00\x06\x00\x00\x00\x09Com\
pleted\x07\x00\x00\x00\x07TaskT\
ab\x01\x03\x00\x00\x00\x0c0\xbf0\xb90\xaf0\x92\
O\x5cb\x10\x08\x00\x00\x00\x00\x06\x00\x00\x00\x0bCr\
eate Task\x07\x00\x00\x00\x07Ta\
skTab\x01\x03\x00\x00\x00\x04`\xc5X1\x08\
\x00\x00\x00\x00\x06\x00\x00\x00\x04Info\x07\x00\x00\
\x00\x07TaskTab\x01\x03\x00\x00\x00\x06[\
\x9f\x88LN-\x08\x00\x00\x00\x00\x06\x00\x00\x00\x07R\
unning\x07\x00\x00\x00\x07TaskT\
ab\x01\x03\x00\x00\x00\x08}L\x90NfB\x95\x93\
\x08\x00\x00\x00\x00\x06\x00\x00\x00\x0cTime E\
lapsed\x07\x00\x00\x00\x07TaskT\
ab\x01\x03\x00\x00\x00\x02P$\x08\x00\x00\x00\x00\x06\
\x00\x00\x00\x05Value\x07\x00\x00\x00\x07Ta\
skTab\x01\x03\x00\x00\x00\x0a0\xad0\xe30\
\xf30\xbb0\xeb\x08\x00\x00\x00\x00\x06\x00\x00\x00\x06C\
ancel\x07\x00\x00\x00\x13Templa\
teInputDialog\x01\x03\x00\
\x00\x00\x04x\xba\x8a\x8d\x08\x00\x00\x00\x00\x06\x00\x00\x00\
\x07Confirm\x07\x00\x00\x00\x13Tem\
plateInputDialog\
\x01\x03\x00\x00\x00&\x00'\x00{\x00}\x00'\x00 \
0\x92RJ\x96d0W0f0\x820\x880\x8d\
0W0D0g0Y0K\xff\x1f\x08\x00\x00\x00\
\x00\x06\x00\x00\x00%Are you su\
re you want to d\
elete '{}'?\x07\x00\x00\x00\x0b\
TemplateTab\x01\x03\x00\x00\x00\
\x0a0\xad0\xe30\xf30\xbb0\xeb\x08\x00\x00\x00\x00\
\x06\x00\x00\x00\x06Cancel\x07\x00\x00\x00\x0b\
TemplateTab\x01\x03\x00\x00\x00\
\x0aRJ\x96d0nx\xba\x8a\x8d\x08\x00\x00\x00\x00\
\x06\x00\x00\x00\x0eConfirm Del\
ete\x07\x00\x00\x00\x0bTemplate\
Tab\x01\x03\x00\x00\x00\x04RJ\x96d\x08\x00\x00\
\x00\x00\x06\x00\x00\x00\x06Delete\x07\x00\x00\
\x00\x0bTemplateTab\x01\x03\x00\
\x00\x00$0\xd50\xec0\xfc0\xe00n0\xad0\
\xe30\xd70\xc10\xe30kY1eW0W0\
~0W0_0\x02\x08\x00\x00\x00\x00\x06\x00\x00\x00\
\x18Failed to captu\
re frame.\x07\x00\x00\x00\x0bTe\
mplateTab\x01\x03\x00\x00\x00\x180\
\xe90\xd90\xebR\x17c\x190\xd50\xa10\xa40\
\xeb0\x92u\x1fb\x10\x08\x00\x00\x00\x00\x06\x00\x00\x00\
\x18Generate label \
enum file\x07\x00\x00\x00\x0bTe\
mplateTab\x01\x03\x00\x00\x00\x16u\
;P\xcf0LRJ\x96d0U0\x8c0~0\
W0_0\x02\x08\x00\x00\x00\x00\x06\x00\x00\x00\x0eI\
mage deleted.\x07\x00\x00\
\x00\x0bTemplateTab\x01\x03\x00\
\x00\x00Dq!R\xb90jv\xf8[\xfe0\xd10\
\xb90g0Y0\x02O\x8b\x00:\x00 \x00o\x00\
k\x00_\x00t\x00a\x00s\x00k\x00s\x00/\x00\
L\x00a\x00b\x00e\x00l\x00E\x00n\x00u\x00\
m\x00.\x00p\x00y\x08\x00\x00\x00\x00\x06\x00\x00\x00\
5Invalid relativ\
e path. Example:\
 ok_tasks/LabelE\
num.py\x07\x00\x00\x00\x0bTempl\
ateTab\x01\x03\x00\x00\x00\x04j\x19l\xe8\
\x08\x00\x00\x00\x00\x06\x00\x00\x00\x06Markup\
\x07\x00\x00\x00\x0bTemplateTab\
\x01\x03\x00\x00\x00\x1aO\xdd[X0Y0\x8bj\x19\
l\xe80L0B0\x8a0~0[0\x930\x02\
\x08\x00\x00\x00\x00\x06\x00\x00\x00\x17No ann\
otations to save\
.\x07\x00\x00\x00\x0bTemplateTa\
b\x01\x03\x00\x00\x00>0\xad0\xe30\xd70\xc10\
\xe3e\xb9l\xd50L0B0\x8a0~0[0\
\x930\x02QH0k0\xad0\xe30\xd70\xc10\
\xe30\x92\x95\x8bY\xcb0W0f0O0`0\
U0D0\x02\x08\x00\x00\x00\x00\x06\x00\x00\x008N\
o capture method\
 available. Plea\
se start capture\
 first.\x07\x00\x00\x00\x0bTemp\
lateTab\x01\x03\x00\x00\x00\x180\xc60\
\xf30\xd70\xec0\xfc0\xc80L0B0\x8a0\
~0[0\x93\x08\x00\x00\x00\x00\x06\x00\x00\x00\x10N\
o templates yet\x07\
\x00\x00\x00\x0bTemplateTab\x01\
\x03\x00\x00\x00\x04\x00O\x00K\x08\x00\x00\x00\x00\x06\x00\
\x00\x00\x02OK\x07\x00\x00\x00\x0bTempla\
teTab\x01\x03\x00\x00\x0000\xd10\xb90\
o0\xef0\xfc0\xaf0\xb90\xda0\xfc0\xb90\
n0\xeb0\xfc0\xc80K0\x890nv\xf8[\
\xfe0\xd10\xb90g0Y0\x02\x08\x00\x00\x00\x00\
\x06\x00\x00\x00'Path is rel\
ative to the wor\
kspace root.\x07\x00\x00\x00\
\x0bTemplateTab\x01\x03\x00\x00\
\x00<v\xf8[\xfe0\xd10\xb9\xff\x08O\x8b\x00:\
\x00 \x00o\x00k\x00_\x00t\x00a\x00s\x00k\
\x00s\x00/\x00L\x00a\x00b\x00e\x00l\x00E\
\x00n\x00u\x00m\x00.\x00p\x00y\xff\x09\x08\x00\
\x00\x00\x00\x06\x00\x00\x00)Relative\
 path, e.g. ok_t\
asks/LabelEnum.p\
y\x07\x00\x00\x00\x0bTemplateTa\
b\x01\x03\x00\x00\x00\x04O\xdd[X\x08\x00\x00\x00\x00\
\x06\x00\x00\x00\x04Save\x07\x00\x00\x00\x0bTe\
mplateTab\x01\x03\x00\x00\x00\x06O\
\xdd[XQH\x08\x00\x00\x00\x00\x06\x00\x00\x00\x07S\
ave To\x07\x00\x00\x00\x0bTempl\
ateTab\x01\x03\x00\x00\x00\x1ckc^8\
0kO\xdd[X0U0\x8c0~0W0_\
\x00:\x00 \x00{\x00}\x08\x00\x00\x00\x00\x06\x00\x00\
\x00\x22Save completed\
 successfully to\
: {}\x07\x00\x00\x00\x0bTemplat\
eTab\x01\x03\x00\x00\x00\x120\xb90\xaf0\xea\
0\xfc0\xf30\xb70\xe70\xc30\xc8\x08\x00\x00\x00\
\x00\x06\x00\x00\x00\x0aScreenshot\
\x07\x00\x00\x00\x0bTemplateTab\
\x01\x03\x00\x00\x00(0\xb90\xaf0\xea0\xfc0\xf3\
0\xb70\xe70\xc30\xc80\x92O\xdd[X0W\
0~0W0_\x00:\x00 \x00{\x00}\x08\x00\
\x00\x00\x00\x06\x00\x00\x00\x14Screensh\
ot saved: {}\x07\x00\x00\x00\
\x0bTemplateTab\x01\x03\x00\x00\
\x00\x1eT\x0dRM0~0_0o0\xab0\xc6\
0\xb40\xea0gi\x1c}\x22\x00.\x00.\x00.\
\x08\x00\x00\x00\x00\x06\x00\x00\x00\x1dSearch\
 by name or cate\
gory...\x07\x00\x00\x00\x0bTemp\
lateTab\x01\x03\x00\x00\x00\x04b\x10R\
\x9f\x08\x00\x00\x00\x00\x06\x00\x00\x00\x07Succe\
ss\x07\x00\x00\x00\x0bTemplateT\
ab\x01\x03\x00\x00\x00\x180\xb90\xaf0\xea0\xfc\
0\xf30\xb70\xe70\xc30\xc80\x92d\xae0\x8b\
\x08\x00\x00\x00\x00\x06\x00\x00\x00\x0fTake S\
creenshot\x07\x00\x00\x00\x0bTe\
mplateTab\x01\x03\x00\x00\x00&\x00\
a\x00s\x00s\x00e\x00t\x00s\x00 \x00(0\
\xb90\xbf0\xf30\xc90\xa20\xed0\xf30\xa20\
\xd70\xea\x00)\x08\x00\x00\x00\x00\x06\x00\x00\x00\x17a\
ssets (standalon\
e app)\x07\x00\x00\x00\x0bTempl\
ateTab\x01\x03\x00\x00\x006\x00o\x00k\
\x00_\x00t\x00a\x00s\x00k\x00s\x00/\x00a\
\x00s\x00s\x00e\x00t\x00s\x00 \x00(0\xab\
0\xb90\xbf0\xe00\xb90\xaf0\xea0\xd70\xc8\
\x00)\x08\x00\x00\x00\x00\x06\x00\x00\x00 ok_t\
asks/assets (cus\
tom scripts)\x07\x00\x00\x00\
\x0bTemplateTab\x01\x03\x00\x00\
\x00D\x00{\x00v\x00e\x00r\x00s\x00i\x00o\
\x00n\x00}\x00 \x00{\x00t\x00y\x00p\x00e\
\x00}0k0\xa20\xc30\xd70\xc70\xfc0\xc8\
0W0f0\x820\x880\x8d0W0D0g\
0Y0K\xff\x1f\x08\x00\x00\x00\x00\x06\x00\x00\x004\
Are you sure you\
 want to update \
to {version} {ty\
pe}?\x07\x00\x00\x00\x0bVersion\
Card\x01\x03\x00\x00\x00,0\xa20\xc30\xd7\
0\xc70\xfc0\xc80nx\xba\x8a\x8dN-0k\
0\xa80\xe90\xfc0Lvzu\x1f0W0~\
0W0_\xff\x01\x08\x00\x00\x00\x00\x06\x00\x00\x00\x17\
Check for update\
 error!\x07\x00\x00\x00\x0bVers\
ionCard\x01\x03\x00\x00\x00\x120\xa20\
\xc30\xd70\xc70\xfc0\xc80\x92x\xba\x8a\x8d\x08\
\x00\x00\x00\x00\x06\x00\x00\x00\x11Check f\
or updates\x07\x00\x00\x00\x0bV\
ersionCard\x01\x03\x00\x00\x00\x14\
0\xa20\xc30\xd70\xc70\xfc0\xc80\x92x\xba\
\x8a\x8dN-\x08\x00\x00\x00\x00\x06\x00\x00\x00\x14Ch\
ecking for updat\
es\x07\x00\x00\x00\x0bVersionCa\
rd\x01\x03\x00\x00\x00\x080\xc70\xd00\xc30\xb0\
\x08\x00\x00\x00\x00\x06\x00\x00\x00\x05Debug\x07\
\x00\x00\x00\x0bVersionCard\x01\
\x03\x00\x00\x00<0\xc00\xa60\xf30\xed0\xfc0\
\xc9N-\x00:\x00 \x00{\x00p\x00r\x00o\x00\
g\x00r\x00e\x00s\x00s\x00}\x00 \x00{\x00\
p\x00e\x00r\x00c\x00e\x00n\x00t\x00}\x00\
%\x08\x00\x00\x00\x00\x06\x00\x00\x00!Downl\
oading {progress\
} {percent}%\x07\x00\x00\x00\
\x0bVersionCard\x01\x03\x00\x00\
\x00\x22e\xb00W0D0\xd00\xfc0\xb80\xe7\
0\xf30L\x89\x8b0d0K0\x8a0~0W\
0_\xff\x01\x08\x00\x00\x00\x00\x06\x00\x00\x00\x12Fo\
und new version!\
\x07\x00\x00\x00\x0bVersionCard\
\x01\x03\x00\x00\x00\x04`\xc5X1\x08\x00\x00\x00\x00\x06\
\x00\x00\x00\x04Info\x07\x00\x00\x00\x0bVer\
sionCard\x01\x03\x00\x00\x00\x080\xea\
0\xea0\xfc0\xb9\x08\x00\x00\x00\x00\x06\x00\x00\x00\x07\
Release\x07\x00\x00\x00\x0bVers\
ionCard\x01\x03\x00\x00\x00\x1a0S0\
\x8c0og\x00e\xb00\xd00\xfc0\xb80\xe70\
\xf30g0Y\xff\x01\x08\x00\x00\x00\x00\x06\x00\x00\x00\
\x1bThis is the new\
est version!\x07\x00\x00\x00\
\x0bVersionCard\x01\x03\x00\x00\
\x00\x12N\xca0Y0P0\xa20\xc30\xd70\xc7\
0\xfc0\xc8\x08\x00\x00\x00\x00\x06\x00\x00\x00\x0aUp\
date Now\x07\x00\x00\x00\x0bVer\
sionCard\x01\x03\x00\x00\x00.\x00{\
\x00v\x00e\x00r\x00s\x00i\x00o\x00n\x00}\
\x00 \x00{\x00t\x00y\x00p\x00e\x00}0k\
0\xa20\xc30\xd70\xc70\xfc0\xc8\x08\x00\x00\x00\
\x00\x06\x00\x00\x00\x1aUpdate to \
{version} {type}\
\x07\x00\x00\x00\x0bVersionCard\
\x01\x03\x00\x00\x00\x080\xa20\xe90\xfc0\xc8\x08\x00\
\x00\x00\x00\x06\x00\x00\x00\x05Alert\x07\x00\x00\
\x00\x03app\x01\x03\x00\x00\x00$0Y0g0\
k0\xd00\xfc0\xb80\xe70\xf30kf\xf4e\
\xb00U0\x8c0f0D0~0Y\x00:\x08\
\x00\x00\x00\x00\x06\x00\x00\x00\x1bAlready\
 updated to vers\
ion:\x07\x00\x00\x00\x03app\x01\x03\x00\x00\
\x00 R%0n0\xa40\xf30\xb90\xbf0\xf3\
0\xb90Le\xe20k[\x9f\x88LN-0g\
0Y\x08\x00\x00\x00\x00\x06\x00\x00\x00#Anot\
her instance is \
already running\x07\
\x00\x00\x00\x03app\x01\x03\x00\x00\x00\x800\xa20\
\xd70\xea0n\x8dwR\xd50\xa80\xe90\xfc0\
\x020\xa40\xf30\xb90\xc80\xfc0\xeb0\xd50\
\xa90\xeb0\xc00\x92\x00W\x00i\x00n\x00d\x00\
o\x00w\x00s\x00 \x00D\x00e\x00f\x00e\x00\
n\x00d\x00e\x00r0n0\xdb0\xef0\xa40\
\xc80\xea0\xb90\xc80k\x8f\xfdR\xa00W0\
fQ\x8d0\xa40\xf30\xb90\xc80\xfc0\xeb0\
W0f0O0`0U0D\x00:\x08\x00\x00\
\x00\x00\x06\x00\x00\x00fApp start\
up error. Please\
 add the install\
ation folder to \
the Windows Defe\
nder whitelist a\
nd reinstall:\x07\x00\x00\
\x00\x03app\x01\x03\x00\x00\x00\x04\x81\xeaR\xd5\x08\
\x00\x00\x00\x00\x06\x00\x00\x00\x04Auto\x07\x00\x00\
\x00\x03app\x01\x03\x00\x00\x00\x1e0\xb20\xfc0\
\xe00\xa60\xa30\xf30\xc90\xa60n\x81\xeaR\
\xd50\xea0\xb50\xa40\xba\x08\x00\x00\x00\x00\x06\x00\
\x00\x00\x17Auto Resize G\
ame Window\x07\x00\x00\x00\x03a\
pp\x01\x03\x00\x00\x00\x100\xb20\xfc0\xe00\x92\
\x81\xeaR\xd5\x8dwR\xd5\x08\x00\x00\x00\x00\x06\x00\x00\
\x00\x0fAuto Start Gam\
e\x07\x00\x00\x00\x03app\x01\x03\x00\x00\x00\x1e0\
\xa20\xd70\xea\x8dwR\xd5fB0k0\xb20\
\xfc0\xe00\x92\x81\xeaR\xd5\x8dwR\xd5\x08\x00\x00\
\x00\x00\x06\x00\x00\x00\x1fAuto Star\
t Game When App \
Starts\x07\x00\x00\x00\x03app\x01\x03\
\x00\x00\x00\x220\xb20\xfc0\xe00L}BN\x86\
0W0_0_0\x81\x81\xeaR\xd5}BN\x86\
0W0~0Y\x08\x00\x00\x00\x00\x06\x00\x00\x00\x1d\
Auto exit becaus\
e game exited\x07\x00\x00\
\x00\x03app\x01\x03\x00\x00\x00\x0eW\xfag,0\
\xaa0\xd70\xb70\xe70\xf3\x08\x00\x00\x00\x00\x06\x00\
\x00\x00\x0dBasic Options\
\x07\x00\x00\x00\x03app\x01\x03\x00\x00\x00\x080\xd9\
0\xfc0\xbfrH\x08\x00\x00\x00\x00\x06\x00\x00\x00\x0c\
Beta Version\x07\x00\x00\x00\
\x03app\x01\x03\x00\x00\x00\x060|0K0W\
\x08\x00\x00\x00\x00\x06\x00\x00\x00\x04Blur\x07\x00\
\x00\x00\x03app\x01\x03\x00\x00\x00\x0e0\xde0\xb9\
0\xafQ\xe6t\x06e\xb9_\x0f\x08\x00\x00\x00\x00\x06\
\x00\x00\x00\x0eBlur Algorit\
hm\x07\x00\x00\x00\x03app\x01\x03\x00\x00\x00<\
0\xb20\xfc0\xe0\x00 \x00U\x00I\x00D\x00 \
0j0i0\x920|0K0W0f\x00 \
\x00O\x00L\x00E\x00D\x00 0n[\xffT}\
0\x92^\xf60p0W0~0Y\x08\x00\x00\x00\
\x00\x06\x00\x00\x00&Blur Game \
UID etc to enhan\
ce OLED life\x07\x00\x00\x00\
\x03app\x01\x03\x00\x00\x00\x10\x90n\x85=0\xc1\
0\xa70\xc30\xaf\x95\x93\x96\x94\x08\x00\x00\x00\x00\x06\
\x00\x00\x00\x0dBlur Interva\
l\x07\x00\x00\x00\x03app\x01\x03\x00\x00\x00&\x00\
p\x00y\x00t\x00h\x00o\x00n\x00 \x00v\x00\
e\x00n\x00v0L\x89\x8b0d0K0\x8a0\
~0[0\x93\x08\x00\x00\x00\x00\x06\x00\x00\x00\x16C\
an't find python\
 venv\x07\x00\x00\x00\x03app\x01\x03\x00\
\x00\x00\x0a0\xad0\xe30\xf30\xbb0\xeb\x08\x00\x00\
\x00\x00\x06\x00\x00\x00\x06Cancel\x07\x00\x00\
\x00\x03app\x01\x03\x00\x00\x00\x180\xad0\xe30\
\xd70\xc10\xe30\xd50\xec0\xfc0\xe00\xec0\
\xfc0\xc8\x08\x00\x00\x00\x00\x06\x00\x00\x00\x12Cap\
ture Frame Rate\x07\
\x00\x00\x00\x03app\x01\x03\x00\x00\x00\x0e0\xad0\
\xe30\xd70\xc10\xe3\x90E^\xf6\x08\x00\x00\x00\x00\
\x06\x00\x00\x00\x0fCapture Lat\
ency\x07\x00\x00\x00\x03app\x01\x03\x00\x00\
\x00\x04N-V\xfd\x08\x00\x00\x00\x00\x06\x00\x00\x00\x05\
China\x07\x00\x00\x00\x03app\x01\x03\x00\
\x00\x00\x04x\xba\x8a\x8d\x08\x00\x00\x00\x00\x06\x00\x00\x00\
\x07Confirm\x07\x00\x00\x00\x03app\
\x01\x03\x00\x00\x00\x1e\x00v\x00e\x00n\x00v0n\
O\x5cb\x100kY1eW0W0~0W\
0_0\x02\x08\x00\x00\x00\x00\x06\x00\x00\x00\x13Cr\
eate venv failed\
.\x07\x00\x00\x00\x03app\x01\x03\x00\x00\x00\x1eO\
\x9d[X\x95\xa2O\xc20nRJ\x96d0kb\
\x10R\x9f0W0~0W0_\xff\x01\x08\x00\x00\
\x00\x00\x06\x00\x00\x00\x1cDelete de\
pendencies succe\
ss!\x07\x00\x00\x00\x03app\x01\x03\x00\x00\x00\
\x04\x8a:e\xad\x08\x00\x00\x00\x00\x06\x00\x00\x00\x09D\
iagnosis\x07\x00\x00\x00\x03app\
\x01\x03\x00\x00\x00\x0e0|0K0W0\x92g\x09\
R\xb9S\x16\x08\x00\x00\x00\x00\x06\x00\x00\x00\x0bEn\
able Blur\x07\x00\x00\x00\x03ap\
p\x01\x03\x00\x00\x00\x060\xa80\xe90\xfc\x08\x00\x00\
\x00\x00\x06\x00\x00\x00\x05Error\x07\x00\x00\x00\
\x03app\x01\x03\x00\x00\x00\x0e0\xbf0\xb90\xaf\
_\x8c0k}BN\x86\x08\x00\x00\x00\x00\x06\x00\x00\
\x00\x0fExit After Tas\
k\x07\x00\x00\x00\x03app\x01\x03\x00\x00\x00\x1e0\
\xb20\xfc0\xe0}BN\x86fB0k0\xa20\
\xd70\xea0\x82}BN\x860Y0\x8b\x08\x00\x00\
\x00\x00\x06\x00\x00\x00\x18Exit App \
when Game Exits\x07\
\x00\x00\x00\x03app\x01\x03\x00\x00\x00 0\xb20\
\xfc0\xe00L}BN\x860W0_0_0\
\x81}BN\x860W0~0W0_\x08\x00\x00\
\x00\x00\x06\x00\x00\x00\x18Exit beca\
use game exited\x07\
\x00\x00\x00\x03app\x01\x03\x00\x00\x0040\xbf0\
\xb90\xaf0Lkc^80k[\x9f\x88L0\
U0\x8c0__\x8c0\x010\xb20\xfc0\xe00\
h0\xa20\xd70\xea0\x92}BN\x860Y0\
\x8b\x08\x00\x00\x00\x00\x06\x00\x00\x00?Exit \
the Game and the\
 App after Succe\
ssfully Executin\
g the Task\x07\x00\x00\x00\x03a\
pp\x01\x03\x00\x00\x00\x0c[\x9f\x88L_\x8c0k\
}BN\x86\x08\x00\x00\x00\x00\x06\x00\x00\x00\x14Ex\
it_After_Executi\
on\x07\x00\x00\x00\x03app\x01\x03\x00\x00\x00&\
0\xea0\xe20\xfc0\xc80\xd00\xfc0\xb80\xe7\
0\xf30\xea0\xb90\xc80nS\xd6_\x970\xa8\
0\xe90\xfc\xff\x01\x08\x00\x00\x00\x00\x06\x00\x00\x00 \
Fetch remote ver\
sion list error!\
\x07\x00\x00\x00\x03app\x01\x03\x00\x00\x00\x0c}\xcf\
0\xd50\xec0\xfc0\xe0ep\x08\x00\x00\x00\x00\x06\
\x00\x00\x00\x0bFrame Count\x07\
\x00\x00\x00\x03app\x01\x03\x00\x00\x00\x0c0\xb20\
\xfc0\xe0\x89\xe3P\xcf^\xa6\x08\x00\x00\x00\x00\x06\x00\
\x00\x00\x0fGame Resoluti\
on\x07\x00\x00\x00\x03app\x01\x03\x00\x00\x00\x0e\
0\xb20\xfc0\xe00\xb50\xa60\xf30\xc9\x08\x00\
\x00\x00\x00\x06\x00\x00\x00\x0aGame Sou\
nd\x07\x00\x00\x00\x03app\x01\x03\x00\x00\x00\x0a\
0\xb00\xed0\xfc0\xd00\xeb\x08\x00\x00\x00\x00\x06\
\x00\x00\x00\x06Global\x07\x00\x00\x00\x03a\
pp\x01\x03\x00\x00\x00\x0a0\xdb0\xc30\xc80\xad\
0\xfc\x08\x00\x00\x00\x00\x06\x00\x00\x00\x06HotK\
ey\x07\x00\x00\x00\x03app\x01\x03\x00\x00\x00D\
0\xc80\xea0\xac0\xfc0\xbf0\xb90\xaf\x95\x93\
0n\x90E^\xf60\x92X\x970\x840W0f\
\x00C\x00P\x00U\x00/\x00G\x00P\x00UO\x7f\
u(s\x870\x92RJn\x1b\x00(0\xdf0\xea\
y\xd2\x00)\x08\x00\x00\x00\x00\x06\x00\x00\x00JIn\
crease Delay bet\
ween Trigger Tas\
ks to Reduce CPU\
/GPU Usage(Milli\
seconds)\x07\x00\x00\x00\x03app\
\x01\x03\x00\x00\x00\x04`\xc5X1\x08\x00\x00\x00\x00\x06\
\x00\x00\x00\x04Info\x07\x00\x00\x00\x03app\
\x01\x03\x00\x00\x00\x0c0\xa40\xf30\xda0\xa40\xf3\
0\xc8\x08\x00\x00\x00\x00\x06\x00\x00\x00\x07Inpa\
int\x07\x00\x00\x00\x03app\x01\x03\x00\x00\x00\
bO\x9d[X\x95\xa2O\xc20n0\xa40\xf30\
\xb90\xc80\xfc0\xeb0kY1eW0W0\
~0W0_0\x02f\xf4e\xb00\xbd0\xfc0\
\xb90\x92Y\x09f\xf40Y0\x8b0K0\x01[\
\x8cQhrH0\x92Q\x8d0\xc00\xa60\xf30\
\xed0\xfc0\xc90W0f0O0`0U0\
D\xff\x01\x08\x00\x00\x00\x00\x06\x00\x00\x00]Ins\
tall dependencie\
s failed, try ch\
anging the updat\
e source, or re-\
download the ful\
l version!\x07\x00\x00\x00\x03a\
pp\x01\x03\x00\x00\x00`0\xa40\xf30\xb90\xc8\
0\xfc0\xeb0\xc70\xa30\xec0\xaf0\xc80\xea\
\x00{\x00p\x00a\x00t\x00h\x00}0o\x82\xf1\
[W0\xd10\xb90g0B0\x8b_\xc5\x89\x81\
0L0B0\x8a0~0Y0\x02R%0n\
0\xd10\xb90ky\xfbR\xd50W0f0O\
0`0U0D0\x02\x08\x00\x00\x00\x00\x06\x00\x00\
\x00AInstall dir {p\
ath} must be an \
English path, mo\
ve to another pa\
th.\x07\x00\x00\x00\x03app\x01\x03\x00\x00\x00\
\x1c\x8dwR\xd5_\x8c0k0\xe90\xf30\xc10\
\xe30\xfc0\x92}BN\x860Y0\x8b\x08\x00\x00\
\x00\x00\x06\x00\x00\x00\x19Kill Laun\
cher After Start\
\x07\x00\x00\x00\x03app\x01\x03\x00\x00\x00\x0e\x00D\
\x00X\x001\x0010g\x8dwR\xd5\x08\x00\x00\x00\
\x00\x06\x00\x00\x00\x10Launch wit\
h DX11\x07\x00\x00\x00\x03app\x01\x03\
\x00\x00\x00\x060\xe10\xe20\xea\x08\x00\x00\x00\x00\x06\
\x00\x00\x00\x06Memory\x07\x00\x00\x00\x03a\
pp\x01\x03\x00\x00\x00\x1c\x8a-[\x9a\x98\x18W\xdf\
0\x92\x96\xa00Y0_0\x810nQ\xe6t\x06\
e\xb9_\x0f\x08\x00\x00\x00\x00\x06\x00\x00\x00'Me\
thod used to obs\
cure configured \
areas\x07\x00\x00\x00\x03app\x01\x03\x00\
\x00\x00,\x95\x890X0\x8bfB0k0\xa60\
\xa30\xf30\xc90\xa60\x920\xb70\xb90\xc60\
\xe00\xc80\xec0\xa40kg\x00\x5c\x0fS\x16\x08\
\x00\x00\x00\x00\x06\x00\x00\x00+Minimiz\
e Window to Syst\
em Tray when Clo\
sing\x07\x00\x00\x00\x03app\x01\x03\x00\x00\
\x00$0\xd00\xc30\xaf0\xb00\xe90\xa60\xf3\
0\xc9fB0k0\xb20\xfc0\xe00\x920\xdf\
0\xe50\xfc0\xc8\x08\x00\x00\x00\x00\x06\x00\x00\x00\x1d\
Mute Game while \
in Background\x07\x00\x00\
\x00\x03app\x01\x03\x00\x00\x00&e\xb00W0\
D0\xd00\xfc0\xb80\xe70\xf3\x00 \x00{\x00\
}\x00 0LR)u(S\xef\x80\xfd0g0\
Y\x08\x00\x00\x00\x00\x06\x00\x00\x00\x18New V\
ersion {} Availa\
ble\x07\x00\x00\x00\x03app\x01\x03\x00\x00\x00\
\x060D0D0H\x08\x00\x00\x00\x00\x06\x00\x00\x00\
\x02No\x07\x00\x00\x00\x03app\x01\x03\x00\x00\x00\
\x040j0W\x08\x00\x00\x00\x00\x06\x00\x00\x00\x04N\
one\x07\x00\x00\x00\x03app\x01\x03\x00\x00\x00\
\x100\xc60\xad0\xb90\xc8\x8a\x8d\x8bX\x90E^\
\xf6\x08\x00\x00\x00\x00\x06\x00\x00\x00\x0bOCR L\
atency\x07\x00\x00\x00\x03app\x01\x03\
\x00\x00\x00\x04d\xcdO\x5c\x08\x00\x00\x00\x00\x06\x00\x00\
\x00\x09Operation\x07\x00\x00\x00\x03\
app\x01\x03\x00\x00\x00$0\xb20\xfc0\xe00\
L}BN\x860W0_0_0\x81N\x00f\
BP\x5ckb0W0~0W0_\x08\x00\x00\
\x00\x00\x06\x00\x00\x00\x1aPaused be\
cause game exite\
d\x07\x00\x00\x00\x03app\x01\x03\x00\x00\x00<0\
\xb20\xfc0\xe00\xa60\xa30\xf30\xc90\xa60\
Lg\x00\x5c\x0fS\x160~0_0ou;\x97\
bY\x160n0_0\x81N\x00fBP\x5ck\
b0W0~0W0_\xff\x01\x08\x00\x00\x00\x00\
\x06\x00\x00\x009Paused beca\
use game window \
is minimized or \
out of screen!\x07\x00\
\x00\x00\x03app\x01\x03\x00\x00\x00\x160\xd10\xd5\
0\xa90\xfc0\xde0\xf30\xb9\x00 0\xc60\xb9\
0\xc8\x08\x00\x00\x00\x00\x06\x00\x00\x00\x10Perf\
ormance Test\x07\x00\x00\x00\
\x03app\x01\x03\x00\x00\x00L\x00M\x00u\x00M\
\x00u\x00P\x00l\x00a\x00y\x00e\x00r0n\
\x8a-[\x9a0g0\xd00\xc30\xaf0\xb00\xe9\
0\xa60\xf30\xc90g0nR\xd5O\x5c}\xad\
c\x010\x920\xaa0\xd50k0W0f0O\
0`0U0D\x08\x00\x00\x00\x00\x06\x00\x00\x00C\
Please turn off \
enable backgroun\
d keep alive in \
MuMuPlayer setti\
ngs\x07\x00\x00\x00\x03app\x01\x03\x00\x00\x00\
\x12Q\xe6t\x060\xd50\xec0\xfc0\xe00\xec0\
\xfc0\xc8\x08\x00\x00\x00\x00\x06\x00\x00\x00\x12Pro\
cess Frame Rate\x07\
\x00\x00\x00\x03app\x01\x03\x00\x00\x00$Q\xe6t\
\x06n\x080\x7f0\xaa0\xfc0\xd00\xfc0\xec0\
\xa40nf\xf4e\xb0\x95\x93\x96\x94\xff\x08y\xd2\xff\
\x09\x08\x00\x00\x00\x00\x06\x00\x00\x00)Secon\
ds between proce\
ssed overlay upd\
ates\x07\x00\x00\x00\x03app\x01\x03\x00\x00\
\x00\x06[\x89[\x9arH\x08\x00\x00\x00\x00\x06\x00\x00\
\x00\x0eStable Version\
\x07\x00\x00\x00\x03app\x01\x03\x00\x00\x00\x100\xa2\
0\xd70\xea\x8dwR\xd5O\x8bY\x16\x00:\x08\x00\
\x00\x00\x00\x06\x00\x00\x00\x14Start Ap\
p Exception:\x07\x00\x00\x00\
\x03app\x01\x03\x00\x00\x00\x100\xc00\xa60\xf3\
0\xed0\xfc0\xc9\x95\x8bY\xcb\x08\x00\x00\x00\x00\x06\
\x00\x00\x00\x11Start downlo\
ading\x07\x00\x00\x00\x03app\x01\x03\x00\
\x00\x00\x0a\x95\x8bY\xcb\x00/P\x5ckb\x08\x00\x00\
\x00\x00\x06\x00\x00\x00\x0aStart/Sto\
p\x07\x00\x00\x00\x03app\x01\x03\x00\x00\x00\x04P\
\x5ckb\x08\x00\x00\x00\x00\x06\x00\x00\x00\x07Sto\
pped\x07\x00\x00\x00\x03app\x01\x03\x00\x00\
\x00:0\xbf0\xb90\xaf0Lkc^80k\
[\x9f\x88L0U0\x8c0~0W0_0\x02\
0\xb20\xfc0\xe00h0\xa20\xd70\xea0\x92\
}BN\x860W0~0Y\xff\x01\x08\x00\x00\x00\
\x00\x06\x00\x00\x001Successful\
ly Executed Task\
, Exiting Game a\
nd App!\x07\x00\x00\x00\x03app\x01\
\x03\x00\x00\x002up0j0\x8b\x00 \x00W\x00\
i\x00n\x00d\x00o\x00w\x00s\x00 0\xad0\
\xe30\xd70\xc10\xe3e\xb9_\x0f0\x92R\x070\
\x8af\xff0H0\x8b\x08\x00\x00\x00\x00\x06\x00\x00\x00\
0Switch between \
different Window\
s capture method\
s\x07\x00\x00\x00\x03app\x01\x03\x00\x00\x000[\
\xfe\x8ca0\xa60\xa30\xf30\xc90\xa60g0\
\xa20\xaf0\xc60\xa30\xd6\x00:\x00 \x932u\
;0\x92Q\x8d\x95\x8b0W0~0W0_\x08\
\x00\x00\x00\x00\x06\x00\x00\x00'Target \
window active: R\
ecording resumed\
\x07\x00\x00\x00\x03app\x01\x03\x00\x00\x006[\xfe\
\x8ca0\xa60\xa30\xf30\xc90\xa60g\x97^\
0\xa20\xaf0\xc60\xa30\xd6\x00:\x00 \x932\
u;0\x92N\x00fBP\x5ckb0W0~\
0W0_\x08\x00\x00\x00\x00\x06\x00\x00\x00(Ta\
rget window inac\
tive: Recording \
paused\x07\x00\x00\x00\x03app\x01\x03\
\x00\x00\x00\x100\xc60\xad0\xb90\xc8\x8a\x8d\x8bX\
}Pg\x9c\x08\x00\x00\x00\x00\x06\x00\x00\x00\x05Te\
xts\x07\x00\x00\x00\x03app\x01\x03\x00\x00\x00\
,s\xfeW(0n0\xd00\xfc0\xb80\xe70\
\xf3\x00{\x00}0of\xf4e\xb00Y0\x8b_\
\xc5\x89\x810L0B0\x8a0~0Y\x08\x00\x00\
\x00\x00\x06\x00\x00\x00&The curre\
nt version {} mu\
st be updated\x07\x00\x00\
\x00\x03app\x01\x03\x00\x00\x00\x0c0\xc80\xea0\
\xac0\xfc\x95\x93\x96\x94\x08\x00\x00\x00\x00\x06\x00\x00\x00\
\x10Trigger Interva\
l\x07\x00\x00\x00\x03app\x01\x03\x00\x00\x00\x0af\
\xf4e\xb0Q\x85[\xb9\x00:\x08\x00\x00\x00\x00\x06\x00\
\x00\x00\x08Updates:\x07\x00\x00\x00\x03\
app\x01\x03\x00\x00\x00\x16\x00D\x00i\x00r\x00\
e\x00c\x00t\x00M\x00L0\x92O\x7fu(\x08\
\x00\x00\x00\x00\x06\x00\x00\x00\x0cUse Dir\
ectML\x07\x00\x00\x00\x03app\x01\x03\x00\
\x00\x00*0\xd10\xd50\xa90\xfc0\xde0\xf30\
\xb9T\x11N\x0a0n0_0\x810k\x00G\x00\
P\x00U0\x92O\x7fu(0Y0\x8b\x08\x00\x00\
\x00\x00\x06\x00\x00\x00\x1eUse GPU t\
o Improve Perfor\
mance\x07\x00\x00\x00\x03app\x01\x03\x00\
\x00\x00\x0e0\xa60\xa30\xf30\xc90\xa6\x8a-[\
\x9a\x08\x00\x00\x00\x00\x06\x00\x00\x00\x0dWindo\
w Config\x07\x00\x00\x00\x03app\
\x01\x03\x00\x00\x00\x1e\x00W\x00i\x00n\x00d\x00o\
\x00w\x00s\x00 0\xad0\xe30\xd70\xc10\xe3\
e\xb9_\x0f\x08\x00\x00\x00\x00\x06\x00\x00\x00\x0fWi\
ndows Capture\x07\x00\x00\
\x00\x03app\x01\x03\x00\x00\x00\x040o0D\x08\
\x00\x00\x00\x00\x06\x00\x00\x00\x03Yes\x07\x00\x00\x00\
\x03app\x01\x03\x00\x00\x00\x10\x00{\x00}\x00 \
0\xe90\xf30\xc10\xe30\xfc\x08\x00\x00\x00\x00\x06\
\x00\x00\x00\x0b{} Launcher\x07\
\x00\x00\x00\x03app\x01\
\x00\x00\x00\x96\
\x00\
\x00\x02\x9ax\xda\xf3\xcd\xcc\xcb\xcc\xcd\xacJu*-\
)\xc9\xcfS\xa8\xe6R\x00\x82\xc2\x82\xa2\xfc\x82\xd4\xa2\
\x92J\xdd\xbc\xfc\xa2\xdc\xc4\x1c\xe7\xfc\x9c\xfc\x22+\x85\
\xa4\x9c\xc4\xe4lk\xac*\x9c\x802\xe9E\xf9\xa5y\
)P\xb5%E\x89y\xc5\x05\x89E\xa9y%\xe8:\
2\xf2\xcbR\x8b\xf0\x19\x09V\x80abQzR\xa2\
\x86\x81\x8e\x02\x04\x19\x99i\xa2k+(J-.N\
M\xc1g2T\x09\x01\xb3M\x0d5\xb9j\xb9\xb8\xb8\
|\x13+F\xc3\x06{\xd88\xe7\xe4\x17\xd36\x5cj\
\x01}\xf1\xe3`\
\x00\x00\x07\xd1\
<\
?xml version=\x221.\
0\x22 encoding=\x22UTF\
-8\x22?>\x0a<!-- Uploa\
ded to: SVG Repo\
, www.svgrepo.co\
m, Generator: SV\
G Repo Mixer Too\
ls -->\x0a<svg widt\
h=\x22800px\x22 height\
=\x22800px\x22 viewBox\
=\x220 -28.5 256 25\
6\x22 version=\x221.1\x22\
 xmlns=\x22http://w\
ww.w3.org/2000/s\
vg\x22\x0a     preserv\
eAspectRatio=\x22xM\
idYMid\x22>\x0a    <g>\
\x0a        <path d\
=\x22M216.856339,16\
.5966031 C200.28\
5002,8.84328665 \
182.566144,3.208\
4988 164.041564,\
0 C161.766523,4.\
11318106 159.108\
624,9.64549908 1\
57.276099,14.046\
4379 C137.583995\
,11.0849896 118.\
072967,11.084989\
6 98.7430163,14.\
0464379 C96.9108\
417,9.64549908 9\
4.1925838,4.1131\
8106 91.8971895,\
0 C73.3526068,3.\
2084988 55.61339\
49,8.86399117 39\
.0420583,16.6376\
612 C5.61752293,\
67.146514 -3.443\
3191,116.400813 \
1.08711069,164.9\
55721 C23.256019\
6,181.510915 44.\
7403634,191.5676\
97 65.8621325,19\
8.148576 C71.077\
2151,190.971126 \
75.7283628,183.3\
41335 79.7352139\
,175.300261 C72.\
104019,172.40057\
5 64.7949724,168\
.822202 57.88878\
66,164.667963 C5\
9.7209612,163.31\
0589 61.5131304,\
161.891452 63.24\
45898,160.431257\
 C105.36741,180.\
133187 151.13492\
8,180.133187 192\
.754523,160.4312\
57 C194.506336,1\
61.891452 196.29\
8154,163.310589 \
198.110326,164.6\
67963 C191.18378\
7,168.842556 183\
.854737,172.4209\
29 176.223542,17\
5.320965 C180.23\
0393,183.341335 \
184.861538,190.9\
91831 190.096624\
,198.16893 C211.\
238746,191.58805\
1 232.743023,181\
.531619 254.9119\
49,164.955721 C2\
60.227747,108.66\
8201 245.831087,\
59.8662432 216.8\
56339,16.5966031\
 Z M85.4738752,1\
35.09489 C72.829\
0281,135.09489 6\
2.4592217,123.29\
0155 62.4592217,\
108.914901 C62.4\
592217,94.539647\
2 72.607595,82.7\
145587 85.473875\
2,82.7145587 C98\
.3405064,82.7145\
587 108.709962,9\
4.5189427 108.48\
8529,108.914901 \
C108.508531,123.\
290155 98.340506\
4,135.09489 85.4\
738752,135.09489\
 Z M170.525237,1\
35.09489 C157.88\
039,135.09489 14\
7.510584,123.290\
155 147.510584,1\
08.914901 C147.5\
10584,94.5396472\
 157.658606,82.7\
145587 170.52523\
7,82.7145587 C18\
3.391518,82.7145\
587 193.761324,9\
4.5189427 193.53\
9891,108.914901 \
C193.539891,123.\
290155 183.39151\
8,135.09489 170.\
525237,135.09489\
 Z\x22 fill=\x22#5865F\
2\x22 fill-rule=\x22no\
nzero\x22>\x0a\x0a</path>\
\x0a    </g>\x0a</svg>\
\
\x00\x00\x01Z\
S\
tatusBar {\x0a    b\
ackground-color:\
 white;\x0a    bord\
er: 1px solid rg\
ba(0, 0, 0, 0.06\
);\x0a    border-ra\
dius: 7px;\x0a}\x0a\x0aQL\
abel {\x0a    color\
: black;\x0a    bac\
kground-color: t\
ransparent;\x0a    \
font-family: 'Se\
goe UI', 'Micros\
oft YaHei', 'Pin\
gFang SC';\x0a    b\
order: none;\x0a}\x0a\x0a\
QLabel#titleLabe\
l {\x0a    font-siz\
e: 14px;\x0a}\x0a\x0aQLab\
el#contentLabel \
{\x0a    font-size:\
 13px ;\x0a}\
\x00\x00\x01N\
#\
titleLabel {\x0a   \
 color: black;\x0a \
   font: 14px 'S\
egoe UI', 'Micro\
soft YaHei', 'Pi\
ngFang SC';\x0a    \
font-weight: bol\
d;\x0a}\x0a\x0a#contentLa\
bel {\x0a    color:\
 rgb(96, 96, 96)\
;\x0a    font: 12px\
 'Segoe UI', 'Mi\
crosoft YaHei', \
'PingFang SC';\x0a}\
\x0a\x0a#viewTitleLabe\
l {\x0a    color: b\
lack;\x0a    font: \
20px \x22Segoe UI S\
emiBold\x22, \x22Micro\
soft YaHei\x22, 'Pi\
ngFang SC';\x0a}\
\x00\x00\x01\xfc\
<\
?xml version=\x221.\
0\x22 encoding=\x22UTF\
-8\x22 standalone=\x22\
no\x22?>\x0a<!-- Uploa\
ded to: SVG Repo\
, www.svgrepo.co\
m, Generator: SV\
G Repo Mixer Too\
ls -->\x0a<svg widt\
h=\x22800px\x22 height\
=\x22800px\x22 viewBox\
=\x220 0 24 24\x22 xml\
ns=\x22http://www.w\
3.org/2000/svg\x22 \
version=\x221.1\x22>\x0a \
<g transform=\x22tr\
anslate(0 -1028.\
4)\x22>\x0a  <path d=\x22\
m7 1031.4c-1.535\
5 0-3.0784 0.5-4\
.25 1.7-2.3431 2\
.4-2.2788 6.1 0 \
8.5l9.25 9.8 9.2\
5-9.8c2.279-2.4 \
2.343-6.1 0-8.5-\
2.343-2.3-6.157-\
2.3-8.5 0l-0.75 \
0.8-0.75-0.8c-1.\
172-1.2-2.7145-1\
.7-4.25-1.7z\x22 fi\
ll=\x22#e74c3c\x22/>\x0a \
</g>\x0a</svg>\
\x00\x00\x03\x0c\
<\
svg width=\x2264px\x22\
 height=\x2264px\x22 v\
iewBox=\x220 0 24 2\
4\x22 fill=\x22none\x22 x\
mlns=\x22http://www\
.w3.org/2000/svg\
\x22>\x0a    <g id=\x22SV\
GRepo_bgCarrier\x22\
 stroke-width=\x220\
\x22></g>\x0a    <g id\
=\x22SVGRepo_tracer\
Carrier\x22 stroke-\
linecap=\x22round\x22 \
stroke-linejoin=\
\x22round\x22></g>\x0a   \
 <g id=\x22SVGRepo_\
iconCarrier\x22>\x0a  \
      <path fill\
-rule=\x22evenodd\x22 \
clip-rule=\x22eveno\
dd\x22\x0a            \
  d=\x22M12 22C17.5\
228 22 22 17.522\
8 22 12C22 6.477\
15 17.5228 2 12 \
2C6.47715 2 2 6.\
47715 2 12C2 17.\
5228 6.47715 22 \
12 22ZM8.58579 8\
.58579C8 9.17157\
 8 10.1144 8 12C\
8 13.8856 8 14.8\
284 8.58579 15.4\
142C9.17157 16 1\
0.1144 16 12 16C\
13.8856 16 14.82\
84 16 15.4142 15\
.4142C16 14.8284\
 16 13.8856 16 1\
2C16 10.1144 16 \
9.17157 15.4142 \
8.58579C14.8284 \
8 13.8856 8 12 8\
C10.1144 8 9.171\
57 8 8.58579 8.5\
8579Z\x22\x0a         \
     fill=\x22#0000\
00\x22></path>\x0a    \
</g>\x0a</svg>\
\x00\x00\x05\x06\
T\
ab,\x0aToolBar,\x0aRou\
ndCornerContaine\
r,\x0a#view {\x0a    b\
ackground-color:\
 transparent;\x0a}\x0a\
\x0aQScrollArea {\x0a \
   border: none;\
\x0a}\x0a\x0aToolBar > St\
rongBodyLabel {\x0a\
    color: black\
;\x0a}\x0a\x0aToolBar > C\
aptionLabel {\x0a  \
  color: rgb(95,\
 95, 95);\x0a}\x0a\x0aCar\
d {\x0a    backgrou\
nd-color: transp\
arent;\x0a}\x0a\x0aTitleL\
abel,\x0aStrongBody\
Label {\x0a    colo\
r: black;\x0a}\x0a\x0aCar\
d > #card {\x0a    \
border: 1px soli\
d rgba(0, 0, 0, \
0.08);\x0a    borde\
r-radius: 10px;\x0a\
    background-c\
olor: rgba(255, \
255, 255, 0.5); \
/* Slightly more\
 opaque backgrou\
nd */\x0a}\x0a\x0aCard > \
#card:hover {\x0a  \
  background-col\
or: rgba(255, 25\
5, 255, 0.8);\x0a  \
  border: 1px so\
lid rgba(0, 0, 0\
, 0.12);\x0a}\x0a\x0aCard\
 > #card QLabel \
{\x0a    font: 14px\
 'Segoe UI', 'Mi\
crosoft YaHei', \
'PingFang SC';\x0a \
   color: black;\
\x0a}\x0a\x0aCard> #card \
InfoBadge {\x0a    \
font-size: 11px;\
\x0a}\x0a\x0a#sourceWidge\
t {\x0a    backgrou\
nd-color: rgba(2\
55, 255, 255, 0.\
667);\x0a    border\
-top: 1px solid \
rgba(0, 0, 0, 0.\
05);\x0a    border-\
bottom-left-radi\
us: 10px;\x0a    bo\
rder-bottom-righ\
t-radius: 10px;\x0a\
}\x0a\x0a#titleLabel {\
\x0a    color: blac\
k;\x0a    font: 14p\
x 'Segoe UI', 'M\
icrosoft YaHei',\
 'PingFang SC';\x0a\
    font-weight:\
 bold;\x0a}\x0a\x0a#conte\
ntLabel {\x0a    co\
lor: rgb(118, 11\
8, 118);\x0a    fon\
t: 12px 'Segoe U\
I', 'Microsoft Y\
aHei', 'PingFang\
 SC';\x0a}\x0a\x0a#viewTi\
tleLabel {\x0a    c\
olor: black;\x0a   \
 font: 20px \x22Seg\
oe UI SemiBold\x22,\
 \x22Microsoft YaHe\
i\x22, 'PingFang SC\
';\x0a}\x0a\
\x00\x00\x00\xb6\
\x00\
\x00\x02\xe3x\xda\xed\x90\xbb\x0e\x82@\x10E\xfb\xfd\x8a\
-%\xd1B\x13,4\xb1\x80V\x0a\xa3?0\xb0\x13\
\xd8\xb8\xee\xac\xc3\xe23\xfc\xbb\xc4P(\x1a\xb4\xb1s\
\x8a\xa9\xce\xbd'\xb9\x89\xb6z\xa7/\x18U\xde\x93\x95\
W!\x9b\xdb;&\x87\xec\xcf#K\xbc\x03\x13\x93!\
\x9e\xc9c\xa1=\xce\xdf\x12\x11d\xdb\x9c\xa9\xb2\xaae\
=\x83-\x1d0Z\xdfM\x14t@\xee\xab\xbc\x03/\
\x8d\x9c\xa70\x98\x84\xe1P>\xbci\xd0\x0d;\xc6\xb2\
D\xd5\xd7\xdf\x22_\x19\xc2q j!D\x02\xa7\xff\
N\x9fw\x8a\x0d\x95\xbf\xdd\xa8\x91\xac=X\x05\xac6\
\xda\x1b\x8c\x80\xe5B\xae\x96\x90\xa2i\x95\xd9\x93\xa2\xbe\
\x01\x1e\x18\xf8\xf8\
\x00\x00\x07\xd1\
<\
?xml version=\x221.\
0\x22 encoding=\x22UTF\
-8\x22?>\x0a<!-- Uploa\
ded to: SVG Repo\
, www.svgrepo.co\
m, Generator: SV\
G Repo Mixer Too\
ls -->\x0a<svg widt\
h=\x22800px\x22 height\
=\x22800px\x22 viewBox\
=\x220 -28.5 256 25\
6\x22 version=\x221.1\x22\
 xmlns=\x22http://w\
ww.w3.org/2000/s\
vg\x22\x0a     preserv\
eAspectRatio=\x22xM\
idYMid\x22>\x0a    <g>\
\x0a        <path d\
=\x22M216.856339,16\
.5966031 C200.28\
5002,8.84328665 \
182.566144,3.208\
4988 164.041564,\
0 C161.766523,4.\
11318106 159.108\
624,9.64549908 1\
57.276099,14.046\
4379 C137.583995\
,11.0849896 118.\
072967,11.084989\
6 98.7430163,14.\
0464379 C96.9108\
417,9.64549908 9\
4.1925838,4.1131\
8106 91.8971895,\
0 C73.3526068,3.\
2084988 55.61339\
49,8.86399117 39\
.0420583,16.6376\
612 C5.61752293,\
67.146514 -3.443\
3191,116.400813 \
1.08711069,164.9\
55721 C23.256019\
6,181.510915 44.\
7403634,191.5676\
97 65.8621325,19\
8.148576 C71.077\
2151,190.971126 \
75.7283628,183.3\
41335 79.7352139\
,175.300261 C72.\
104019,172.40057\
5 64.7949724,168\
.822202 57.88878\
66,164.667963 C5\
9.7209612,163.31\
0589 61.5131304,\
161.891452 63.24\
45898,160.431257\
 C105.36741,180.\
133187 151.13492\
8,180.133187 192\
.754523,160.4312\
57 C194.506336,1\
61.891452 196.29\
8154,163.310589 \
198.110326,164.6\
67963 C191.18378\
7,168.842556 183\
.854737,172.4209\
29 176.223542,17\
5.320965 C180.23\
0393,183.341335 \
184.861538,190.9\
91831 190.096624\
,198.16893 C211.\
238746,191.58805\
1 232.743023,181\
.531619 254.9119\
49,164.955721 C2\
60.227747,108.66\
8201 245.831087,\
59.8662432 216.8\
56339,16.5966031\
 Z M85.4738752,1\
35.09489 C72.829\
0281,135.09489 6\
2.4592217,123.29\
0155 62.4592217,\
108.914901 C62.4\
592217,94.539647\
2 72.607595,82.7\
145587 85.473875\
2,82.7145587 C98\
.3405064,82.7145\
587 108.709962,9\
4.5189427 108.48\
8529,108.914901 \
C108.508531,123.\
290155 98.340506\
4,135.09489 85.4\
738752,135.09489\
 Z M170.525237,1\
35.09489 C157.88\
039,135.09489 14\
7.510584,123.290\
155 147.510584,1\
08.914901 C147.5\
10584,94.5396472\
 157.658606,82.7\
145587 170.52523\
7,82.7145587 C18\
3.391518,82.7145\
587 193.761324,9\
4.5189427 193.53\
9891,108.914901 \
C193.539891,123.\
290155 183.39151\
8,135.09489 170.\
525237,135.09489\
 Z\x22 fill=\x22#5865F\
2\x22 fill-rule=\x22no\
nzero\x22>\x0a\x0a</path>\
\x0a    </g>\x0a</svg>\
\
\x00\x00\x01\xe4\
S\
tatusBar {\x0a    b\
ackground-color:\
 --ThemeColorDar\
k1;\x0a    border: \
none;\x0a    border\
-radius: 7px;\x0a}\x0a\
\x0aQLabel {\x0a    co\
lor: black;\x0a    \
background-color\
: transparent;\x0a \
   font-family: \
'Segoe UI', 'Mic\
rosoft YaHei', '\
PingFang SC';\x0a  \
  border: none;\x0a\
}\x0a\x0aQLabel#titleL\
abel {\x0a    color\
: white;\x0a    fon\
t: 14px 'Segoe U\
I', 'Microsoft Y\
aHei', 'PingFang\
 SC';\x0a    font-w\
eight: bold;\x0a}\x0a\x0a\
QLabel#contentLa\
bel {\x0a    color:\
 rgb(208, 208, 2\
08);\x0a    font: 1\
2px 'Segoe UI', \
'Microsoft YaHei\
', 'PingFang SC'\
;\x0a}\
\x00\x00\x01S\
#\
titleLabel {\x0a   \
 color: white;\x0a \
   font: 14px 'S\
egoe UI', 'Micro\
soft YaHei', 'Pi\
ngFang SC';\x0a    \
font-weight: bol\
d;\x0a}\x0a\x0a#contentLa\
bel {\x0a    color:\
 rgb(208, 208, 2\
08);\x0a    font: 1\
2px 'Segoe UI', \
'Microsoft YaHei\
', 'PingFang SC'\
;\x0a}\x0a\x0a#viewTitleL\
abel {\x0a    color\
: white;\x0a    fon\
t: 20px \x22Segoe U\
I SemiBold\x22, \x22Mi\
crosoft YaHei\x22, \
'PingFang SC';\x0a}\
\x0a\x0a\
\x00\x00\x03\x0c\
<\
svg width=\x2264px\x22\
 height=\x2264px\x22 v\
iewBox=\x220 0 24 2\
4\x22 fill=\x22none\x22 x\
mlns=\x22http://www\
.w3.org/2000/svg\
\x22>\x0a    <g id=\x22SV\
GRepo_bgCarrier\x22\
 stroke-width=\x220\
\x22></g>\x0a    <g id\
=\x22SVGRepo_tracer\
Carrier\x22 stroke-\
linecap=\x22round\x22 \
stroke-linejoin=\
\x22round\x22></g>\x0a   \
 <g id=\x22SVGRepo_\
iconCarrier\x22>\x0a  \
      <path fill\
-rule=\x22evenodd\x22 \
clip-rule=\x22eveno\
dd\x22\x0a            \
  d=\x22M12 22C17.5\
228 22 22 17.522\
8 22 12C22 6.477\
15 17.5228 2 12 \
2C6.47715 2 2 6.\
47715 2 12C2 17.\
5228 6.47715 22 \
12 22ZM8.58579 8\
.58579C8 9.17157\
 8 10.1144 8 12C\
8 13.8856 8 14.8\
284 8.58579 15.4\
142C9.17157 16 1\
0.1144 16 12 16C\
13.8856 16 14.82\
84 16 15.4142 15\
.4142C16 14.8284\
 16 13.8856 16 1\
2C16 10.1144 16 \
9.17157 15.4142 \
8.58579C14.8284 \
8 13.8856 8 12 8\
C10.1144 8 9.171\
57 8 8.58579 8.5\
8579Z\x22\x0a         \
     fill=\x22#ffff\
ff\x22></path>\x0a    \
</g>\x0a</svg>\
\x00\x00\x01\xfc\
<\
?xml version=\x221.\
0\x22 encoding=\x22UTF\
-8\x22 standalone=\x22\
no\x22?>\x0a<!-- Uploa\
ded to: SVG Repo\
, www.svgrepo.co\
m, Generator: SV\
G Repo Mixer Too\
ls -->\x0a<svg widt\
h=\x22800px\x22 height\
=\x22800px\x22 viewBox\
=\x220 0 24 24\x22 xml\
ns=\x22http://www.w\
3.org/2000/svg\x22 \
version=\x221.1\x22>\x0a \
<g transform=\x22tr\
anslate(0 -1028.\
4)\x22>\x0a  <path d=\x22\
m7 1031.4c-1.535\
5 0-3.0784 0.5-4\
.25 1.7-2.3431 2\
.4-2.2788 6.1 0 \
8.5l9.25 9.8 9.2\
5-9.8c2.279-2.4 \
2.343-6.1 0-8.5-\
2.343-2.3-6.157-\
2.3-8.5 0l-0.75 \
0.8-0.75-0.8c-1.\
172-1.2-2.7145-1\
.7-4.25-1.7z\x22 fi\
ll=\x22#e74c3c\x22/>\x0a \
</g>\x0a</svg>\
\x00\x00\x05\xac\
T\
ab,\x0aToolBar,\x0aRou\
ndCornerContaine\
r,\x0a#view {\x0a    b\
ackground-color:\
 transparent;\x0a}\x0a\
\x0aQScrollArea {\x0a \
   border: none;\
\x0a}\x0a\x0a\x0aToolBar>Cap\
tionLabel {\x0a    \
color: white;\x0a}\x0a\
\x0aCard {\x0a    back\
ground-color: tr\
ansparent;\x0a    c\
olor: white;\x0a}\x0a\x0a\
TitleLabel,\x0aStro\
ngBodyLabel {\x0a  \
  color: white;\x0a\
}\x0a\x0aCard>#card {\x0a\
    border: 1px \
solid rgba(255, \
255, 255, 0.08);\
 /* More subtle,\
 semi-transparen\
t border */\x0a    \
border-radius: 1\
0px;\x0a    backgro\
und-color: rgba(\
255, 255, 255, 0\
.05); /* Based o\
n Fluent design \
material */\x0a}\x0a\x0aC\
ard>#card:hover \
{\x0a    background\
-color: rgba(255\
, 255, 255, 0.08\
); /* Slightly l\
ighter on hover \
*/\x0a    border: 1\
px solid rgba(25\
5, 255, 255, 0.1\
);\x0a}\x0a\x0aCard>#card\
 QLabel {\x0a    fo\
nt: 14px 'Segoe \
UI', 'Microsoft \
YaHei', 'PingFan\
g SC';\x0a    color\
: white;\x0a}\x0a\x0aCard\
>#card InfoBadge\
 {\x0a    font-size\
: 11px;\x0a}\x0a\x0aEmpty\
Card>#card {\x0a   \
 border: 1px sol\
id rgb(36, 36, 3\
6);\x0a    border-r\
adius: 10px;\x0a   \
 background-colo\
r: rgba(0, 0, 0,\
 0.1795);\x0a}\x0a\x0a\x0a\x0a#\
sourceWidget {\x0a \
   background-co\
lor: rgba(255, 2\
55, 255, 0.09);\x0a\
    border-top: \
1px solid rgb(36\
, 36, 36);\x0a    b\
order-bottom-lef\
t-radius: 10px;\x0a\
    border-botto\
m-right-radius: \
10px;\x0a}\x0a\x0a#titleL\
abel {\x0a    color\
: white;\x0a    fon\
t: 14px 'Segoe U\
I', 'Microsoft Y\
aHei', 'PingFang\
 SC';\x0a    font-w\
eight: bold;\x0a}\x0a\x0a\
#contentLabel {\x0a\
    color: rgb(2\
08, 208, 208);\x0a \
   font: 12px 'S\
egoe UI', 'Micro\
soft YaHei', 'Pi\
ngFang SC';\x0a}\x0a\x0a#\
viewTitleLabel {\
\x0a    color: whit\
e;\x0a    font: 20p\
x \x22Segoe UI Semi\
Bold\x22, \x22Microsof\
t YaHei\x22, 'PingF\
ang SC';\x0a}\x0a\
"

qt_resource_name = b"\
\x00\x03\
\x00\x00x\xa3\
\x00q\
\x00s\x00s\
\x00\x08\
\x0aaB\x7f\
\x00i\
\x00c\x00o\x00n\x00.\x00i\x00c\x00o\
\x00\x04\
\x00\x06\xc4\xee\
\x00i\
\x001\x008\x00n\
\x00\x08\
\x09:h\xfd\
\x00e\
\x00s\x00_\x00E\x00S\x00.\x00q\x00m\
\x00\x08\
\x0eI\xb5}\
\x00z\
\x00h\x00_\x00T\x00W\x00.\x00q\x00m\
\x00\x08\
\x05@[=\
\x00k\
\x00o\x00_\x00K\x00R\x00.\x00q\x00m\
\x00\x08\
\x0e8\x05}\
\x00z\
\x00h\x00_\x00C\x00N\x00.\x00q\x00m\
\x00\x08\
\x07?;}\
\x00j\
\x00a\x00_\x00J\x00P\x00.\x00q\x00m\
\x00\x04\
\x00\x06\xa8\x8b\
\x00d\
\x00a\x00r\x00k\
\x00\x05\
\x00r\xfd\xf4\
\x00l\
\x00i\x00g\x00h\x00t\
\x00\x12\
\x0c\xf9E\xe3\
\x00m\
\x00e\x00s\x00s\x00a\x00g\x00e\x00_\x00w\x00i\x00n\x00d\x00o\x00w\x00.\x00q\x00s\
\x00s\
\x00\x0b\
\x06QI\x87\
\x00d\
\x00i\x00s\x00c\x00o\x00r\x00d\x00.\x00s\x00v\x00g\
\x00\x0e\
\x0d\x92\xd4\xa3\
\x00s\
\x00t\x00a\x00t\x00u\x00s\x00_\x00b\x00a\x00r\x00.\x00q\x00s\x00s\
\x00\x08\
\x08\x87U\x83\
\x00c\
\x00a\x00r\x00d\x00.\x00q\x00s\x00s\
\x00\x09\
\x08\x97\x87\xa7\
\x00h\
\x00e\x00a\x00r\x00t\x00.\x00s\x00v\x00g\
\x00\x08\
\x0bcU\x87\
\x00s\
\x00t\x00o\x00p\x00.\x00s\x00v\x00g\
\x00\x07\
\x0auXC\
\x00t\
\x00a\x00b\x00.\x00q\x00s\x00s\
"

qt_resource_struct = b"\
\x00\x00\x00\x00\x00\x02\x00\x00\x00\x03\x00\x00\x00\x01\
\x00\x00\x00\x00\x00\x00\x00\x00\
\x00\x00\x00\x00\x00\x02\x00\x00\x00\x02\x00\x00\x00\x09\
\x00\x00\x00\x00\x00\x00\x00\x00\
\x00\x00\x00\x22\x00\x02\x00\x00\x00\x05\x00\x00\x00\x04\
\x00\x00\x00\x00\x00\x00\x00\x00\
\x00\x00\x00\x0c\x00\x00\x00\x00\x00\x01\x00\x00\x00\x00\
\x00\x00\x01\x9e\xccP\x93/\
\x00\x00\x00\x5c\x00\x00\x00\x00\x00\x01\x00\x02\xecv\
\x00\x00\x01\x9e\xb6\xe8\x1ep\
\x00\x00\x00\x88\x00\x00\x00\x00\x00\x01\x00\x04]\xd6\
\x00\x00\x01\x9e\xb6\xe8\x1ep\
\x00\x00\x000\x00\x01\x00\x00\x00\x01\x00\x01\xf0\xd6\
\x00\x00\x01\x9e\xb6\xe8\x1ep\
\x00\x00\x00r\x00\x00\x00\x00\x00\x01\x00\x03\xad\xb7\
\x00\x00\x01\x9e\xb6\xe8\x1ep\
\x00\x00\x00F\x00\x00\x00\x00\x00\x01\x00\x02;\xc5\
\x00\x00\x01\x9e\xb6\xe8\x1ep\
\x00\x00\x00\x9e\x00\x02\x00\x00\x00\x07\x00\x00\x00\x12\
\x00\x00\x00\x00\x00\x00\x00\x00\
\x00\x00\x00\xac\x00\x02\x00\x00\x00\x07\x00\x00\x00\x0b\
\x00\x00\x00\x00\x00\x00\x00\x00\
\x00\x00\x00\xe6\x00\x00\x00\x00\x00\x01\x00\x05\x22M\
\x00\x00\x01\x9e\xb6\xe8\x1ep\
\x00\x00\x01$\x00\x00\x00\x00\x00\x01\x00\x05+\x80\
\x00\x00\x01\x9e\xb6\xe8\x1ep\
\x00\x00\x01:\x00\x00\x00\x00\x00\x01\x00\x05,\xd2\
\x00\x00\x01\x9e\xb6\xe8\x1ep\
\x00\x00\x01h\x00\x00\x00\x00\x00\x01\x00\x051\xe2\
\x00\x00\x01\x9e\xb6\xe8\x1ep\
\x00\x00\x01R\x00\x00\x00\x00\x00\x01\x00\x05.\xd2\
\x00\x00\x01\x9e\xb6\xe8\x1ep\
\x00\x00\x00\xbc\x00\x01\x00\x00\x00\x01\x00\x05!\xb3\
\x00\x00\x01\x9e\xb6\xe8\x1ep\
\x00\x00\x01\x02\x00\x00\x00\x00\x00\x01\x00\x05*\x22\
\x00\x00\x01\x9e\xb6\xe8\x1ep\
\x00\x00\x00\xe6\x00\x00\x00\x00\x00\x01\x00\x057\xa6\
\x00\x00\x01\x9e\xb6\xe8\x1ep\
\x00\x00\x01$\x00\x00\x00\x00\x00\x01\x00\x05Ac\
\x00\x00\x01\x9e\xb6\xe8\x1ep\
\x00\x00\x01:\x00\x00\x00\x00\x00\x01\x00\x05E\xca\
\x00\x00\x01\x9e\xb6\xe8\x1ep\
\x00\x00\x01h\x00\x00\x00\x00\x00\x01\x00\x05G\xca\
\x00\x00\x01\x9e\xb6\xe8\x1ep\
\x00\x00\x01R\x00\x00\x00\x00\x00\x01\x00\x05B\xba\
\x00\x00\x01\x9e\xb6\xe8\x1ep\
\x00\x00\x00\xbc\x00\x01\x00\x00\x00\x01\x00\x056\xec\
\x00\x00\x01\x9e\xb6\xe8\x1ep\
\x00\x00\x01\x02\x00\x00\x00\x00\x00\x01\x00\x05?{\
\x00\x00\x01\x9e\xb6\xe8\x1ep\
"

def qInitResources():
    QtCore.qRegisterResourceData(0x03, qt_resource_struct, qt_resource_name, qt_resource_data)

def qCleanupResources():
    QtCore.qUnregisterResourceData(0x03, qt_resource_struct, qt_resource_name, qt_resource_data)

qInitResources()
